[Licensing::Module] Trying to connect to existing licensing client channel...
Built from '6000.3/staging' branch; Version is '6000.3.9f1 (7a9955a4f2fa) revision 8034645'; Using compiler version '194234433'; Build Type 'Release'
[Licensing::IpcConnector] Successfully connected to: "LicenseClient-Дмитрий" at "2026-04-27T15:45:07.0615113Z"
OS: 'Windows 10  (10.0.19045) 64bit CoreSingleLanguage' Language: 'ru' Physical Memory: 16318 MB
BatchMode: 1, IsHumanControllingUs: 0, StartBugReporterOnCrash: 0, Is64bit: 1
System  architecture: x64
Process architecture: x64
Date: 2026-04-27T15:45:07Z

COMMAND LINE ARGUMENTS:
S:\UNITY\Unity Editor\6000.3.9f1\Editor\Unity.exe
-adb2
-batchMode
-noUpm
-name
AssetImportWorker3
-projectPath
S:/UNITY/UNITY BACKUP/SPIKE/SPIKE_UNITY
-logFile
Logs/AssetImportWorker3.log
-srvPort
59274
-licensingIpc
LicenseClient-Дмитрий
-job-worker-count
7
-background-job-worker-count
8
-gc-helper-count
1
-name
AssetImport
Successfully changed project path to: S:/UNITY/UNITY BACKUP/SPIKE/SPIKE_UNITY
S:/UNITY/UNITY BACKUP/SPIKE/SPIKE_UNITY
[UnityMemory] Configuration Parameters - Can be set up in boot.config
    "memorysetup-temp-allocator-size-nav-mesh-worker=65536"
    "memorysetup-temp-allocator-size-audio-worker=65536"
    "memorysetup-temp-allocator-size-gfx=262144"
    "memorysetup-allocator-temp-initial-block-size-main=262144"
    "memorysetup-allocator-temp-initial-block-size-worker=262144"
    "memorysetup-temp-allocator-size-background-worker=32768"
    "memorysetup-temp-allocator-size-job-worker=262144"
    "memorysetup-temp-allocator-size-preload-manager=33554432"
    "memorysetup-temp-allocator-size-gi-baking-worker=262144"
    "memorysetup-temp-allocator-size-gi-baking-worker=262144"
    "memorysetup-temp-allocator-size-gi-baking-worker=262144"
    "memorysetup-temp-allocator-size-gi-baking-worker=262144"
    "memorysetup-temp-allocator-size-gi-baking-worker=262144"
    "memorysetup-bucket-allocator-granularity=16"
    "memorysetup-bucket-allocator-bucket-count=8"
    "memorysetup-bucket-allocator-block-size=33554432"
    "memorysetup-bucket-allocator-block-count=8"
    "memorysetup-main-allocator-block-size=16777216"
    "memorysetup-thread-allocator-block-size=16777216"
    "memorysetup-gfx-main-allocator-block-size=16777216"
    "memorysetup-gfx-thread-allocator-block-size=16777216"
    "memorysetup-cache-allocator-block-size=4194304"
    "memorysetup-typetree-allocator-block-size=2097152"
    "memorysetup-profiler-bucket-allocator-granularity=16"
    "memorysetup-profiler-bucket-allocator-bucket-count=8"
    "memorysetup-profiler-bucket-allocator-block-size=33554432"
    "memorysetup-profiler-bucket-allocator-block-count=8"
    "memorysetup-profiler-allocator-block-size=16777216"
    "memorysetup-profiler-editor-allocator-block-size=1048576"
    "memorysetup-temp-allocator-size-main=16777216"
    "memorysetup-job-temp-allocator-block-size=2097152"
    "memorysetup-job-temp-allocator-block-size-background=1048576"
    "memorysetup-job-temp-allocator-reduction-small-platforms=262144"
    "memorysetup-temp-allocator-size-cloud-worker=32768"
Player connection [22968]  Target information:

Player connection [22968]  * "[IP] 192.168.1.39 [Port] 0 [Flags] 2 [Guid] 1724800009 [EditorId] 1724800009 [Version] 1048832 [Id] WindowsEditor(7,DESKTOP-KK1P2OH) [Debug] 1 [PackageName] WindowsEditor [ProjectName] Editor" 

Player connection [22968] Host joined multi-casting on [225.0.0.222:54997]...
Player connection [22968] Host joined alternative multi-casting on [225.0.0.222:34997]...
JobSystem: Creating JobQueue using job-worker-count value 7
Input System module state changed to: Initialized.
[Physics::Module] Initialized fallback backend.
[Physics::Module] Id: 0xdecafbad
Library Redirect Path: Library/
[Physics::Module] Selected backend.
[Physics::Module] Name: PhysX
[Physics::Module] Id: 0xf2b8ea05
[Physics::Module] SDK Version: 4.1.2
[Physics::Module] Integration Version: 1.0.0
[Physics::Module] Threading Mode: Multi-Threaded
Refreshing native plugins compatible for Editor in 3.86 ms, found 3 plugins.
Preloading 0 native plugins for Editor in 0.00 ms.
Initialize engine version: 6000.3.9f1 (7a9955a4f2fa)
[Subsystems] Discovering subsystems at path S:/UNITY/Unity Editor/6000.3.9f1/Editor/Data/Resources/UnitySubsystems
[Subsystems] Discovering subsystems at path S:/UNITY/UNITY BACKUP/SPIKE/SPIKE_UNITY/Assets
GfxDevice: creating device client; kGfxThreadingModeNonThreaded
Direct3D:
    Version:  Direct3D 11.0 [level 11.1]
    Renderer: NVIDIA GeForce GTX 1060 6GB (ID=0x1c03)
    Vendor:   NVIDIA
    VRAM:     6029 MB
    Driver:   32.0.15.8228
Initialize mono
Mono path[0] = 'S:/UNITY/Unity Editor/6000.3.9f1/Editor/Data/Managed'
Mono path[1] = 'S:/UNITY/Unity Editor/6000.3.9f1/Editor/Data/MonoBleedingEdge/lib/mono/unityjit-win32'
Mono config path = 'S:/UNITY/Unity Editor/6000.3.9f1/Editor/Data/MonoBleedingEdge/etc'
Using monoOptions --debugger-agent=transport=dt_socket,embedding=1,server=y,suspend=n,address=127.0.0.1:56608
Begin MonoManager ReloadAssembly
Registering precompiled unity dll's ...
Register platform support module: S:/UNITY/Unity Editor/6000.3.9f1/Editor/Data/PlaybackEngines/WindowsStandaloneSupport/UnityEditor.WindowsStandalone.Extensions.dll
[Licensing::Module] Licensing is not yet initialized.
[Licensing::Client] Handshaking with LicensingClient:
  Version:                 1.17.4+4293ba1
  Session Id:              cfdd27e29a974d789d941acfa677fe58
  Correlation Id:          3577f174ae04d5657f7a7b0f1c29e8ca
  External correlation Id: 73797862039434071
  Machine Id:              BSinU4MsdP07HGNxKH7k4gB1okk=
[Licensing::Module] Successfully connected to LicensingClient on channel: "LicenseClient-Дмитрий" (connect: 0.00s, validation: 0.00s, handshake: 2.95s)
[Licensing::IpcConnector] Successfully connected to: "LicenseClient-Дмитрий-notifications" at "2026-04-27T15:45:10.0169947Z"
[Licensing::Module] Licensing Background thread has ended after 2.96s
[Licensing::Module] Licensing is initialized (took 0.94s).
[Licensing::Client] Successfully resolved entitlement details
[Licensing::Module] License group:
  Id: F4-C7SA-D7MS-282S-YHFX-XXXX
  Product: Unity Personal
  Type: ULF
  Expiration: Unlimited
[Licensing::Module] License group:
  Id: 10170697332008-UnityPersXXXX
  Product: Unity Personal
  Type: Assigned
  Expiration: Unlimited
Register platform support module: S:/UNITY/Unity Editor/6000.3.9f1/Editor/Data/PlaybackEngines/MetroSupport/UnityEditor.UWP.Extensions.dll
Registered in 0.944707 seconds.
- Loaded All Assemblies, in  1.888 seconds
Native extension for UWP target not found
Native extension for WindowsStandalone target not found
ScheduleIndexationOnStartup MainProcess:False IndexOnStartup:True
Mono: successfully reloaded assembly
- Finished resetting the current domain, in  0.912 seconds
Domain Reload Profiling: 2798ms
	BeginReloadAssembly (354ms)
		ExecutionOrderSort (0ms)
		DisableScriptedObjects (0ms)
		BackupInstance (0ms)
		ReleaseScriptingObjects (0ms)
		CreateAndSetChildDomain (1ms)
	RebuildCommonClasses (98ms)
	RebuildNativeTypeToScriptingClass (40ms)
	initialDomainReloadingComplete (1042ms)
	LoadAllAssembliesAndSetupDomain (353ms)
		LoadAssemblies (352ms)
		RebuildTransferFunctionScriptingTraits (0ms)
		AnalyzeDomain (347ms)
			TypeCache.Refresh (344ms)
				TypeCache.ScanAssembly (317ms)
			BuildScriptInfoCaches (0ms)
			ResolveRequiredComponents (1ms)
	FinalizeReload (912ms)
		ReleaseScriptCaches (0ms)
		RebuildScriptCaches (0ms)
		SetupLoadedEditorAssemblies (820ms)
			LogAssemblyErrors (0ms)
			InitializePlatformSupportModulesInManaged (95ms)
			SetLoadedEditorAssemblies (11ms)
			BeforeProcessingInitializeOnLoad (208ms)
			ProcessInitializeOnLoadAttributes (347ms)
			ProcessInitializeOnLoadMethodAttributes (158ms)
			AfterProcessingInitializeOnLoad (0ms)
			EditorAssembliesLoaded (0ms)
		ExecutionOrderSort2 (0ms)
		AwakeInstancesAfterBackupRestoration (0ms)
Assembly reference Packages/com.unity.cinemachine/Editor/Samples/ExposeHDRPInternals/HDRP-Editor-ref.asmref has no target assembly definition
========================================================================
Worker process is ready to serve import requests
Import Worker Mode flag is 0x00
Assembly reference Packages/com.unity.cinemachine/Editor/Samples/ExposeHDRPInternals/HDRP-Editor-ref.asmref has no target assembly definition
Assembly reference Packages/com.unity.cinemachine/Editor/Samples/ExposeHDRPInternals/HDRP-Editor-ref.asmref has no target assembly definition
Begin MonoManager ReloadAssembly
[Licensing::Client] Successfully resolved entitlement details
[Licensing::Module] License group:
  Id: F4-C7SA-D7MS-282S-YHFX-XXXX
  Product: Unity Personal
  Type: ULF
  Expiration: Unlimited
[Licensing::Module] License group:
  Id: 10170697332008-UnityPersXXXX
  Product: Unity Personal
  Type: Assigned
  Expiration: Unlimited
Duplicate assembly 'System.Collections.Immutable.FSR.dll' with different versions detected, using 'Assets/FastScriptReload/Plugins/Roslyn/2021+/System.Collections.Immutable.FSR.dll, AssemblyName=System.Collections.Immutable, Version=7.0.0.0, Culture=neutral, PublicKeyToken=b03f5f7f11d50a3a' and ignoring 'Assets/FastScriptReload/Plugins/Roslyn/System.Collections.Immutable.dll, AssemblyName=System.Collections.Immutable, Version=1.2.3.0, Culture=neutral, PublicKeyToken=b03f5f7f11d50a3a'.Duplicate assembly 'System.Collections.Immutable.FSR.dll' with different versions detected, using 'Assets/FastScriptReload/Plugins/Roslyn/2021+/System.Collections.Immutable.FSR.dll, AssemblyName=System.Collections.Immutable, Version=7.0.0.0, Culture=neutral, PublicKeyToken=b03f5f7f11d50a3a' and ignoring 'Assets/FastScriptReload/Plugins/Roslyn/2021+/System.Collections.Immutable.dll, AssemblyName=System.Collections.Immutable, Version=1.2.3.0, Culture=neutral, PublicKeyToken=b03f5f7f11d50a3a'.Duplicate assembly 'Microsoft.CodeAnalysis.CSharp.dll' with different versions detected, using 'Assets/FastScriptReload/Plugins/Roslyn/2021+/Microsoft.CodeAnalysis.CSharp.dll, AssemblyName=Microsoft.CodeAnalysis.CSharp, Version=4.6.0.0, Culture=neutral, PublicKeyToken=31bf3856ad364e35' and ignoring 'Assets/FastScriptReload/Plugins/Roslyn/Microsoft.CodeAnalysis.CSharp.dll, AssemblyName=Microsoft.CodeAnalysis.CSharp, Version=2.10.0.0, Culture=neutral, PublicKeyToken=31bf3856ad364e35'.Duplicate assembly 'System.Reflection.Metadata.dll' with different versions detected, using 'Assets/FastScriptReload/Plugins/Roslyn/2021+/System.Reflection.Metadata.dll, AssemblyName=System.Reflection.Metadata, Version=7.0.0.0, Culture=neutral, PublicKeyToken=b03f5f7f11d50a3a' and ignoring 'Assets/FastScriptReload/Plugins/Roslyn/System.Reflection.Metadata.dll, AssemblyName=System.Reflection.Metadata, Version=1.4.3.0, Culture=neutral, PublicKeyToken=b03f5f7f11d50a3a'.Duplicate assembly 'Microsoft.CodeAnalysis.dll' with different versions detected, using 'Assets/FastScriptReload/Plugins/Roslyn/2021+/Microsoft.CodeAnalysis.dll, AssemblyName=Microsoft.CodeAnalysis, Version=4.6.0.0, Culture=neutral, PublicKeyToken=31bf3856ad364e35' and ignoring 'Assets/FastScriptReload/Plugins/Roslyn/Microsoft.CodeAnalysis.dll, AssemblyName=Microsoft.CodeAnalysis, Version=2.10.0.0, Culture=neutral, PublicKeyToken=31bf3856ad364e35'.- Loaded All Assemblies, in  2.265 seconds
Assembly reference Packages/com.unity.cinemachine/Editor/Samples/ExposeHDRPInternals/HDRP-Editor-ref.asmref has no target assembly definition
'Packages/com.unity.cinemachine/Editor/Obsolete/CinemachineVirtualCameraBaseEditor.cs' contains partial class of Unity.Object, exactly 1 of the partial classes needs to be in a file with the same filename. This is to know the one that can be referenced from ie. GameObjects
'Packages/com.unity.cinemachine/Editor/Editors/CinemachineVirtualCameraBaseEditor.cs' contains partial class of Unity.Object, exactly 1 of the partial classes needs to be in a file with the same filename. This is to know the one that can be referenced from ie. GameObjects
Refreshing native plugins compatible for Editor in 1.82 ms, found 3 plugins.
Native extension for UWP target not found
Native extension for WindowsStandalone target not found
Assembly reference Packages/com.unity.cinemachine/Editor/Samples/ExposeHDRPInternals/HDRP-Editor-ref.asmref has no target assembly definition
FSR: Shader does not exist: Object reference not set to an instance of an object
UnityEngine.Debug:ExtractStackTraceNoAlloc (byte*,int,string)
UnityEngine.StackTraceUtility:ExtractStackTrace ()
UnityEngine.DebugLogHandler:Internal_Log (UnityEngine.LogType,UnityEngine.LogOption,string,UnityEngine.Object)
UnityEngine.DebugLogHandler:LogFormat (UnityEngine.LogType,UnityEngine.Object,string,object[])
UnityEngine.Logger:Log (UnityEngine.LogType,object)
ImmersiveVrToolsCommon.Runtime.Logging.LoggerScoped:LogInternal (UnityEngine.LogType,object)
ImmersiveVrToolsCommon.Runtime.Logging.LoggerScoped:LogWarning (object)
FastScriptReload.Editor.FastScriptReloadPreference:SetCommonMaterialsShader (FastScriptReload.Editor.FastScriptReloadPreference/ShadersMode) (at Assets/FastScriptReload/Scripts/Editor/FastScriptReloadWelcomeScreen.cs:863)
FastScriptReload.Editor.FastScriptReloadWelcomeScreenInitializer:AutoDetectAndSetShaderMode () (at Assets/FastScriptReload/Scripts/Editor/FastScriptReloadWelcomeScreen.cs:1089)
FastScriptReload.Editor.FastScriptReloadWelcomeScreenInitializer:InitCommon () (at Assets/FastScriptReload/Scripts/Editor/FastScriptReloadWelcomeScreen.cs:971)
FastScriptReload.Editor.FastScriptReloadWelcomeScreenInitializer:.cctor () (at Assets/FastScriptReload/Scripts/Editor/FastScriptReloadWelcomeScreen.cs:939)
System.Runtime.CompilerServices.RuntimeHelpers:RunClassConstructor (System.RuntimeTypeHandle)
UnityEditor.EditorAssemblies:ProcessInitializeOnLoadAttributes (System.Type[])

(Filename: Assets/FastScriptReload/Scripts/Editor/FastScriptReloadWelcomeScreen.cs Line: 863)

Package Manager log level set to [2]
[Package Manager] Failed to launch server process. Reason: Unity was launched with the -noUpm command-line argument
[Package Manager] Unable to send message (not connected to server process).
[Package Manager] Cannot connect to Unity Package Manager local server
[Package Manager] Failed to launch server process. Reason: Unity was launched with the -noUpm command-line argument
[Package Manager] Unable to send message (not connected to server process).
[Package Manager] Cannot connect to Unity Package Manager local server
ScheduleIndexationOnStartup MainProcess:False IndexOnStartup:True
Mono: successfully reloaded assembly
- Finished resetting the current domain, in  4.328 seconds
Domain Reload Profiling: 6591ms
	BeginReloadAssembly (427ms)
		ExecutionOrderSort (0ms)
		DisableScriptedObjects (13ms)
		BackupInstance (0ms)
		ReleaseScriptingObjects (0ms)
		CreateAndSetChildDomain (57ms)
	RebuildCommonClasses (76ms)
	RebuildNativeTypeToScriptingClass (27ms)
	initialDomainReloadingComplete (133ms)
	LoadAllAssembliesAndSetupDomain (1599ms)
		LoadAssemblies (1035ms)
		RebuildTransferFunctionScriptingTraits (0ms)
		AnalyzeDomain (835ms)
			TypeCache.Refresh (638ms)
				TypeCache.ScanAssembly (608ms)
			BuildScriptInfoCaches (156ms)
			ResolveRequiredComponents (32ms)
	FinalizeReload (4329ms)
		ReleaseScriptCaches (0ms)
		RebuildScriptCaches (0ms)
		SetupLoadedEditorAssemblies (3931ms)
			LogAssemblyErrors (0ms)
			InitializePlatformSupportModulesInManaged (2ms)
			SetLoadedEditorAssemblies (15ms)
			BeforeProcessingInitializeOnLoad (495ms)
			ProcessInitializeOnLoadAttributes (3241ms)
			ProcessInitializeOnLoadMethodAttributes (169ms)
			AfterProcessingInitializeOnLoad (7ms)
			EditorAssembliesLoaded (1ms)
		ExecutionOrderSort2 (0ms)
		AwakeInstancesAfterBackupRestoration (14ms)
Launched and connected shader compiler UnityShaderCompiler.exe after 0.02 seconds
Refreshing native plugins compatible for Editor in 2.25 ms, found 3 plugins.
Preloading 0 native plugins for Editor in 0.00 ms.
Unloading 17 Unused Serialized files (Serialized files now loaded: 0)
Unloading 6993 unused Assets / (4.7 MB). Loaded Objects now: 7829.
Memory consumption went from 155.5 MB to 150.8 MB.
Total: 20.933800 ms (FindLiveObjects: 1.568700 ms CreateObjectMapping: 1.995900 ms MarkObjects: 11.909200 ms  DeleteObjects: 5.457100 ms)

========================================================================
Received Import Request.
  Time since last request: 73782.814315 seconds.
  path: Assets/AstarPathfindingProject/Editor/AILerpEditor.cs
  artifactKey: Guid(e9e1d37b65158413c85aad4706d94ff0) Importer(2089858483,b0f066a214c2f5e87bad3c948f4d605d)
Start importing Assets/AstarPathfindingProject/Editor/AILerpEditor.cs using Guid(e9e1d37b65158413c85aad4706d94ff0) Importer(2089858483,b0f066a214c2f5e87bad3c948f4d605d) (ScriptedImporter) -> (artifact id: '95457e15e169d0aecd56405e743fe450') in 0.2144381 seconds
Number of updated asset objects reloaded before import = 0Number of asset objects unloaded after import = 0

========================================================================
Received Import Request.
  Time since last request: 0.000032 seconds.
  path: Assets/AstarPathfindingProject/Modifiers/RadiusModifier.cs
  artifactKey: Guid(64ffa084e9f3d48b59e691352d40eb68) Importer(2089858483,b0f066a214c2f5e87bad3c948f4d605d)
Start importing Assets/AstarPathfindingProject/Modifiers/RadiusModifier.cs using Guid(64ffa084e9f3d48b59e691352d40eb68) Importer(2089858483,b0f066a214c2f5e87bad3c948f4d605d) (ScriptedImporter) -> (artifact id: 'e802973b3a6d00a3706e85ba3d26eac5') in 0.0113364 seconds
Number of updated asset objects reloaded before import = 0Number of asset objects unloaded after import = 0

========================================================================
Received Import Request.
  Time since last request: 0.000033 seconds.
  path: Assets/AstarPathfindingProject/Modifiers/AdvancedSmooth.cs
  artifactKey: Guid(a74058756f0df4e668a0e2226e7cfcea) Importer(2089858483,b0f066a214c2f5e87bad3c948f4d605d)
Start importing Assets/AstarPathfindingProject/Modifiers/AdvancedSmooth.cs using Guid(a74058756f0df4e668a0e2226e7cfcea) Importer(2089858483,b0f066a214c2f5e87bad3c948f4d605d) (ScriptedImporter) -> (artifact id: '92a9d4eaf5a4d76fee1817d8a52cf5fb') in 0.0129203 seconds
Number of updated asset objects reloaded before import = 0Number of asset objects unloaded after import = 0

========================================================================
Received Import Request.
  Time since last request: 0.000021 seconds.
  path: Assets/AstarPathfindingProject/Pathfinders/FloodPathTracer.cs
  artifactKey: Guid(e5753a5fb7a0047bca02db8138a07343) Importer(2089858483,b0f066a214c2f5e87bad3c948f4d605d)
Start importing Assets/AstarPathfindingProject/Pathfinders/FloodPathTracer.cs using Guid(e5753a5fb7a0047bca02db8138a07343) Importer(2089858483,b0f066a214c2f5e87bad3c948f4d605d) (ScriptedImporter) -> (artifact id: 'cf86352634e7f16f3482d67c5dddf6c2') in 0.0119588 seconds
Number of updated asset objects reloaded before import = 0Number of asset objects unloaded after import = 0

========================================================================
Received Import Request.
  Time since last request: 0.000026 seconds.
  path: Assets/AstarPathfindingProject/PackageTools/VersionedMonoBehaviour.cs
  artifactKey: Guid(6cce6945a1cc843b997a7abeb3a5013e) Importer(2089858483,b0f066a214c2f5e87bad3c948f4d605d)
Start importing Assets/AstarPathfindingProject/PackageTools/VersionedMonoBehaviour.cs using Guid(6cce6945a1cc843b997a7abeb3a5013e) Importer(2089858483,b0f066a214c2f5e87bad3c948f4d605d) (ScriptedImporter) -> (artifact id: '728949e4aeb2b3ddf377737407744d2b') in 0.0132714 seconds
Number of updated asset objects reloaded before import = 0Number of asset objects unloaded after import = 0

========================================================================
Received Import Request.
  Time since last request: 0.000036 seconds.
  path: Assets/AstarPathfindingProject/Pathfinders/RandomPath.cs
  artifactKey: Guid(2006bb8ffadf54c04ac4550f47be20b2) Importer(2089858483,b0f066a214c2f5e87bad3c948f4d605d)
Start importing Assets/AstarPathfindingProject/Pathfinders/RandomPath.cs using Guid(2006bb8ffadf54c04ac4550f47be20b2) Importer(2089858483,b0f066a214c2f5e87bad3c948f4d605d) (ScriptedImporter) -> (artifact id: '71fe5930381f60f9bfc4beecda733368') in 0.0094475 seconds
Number of updated asset objects reloaded before import = 0Number of asset objects unloaded after import = 0

========================================================================
Received Import Request.
  Time since last request: 0.000043 seconds.
  path: Assets/AstarPathfindingProject/Generators/NavmeshBase.cs
  artifactKey: Guid(f8b76f19632144117a3ac7f28faf2c15) Importer(2089858483,b0f066a214c2f5e87bad3c948f4d605d)
Start importing Assets/AstarPathfindingProject/Generators/NavmeshBase.cs using Guid(f8b76f19632144117a3ac7f28faf2c15) Importer(2089858483,b0f066a214c2f5e87bad3c948f4d605d) (ScriptedImporter) -> (artifact id: '59a452f9313ac1f1dcca71e571e9f4c0') in 0.0102584 seconds
Number of updated asset objects reloaded before import = 0Number of asset objects unloaded after import = 0

========================================================================
Received Import Request.
  Time since last request: 0.000030 seconds.
  path: Assets/AstarPathfindingProject/Utilities/DynamicGridObstacle.cs
  artifactKey: Guid(183748dd497aa473a98ff0cd8cb67fc5) Importer(2089858483,b0f066a214c2f5e87bad3c948f4d605d)
Start importing Assets/AstarPathfindingProject/Utilities/DynamicGridObstacle.cs using Guid(183748dd497aa473a98ff0cd8cb67fc5) Importer(2089858483,b0f066a214c2f5e87bad3c948f4d605d) (ScriptedImporter) -> (artifact id: 'a5afca58939b2723b0133a95d53f6085') in 0.0096563 seconds
Number of updated asset objects reloaded before import = 0Number of asset objects unloaded after import = 0

========================================================================
Received Import Request.
  Time since last request: 0.000023 seconds.
  path: Assets/Sketchfab For Unity/Scripts/SketchfabImporterWindow.cs
  artifactKey: Guid(9b284054d7da1d34ebc682ead5f6458c) Importer(2089858483,b0f066a214c2f5e87bad3c948f4d605d)
Start importing Assets/Sketchfab For Unity/Scripts/SketchfabImporterWindow.cs using Guid(9b284054d7da1d34ebc682ead5f6458c) Importer(2089858483,b0f066a214c2f5e87bad3c948f4d605d) (ScriptedImporter) -> (artifact id: 'fe8189bf0ffe98f635e8c57ce69a245a') in 0.0114889 seconds
Number of updated asset objects reloaded before import = 0Number of asset objects unloaded after import = 0

========================================================================
Received Import Request.
  Time since last request: 0.000030 seconds.
  path: Assets/AstarPathfindingProject/Editor/AnimationLinkEditor.cs
  artifactKey: Guid(535448c66b9354b64b6b52fff9e39099) Importer(2089858483,b0f066a214c2f5e87bad3c948f4d605d)
Start importing Assets/AstarPathfindingProject/Editor/AnimationLinkEditor.cs using Guid(535448c66b9354b64b6b52fff9e39099) Importer(2089858483,b0f066a214c2f5e87bad3c948f4d605d) (ScriptedImporter) -> (artifact id: '4d2dc256f3e2cb08aa61f971695c7ca4') in 0.0099859 seconds
Number of updated asset objects reloaded before import = 0Number of asset objects unloaded after import = 0

========================================================================
Received Import Request.
  Time since last request: 0.000042 seconds.
  path: Assets/TutorialInfo/Layout.wlt
  artifactKey: Guid(eabc9546105bf4accac1fd62a63e88e6) Importer(2089858483,b0f066a214c2f5e87bad3c948f4d605d)
Start importing Assets/TutorialInfo/Layout.wlt using Guid(eabc9546105bf4accac1fd62a63e88e6) Importer(2089858483,b0f066a214c2f5e87bad3c948f4d605d) (ScriptedImporter) -> (artifact id: '0fba50d9113ba50467ab5352f7471a80') in 0.0091612 seconds
Number of updated asset objects reloaded before import = 0Number of asset objects unloaded after import = 1

========================================================================
Received Import Request.
  Time since last request: 0.000022 seconds.
  path: Assets/AstarPathfindingProject/AstarPathfindingProject.asmdef
  artifactKey: Guid(efa45043feb7e4147a305b73b5cea642) Importer(2089858483,b0f066a214c2f5e87bad3c948f4d605d)
Start importing Assets/AstarPathfindingProject/AstarPathfindingProject.asmdef using Guid(efa45043feb7e4147a305b73b5cea642) Importer(2089858483,b0f066a214c2f5e87bad3c948f4d605d) (ScriptedImporter) -> (artifact id: '905bc85d8d517fe810e19c06566038f1') in 0.0120987 seconds
Number of updated asset objects reloaded before import = 0Number of asset objects unloaded after import = 1

========================================================================
Received Import Request.
  Time since last request: 0.000024 seconds.
  path: Assets/Settings/SampleSceneProfile.asset
  artifactKey: Guid(10fc4df2da32a41aaa32d77bc913491c) Importer(2089858483,b0f066a214c2f5e87bad3c948f4d605d)
Start importing Assets/Settings/SampleSceneProfile.asset using Guid(10fc4df2da32a41aaa32d77bc913491c) Importer(2089858483,b0f066a214c2f5e87bad3c948f4d605d) (ScriptedImporter) -> (artifact id: 'e170c2e1854eb714403473c43faf7b3e') in 0.0192827 seconds
Number of updated asset objects reloaded before import = 0Number of asset objects unloaded after import = 1

========================================================================
Received Import Request.
  Time since last request: 0.000032 seconds.
  path: Assets/Sketchfab For Unity/Scripts/SketchfabImporter.cs
  artifactKey: Guid(c746b0094f8b14040b9eda8f3d84bb28) Importer(2089858483,b0f066a214c2f5e87bad3c948f4d605d)
Start importing Assets/Sketchfab For Unity/Scripts/SketchfabImporter.cs using Guid(c746b0094f8b14040b9eda8f3d84bb28) Importer(2089858483,b0f066a214c2f5e87bad3c948f4d605d) (ScriptedImporter) -> (artifact id: 'ade2adaf955759ffa830138e70bf39e5') in 0.0122467 seconds
Number of updated asset objects reloaded before import = 0Number of asset objects unloaded after import = 0

========================================================================
Received Import Request.
  Time since last request: 0.000044 seconds.
  path: Assets/Settings/Mobile_RPAsset.asset
  artifactKey: Guid(5e6cbd92db86f4b18aec3ed561671858) Importer(2089858483,b0f066a214c2f5e87bad3c948f4d605d)
Start importing Assets/Settings/Mobile_RPAsset.asset using Guid(5e6cbd92db86f4b18aec3ed561671858) Importer(2089858483,b0f066a214c2f5e87bad3c948f4d605d) (ScriptedImporter) -> (artifact id: 'bb5cc48e0948243365b4c10fa3d437f7') in 0.1741201 seconds
Number of updated asset objects reloaded before import = 0Number of asset objects unloaded after import = 2

========================================================================
Received Import Request.
  Time since last request: 0.000039 seconds.
  path: Assets/AstarPathfindingProject/Utilities/DotNetReplacements.cs
  artifactKey: Guid(c306b1bfc824f40909c5a91e06e4090f) Importer(2089858483,b0f066a214c2f5e87bad3c948f4d605d)
Start importing Assets/AstarPathfindingProject/Utilities/DotNetReplacements.cs using Guid(c306b1bfc824f40909c5a91e06e4090f) Importer(2089858483,b0f066a214c2f5e87bad3c948f4d605d) (ScriptedImporter) -> (artifact id: 'b293375f63c9d1cab3022b525ca565dd') in 0.0093409 seconds
Number of updated asset objects reloaded before import = 0Number of asset objects unloaded after import = 0

========================================================================
Received Import Request.
  Time since last request: 0.000032 seconds.
  path: Assets/AstarPathfindingProject/Editor/ProceduralGridMoverEditor.cs
  artifactKey: Guid(b50f1b778f5176f18b2305552cc4639c) Importer(2089858483,b0f066a214c2f5e87bad3c948f4d605d)
Start importing Assets/AstarPathfindingProject/Editor/ProceduralGridMoverEditor.cs using Guid(b50f1b778f5176f18b2305552cc4639c) Importer(2089858483,b0f066a214c2f5e87bad3c948f4d605d) (ScriptedImporter) -> (artifact id: '3d64878a6a26819015f6f770ae9b5eac') in 0.0112292 seconds
Number of updated asset objects reloaded before import = 0Number of asset objects unloaded after import = 0

========================================================================
Received Import Request.
  Time since last request: 0.000025 seconds.
  path: Assets/Sketchfab For Unity/Scripts/SketchfabLogger.cs
  artifactKey: Guid(cca29433d29f6464abb26b1aa3183b29) Importer(2089858483,b0f066a214c2f5e87bad3c948f4d605d)
Start importing Assets/Sketchfab For Unity/Scripts/SketchfabLogger.cs using Guid(cca29433d29f6464abb26b1aa3183b29) Importer(2089858483,b0f066a214c2f5e87bad3c948f4d605d) (ScriptedImporter) -> (artifact id: 'd11d228b89d678cecd198ce1b447ffc3') in 0.0096045 seconds
Number of updated asset objects reloaded before import = 0Number of asset objects unloaded after import = 0

========================================================================
Received Import Request.
  Time since last request: 0.000027 seconds.
  path: Assets/AstarPathfindingProject/Modifiers/AlternativePath.cs
  artifactKey: Guid(a537d958aa5bb4f35b0d7b40d72278f2) Importer(2089858483,b0f066a214c2f5e87bad3c948f4d605d)
Start importing Assets/AstarPathfindingProject/Modifiers/AlternativePath.cs using Guid(a537d958aa5bb4f35b0d7b40d72278f2) Importer(2089858483,b0f066a214c2f5e87bad3c948f4d605d) (ScriptedImporter) -> (artifact id: '73298dafbb585a01cdc6de04a560d2f6') in 0.0089183 seconds
Number of updated asset objects reloaded before import = 0Number of asset objects unloaded after import = 0

========================================================================
Received Import Request.
  Time since last request: 0.000035 seconds.
  path: Assets/AstarPathfindingProject/Modifiers/SimpleSmoothModifier.cs
  artifactKey: Guid(cb6a34d769a1e4ac7b0b30e433aa443c) Importer(2089858483,b0f066a214c2f5e87bad3c948f4d605d)
Start importing Assets/AstarPathfindingProject/Modifiers/SimpleSmoothModifier.cs using Guid(cb6a34d769a1e4ac7b0b30e433aa443c) Importer(2089858483,b0f066a214c2f5e87bad3c948f4d605d) (ScriptedImporter) -> (artifact id: '163f7635b15903c017b317422c3925b5') in 0.0096145 seconds
Number of updated asset objects reloaded before import = 0Number of asset objects unloaded after import = 0

========================================================================
Received Import Request.
  Time since last request: 0.000040 seconds.
  path: Assets/TextMesh Pro/Shaders/TMP_SDF.shader
  artifactKey: Guid(68e6db2ebdc24f95958faec2be5558d6) Importer(2089858483,b0f066a214c2f5e87bad3c948f4d605d)
Start importing Assets/TextMesh Pro/Shaders/TMP_SDF.shader using Guid(68e6db2ebdc24f95958faec2be5558d6) Importer(2089858483,b0f066a214c2f5e87bad3c948f4d605d) (ScriptedImporter) -> (artifact id: 'c0d74a43f9e64fe10bb6998b038eecff') in 0.021147 seconds
Number of updated asset objects reloaded before import = 0Number of asset objects unloaded after import = 1

========================================================================
Received Import Request.
  Time since last request: 0.000024 seconds.
  path: Assets/!GameFiles/Animation/Animations/Locomotion.anim
  artifactKey: Guid(ab66bf0931e91924a9d0876d0c4b3d9a) Importer(2089858483,b0f066a214c2f5e87bad3c948f4d605d)
Start importing Assets/!GameFiles/Animation/Animations/Locomotion.anim using Guid(ab66bf0931e91924a9d0876d0c4b3d9a) Importer(2089858483,b0f066a214c2f5e87bad3c948f4d605d) (ScriptedImporter) -> (artifact id: 'eec7d903ef9e14571a4df9503f3b516a') in 0.046417 seconds
Number of updated asset objects reloaded before import = 0Number of asset objects unloaded after import = 1

========================================================================
Received Import Request.
  Time since last request: 0.000030 seconds.
  path: Assets/TextMesh Pro/Shaders/TMP_SDF-Mobile Overlay.shader
  artifactKey: Guid(a02a7d8c237544f1962732b55a9aebf1) Importer(2089858483,b0f066a214c2f5e87bad3c948f4d605d)
Start importing Assets/TextMesh Pro/Shaders/TMP_SDF-Mobile Overlay.shader using Guid(a02a7d8c237544f1962732b55a9aebf1) Importer(2089858483,b0f066a214c2f5e87bad3c948f4d605d) (ScriptedImporter) -> (artifact id: '5b3f6859a4f5b7cdda4b5cfb1dc1981e') in 0.0136483 seconds
Number of updated asset objects reloaded before import = 0Number of asset objects unloaded after import = 1

========================================================================
Received Import Request.
  Time since last request: 0.000049 seconds.
  path: Assets/TextMesh Pro/Shaders/TMPro_Surface.cginc
  artifactKey: Guid(d930090c0cd643c7b55f19a38538c162) Importer(2089858483,b0f066a214c2f5e87bad3c948f4d605d)
Start importing Assets/TextMesh Pro/Shaders/TMPro_Surface.cginc using Guid(d930090c0cd643c7b55f19a38538c162) Importer(2089858483,b0f066a214c2f5e87bad3c948f4d605d) (ScriptedImporter) -> (artifact id: 'a545b6662e3417143c49e0fc68ec6bc3') in 0.0106827 seconds
Number of updated asset objects reloaded before import = 0Number of asset objects unloaded after import = 1

========================================================================
Received Import Request.
  Time since last request: 0.000023 seconds.
  path: Assets/!GameFiles/Animation/Animations/AttackCloseRange.anim
  artifactKey: Guid(5bcf3a271abb2be42a98da78e207d5fb) Importer(2089858483,b0f066a214c2f5e87bad3c948f4d605d)
Start importing Assets/!GameFiles/Animation/Animations/AttackCloseRange.anim using Guid(5bcf3a271abb2be42a98da78e207d5fb) Importer(2089858483,b0f066a214c2f5e87bad3c948f4d605d) (ScriptedImporter) -> (artifact id: '817e5e611c03ad3e1e43ad8e30b52cae') in 0.0518215 seconds
Number of updated asset objects reloaded before import = 0Number of asset objects unloaded after import = 1

========================================================================
Received Import Request.
  Time since last request: 0.000030 seconds.
  path: Assets/!GameFiles/Animation/Animations/MainCharacterLocomotion.fbx
  artifactKey: Guid(c5cceef2fe09a874992eb476a39dca30) Importer(2089858483,b0f066a214c2f5e87bad3c948f4d605d)
Start importing Assets/!GameFiles/Animation/Animations/MainCharacterLocomotion.fbx using Guid(c5cceef2fe09a874992eb476a39dca30) Importer(2089858483,b0f066a214c2f5e87bad3c948f4d605d) (ScriptedImporter) -> (artifact id: '4183c4eb46d55c6e18ab7ea2fd8a92f6') in 0.1792667 seconds
Number of updated asset objects reloaded before import = 0Number of asset objects unloaded after import = 197

========================================================================
Received Import Request.
  Time since last request: 0.000042 seconds.
  path: Assets/TextMesh Pro/Sprites/EmojiOne Attribution.txt
  artifactKey: Guid(381dcb09d5029d14897e55f98031fca5) Importer(2089858483,b0f066a214c2f5e87bad3c948f4d605d)
Start importing Assets/TextMesh Pro/Sprites/EmojiOne Attribution.txt using Guid(381dcb09d5029d14897e55f98031fca5) Importer(2089858483,b0f066a214c2f5e87bad3c948f4d605d) (ScriptedImporter) -> (artifact id: '95505e3551f74018234428af08c72a48') in 0.0104182 seconds
Number of updated asset objects reloaded before import = 0Number of asset objects unloaded after import = 1

========================================================================
Received Import Request.
  Time since last request: 0.000025 seconds.
  path: Assets/AstarPathfindingProject/Core/PathHandler.cs
  artifactKey: Guid(7cc885607b0534cc6a4a34c4caa58d89) Importer(2089858483,b0f066a214c2f5e87bad3c948f4d605d)
Start importing Assets/AstarPathfindingProject/Core/PathHandler.cs using Guid(7cc885607b0534cc6a4a34c4caa58d89) Importer(2089858483,b0f066a214c2f5e87bad3c948f4d605d) (ScriptedImporter) -> (artifact id: '1e709d8f9f1a6b9c92ff1b6e6260b4ef') in 0.0093843 seconds
Number of updated asset objects reloaded before import = 0Number of asset objects unloaded after import = 0

========================================================================
Received Import Request.
  Time since last request: 0.000027 seconds.
  path: Assets/!GameFiles/Scripts/Enums/SavingLoadingRepositoryTypes.cs
  artifactKey: Guid(1cd4ea53e7a88eb4f8fdf854017640db) Importer(2089858483,b0f066a214c2f5e87bad3c948f4d605d)
Start importing Assets/!GameFiles/Scripts/Enums/SavingLoadingRepositoryTypes.cs using Guid(1cd4ea53e7a88eb4f8fdf854017640db) Importer(2089858483,b0f066a214c2f5e87bad3c948f4d605d) (ScriptedImporter) -> (artifact id: 'c30d516eb064989a662f36078a58dd93') in 0.0096948 seconds
Number of updated asset objects reloaded before import = 0Number of asset objects unloaded after import = 0

========================================================================
Received Import Request.
  Time since last request: 0.000034 seconds.
  path: Assets/AstarPathfindingProject/Editor/RVOControllerEditor.cs
  artifactKey: Guid(9af3f5ba99e534f21bb7566d10310a0c) Importer(2089858483,b0f066a214c2f5e87bad3c948f4d605d)
Start importing Assets/AstarPathfindingProject/Editor/RVOControllerEditor.cs using Guid(9af3f5ba99e534f21bb7566d10310a0c) Importer(2089858483,b0f066a214c2f5e87bad3c948f4d605d) (ScriptedImporter) -> (artifact id: 'df51334309d0e120e048d6e0c63163a7') in 0.0098879 seconds
Number of updated asset objects reloaded before import = 0Number of asset objects unloaded after import = 0

========================================================================
Received Import Request.
  Time since last request: 0.000036 seconds.
  path: Assets/AstarPathfindingProject/Readme_upgrading.txt
  artifactKey: Guid(893b17192239c453594fc4d8e250d5e8) Importer(2089858483,b0f066a214c2f5e87bad3c948f4d605d)
Start importing Assets/AstarPathfindingProject/Readme_upgrading.txt using Guid(893b17192239c453594fc4d8e250d5e8) Importer(2089858483,b0f066a214c2f5e87bad3c948f4d605d) (ScriptedImporter) -> (artifact id: 'c4855ac7724c59f7ab4c60517375a0cb') in 0.0093836 seconds
Number of updated asset objects reloaded before import = 0Number of asset objects unloaded after import = 1

========================================================================
Received Import Request.
  Time since last request: 0.000024 seconds.
  path: Assets/AstarPathfindingProject/Modifiers/Modifiers.cs
  artifactKey: Guid(ce1f812d122764ce7a45f2dd03915e46) Importer(2089858483,b0f066a214c2f5e87bad3c948f4d605d)
Start importing Assets/AstarPathfindingProject/Modifiers/Modifiers.cs using Guid(ce1f812d122764ce7a45f2dd03915e46) Importer(2089858483,b0f066a214c2f5e87bad3c948f4d605d) (ScriptedImporter) -> (artifact id: '06909e83094cb669f26e3f14e694479d') in 0.0097936 seconds
Number of updated asset objects reloaded before import = 0Number of asset objects unloaded after import = 0

========================================================================
Received Import Request.
  Time since last request: 0.000034 seconds.
  path: Assets/AstarPathfindingProject/Core/Misc/GraphEditorBase.cs
  artifactKey: Guid(704136724bc95455ebe477f42f5c5a84) Importer(2089858483,b0f066a214c2f5e87bad3c948f4d605d)
Start importing Assets/AstarPathfindingProject/Core/Misc/GraphEditorBase.cs using Guid(704136724bc95455ebe477f42f5c5a84) Importer(2089858483,b0f066a214c2f5e87bad3c948f4d605d) (ScriptedImporter) -> (artifact id: 'da7e63fe27fb11e9446869d6bdcda011') in 0.0108298 seconds
Number of updated asset objects reloaded before import = 0Number of asset objects unloaded after import = 0

========================================================================
Received Import Request.
  Time since last request: 0.000024 seconds.
  path: Assets/AstarPathfindingProject/Core/Misc/GraphUtilities.cs
  artifactKey: Guid(fd178834bf6c54cdb8fc5f76a039a91c) Importer(2089858483,b0f066a214c2f5e87bad3c948f4d605d)
Start importing Assets/AstarPathfindingProject/Core/Misc/GraphUtilities.cs using Guid(fd178834bf6c54cdb8fc5f76a039a91c) Importer(2089858483,b0f066a214c2f5e87bad3c948f4d605d) (ScriptedImporter) -> (artifact id: 'e26361daf7c6d163674b157104b971b4') in 0.0121822 seconds
Number of updated asset objects reloaded before import = 0Number of asset objects unloaded after import = 0

========================================================================
Received Import Request.
  Time since last request: 0.000044 seconds.
  path: Assets/AstarPathfindingProject/Core/Misc/WindowsStoreCompatibility.cs
  artifactKey: Guid(810a4e97f5ccb4b5184c4c3206492974) Importer(2089858483,b0f066a214c2f5e87bad3c948f4d605d)
Start importing Assets/AstarPathfindingProject/Core/Misc/WindowsStoreCompatibility.cs using Guid(810a4e97f5ccb4b5184c4c3206492974) Importer(2089858483,b0f066a214c2f5e87bad3c948f4d605d) (ScriptedImporter) -> (artifact id: 'ddf5a7d7dca38c42a8cf4c1fe2da0c03') in 0.0101084 seconds
Number of updated asset objects reloaded before import = 0Number of asset objects unloaded after import = 0

========================================================================
Received Import Request.
  Time since last request: 0.000024 seconds.
  path: Assets/AstarPathfindingProject/Core/Misc/ThreadControlQueue.cs
  artifactKey: Guid(e6a8344fd0d1c453cbaf5c5eb8f55ca5) Importer(2089858483,b0f066a214c2f5e87bad3c948f4d605d)
Start importing Assets/AstarPathfindingProject/Core/Misc/ThreadControlQueue.cs using Guid(e6a8344fd0d1c453cbaf5c5eb8f55ca5) Importer(2089858483,b0f066a214c2f5e87bad3c948f4d605d) (ScriptedImporter) -> (artifact id: '53633c729ae29bfb054228e974d6d225') in 0.0108587 seconds
Number of updated asset objects reloaded before import = 0Number of asset objects unloaded after import = 0

========================================================================
Received Import Request.
  Time since last request: 0.000027 seconds.
  path: Assets/AstarPathfindingProject/Core/RVO/RVOLine.cs
  artifactKey: Guid(b02eba22c48084de68f51d5c8295e58d) Importer(2089858483,b0f066a214c2f5e87bad3c948f4d605d)
Start importing Assets/AstarPathfindingProject/Core/RVO/RVOLine.cs using Guid(b02eba22c48084de68f51d5c8295e58d) Importer(2089858483,b0f066a214c2f5e87bad3c948f4d605d) (ScriptedImporter) -> (artifact id: '7a17dad8eeacbfb720f63019d8229fe8') in 0.0109918 seconds
Number of updated asset objects reloaded before import = 0Number of asset objects unloaded after import = 0

========================================================================
Received Import Request.
  Time since last request: 0.000030 seconds.
  path: Assets/AstarPathfindingProject/Core/Misc/MovementUtilities.cs
  artifactKey: Guid(0a6cffd9895f94907aa43f18b0904587) Importer(2089858483,b0f066a214c2f5e87bad3c948f4d605d)
Start importing Assets/AstarPathfindingProject/Core/Misc/MovementUtilities.cs using Guid(0a6cffd9895f94907aa43f18b0904587) Importer(2089858483,b0f066a214c2f5e87bad3c948f4d605d) (ScriptedImporter) -> (artifact id: 'd4f27e58205387ab7378f8432832abe4') in 0.012678 seconds
Number of updated asset objects reloaded before import = 0Number of asset objects unloaded after import = 0

========================================================================
Received Import Request.
  Time since last request: 0.000038 seconds.
  path: Assets/AstarPathfindingProject/Core/RVO/RVOCoreObstacle.cs
  artifactKey: Guid(19c43d572022a4278a4d426f536b5ee4) Importer(2089858483,b0f066a214c2f5e87bad3c948f4d605d)
Start importing Assets/AstarPathfindingProject/Core/RVO/RVOCoreObstacle.cs using Guid(19c43d572022a4278a4d426f536b5ee4) Importer(2089858483,b0f066a214c2f5e87bad3c948f4d605d) (ScriptedImporter) -> (artifact id: 'abb9bef20cf41f5e0bcfb9b2051ca4c1') in 0.0097812 seconds
Number of updated asset objects reloaded before import = 0Number of asset objects unloaded after import = 0

========================================================================
Received Import Request.
  Time since last request: 0.000021 seconds.
  path: Assets/AstarPathfindingProject/Core/AI/IAstarAI.cs
  artifactKey: Guid(b7438f3f6b9404f05ab7f584f92aa7d5) Importer(2089858483,b0f066a214c2f5e87bad3c948f4d605d)
Start importing Assets/AstarPathfindingProject/Core/AI/IAstarAI.cs using Guid(b7438f3f6b9404f05ab7f584f92aa7d5) Importer(2089858483,b0f066a214c2f5e87bad3c948f4d605d) (ScriptedImporter) -> (artifact id: '9ffbbe23993758b8467765f785a5fea5') in 0.0110526 seconds
Number of updated asset objects reloaded before import = 0Number of asset objects unloaded after import = 0

========================================================================
Received Import Request.
  Time since last request: 0.000027 seconds.
  path: Assets/AstarPathfindingProject/Core/Misc/StackPool.cs
  artifactKey: Guid(de467bbbb1ff84668ae8262caad00941) Importer(2089858483,b0f066a214c2f5e87bad3c948f4d605d)
Start importing Assets/AstarPathfindingProject/Core/Misc/StackPool.cs using Guid(de467bbbb1ff84668ae8262caad00941) Importer(2089858483,b0f066a214c2f5e87bad3c948f4d605d) (ScriptedImporter) -> (artifact id: 'dcf9aa2c5a5f49ba9d89dbb8411bc8f6') in 0.0099039 seconds
Number of updated asset objects reloaded before import = 0Number of asset objects unloaded after import = 0

========================================================================
Received Import Request.
  Time since last request: 0.000028 seconds.
  path: Assets/AstarPathfindingProject/Core/Misc/PathInterpolator.cs
  artifactKey: Guid(9c0392dbc5e744ee28e7b9ee81aea1e2) Importer(2089858483,b0f066a214c2f5e87bad3c948f4d605d)
Start importing Assets/AstarPathfindingProject/Core/Misc/PathInterpolator.cs using Guid(9c0392dbc5e744ee28e7b9ee81aea1e2) Importer(2089858483,b0f066a214c2f5e87bad3c948f4d605d) (ScriptedImporter) -> (artifact id: '5858ba793e18d82b636e3584791f164c') in 0.018585 seconds
Number of updated asset objects reloaded before import = 0Number of asset objects unloaded after import = 0

========================================================================
Received Import Request.
  Time since last request: 0.000038 seconds.
  path: Assets/AstarPathfindingProject/Core/AI/TurnBasedAI.cs
  artifactKey: Guid(8f95b80c439d6408b9afac9d013922e4) Importer(2089858483,b0f066a214c2f5e87bad3c948f4d605d)
Start importing Assets/AstarPathfindingProject/Core/AI/TurnBasedAI.cs using Guid(8f95b80c439d6408b9afac9d013922e4) Importer(2089858483,b0f066a214c2f5e87bad3c948f4d605d) (ScriptedImporter) -> (artifact id: '26e41c0ccfc7080335f0cc9a8be9c258') in 0.0101647 seconds
Number of updated asset objects reloaded before import = 0Number of asset objects unloaded after import = 0

========================================================================
Received Import Request.
  Time since last request: 0.000025 seconds.
  path: Assets/TextMesh Pro/Shaders/TMP_SDF SSD.shader
  artifactKey: Guid(14eb328de4b8eb245bb7cea29e4ac00b) Importer(2089858483,b0f066a214c2f5e87bad3c948f4d605d)
Start importing Assets/TextMesh Pro/Shaders/TMP_SDF SSD.shader using Guid(14eb328de4b8eb245bb7cea29e4ac00b) Importer(2089858483,b0f066a214c2f5e87bad3c948f4d605d) (ScriptedImporter) -> (artifact id: '760f033d15f50739d6fbee98796888e0') in 0.012894 seconds
Number of updated asset objects reloaded before import = 0Number of asset objects unloaded after import = 1

========================================================================
Received Import Request.
  Time since last request: 0.000028 seconds.
  path: Assets/!GameFiles/Animation/Animations/Death.anim
  artifactKey: Guid(fa6f61f1e474cb3408fe698b2a486189) Importer(2089858483,b0f066a214c2f5e87bad3c948f4d605d)
Start importing Assets/!GameFiles/Animation/Animations/Death.anim using Guid(fa6f61f1e474cb3408fe698b2a486189) Importer(2089858483,b0f066a214c2f5e87bad3c948f4d605d) (ScriptedImporter) -> (artifact id: '8beb2b01d48431888df78f6a1ef7d625') in 0.0493255 seconds
Number of updated asset objects reloaded before import = 0Number of asset objects unloaded after import = 1

========================================================================
Received Import Request.
  Time since last request: 0.000023 seconds.
  path: Assets/AstarPathfindingProject/Editor/GraphEditors/RecastGraphEditor.cs
  artifactKey: Guid(1e335b837bf0e437f865b313cd5ac11c) Importer(2089858483,b0f066a214c2f5e87bad3c948f4d605d)
Start importing Assets/AstarPathfindingProject/Editor/GraphEditors/RecastGraphEditor.cs using Guid(1e335b837bf0e437f865b313cd5ac11c) Importer(2089858483,b0f066a214c2f5e87bad3c948f4d605d) (ScriptedImporter) -> (artifact id: '7f61ed5bf16286746d1102fcf061594d') in 0.0087587 seconds
Number of updated asset objects reloaded before import = 0Number of asset objects unloaded after import = 0

========================================================================
Received Import Request.
  Time since last request: 0.000034 seconds.
  path: Assets/AstarPathfindingProject/Editor/EditorAssets/pixelBox2.png
  artifactKey: Guid(2fa6580cc9f7f40919411d1ed85c6fe1) Importer(2089858483,b0f066a214c2f5e87bad3c948f4d605d)
Start importing Assets/AstarPathfindingProject/Editor/EditorAssets/pixelBox2.png using Guid(2fa6580cc9f7f40919411d1ed85c6fe1) Importer(2089858483,b0f066a214c2f5e87bad3c948f4d605d) (ScriptedImporter) -> (artifact id: '65e1c7b6b13b467df0e12637a869f523') in 0.1056799 seconds
Number of updated asset objects reloaded before import = 0Number of asset objects unloaded after import = 1

========================================================================
Received Import Request.
  Time since last request: 0.000020 seconds.
  path: Assets/AstarPathfindingProject/ExampleScenes/Example13_Moving/LocalSpaceRichAI.cs
  artifactKey: Guid(e342e9f54c9d04f05b77eff70a36605e) Importer(2089858483,b0f066a214c2f5e87bad3c948f4d605d)
Start importing Assets/AstarPathfindingProject/ExampleScenes/Example13_Moving/LocalSpaceRichAI.cs using Guid(e342e9f54c9d04f05b77eff70a36605e) Importer(2089858483,b0f066a214c2f5e87bad3c948f4d605d) (ScriptedImporter) -> (artifact id: '6910afd03bc109cecab2ea17fd4edb2b') in 0.0102652 seconds
Number of updated asset objects reloaded before import = 0Number of asset objects unloaded after import = 0

========================================================================
Received Import Request.
  Time since last request: 0.000042 seconds.
  path: Assets/AstarPathfindingProject/ExampleScenes/Example11_RVO/RVO.unity
  artifactKey: Guid(a72d110e16b2e46b58db5ecb9717f37f) Importer(2089858483,b0f066a214c2f5e87bad3c948f4d605d)
Start importing Assets/AstarPathfindingProject/ExampleScenes/Example11_RVO/RVO.unity using Guid(a72d110e16b2e46b58db5ecb9717f37f) Importer(2089858483,b0f066a214c2f5e87bad3c948f4d605d) (ScriptedImporter) -> (artifact id: '90764fe85c6485315cee02441564f891') in 0.0152228 seconds
Number of updated asset objects reloaded before import = 0Number of asset objects unloaded after import = 1

========================================================================
Received Import Request.
  Time since last request: 0.000041 seconds.
  path: Assets/AstarPathfindingProject/Editor/Legacy/LegacyRichAIEditor2.cs
  artifactKey: Guid(50b238a5bdb294eb48cfc8aff10ac9b5) Importer(2089858483,b0f066a214c2f5e87bad3c948f4d605d)
Start importing Assets/AstarPathfindingProject/Editor/Legacy/LegacyRichAIEditor2.cs using Guid(50b238a5bdb294eb48cfc8aff10ac9b5) Importer(2089858483,b0f066a214c2f5e87bad3c948f4d605d) (ScriptedImporter) -> (artifact id: 'df4f90b0c911c7cd5d2f182703157cea') in 0.0116711 seconds
Number of updated asset objects reloaded before import = 0Number of asset objects unloaded after import = 0

========================================================================
Received Import Request.
  Time since last request: 0.000022 seconds.
  path: Assets/AstarPathfindingProject/Editor/EditorAssets/scene_box@1x.png
  artifactKey: Guid(a4bb5812f98bf40a68d9c1a69ad860cb) Importer(2089858483,b0f066a214c2f5e87bad3c948f4d605d)
Start importing Assets/AstarPathfindingProject/Editor/EditorAssets/scene_box@1x.png using Guid(a4bb5812f98bf40a68d9c1a69ad860cb) Importer(2089858483,b0f066a214c2f5e87bad3c948f4d605d) (ScriptedImporter) -> (artifact id: '545f3fa6ef726cfc8cf210497b0ff336') in 0.0318954 seconds
Number of updated asset objects reloaded before import = 0Number of asset objects unloaded after import = 1

========================================================================
Received Import Request.
  Time since last request: 0.000036 seconds.
  path: Assets/AstarPathfindingProject/Editor/Legacy/LegacyRVOControllerEditor2.cs
  artifactKey: Guid(ae195cf1c91924838ac8f0fedf5fa216) Importer(2089858483,b0f066a214c2f5e87bad3c948f4d605d)
Start importing Assets/AstarPathfindingProject/Editor/Legacy/LegacyRVOControllerEditor2.cs using Guid(ae195cf1c91924838ac8f0fedf5fa216) Importer(2089858483,b0f066a214c2f5e87bad3c948f4d605d) (ScriptedImporter) -> (artifact id: '7551aca7b1b2033864758df158b0a05c') in 0.0111296 seconds
Number of updated asset objects reloaded before import = 0Number of asset objects unloaded after import = 0

========================================================================
Received Import Request.
  Time since last request: 0.000049 seconds.
  path: Assets/AstarPathfindingProject/Editor/EditorAssets/tooltips.tsv
  artifactKey: Guid(f7de039468f254a4bb73a3460bf98a52) Importer(2089858483,b0f066a214c2f5e87bad3c948f4d605d)
Start importing Assets/AstarPathfindingProject/Editor/EditorAssets/tooltips.tsv using Guid(f7de039468f254a4bb73a3460bf98a52) Importer(2089858483,b0f066a214c2f5e87bad3c948f4d605d) (ScriptedImporter) -> (artifact id: 'd3242856e6af2bbbc4a8d58277509024') in 0.0115377 seconds
Number of updated asset objects reloaded before import = 0Number of asset objects unloaded after import = 1

========================================================================
Received Import Request.
  Time since last request: 0.000046 seconds.
  path: Assets/AstarPathfindingProject/Editor/EditorAssets/linkButton_normal.png
  artifactKey: Guid(53ee29e7cbeb545bcb1ca238a2736fb8) Importer(2089858483,b0f066a214c2f5e87bad3c948f4d605d)
Start importing Assets/AstarPathfindingProject/Editor/EditorAssets/linkButton_normal.png using Guid(53ee29e7cbeb545bcb1ca238a2736fb8) Importer(2089858483,b0f066a214c2f5e87bad3c948f4d605d) (ScriptedImporter) -> (artifact id: 'f5fa716666edf4f8fb2e1291be7b39e8') in 0.0298997 seconds
Number of updated asset objects reloaded before import = 0Number of asset objects unloaded after import = 1

========================================================================
Received Import Request.
  Time since last request: 0.000028 seconds.
  path: Assets/AstarPathfindingProject/Core/Serialization/SimpleZipReplacement.cs
  artifactKey: Guid(e4ab3c0aea7564a9c9af3bf72ed95858) Importer(2089858483,b0f066a214c2f5e87bad3c948f4d605d)
Start importing Assets/AstarPathfindingProject/Core/Serialization/SimpleZipReplacement.cs using Guid(e4ab3c0aea7564a9c9af3bf72ed95858) Importer(2089858483,b0f066a214c2f5e87bad3c948f4d605d) (ScriptedImporter) -> (artifact id: '40a795c3cd0ded74d15d66aa3cb4a902') in 0.0111489 seconds
Number of updated asset objects reloaded before import = 0Number of asset objects unloaded after import = 0

========================================================================
Received Import Request.
  Time since last request: 0.000035 seconds.
  path: Assets/AstarPathfindingProject/ExampleScenes/Example13_Moving/Moving.unity
  artifactKey: Guid(4b00c6f950101422fa5468a704bece11) Importer(2089858483,b0f066a214c2f5e87bad3c948f4d605d)
Start importing Assets/AstarPathfindingProject/ExampleScenes/Example13_Moving/Moving.unity using Guid(4b00c6f950101422fa5468a704bece11) Importer(2089858483,b0f066a214c2f5e87bad3c948f4d605d) (ScriptedImporter) -> (artifact id: '4a89e57f9ad73976e5f0ed5ff854a33c') in 0.0141926 seconds
Number of updated asset objects reloaded before import = 0Number of asset objects unloaded after import = 1

========================================================================
Received Import Request.
  Time since last request: 0.000023 seconds.
  path: Assets/AstarPathfindingProject/ExampleScenes/Example14_TurnBased_Hexagon/hexagon_obstacle.prefab
  artifactKey: Guid(556b220813bf1451194acec5abeb55d1) Importer(2089858483,b0f066a214c2f5e87bad3c948f4d605d)
Start importing Assets/AstarPathfindingProject/ExampleScenes/Example14_TurnBased_Hexagon/hexagon_obstacle.prefab using Guid(556b220813bf1451194acec5abeb55d1) Importer(2089858483,b0f066a214c2f5e87bad3c948f4d605d) (ScriptedImporter) -> (artifact id: 'b2164de5ba817dec241c8dab9367272c') in 0.0291825 seconds
Number of updated asset objects reloaded before import = 0Number of asset objects unloaded after import = 11

========================================================================
Received Import Request.
  Time since last request: 0.000038 seconds.
  path: Assets/AstarPathfindingProject/ExampleScenes/Example6_Navmesh/navmesh.obj
  artifactKey: Guid(6ac6694dd977643948f7ae7305e370ba) Importer(2089858483,b0f066a214c2f5e87bad3c948f4d605d)
Start importing Assets/AstarPathfindingProject/ExampleScenes/Example6_Navmesh/navmesh.obj using Guid(6ac6694dd977643948f7ae7305e370ba) Importer(2089858483,b0f066a214c2f5e87bad3c948f4d605d) (ScriptedImporter) -> (artifact id: '445a20f10f3e11bfcb3df6f4c2e9a0dc') in 0.0275915 seconds
Number of updated asset objects reloaded before import = 0Number of asset objects unloaded after import = 10

========================================================================
Received Import Request.
  Time since last request: 0.000041 seconds.
  path: Assets/AstarPathfindingProject/ExampleScenes/Example14_TurnBased_Hexagon/hexagon.fbx
  artifactKey: Guid(f9aa892f2cc50497ca083fd4925607f4) Importer(2089858483,b0f066a214c2f5e87bad3c948f4d605d)
Start importing Assets/AstarPathfindingProject/ExampleScenes/Example14_TurnBased_Hexagon/hexagon.fbx using Guid(f9aa892f2cc50497ca083fd4925607f4) Importer(2089858483,b0f066a214c2f5e87bad3c948f4d605d) (ScriptedImporter) -> (artifact id: '4f6e1f07bf28f3f50f7e68ae28730d6c') in 0.073413 seconds
Number of updated asset objects reloaded before import = 0Number of asset objects unloaded after import = 7

========================================================================
Received Import Request.
  Time since last request: 0.000029 seconds.
  path: Assets/AstarPathfindingProject/ExampleScenes/Example2_Terrain/checkerGround.psd
  artifactKey: Guid(ee2523340e7944c4297a80937a51484c) Importer(2089858483,b0f066a214c2f5e87bad3c948f4d605d)
Start importing Assets/AstarPathfindingProject/ExampleScenes/Example2_Terrain/checkerGround.psd using Guid(ee2523340e7944c4297a80937a51484c) Importer(2089858483,b0f066a214c2f5e87bad3c948f4d605d) (ScriptedImporter) -> (artifact id: '3b611121f37bcbd905468d4d93d6a2d9') in 0.0259195 seconds
Number of updated asset objects reloaded before import = 0Number of asset objects unloaded after import = 1

========================================================================
Received Import Request.
  Time since last request: 0.000024 seconds.
  path: Assets/AstarPathfindingProject/ExampleScenes/Example14_TurnBased_Hexagon/HexagonTrigger.cs
  artifactKey: Guid(37801f8edc1e3434d9d759f1aaeedb15) Importer(2089858483,b0f066a214c2f5e87bad3c948f4d605d)
Start importing Assets/AstarPathfindingProject/ExampleScenes/Example14_TurnBased_Hexagon/HexagonTrigger.cs using Guid(37801f8edc1e3434d9d759f1aaeedb15) Importer(2089858483,b0f066a214c2f5e87bad3c948f4d605d) (ScriptedImporter) -> (artifact id: '07b656055508ef5f8e71657576d2d66f') in 0.0094308 seconds
Number of updated asset objects reloaded before import = 0Number of asset objects unloaded after import = 0

========================================================================
Received Import Request.
  Time since last request: 0.000035 seconds.
  path: Assets/AstarPathfindingProject/ExampleScenes/Example7_Door1/Door2.unity
  artifactKey: Guid(02d7ab370529f4607810c3a9f9a2610d) Importer(2089858483,b0f066a214c2f5e87bad3c948f4d605d)
Start importing Assets/AstarPathfindingProject/ExampleScenes/Example7_Door1/Door2.unity using Guid(02d7ab370529f4607810c3a9f9a2610d) Importer(2089858483,b0f066a214c2f5e87bad3c948f4d605d) (ScriptedImporter) -> (artifact id: 'b90a6f0245bfc4f5a276f32a906ca08c') in 0.0167184 seconds
Number of updated asset objects reloaded before import = 0Number of asset objects unloaded after import = 1

========================================================================
Received Import Request.
  Time since last request: 0.000026 seconds.
  path: Assets/AstarPathfindingProject/ExampleScenes/Example5_PointGraph/blackText.mat
  artifactKey: Guid(87dee5d03323e4003a9785eface0284a) Importer(2089858483,b0f066a214c2f5e87bad3c948f4d605d)
Start importing Assets/AstarPathfindingProject/ExampleScenes/Example5_PointGraph/blackText.mat using Guid(87dee5d03323e4003a9785eface0284a) Importer(2089858483,b0f066a214c2f5e87bad3c948f4d605d) (ScriptedImporter) -> (artifact id: '0265b7c54d792bde4b98f50a23d79677') in 0.0284462 seconds
Number of updated asset objects reloaded before import = 0Number of asset objects unloaded after import = 1

========================================================================
Received Import Request.
  Time since last request: 0.000033 seconds.
  path: Assets/AstarPathfindingProject/ExampleScenes/Example8_PathTypes/PathTypesDemo.cs
  artifactKey: Guid(e855a4a32fc204115b1e15ca91877d37) Importer(2089858483,b0f066a214c2f5e87bad3c948f4d605d)
Start importing Assets/AstarPathfindingProject/ExampleScenes/Example8_PathTypes/PathTypesDemo.cs using Guid(e855a4a32fc204115b1e15ca91877d37) Importer(2089858483,b0f066a214c2f5e87bad3c948f4d605d) (ScriptedImporter) -> (artifact id: 'e4bc8fe80f7ee2e0ee43a44090b8580a') in 0.0089865 seconds
Number of updated asset objects reloaded before import = 0Number of asset objects unloaded after import = 0

========================================================================
Received Import Request.
  Time since last request: 0.000036 seconds.
  path: Assets/AstarPathfindingProject/ExampleScenes/Example13_Moving/Water fallback.jpg
  artifactKey: Guid(e6f8288974c664a309d6c66de636978c) Importer(2089858483,b0f066a214c2f5e87bad3c948f4d605d)
Start importing Assets/AstarPathfindingProject/ExampleScenes/Example13_Moving/Water fallback.jpg using Guid(e6f8288974c664a309d6c66de636978c) Importer(2089858483,b0f066a214c2f5e87bad3c948f4d605d) (ScriptedImporter) -> (artifact id: 'aeaeccb0c55b6735d72c4bcdfe4795b4') in 0.0281403 seconds
Number of updated asset objects reloaded before import = 0Number of asset objects unloaded after import = 1

========================================================================
Received Import Request.
  Time since last request: 0.000029 seconds.
  path: Assets/AstarPathfindingProject/ExampleScenes/Example12_Procedural/ProceduralPrefab3.prefab
  artifactKey: Guid(18cb121974c6b4be387c66d4e1ce5bf8) Importer(2089858483,b0f066a214c2f5e87bad3c948f4d605d)
Start importing Assets/AstarPathfindingProject/ExampleScenes/Example12_Procedural/ProceduralPrefab3.prefab using Guid(18cb121974c6b4be387c66d4e1ce5bf8) Importer(2089858483,b0f066a214c2f5e87bad3c948f4d605d) (ScriptedImporter) -> (artifact id: '4df4b71fdf5f2387d5a0fd2f91b5a88f') in 0.0121754 seconds
Number of updated asset objects reloaded before import = 0Number of asset objects unloaded after import = 24

========================================================================
Received Import Request.
  Time since last request: 0.000044 seconds.
  path: Assets/AstarPathfindingProject/ExampleScenes/Example13_Moving/Ship.anim
  artifactKey: Guid(e11f893ed7c0f4cfeb3fafd4d75ce7e5) Importer(2089858483,b0f066a214c2f5e87bad3c948f4d605d)
Start importing Assets/AstarPathfindingProject/ExampleScenes/Example13_Moving/Ship.anim using Guid(e11f893ed7c0f4cfeb3fafd4d75ce7e5) Importer(2089858483,b0f066a214c2f5e87bad3c948f4d605d) (ScriptedImporter) -> (artifact id: '3f3f5ae10703a10f94e727abc7907a94') in 0.0329148 seconds
Number of updated asset objects reloaded before import = 0Number of asset objects unloaded after import = 1

========================================================================
Received Import Request.
  Time since last request: 0.000041 seconds.
  path: Assets/AstarPathfindingProject/Utilities/RetainedGizmos.cs
  artifactKey: Guid(7a3cd109c93704c7ba499b8653f402ac) Importer(2089858483,b0f066a214c2f5e87bad3c948f4d605d)
Start importing Assets/AstarPathfindingProject/Utilities/RetainedGizmos.cs using Guid(7a3cd109c93704c7ba499b8653f402ac) Importer(2089858483,b0f066a214c2f5e87bad3c948f4d605d) (ScriptedImporter) -> (artifact id: 'e3c3a37f026d84360951af6cf0e09746') in 0.0102594 seconds
Number of updated asset objects reloaded before import = 0Number of asset objects unloaded after import = 0

========================================================================
Received Import Request.
  Time since last request: 0.000022 seconds.
  path: Assets/AstarPathfindingProject/CHANGELOG.md
  artifactKey: Guid(e271255bdfe8941f9ab0acccbb14dd82) Importer(2089858483,b0f066a214c2f5e87bad3c948f4d605d)
Start importing Assets/AstarPathfindingProject/CHANGELOG.md using Guid(e271255bdfe8941f9ab0acccbb14dd82) Importer(2089858483,b0f066a214c2f5e87bad3c948f4d605d) (ScriptedImporter) -> (artifact id: 'ffb98280262c06b80b648c931d0c0289') in 0.0095882 seconds
Number of updated asset objects reloaded before import = 0Number of asset objects unloaded after import = 1

========================================================================
Received Import Request.
  Time since last request: 0.000023 seconds.
  path: Assets/AstarPathfindingProject/ExampleScenes/Materials/DiffuseAlwaysVisible.shader
  artifactKey: Guid(5c4aad560e4da4a59aa10f6f2f6e84ce) Importer(2089858483,b0f066a214c2f5e87bad3c948f4d605d)
Start importing Assets/AstarPathfindingProject/ExampleScenes/Materials/DiffuseAlwaysVisible.shader using Guid(5c4aad560e4da4a59aa10f6f2f6e84ce) Importer(2089858483,b0f066a214c2f5e87bad3c948f4d605d) (ScriptedImporter) -> (artifact id: '9fd2f0db2d9f057e84c54d099cd6b9a7') in 0.0110901 seconds
Number of updated asset objects reloaded before import = 0Number of asset objects unloaded after import = 1

========================================================================
Received Import Request.
  Time since last request: 0.000038 seconds.
  path: Assets/AstarPathfindingProject/Generators/Utilities/NavMeshRenderer.cs
  artifactKey: Guid(b56789f958bf1496ba91f7e2b4147166) Importer(2089858483,b0f066a214c2f5e87bad3c948f4d605d)
Start importing Assets/AstarPathfindingProject/Generators/Utilities/NavMeshRenderer.cs using Guid(b56789f958bf1496ba91f7e2b4147166) Importer(2089858483,b0f066a214c2f5e87bad3c948f4d605d) (ScriptedImporter) -> (artifact id: '60c207aa87d5b6f4f50806d4c758411e') in 0.00872 seconds
Number of updated asset objects reloaded before import = 0Number of asset objects unloaded after import = 0

========================================================================
Received Import Request.
  Time since last request: 0.000040 seconds.
  path: Assets/AstarPathfindingProject/Generators/Utilities/RecastMeshGatherer.cs
  artifactKey: Guid(6eafb2bafadcd40cab49fa79908ee5f1) Importer(2089858483,b0f066a214c2f5e87bad3c948f4d605d)
Start importing Assets/AstarPathfindingProject/Generators/Utilities/RecastMeshGatherer.cs using Guid(6eafb2bafadcd40cab49fa79908ee5f1) Importer(2089858483,b0f066a214c2f5e87bad3c948f4d605d) (ScriptedImporter) -> (artifact id: 'cdd80411496bde28073a7dd5d25530c1') in 0.010043 seconds
Number of updated asset objects reloaded before import = 0Number of asset objects unloaded after import = 0

========================================================================
Received Import Request.
  Time since last request: 0.000024 seconds.
  path: Assets/AstarPathfindingProject/ExampleScenes/Materials/BlueCheckerGround.mat
  artifactKey: Guid(8f4d5503fdeab441e8c6c041504cf535) Importer(2089858483,b0f066a214c2f5e87bad3c948f4d605d)
Start importing Assets/AstarPathfindingProject/ExampleScenes/Materials/BlueCheckerGround.mat using Guid(8f4d5503fdeab441e8c6c041504cf535) Importer(2089858483,b0f066a214c2f5e87bad3c948f4d605d) (ScriptedImporter) -> (artifact id: 'd5e5b5b45125ce318bbc2f12f5bd1a42') in 0.0146389 seconds
Number of updated asset objects reloaded before import = 0Number of asset objects unloaded after import = 2

========================================================================
Received Import Request.
  Time since last request: 0.000027 seconds.
  path: Assets/AstarPathfindingProject/ExampleScenes/ExampleScripts/RecastTileUpdate.cs
  artifactKey: Guid(c17ca1d2569424ba1be3606fe1bb5c7d) Importer(2089858483,b0f066a214c2f5e87bad3c948f4d605d)
Start importing Assets/AstarPathfindingProject/ExampleScenes/ExampleScripts/RecastTileUpdate.cs using Guid(c17ca1d2569424ba1be3606fe1bb5c7d) Importer(2089858483,b0f066a214c2f5e87bad3c948f4d605d) (ScriptedImporter) -> (artifact id: '4c4960a3bb37cf090eaa9afb9d194e88') in 0.0087836 seconds
Number of updated asset objects reloaded before import = 0Number of asset objects unloaded after import = 0

========================================================================
Received Import Request.
  Time since last request: 0.000034 seconds.
  path: Assets/AstarPathfindingProject/ExampleScenes/Prefabs/TargetReachedEffect.prefab
  artifactKey: Guid(441e67a4721e749f0bca9581956f2729) Importer(2089858483,b0f066a214c2f5e87bad3c948f4d605d)
Start importing Assets/AstarPathfindingProject/ExampleScenes/Prefabs/TargetReachedEffect.prefab using Guid(441e67a4721e749f0bca9581956f2729) Importer(2089858483,b0f066a214c2f5e87bad3c948f4d605d) (ScriptedImporter) -> (artifact id: '26d3bc12b95e1008335e700a89865cc0') in 0.0119648 seconds
Number of updated asset objects reloaded before import = 0Number of asset objects unloaded after import = 4

========================================================================
Received Import Request.
  Time since last request: 0.000051 seconds.
  path: Assets/AstarPathfindingProject/Generators/NodeClasses/GridNodeBase.cs
  artifactKey: Guid(1b723ddfaa37b46eca23cd8d042ad3e9) Importer(2089858483,b0f066a214c2f5e87bad3c948f4d605d)
Start importing Assets/AstarPathfindingProject/Generators/NodeClasses/GridNodeBase.cs using Guid(1b723ddfaa37b46eca23cd8d042ad3e9) Importer(2089858483,b0f066a214c2f5e87bad3c948f4d605d) (ScriptedImporter) -> (artifact id: '67725607f0989a4852bf56b8885d3cb9') in 0.0101992 seconds
Number of updated asset objects reloaded before import = 0Number of asset objects unloaded after import = 0

========================================================================
Received Import Request.
  Time since last request: 0.000029 seconds.
  path: Assets/AstarPathfindingProject/ExampleScenes/Materials/AI.mat
  artifactKey: Guid(db55ebdb9473a4a80a0037f64aafccce) Importer(2089858483,b0f066a214c2f5e87bad3c948f4d605d)
Start importing Assets/AstarPathfindingProject/ExampleScenes/Materials/AI.mat using Guid(db55ebdb9473a4a80a0037f64aafccce) Importer(2089858483,b0f066a214c2f5e87bad3c948f4d605d) (ScriptedImporter) -> (artifact id: 'aca60a90e32e40cf21d0456e93dc77f0') in 0.0668939 seconds
Number of updated asset objects reloaded before import = 0Number of asset objects unloaded after import = 1

========================================================================
Received Import Request.
  Time since last request: 0.000024 seconds.
  path: Assets/AstarPathfindingProject/ExampleScenes/ExampleScripts/DoorController.cs
  artifactKey: Guid(e96422fbb088f477baaf6f2ada396863) Importer(2089858483,b0f066a214c2f5e87bad3c948f4d605d)
Start importing Assets/AstarPathfindingProject/ExampleScenes/ExampleScripts/DoorController.cs using Guid(e96422fbb088f477baaf6f2ada396863) Importer(2089858483,b0f066a214c2f5e87bad3c948f4d605d) (ScriptedImporter) -> (artifact id: 'faa2acf3a72f11f9c6881004c0306d8b') in 0.0092534 seconds
Number of updated asset objects reloaded before import = 0Number of asset objects unloaded after import = 0

========================================================================
Received Import Request.
  Time since last request: 0.000053 seconds.
  path: Assets/AstarPathfindingProject/ExampleScenes/Example8_PathTypes/SquareShader.shader
  artifactKey: Guid(9cae629ac88d94800bfaab65cce20d7e) Importer(2089858483,b0f066a214c2f5e87bad3c948f4d605d)
Start importing Assets/AstarPathfindingProject/ExampleScenes/Example8_PathTypes/SquareShader.shader using Guid(9cae629ac88d94800bfaab65cce20d7e) Importer(2089858483,b0f066a214c2f5e87bad3c948f4d605d) (ScriptedImporter) -> (artifact id: '7f1f70f9895145a48e1c621e87780813') in 0.0112218 seconds
Number of updated asset objects reloaded before import = 0Number of asset objects unloaded after import = 1

========================================================================
Received Import Request.
  Time since last request: 0.000021 seconds.
  path: Assets/FastScriptReload/Examples/Point/Point.mat
  artifactKey: Guid(a4956e7a124b944509c8517dfaea5e82) Importer(2089858483,b0f066a214c2f5e87bad3c948f4d605d)
Start importing Assets/FastScriptReload/Examples/Point/Point.mat using Guid(a4956e7a124b944509c8517dfaea5e82) Importer(2089858483,b0f066a214c2f5e87bad3c948f4d605d) (ScriptedImporter) -> (artifact id: 'c1c53e651c666aa9f914081c1b8b3b41') in 0.0252685 seconds
Number of updated asset objects reloaded before import = 0Number of asset objects unloaded after import = 6

========================================================================
Received Import Request.
  Time since last request: 0.000016 seconds.
  path: Assets/AstarPathfindingProject/Legacy/Editor/LegacyAIPathEditor.cs
  artifactKey: Guid(4075ffc0df8c943368fa824db55589b4) Importer(2089858483,b0f066a214c2f5e87bad3c948f4d605d)
Start importing Assets/AstarPathfindingProject/Legacy/Editor/LegacyAIPathEditor.cs using Guid(4075ffc0df8c943368fa824db55589b4) Importer(2089858483,b0f066a214c2f5e87bad3c948f4d605d) (ScriptedImporter) -> (artifact id: '384834c5edce387e588c9ceac6e46707') in 0.0098491 seconds
Number of updated asset objects reloaded before import = 0Number of asset objects unloaded after import = 0

========================================================================
Received Import Request.
  Time since last request: 0.000025 seconds.
  path: Assets/FastScriptReload/Scripts/Editor/FileWatcherSetupEntry.cs
  artifactKey: Guid(126f0c053848416c88113f41793c7310) Importer(2089858483,b0f066a214c2f5e87bad3c948f4d605d)
Start importing Assets/FastScriptReload/Scripts/Editor/FileWatcherSetupEntry.cs using Guid(126f0c053848416c88113f41793c7310) Importer(2089858483,b0f066a214c2f5e87bad3c948f4d605d) (ScriptedImporter) -> (artifact id: '15773b83f4d9e84934b711319bb6b118') in 0.0116191 seconds
Number of updated asset objects reloaded before import = 0Number of asset objects unloaded after import = 0

========================================================================
Received Import Request.
  Time since last request: 0.000038 seconds.
  path: Assets/FastScriptReload/Plugins/ImmersiveVrToolsCommon/ImmersiveVRToolsCommonLicense.txt
  artifactKey: Guid(656785d4ce824de4ac3c58af77fec60d) Importer(2089858483,b0f066a214c2f5e87bad3c948f4d605d)
Start importing Assets/FastScriptReload/Plugins/ImmersiveVrToolsCommon/ImmersiveVRToolsCommonLicense.txt using Guid(656785d4ce824de4ac3c58af77fec60d) Importer(2089858483,b0f066a214c2f5e87bad3c948f4d605d) (ScriptedImporter) -> (artifact id: 'cdcfaee681570920e052b833f496709b') in 0.0117071 seconds
Number of updated asset objects reloaded before import = 0Number of asset objects unloaded after import = 1

========================================================================
Received Import Request.
  Time since last request: 0.000026 seconds.
  path: Assets/FastScriptReload/Scripts/Runtime/AssemblyChangesLoader.cs
  artifactKey: Guid(a284bdff76434719b039471af39579fc) Importer(2089858483,b0f066a214c2f5e87bad3c948f4d605d)
Start importing Assets/FastScriptReload/Scripts/Runtime/AssemblyChangesLoader.cs using Guid(a284bdff76434719b039471af39579fc) Importer(2089858483,b0f066a214c2f5e87bad3c948f4d605d) (ScriptedImporter) -> (artifact id: '8bd9ba4a2f59ed6cd6211a062ff0b1e5') in 0.0102877 seconds
Number of updated asset objects reloaded before import = 0Number of asset objects unloaded after import = 0

========================================================================
Received Import Request.
  Time since last request: 0.000023 seconds.
  path: Assets/AstarPathfindingProject/Plugins/Poly2Tri/Pathfinding.Poly2Tri.dll
  artifactKey: Guid(30b798b6b35e94042b75435e2c52e2eb) Importer(2089858483,b0f066a214c2f5e87bad3c948f4d605d)
Start importing Assets/AstarPathfindingProject/Plugins/Poly2Tri/Pathfinding.Poly2Tri.dll using Guid(30b798b6b35e94042b75435e2c52e2eb) Importer(2089858483,b0f066a214c2f5e87bad3c948f4d605d) (ScriptedImporter) -> (artifact id: '922faf8204cfbf45063a034ccaef596e') in 0.0138634 seconds
Number of updated asset objects reloaded before import = 0Number of asset objects unloaded after import = 0

========================================================================
Received Import Request.
  Time since last request: 0.000028 seconds.
  path: Assets/AstarPathfindingProject/Plugins/Clipper/ClipperLicense.txt
  artifactKey: Guid(08c5ae29106b34503b70cdb469fece59) Importer(2089858483,b0f066a214c2f5e87bad3c948f4d605d)
Start importing Assets/AstarPathfindingProject/Plugins/Clipper/ClipperLicense.txt using Guid(08c5ae29106b34503b70cdb469fece59) Importer(2089858483,b0f066a214c2f5e87bad3c948f4d605d) (ScriptedImporter) -> (artifact id: 'a920c818ea9b8875cd9442809a37744d') in 0.0107152 seconds
Number of updated asset objects reloaded before import = 0Number of asset objects unloaded after import = 1

========================================================================
Received Import Request.
  Time since last request: 0.000049 seconds.
  path: Assets/AstarPathfindingProject/Legacy/Editor/LegacyEditorHelper.cs
  artifactKey: Guid(f97cec2d4f06c4d0eb0068c24cb47ca1) Importer(2089858483,b0f066a214c2f5e87bad3c948f4d605d)
Start importing Assets/AstarPathfindingProject/Legacy/Editor/LegacyEditorHelper.cs using Guid(f97cec2d4f06c4d0eb0068c24cb47ca1) Importer(2089858483,b0f066a214c2f5e87bad3c948f4d605d) (ScriptedImporter) -> (artifact id: '4b18229d8f691c2491d7b8f1a89beda0') in 0.0099975 seconds
Number of updated asset objects reloaded before import = 0Number of asset objects unloaded after import = 0

========================================================================
Received Import Request.
  Time since last request: 0.000027 seconds.
  path: Assets/FastScriptReload/Plugins/ImmersiveVrToolsCommon/ImmersiveVRTools.Common.Runtime.dll
  artifactKey: Guid(42c3f40ad0520e442aa80842ab9748a9) Importer(2089858483,b0f066a214c2f5e87bad3c948f4d605d)
Start importing Assets/FastScriptReload/Plugins/ImmersiveVrToolsCommon/ImmersiveVRTools.Common.Runtime.dll using Guid(42c3f40ad0520e442aa80842ab9748a9) Importer(2089858483,b0f066a214c2f5e87bad3c948f4d605d) (ScriptedImporter) -> (artifact id: '86fb83bc21d669396ad7ee6b73be7580') in 0.0555751 seconds
Number of updated asset objects reloaded before import = 0Number of asset objects unloaded after import = 0

========================================================================
Received Import Request.
  Time since last request: 0.000028 seconds.
  path: Assets/AstarPathfindingProject/Plugins/Poly2Tri/Poly2TriLicense.txt
  artifactKey: Guid(8de03443595d54cd8ac8280d34835f5f) Importer(2089858483,b0f066a214c2f5e87bad3c948f4d605d)
Start importing Assets/AstarPathfindingProject/Plugins/Poly2Tri/Poly2TriLicense.txt using Guid(8de03443595d54cd8ac8280d34835f5f) Importer(2089858483,b0f066a214c2f5e87bad3c948f4d605d) (ScriptedImporter) -> (artifact id: '23dc54114cf37cb315e58e8488c2483f') in 0.0093547 seconds
Number of updated asset objects reloaded before import = 0Number of asset objects unloaded after import = 1

========================================================================
Received Import Request.
  Time since last request: 0.000040 seconds.
  path: Assets/AstarPathfindingProject/PackageTools/Editor/EditorGUIx.cs
  artifactKey: Guid(2b6b4977544da4af3a4fe9e895fb6888) Importer(2089858483,b0f066a214c2f5e87bad3c948f4d605d)
Start importing Assets/AstarPathfindingProject/PackageTools/Editor/EditorGUIx.cs using Guid(2b6b4977544da4af3a4fe9e895fb6888) Importer(2089858483,b0f066a214c2f5e87bad3c948f4d605d) (ScriptedImporter) -> (artifact id: 'f56527783e3dafd137466ce4593f4317') in 0.0094045 seconds
Number of updated asset objects reloaded before import = 0Number of asset objects unloaded after import = 0

========================================================================
Received Import Request.
  Time since last request: 0.000027 seconds.
  path: Assets/AstarPathfindingProject/ExampleScenes/Example13_Moving/WaterPlane.mat
  artifactKey: Guid(40e9cd3d557264fc49df68fe87fe6bdd) Importer(2089858483,b0f066a214c2f5e87bad3c948f4d605d)
Start importing Assets/AstarPathfindingProject/ExampleScenes/Example13_Moving/WaterPlane.mat using Guid(40e9cd3d557264fc49df68fe87fe6bdd) Importer(2089858483,b0f066a214c2f5e87bad3c948f4d605d) (ScriptedImporter) -> (artifact id: '30b9702415c93ddf5ea7228fcde1a963') in 0.0242127 seconds
Number of updated asset objects reloaded before import = 0Number of asset objects unloaded after import = 3

========================================================================
Received Import Request.
  Time since last request: 0.000034 seconds.
  path: Assets/Import/Models/Characters/Enemy.prefab
  artifactKey: Guid(71649dc3f68fb584697094831e9a9bab) Importer(2089858483,b0f066a214c2f5e87bad3c948f4d605d)
Start importing Assets/Import/Models/Characters/Enemy.prefab using Guid(71649dc3f68fb584697094831e9a9bab) Importer(2089858483,b0f066a214c2f5e87bad3c948f4d605d) (ScriptedImporter) -> (artifact id: 'd9c9bf787c4e6bdb9be1b25a9baa766a') in 0.0684948 seconds
Number of updated asset objects reloaded before import = 0Number of asset objects unloaded after import = 237

========================================================================
Received Import Request.
  Time since last request: 0.000035 seconds.
  path: Assets/Sketchfab For Unity/Dependencies/Resources/TitilliumWeb-Semibold.ttf
  artifactKey: Guid(55446a229435a7640b0f1980c8510a95) Importer(2089858483,b0f066a214c2f5e87bad3c948f4d605d)
Start importing Assets/Sketchfab For Unity/Dependencies/Resources/TitilliumWeb-Semibold.ttf using Guid(55446a229435a7640b0f1980c8510a95) Importer(2089858483,b0f066a214c2f5e87bad3c948f4d605d) (ScriptedImporter) -> (artifact id: 'e2af75051110d49aab930e8fa022f7fb') in 0.0287257 seconds
Number of updated asset objects reloaded before import = 0Number of asset objects unloaded after import = 3

========================================================================
Received Import Request.
  Time since last request: 0.000041 seconds.
  path: Assets/Import/UIHUD/Sprites/белый фон.jpg
  artifactKey: Guid(32582314fdb4002489da1ec55ea83e87) Importer(2089858483,b0f066a214c2f5e87bad3c948f4d605d)
Start importing Assets/Import/UIHUD/Sprites/белый фон.jpg using Guid(32582314fdb4002489da1ec55ea83e87) Importer(2089858483,b0f066a214c2f5e87bad3c948f4d605d) (ScriptedImporter) -> (artifact id: '012f46938564324fd9869ecc619ce4dd') in 0.050411 seconds
Number of updated asset objects reloaded before import = 0Number of asset objects unloaded after import = 3

========================================================================
Received Import Request.
  Time since last request: 0.000027 seconds.
  path: Assets/Sketchfab For Unity/Dependencies/Resources/planPro.png
  artifactKey: Guid(b24fef0a6b5eee742b987488d5e4a977) Importer(2089858483,b0f066a214c2f5e87bad3c948f4d605d)
Start importing Assets/Sketchfab For Unity/Dependencies/Resources/planPro.png using Guid(b24fef0a6b5eee742b987488d5e4a977) Importer(2089858483,b0f066a214c2f5e87bad3c948f4d605d) (ScriptedImporter) -> (artifact id: '23f1474f34067d72aa9b082bea308eb6') in 0.0260199 seconds
Number of updated asset objects reloaded before import = 0Number of asset objects unloaded after import = 1

========================================================================
Received Import Request.
  Time since last request: 0.000021 seconds.
  path: Assets/Sketchfab For Unity/Dependencies/Libraries/Newtonsoft.Json.dll
  artifactKey: Guid(c6547789f79ca8e42b6307cf64f7756d) Importer(2089858483,b0f066a214c2f5e87bad3c948f4d605d)
Start importing Assets/Sketchfab For Unity/Dependencies/Libraries/Newtonsoft.Json.dll using Guid(c6547789f79ca8e42b6307cf64f7756d) Importer(2089858483,b0f066a214c2f5e87bad3c948f4d605d) (ScriptedImporter) -> (artifact id: 'd8b6e0257a52fbe6713217b03e8eba2c') in 0.0121254 seconds
Number of updated asset objects reloaded before import = 0Number of asset objects unloaded after import = 0

========================================================================
Received Import Request.
  Time since last request: 0.000035 seconds.
  path: Assets/Sketchfab For Unity/Dependencies/Shaders/GLTFPackOccMetalRough.shader
  artifactKey: Guid(63afd4bee3641ce4d8dfa1e8b39478af) Importer(2089858483,b0f066a214c2f5e87bad3c948f4d605d)
Start importing Assets/Sketchfab For Unity/Dependencies/Shaders/GLTFPackOccMetalRough.shader using Guid(63afd4bee3641ce4d8dfa1e8b39478af) Importer(2089858483,b0f066a214c2f5e87bad3c948f4d605d) (ScriptedImporter) -> (artifact id: '94cda6309bc98c7ca15811a78c1da0a6') in 0.0108911 seconds
Number of updated asset objects reloaded before import = 0Number of asset objects unloaded after import = 1

========================================================================
Received Import Request.
  Time since last request: 0.000024 seconds.
  path: Assets/Sketchfab For Unity/Dependencies/Resources/OpenSans-Regular.ttf
  artifactKey: Guid(3a7f6f0ee62dc1a419509d2442cb0542) Importer(2089858483,b0f066a214c2f5e87bad3c948f4d605d)
Start importing Assets/Sketchfab For Unity/Dependencies/Resources/OpenSans-Regular.ttf using Guid(3a7f6f0ee62dc1a419509d2442cb0542) Importer(2089858483,b0f066a214c2f5e87bad3c948f4d605d) (ScriptedImporter) -> (artifact id: '1c069bbaa3beda38aad4eedb70962a0b') in 0.0197821 seconds
Number of updated asset objects reloaded before import = 0Number of asset objects unloaded after import = 3

========================================================================
Received Import Request.
  Time since last request: 0.000030 seconds.
  path: Assets/Sketchfab For Unity/Scripts/AssetBrowser/SketchfabModelWindow.cs
  artifactKey: Guid(0937ab964c9d395469abadebf26865d7) Importer(2089858483,b0f066a214c2f5e87bad3c948f4d605d)
Start importing Assets/Sketchfab For Unity/Scripts/AssetBrowser/SketchfabModelWindow.cs using Guid(0937ab964c9d395469abadebf26865d7) Importer(2089858483,b0f066a214c2f5e87bad3c948f4d605d) (ScriptedImporter) -> (artifact id: 'f876acf27cc67ce459a4ef0ea2736249') in 0.0089908 seconds
Number of updated asset objects reloaded before import = 0Number of asset objects unloaded after import = 0

========================================================================
Received Import Request.
  Time since last request: 0.000026 seconds.
  path: Assets/Sketchfab For Unity/Dependencies/Resources/planEnt.png
  artifactKey: Guid(95b4dd33b780351478f0a4b9c10fe4c6) Importer(2089858483,b0f066a214c2f5e87bad3c948f4d605d)
Start importing Assets/Sketchfab For Unity/Dependencies/Resources/planEnt.png using Guid(95b4dd33b780351478f0a4b9c10fe4c6) Importer(2089858483,b0f066a214c2f5e87bad3c948f4d605d) (ScriptedImporter) -> (artifact id: '3c950f776b842788508155f46af8353c') in 0.026878 seconds
Number of updated asset objects reloaded before import = 0Number of asset objects unloaded after import = 1

========================================================================
Received Import Request.
  Time since last request: 0.000031 seconds.
  path: Assets/FastScriptReload/Tests/Editor/FastScriptReload.Tests.Editor.asmdef
  artifactKey: Guid(d2060b4187aa13b4f86125cb8077f21c) Importer(2089858483,b0f066a214c2f5e87bad3c948f4d605d)
Start importing Assets/FastScriptReload/Tests/Editor/FastScriptReload.Tests.Editor.asmdef using Guid(d2060b4187aa13b4f86125cb8077f21c) Importer(2089858483,b0f066a214c2f5e87bad3c948f4d605d) (ScriptedImporter) -> (artifact id: 'd777ce12f2bb5109e8e15273fb3f9f4b') in 0.0099644 seconds
Number of updated asset objects reloaded before import = 0Number of asset objects unloaded after import = 1

========================================================================
Received Import Request.
  Time since last request: 0.000027 seconds.
  path: Assets/Settings/Mobile_Renderer.asset
  artifactKey: Guid(65bc7dbf4170f435aa868c779acfb082) Importer(2089858483,b0f066a214c2f5e87bad3c948f4d605d)
Start importing Assets/Settings/Mobile_Renderer.asset using Guid(65bc7dbf4170f435aa868c779acfb082) Importer(2089858483,b0f066a214c2f5e87bad3c948f4d605d) (ScriptedImporter) -> (artifact id: '385ced862f94e0c22db58a15eb5bf53f') in 0.0979963 seconds
Number of updated asset objects reloaded before import = 0Number of asset objects unloaded after import = 1

========================================================================
Received Import Request.
  Time since last request: 0.000026 seconds.
  path: Assets/TextMesh Pro/Examples & Extras/Scripts/Benchmark01.cs
  artifactKey: Guid(f970ea55f9f84bf79b05dab180b8c125) Importer(2089858483,b0f066a214c2f5e87bad3c948f4d605d)
Start importing Assets/TextMesh Pro/Examples & Extras/Scripts/Benchmark01.cs using Guid(f970ea55f9f84bf79b05dab180b8c125) Importer(2089858483,b0f066a214c2f5e87bad3c948f4d605d) (ScriptedImporter) -> (artifact id: 'a66acd0a78d9ee6feb308e277ffa3d11') in 0.0097616 seconds
Number of updated asset objects reloaded before import = 0Number of asset objects unloaded after import = 0

========================================================================
Received Import Request.
  Time since last request: 0.000042 seconds.
  path: Assets/TextMesh Pro/Examples & Extras/Prefabs/TextMeshPro - Prefab 1.prefab
  artifactKey: Guid(a6e39ced0ea046bcb636c3f0b2e2a745) Importer(2089858483,b0f066a214c2f5e87bad3c948f4d605d)
Start importing Assets/TextMesh Pro/Examples & Extras/Prefabs/TextMeshPro - Prefab 1.prefab using Guid(a6e39ced0ea046bcb636c3f0b2e2a745) Importer(2089858483,b0f066a214c2f5e87bad3c948f4d605d) (ScriptedImporter) -> (artifact id: 'bd9d7733e76cb709de8d0fb4b188af47') in 0.2794033 seconds
Number of updated asset objects reloaded before import = 0Number of asset objects unloaded after import = 16

========================================================================
Received Import Request.
  Time since last request: 0.000031 seconds.
  path: Assets/TextMesh Pro/Examples & Extras/Scenes/02 - Multi-line TextMesh Pro.unity
  artifactKey: Guid(251716609f634449bfe8ce75c0ed78fe) Importer(2089858483,b0f066a214c2f5e87bad3c948f4d605d)
Start importing Assets/TextMesh Pro/Examples & Extras/Scenes/02 - Multi-line TextMesh Pro.unity using Guid(251716609f634449bfe8ce75c0ed78fe) Importer(2089858483,b0f066a214c2f5e87bad3c948f4d605d) (ScriptedImporter) -> (artifact id: '97a36364d462cc7aa8b293951be680c4') in 0.0152642 seconds
Number of updated asset objects reloaded before import = 0Number of asset objects unloaded after import = 1

========================================================================
Received Import Request.
  Time since last request: 0.000041 seconds.
  path: Assets/TextMesh Pro/Examples & Extras/Scenes/27 - Double Pass Shader Example.unity
  artifactKey: Guid(3b38a6ba32b869f48812e595baf39746) Importer(2089858483,b0f066a214c2f5e87bad3c948f4d605d)
Start importing Assets/TextMesh Pro/Examples & Extras/Scenes/27 - Double Pass Shader Example.unity using Guid(3b38a6ba32b869f48812e595baf39746) Importer(2089858483,b0f066a214c2f5e87bad3c948f4d605d) (ScriptedImporter) -> (artifact id: '011b65f81cc7e5b1c44eecdc0f6318d1') in 0.0142613 seconds
Number of updated asset objects reloaded before import = 0Number of asset objects unloaded after import = 1

========================================================================
Received Import Request.
  Time since last request: 0.000028 seconds.
  path: Assets/TextMesh Pro/Examples & Extras/Materials/Crate - URP.mat
  artifactKey: Guid(3b5cc91c3bf8cf74391252247f52fb59) Importer(2089858483,b0f066a214c2f5e87bad3c948f4d605d)
Start importing Assets/TextMesh Pro/Examples & Extras/Materials/Crate - URP.mat using Guid(3b5cc91c3bf8cf74391252247f52fb59) Importer(2089858483,b0f066a214c2f5e87bad3c948f4d605d) (ScriptedImporter) -> (artifact id: 'b68e2b6ac3af178ff0aa319609251130') in 0.0211011 seconds
Number of updated asset objects reloaded before import = 0Number of asset objects unloaded after import = 3

========================================================================
Received Import Request.
  Time since last request: 0.000025 seconds.
  path: Assets/TextMesh Pro/Examples & Extras/Scenes/07 - Superscript & Subscript Example.unity
  artifactKey: Guid(03ec435d4b7140e9b2d87f79136d8374) Importer(2089858483,b0f066a214c2f5e87bad3c948f4d605d)
Start importing Assets/TextMesh Pro/Examples & Extras/Scenes/07 - Superscript & Subscript Example.unity using Guid(03ec435d4b7140e9b2d87f79136d8374) Importer(2089858483,b0f066a214c2f5e87bad3c948f4d605d) (ScriptedImporter) -> (artifact id: '387224aca2b3f56374aa28406854c1b6') in 0.0128342 seconds
Number of updated asset objects reloaded before import = 0Number of asset objects unloaded after import = 1

========================================================================
Received Import Request.
  Time since last request: 0.000027 seconds.
  path: Assets/TextMesh Pro/Examples & Extras/Scripts/TextConsoleSimulator.cs
  artifactKey: Guid(43bcd35a1c0c40ccb6d472893fe2093f) Importer(2089858483,b0f066a214c2f5e87bad3c948f4d605d)
Start importing Assets/TextMesh Pro/Examples & Extras/Scripts/TextConsoleSimulator.cs using Guid(43bcd35a1c0c40ccb6d472893fe2093f) Importer(2089858483,b0f066a214c2f5e87bad3c948f4d605d) (ScriptedImporter) -> (artifact id: 'e461e03430fe40c04a6fbd378ca9ddac') in 0.0112262 seconds
Number of updated asset objects reloaded before import = 0Number of asset objects unloaded after import = 0

========================================================================
Received Import Request.
  Time since last request: 0.000035 seconds.
  path: Assets/TextMesh Pro/Examples & Extras/Scripts/CameraController.cs
  artifactKey: Guid(2d687537154440a3913a9a3c7977978c) Importer(2089858483,b0f066a214c2f5e87bad3c948f4d605d)
Start importing Assets/TextMesh Pro/Examples & Extras/Scripts/CameraController.cs using Guid(2d687537154440a3913a9a3c7977978c) Importer(2089858483,b0f066a214c2f5e87bad3c948f4d605d) (ScriptedImporter) -> (artifact id: '0bd22257562f9fa68de12ef58ad3db51') in 0.0101415 seconds
Number of updated asset objects reloaded before import = 0Number of asset objects unloaded after import = 0

========================================================================
Received Import Request.
  Time since last request: 0.000024 seconds.
  path: Assets/TextMesh Pro/Examples & Extras/Scripts/TMP_TextInfoDebugTool.cs
  artifactKey: Guid(21256c5b62f346f18640dad779911e20) Importer(2089858483,b0f066a214c2f5e87bad3c948f4d605d)
Start importing Assets/TextMesh Pro/Examples & Extras/Scripts/TMP_TextInfoDebugTool.cs using Guid(21256c5b62f346f18640dad779911e20) Importer(2089858483,b0f066a214c2f5e87bad3c948f4d605d) (ScriptedImporter) -> (artifact id: 'b25829d9c33829598b32f41bdfb881b3') in 0.0104526 seconds
Number of updated asset objects reloaded before import = 0Number of asset objects unloaded after import = 0

========================================================================
Received Import Request.
  Time since last request: 0.000023 seconds.
  path: Assets/TextMesh Pro/Examples & Extras/Scripts/TMP_PhoneNumberValidator.cs
  artifactKey: Guid(83680ab1a69f4102ac67d1459fe76e1f) Importer(2089858483,b0f066a214c2f5e87bad3c948f4d605d)
Start importing Assets/TextMesh Pro/Examples & Extras/Scripts/TMP_PhoneNumberValidator.cs using Guid(83680ab1a69f4102ac67d1459fe76e1f) Importer(2089858483,b0f066a214c2f5e87bad3c948f4d605d) (ScriptedImporter) -> (artifact id: 'cac4c37f00a445bdf8c8a5ae28d925a0') in 0.0110009 seconds
Number of updated asset objects reloaded before import = 0Number of asset objects unloaded after import = 0

========================================================================
Received Import Request.
  Time since last request: 0.000041 seconds.
  path: Assets/TextMesh Pro/Examples & Extras/Scripts/Benchmark02.cs
  artifactKey: Guid(e8538afcddc14efbb5d9e94b7ae50197) Importer(2089858483,b0f066a214c2f5e87bad3c948f4d605d)
Start importing Assets/TextMesh Pro/Examples & Extras/Scripts/Benchmark02.cs using Guid(e8538afcddc14efbb5d9e94b7ae50197) Importer(2089858483,b0f066a214c2f5e87bad3c948f4d605d) (ScriptedImporter) -> (artifact id: '14052215a543e2ef5e87ecf98e178b1b') in 0.0111424 seconds
Number of updated asset objects reloaded before import = 0Number of asset objects unloaded after import = 0

========================================================================
Received Import Request.
  Time since last request: 0.000037 seconds.
  path: Assets/TextMesh Pro/Examples & Extras/Scripts/VertexJitter.cs
  artifactKey: Guid(2ed57967c52645d390a89dcf8f61ba73) Importer(2089858483,b0f066a214c2f5e87bad3c948f4d605d)
Start importing Assets/TextMesh Pro/Examples & Extras/Scripts/VertexJitter.cs using Guid(2ed57967c52645d390a89dcf8f61ba73) Importer(2089858483,b0f066a214c2f5e87bad3c948f4d605d) (ScriptedImporter) -> (artifact id: 'b6cfa2b32147613d5d7b11e8b41dcbbf') in 0.0107917 seconds
Number of updated asset objects reloaded before import = 0Number of asset objects unloaded after import = 0

========================================================================
Received Import Request.
  Time since last request: 0.000025 seconds.
  path: Assets/TextMesh Pro/Examples & Extras/Scripts/Benchmark03.cs
  artifactKey: Guid(a73109742c8d47ac822895a473300c29) Importer(2089858483,b0f066a214c2f5e87bad3c948f4d605d)
Start importing Assets/TextMesh Pro/Examples & Extras/Scripts/Benchmark03.cs using Guid(a73109742c8d47ac822895a473300c29) Importer(2089858483,b0f066a214c2f5e87bad3c948f4d605d) (ScriptedImporter) -> (artifact id: 'a5d2167e92bf4b96a6c8a269e6d51f7e') in 0.0110847 seconds
Number of updated asset objects reloaded before import = 0Number of asset objects unloaded after import = 0

========================================================================
Received Import Request.
  Time since last request: 0.000025 seconds.
  path: Assets/TextMesh Pro/Examples & Extras/Sprites/Default Sprites.png
  artifactKey: Guid(a0fc465d6cf04254a2938578735e2383) Importer(2089858483,b0f066a214c2f5e87bad3c948f4d605d)
Start importing Assets/TextMesh Pro/Examples & Extras/Sprites/Default Sprites.png using Guid(a0fc465d6cf04254a2938578735e2383) Importer(2089858483,b0f066a214c2f5e87bad3c948f4d605d) (ScriptedImporter) -> (artifact id: 'c2c98d8c30d690f567caad860395f116') in 0.0322569 seconds
Number of updated asset objects reloaded before import = 0Number of asset objects unloaded after import = 1

========================================================================
Received Import Request.
  Time since last request: 0.000040 seconds.
  path: Assets/TextMesh Pro/Examples & Extras/Scenes/18 - ScrollRect & Masking & Layout.unity
  artifactKey: Guid(03f9d74cec8e4b94a29d2dfd177c821b) Importer(2089858483,b0f066a214c2f5e87bad3c948f4d605d)
Start importing Assets/TextMesh Pro/Examples & Extras/Scenes/18 - ScrollRect & Masking & Layout.unity using Guid(03f9d74cec8e4b94a29d2dfd177c821b) Importer(2089858483,b0f066a214c2f5e87bad3c948f4d605d) (ScriptedImporter) -> (artifact id: '2107d8a9f6ddb17f94fdc707c6d8cf17') in 0.0151858 seconds
Number of updated asset objects reloaded before import = 0Number of asset objects unloaded after import = 1

========================================================================
Received Import Request.
  Time since last request: 0.000034 seconds.
  path: Assets/TextMesh Pro/Examples & Extras/Materials/Ground - URP.mat
  artifactKey: Guid(71529b88994c1a341b22bc57c038674a) Importer(2089858483,b0f066a214c2f5e87bad3c948f4d605d)
Start importing Assets/TextMesh Pro/Examples & Extras/Materials/Ground - URP.mat using Guid(71529b88994c1a341b22bc57c038674a) Importer(2089858483,b0f066a214c2f5e87bad3c948f4d605d) (ScriptedImporter) -> (artifact id: 'a55d0aa95d3cd0bf719c5475db58f0ef') in 0.0147473 seconds
Number of updated asset objects reloaded before import = 0Number of asset objects unloaded after import = 2

========================================================================
Received Import Request.
  Time since last request: 0.000025 seconds.
  path: Assets/TextMesh Pro/Examples & Extras/Textures/Gradient Diagonal (Color).jpg
  artifactKey: Guid(2ce5c55e85304b819a1826ecbc839aa5) Importer(2089858483,b0f066a214c2f5e87bad3c948f4d605d)
Start importing Assets/TextMesh Pro/Examples & Extras/Textures/Gradient Diagonal (Color).jpg using Guid(2ce5c55e85304b819a1826ecbc839aa5) Importer(2089858483,b0f066a214c2f5e87bad3c948f4d605d) (ScriptedImporter) -> (artifact id: '1df056a3adfc007f2346613c8f575bf6') in 0.0248535 seconds
Number of updated asset objects reloaded before import = 0Number of asset objects unloaded after import = 1

========================================================================
Received Import Request.
  Time since last request: 0.000023 seconds.
  path: Assets/TextMesh Pro/Examples & Extras/Textures/Brushed Metal 3.jpg
  artifactKey: Guid(f88677df267a41d6be1e7a6133e7d227) Importer(2089858483,b0f066a214c2f5e87bad3c948f4d605d)
Start importing Assets/TextMesh Pro/Examples & Extras/Textures/Brushed Metal 3.jpg using Guid(f88677df267a41d6be1e7a6133e7d227) Importer(2089858483,b0f066a214c2f5e87bad3c948f4d605d) (ScriptedImporter) -> (artifact id: 'e5770b9b4d829a8fbab2c8cb22ac5463') in 0.0301998 seconds
Number of updated asset objects reloaded before import = 0Number of asset objects unloaded after import = 1

========================================================================
Received Import Request.
  Time since last request: 0.000024 seconds.
  path: Assets/TutorialInfo/Scripts/Editor/ReadmeEditor.cs
  artifactKey: Guid(476cc7d7cd9874016adc216baab94a0a) Importer(2089858483,b0f066a214c2f5e87bad3c948f4d605d)
Start importing Assets/TutorialInfo/Scripts/Editor/ReadmeEditor.cs using Guid(476cc7d7cd9874016adc216baab94a0a) Importer(2089858483,b0f066a214c2f5e87bad3c948f4d605d) (ScriptedImporter) -> (artifact id: '9de377846750e69e17be456ed3276100') in 0.0104301 seconds
Number of updated asset objects reloaded before import = 0Number of asset objects unloaded after import = 0

========================================================================
Received Import Request.
  Time since last request: 0.000038 seconds.
  path: Assets/TextMesh Pro/Resources/Sprite Assets/EmojiOne.asset
  artifactKey: Guid(c41005c129ba4d66911b75229fd70b45) Importer(2089858483,b0f066a214c2f5e87bad3c948f4d605d)
Start importing Assets/TextMesh Pro/Resources/Sprite Assets/EmojiOne.asset using Guid(c41005c129ba4d66911b75229fd70b45) Importer(2089858483,b0f066a214c2f5e87bad3c948f4d605d) (ScriptedImporter) -> (artifact id: 'ba5bbb21cd3881eb1391408aaf33a6d1') in 0.0230706 seconds
Number of updated asset objects reloaded before import = 0Number of asset objects unloaded after import = 3

========================================================================
Received Import Request.
  Time since last request: 0.000026 seconds.
  path: Assets/TextMesh Pro/Examples & Extras/Textures/Small Crate_normal.jpg
  artifactKey: Guid(8878a782f4334ecbbcf683b3ac780966) Importer(2089858483,b0f066a214c2f5e87bad3c948f4d605d)
Start importing Assets/TextMesh Pro/Examples & Extras/Textures/Small Crate_normal.jpg using Guid(8878a782f4334ecbbcf683b3ac780966) Importer(2089858483,b0f066a214c2f5e87bad3c948f4d605d) (ScriptedImporter) -> (artifact id: '237757a3656cf9607fb0dcb813a6ab3e') in 0.0335113 seconds
Number of updated asset objects reloaded before import = 0Number of asset objects unloaded after import = 1

========================================================================
Received Import Request.
  Time since last request: 0.000036 seconds.
  path: Assets/!GameFiles/Scripts/Character/ImplementedCharacter/CharacterLongRange.cs
  artifactKey: Guid(8632295813530ae4691fe4a2f108dd67) Importer(2089858483,b0f066a214c2f5e87bad3c948f4d605d)
Start importing Assets/!GameFiles/Scripts/Character/ImplementedCharacter/CharacterLongRange.cs using Guid(8632295813530ae4691fe4a2f108dd67) Importer(2089858483,b0f066a214c2f5e87bad3c948f4d605d) (ScriptedImporter) -> (artifact id: '62a89633991d8bbe2a1e1abdc5be87d5') in 0.0107077 seconds
Number of updated asset objects reloaded before import = 0Number of asset objects unloaded after import = 0

========================================================================
Received Import Request.
  Time since last request: 0.000040 seconds.
  path: Assets/TextMesh Pro/Examples & Extras/Textures/Floor Cement.jpg
  artifactKey: Guid(283f897e4925411ebbaa758b4cb13fc2) Importer(2089858483,b0f066a214c2f5e87bad3c948f4d605d)
Start importing Assets/TextMesh Pro/Examples & Extras/Textures/Floor Cement.jpg using Guid(283f897e4925411ebbaa758b4cb13fc2) Importer(2089858483,b0f066a214c2f5e87bad3c948f4d605d) (ScriptedImporter) -> (artifact id: '6f758c08ad8c0f02ffb4ccec2fa013bb') in 0.0283749 seconds
Number of updated asset objects reloaded before import = 0Number of asset objects unloaded after import = 1

========================================================================
Received Import Request.
  Time since last request: 0.000027 seconds.
  path: Assets/TextMesh Pro/Examples & Extras/Textures/Floor Tiles 1 - diffuse.jpg
  artifactKey: Guid(85ac55597b97403c82fc6601a93cf241) Importer(2089858483,b0f066a214c2f5e87bad3c948f4d605d)
Start importing Assets/TextMesh Pro/Examples & Extras/Textures/Floor Tiles 1 - diffuse.jpg using Guid(85ac55597b97403c82fc6601a93cf241) Importer(2089858483,b0f066a214c2f5e87bad3c948f4d605d) (ScriptedImporter) -> (artifact id: '99eec4e604f4c4b2c4d509e1ffcae127') in 0.0277022 seconds
Number of updated asset objects reloaded before import = 0Number of asset objects unloaded after import = 1

========================================================================
Received Import Request.
  Time since last request: 0.000035 seconds.
  path: Assets/!GameFiles/Prefabs/UI/UIButtons/CrimsonButton.prefab
  artifactKey: Guid(954d37eac2e1a994ea6775ae45978271) Importer(2089858483,b0f066a214c2f5e87bad3c948f4d605d)
Start importing Assets/!GameFiles/Prefabs/UI/UIButtons/CrimsonButton.prefab using Guid(954d37eac2e1a994ea6775ae45978271) Importer(2089858483,b0f066a214c2f5e87bad3c948f4d605d) (ScriptedImporter) -> (artifact id: '834ed19f4e6ebd3da73a34854f52d381') in 0.1049746 seconds
Number of updated asset objects reloaded before import = 0Number of asset objects unloaded after import = 19

========================================================================
Received Import Request.
  Time since last request: 0.000040 seconds.
  path: Assets/!GameFiles/Scripts/Player/PlayerDefense/PlayerDefenseController.cs
  artifactKey: Guid(4b7eca2410afcd541b22036defc18266) Importer(2089858483,b0f066a214c2f5e87bad3c948f4d605d)
Start importing Assets/!GameFiles/Scripts/Player/PlayerDefense/PlayerDefenseController.cs using Guid(4b7eca2410afcd541b22036defc18266) Importer(2089858483,b0f066a214c2f5e87bad3c948f4d605d) (ScriptedImporter) -> (artifact id: '0ff4851c0f4c9ea3abe119aed24ffa73') in 0.0102816 seconds
Number of updated asset objects reloaded before import = 0Number of asset objects unloaded after import = 0

========================================================================
Received Import Request.
  Time since last request: 0.000031 seconds.
  path: Assets/!GameFiles/Scripts/ServicesGeneral/ScenePausing/ScenePausing.cs
  artifactKey: Guid(ed6a64c05b464e24b8edd6eccf86f9c9) Importer(2089858483,b0f066a214c2f5e87bad3c948f4d605d)
Start importing Assets/!GameFiles/Scripts/ServicesGeneral/ScenePausing/ScenePausing.cs using Guid(ed6a64c05b464e24b8edd6eccf86f9c9) Importer(2089858483,b0f066a214c2f5e87bad3c948f4d605d) (ScriptedImporter) -> (artifact id: 'e2d064c8b9defcdb4cafb9ab80df0721') in 0.012043 seconds
Number of updated asset objects reloaded before import = 0Number of asset objects unloaded after import = 0

========================================================================
Received Import Request.
  Time since last request: 0.000031 seconds.
  path: Assets/!GameFiles/Scripts/Player/PlayerWeapon/PlayerWeaponCloseRange.cs
  artifactKey: Guid(b594a8b1e928fbc43909e7ad74b4ba6d) Importer(2089858483,b0f066a214c2f5e87bad3c948f4d605d)
Start importing Assets/!GameFiles/Scripts/Player/PlayerWeapon/PlayerWeaponCloseRange.cs using Guid(b594a8b1e928fbc43909e7ad74b4ba6d) Importer(2089858483,b0f066a214c2f5e87bad3c948f4d605d) (ScriptedImporter) -> (artifact id: '21f40b576a31071453b649fa80954d86') in 0.0116847 seconds
Number of updated asset objects reloaded before import = 0Number of asset objects unloaded after import = 0

========================================================================
Received Import Request.
  Time since last request: 0.000026 seconds.
  path: Assets/!GameFiles/Scripts/ServicesGeneral/EnvironmentAreaAnalyzers/EnvironmentAreaRaycastAnalyzer.cs
  artifactKey: Guid(9045e35024fe9b04fbf83445f8810d0e) Importer(2089858483,b0f066a214c2f5e87bad3c948f4d605d)
Start importing Assets/!GameFiles/Scripts/ServicesGeneral/EnvironmentAreaAnalyzers/EnvironmentAreaRaycastAnalyzer.cs using Guid(9045e35024fe9b04fbf83445f8810d0e) Importer(2089858483,b0f066a214c2f5e87bad3c948f4d605d) (ScriptedImporter) -> (artifact id: 'c9051e2a12349c7d2fc7d05e1a24a3d1') in 0.0100337 seconds
Number of updated asset objects reloaded before import = 0Number of asset objects unloaded after import = 0

========================================================================
Received Import Request.
  Time since last request: 0.000041 seconds.
  path: Assets/!GameFiles/Scripts/Player/PlayerOffense/PlayerAttack.cs
  artifactKey: Guid(056a0c56323956948b14b11563841b6e) Importer(2089858483,b0f066a214c2f5e87bad3c948f4d605d)
Start importing Assets/!GameFiles/Scripts/Player/PlayerOffense/PlayerAttack.cs using Guid(056a0c56323956948b14b11563841b6e) Importer(2089858483,b0f066a214c2f5e87bad3c948f4d605d) (ScriptedImporter) -> (artifact id: 'be344ec5735d436a80a99e30ce08a02e') in 0.009389 seconds
Number of updated asset objects reloaded before import = 0Number of asset objects unloaded after import = 0

========================================================================
Received Import Request.
  Time since last request: 0.000027 seconds.
  path: Assets/!GameFiles/Scripts/ServicesGeneral/EnvironmentAreaAnalyzers/EnvironmentAreaOverlapAnalyzer.cs
  artifactKey: Guid(42da6dbf798eb784eae9284928019d68) Importer(2089858483,b0f066a214c2f5e87bad3c948f4d605d)
Start importing Assets/!GameFiles/Scripts/ServicesGeneral/EnvironmentAreaAnalyzers/EnvironmentAreaOverlapAnalyzer.cs using Guid(42da6dbf798eb784eae9284928019d68) Importer(2089858483,b0f066a214c2f5e87bad3c948f4d605d) (ScriptedImporter) -> (artifact id: '3f4d0b747f71994dc9ceace433266620') in 0.0108899 seconds
Number of updated asset objects reloaded before import = 0Number of asset objects unloaded after import = 0

========================================================================
Received Import Request.
  Time since last request: 0.000025 seconds.
  path: Assets/!GameFiles/Scripts/EntryPointScenes/Implemented Bootstrap/BootstrapTestScene.cs
  artifactKey: Guid(41ed0bf8e04e97e47954275a340bf5e9) Importer(2089858483,b0f066a214c2f5e87bad3c948f4d605d)
Start importing Assets/!GameFiles/Scripts/EntryPointScenes/Implemented Bootstrap/BootstrapTestScene.cs using Guid(41ed0bf8e04e97e47954275a340bf5e9) Importer(2089858483,b0f066a214c2f5e87bad3c948f4d605d) (ScriptedImporter) -> (artifact id: '8cea3d4853ed90258d4ddadcddcc0c5d') in 0.0086195 seconds
Number of updated asset objects reloaded before import = 0Number of asset objects unloaded after import = 0

========================================================================
Received Import Request.
  Time since last request: 0.000031 seconds.
  path: Assets/TextMesh Pro/Examples & Extras/Textures/Sunny Days - Seamless.jpg
  artifactKey: Guid(17c350171f7a3ca479f830547c66d187) Importer(2089858483,b0f066a214c2f5e87bad3c948f4d605d)
Start importing Assets/TextMesh Pro/Examples & Extras/Textures/Sunny Days - Seamless.jpg using Guid(17c350171f7a3ca479f830547c66d187) Importer(2089858483,b0f066a214c2f5e87bad3c948f4d605d) (ScriptedImporter) -> (artifact id: 'f7ef5d5c4512457256e14056b7b74e85') in 0.02628 seconds
Number of updated asset objects reloaded before import = 0Number of asset objects unloaded after import = 1

========================================================================
Received Import Request.
  Time since last request: 0.000044 seconds.
  path: Assets/!GameFiles/Scripts/Player/PlayerWeapon/PlayerWeaponLongRange.cs
  artifactKey: Guid(07f23eea462cfb5479366de4065a6b32) Importer(2089858483,b0f066a214c2f5e87bad3c948f4d605d)
Start importing Assets/!GameFiles/Scripts/Player/PlayerWeapon/PlayerWeaponLongRange.cs using Guid(07f23eea462cfb5479366de4065a6b32) Importer(2089858483,b0f066a214c2f5e87bad3c948f4d605d) (ScriptedImporter) -> (artifact id: '17ff457a6d548f58df1fc97b6e3d9069') in 0.0099559 seconds
Number of updated asset objects reloaded before import = 0Number of asset objects unloaded after import = 0

========================================================================
Received Import Request.
  Time since last request: 0.000027 seconds.
  path: Assets/AstarPathfindingProject/ExampleScenes/Materials/PathBlueArea.mat
  artifactKey: Guid(6e0bae036cdbd42bfb17a675c07df5f9) Importer(2089858483,b0f066a214c2f5e87bad3c948f4d605d)
Start importing Assets/AstarPathfindingProject/ExampleScenes/Materials/PathBlueArea.mat using Guid(6e0bae036cdbd42bfb17a675c07df5f9) Importer(2089858483,b0f066a214c2f5e87bad3c948f4d605d) (ScriptedImporter) -> (artifact id: 'dd0c54068f515287175789d396bb6724') in 0.0126998 seconds
Number of updated asset objects reloaded before import = 0Number of asset objects unloaded after import = 2

========================================================================
Received Import Request.
  Time since last request: 0.000020 seconds.
  path: Assets/AstarPathfindingProject/Editor/EditorAssets/images/ArrowDown.png
  artifactKey: Guid(12ea2fbedc5cc4bd191d795f44b2de75) Importer(2089858483,b0f066a214c2f5e87bad3c948f4d605d)
Start importing Assets/AstarPathfindingProject/Editor/EditorAssets/images/ArrowDown.png using Guid(12ea2fbedc5cc4bd191d795f44b2de75) Importer(2089858483,b0f066a214c2f5e87bad3c948f4d605d) (ScriptedImporter) -> (artifact id: 'e11b937eec40860628e72a4509825f35') in 0.025509 seconds
Number of updated asset objects reloaded before import = 0Number of asset objects unloaded after import = 1

========================================================================
Received Import Request.
  Time since last request: 0.000026 seconds.
  path: Assets/AstarPathfindingProject/Editor/EditorAssets/DarkSkin/pixelBox3_separator.png
  artifactKey: Guid(3a08de11a34c44da28de4c086fd13461) Importer(2089858483,b0f066a214c2f5e87bad3c948f4d605d)
Start importing Assets/AstarPathfindingProject/Editor/EditorAssets/DarkSkin/pixelBox3_separator.png using Guid(3a08de11a34c44da28de4c086fd13461) Importer(2089858483,b0f066a214c2f5e87bad3c948f4d605d) (ScriptedImporter) -> (artifact id: '249160ee68ed7c953c485d6af0df6ed6') in 0.0238391 seconds
Number of updated asset objects reloaded before import = 0Number of asset objects unloaded after import = 1

========================================================================
Received Import Request.
  Time since last request: 0.000037 seconds.
  path: Assets/AstarPathfindingProject/Editor/EditorAssets/DarkSkin/gizmoButton_off@2x.png
  artifactKey: Guid(3772050cdbd2a472789aa76d6de5b270) Importer(2089858483,b0f066a214c2f5e87bad3c948f4d605d)
Start importing Assets/AstarPathfindingProject/Editor/EditorAssets/DarkSkin/gizmoButton_off@2x.png using Guid(3772050cdbd2a472789aa76d6de5b270) Importer(2089858483,b0f066a214c2f5e87bad3c948f4d605d) (ScriptedImporter) -> (artifact id: '3bd89027ed5d9dd706995e5668de0865') in 0.0250648 seconds
Number of updated asset objects reloaded before import = 0Number of asset objects unloaded after import = 1

========================================================================
Received Import Request.
  Time since last request: 0.000019 seconds.
  path: Assets/AstarPathfindingProject/Editor/EditorAssets/DarkSkin/gizmoButton_off@1x.png
  artifactKey: Guid(b05124c2b9dc5429a84ef0195a916fce) Importer(2089858483,b0f066a214c2f5e87bad3c948f4d605d)
Start importing Assets/AstarPathfindingProject/Editor/EditorAssets/DarkSkin/gizmoButton_off@1x.png using Guid(b05124c2b9dc5429a84ef0195a916fce) Importer(2089858483,b0f066a214c2f5e87bad3c948f4d605d) (ScriptedImporter) -> (artifact id: 'f6ad2beee09faf238d369e9692bb3c42') in 0.0277079 seconds
Number of updated asset objects reloaded before import = 0Number of asset objects unloaded after import = 1

========================================================================
Received Import Request.
  Time since last request: 0.000025 seconds.
  path: Assets/AstarPathfindingProject/Editor/EditorAssets/DarkSkin/pixelBox3@1x.png
  artifactKey: Guid(7991166a167af4b4793b4fc8fcc3bfe2) Importer(2089858483,b0f066a214c2f5e87bad3c948f4d605d)
Start importing Assets/AstarPathfindingProject/Editor/EditorAssets/DarkSkin/pixelBox3@1x.png using Guid(7991166a167af4b4793b4fc8fcc3bfe2) Importer(2089858483,b0f066a214c2f5e87bad3c948f4d605d) (ScriptedImporter) -> (artifact id: 'ec297de9241f37d0441d9707eac1deed') in 0.0259986 seconds
Number of updated asset objects reloaded before import = 0Number of asset objects unloaded after import = 1

========================================================================
Received Import Request.
  Time since last request: 0.000041 seconds.
  path: Assets/AstarPathfindingProject/Editor/EditorAssets/DarkSkin/gizmoButton_on@2x.png
  artifactKey: Guid(a454b67ef7bd04780aca99e364202679) Importer(2089858483,b0f066a214c2f5e87bad3c948f4d605d)
Start importing Assets/AstarPathfindingProject/Editor/EditorAssets/DarkSkin/gizmoButton_on@2x.png using Guid(a454b67ef7bd04780aca99e364202679) Importer(2089858483,b0f066a214c2f5e87bad3c948f4d605d) (ScriptedImporter) -> (artifact id: 'ca221a71fa63a273846f2e446a911a72') in 0.0247092 seconds
Number of updated asset objects reloaded before import = 0Number of asset objects unloaded after import = 1

========================================================================
Received Import Request.
  Time since last request: 0.000022 seconds.
  path: Assets/AstarPathfindingProject/Editor/EditorAssets/images/ArrowUp_on.png
  artifactKey: Guid(4c914fdaf554243fe9fb26afc323caef) Importer(2089858483,b0f066a214c2f5e87bad3c948f4d605d)
Start importing Assets/AstarPathfindingProject/Editor/EditorAssets/images/ArrowUp_on.png using Guid(4c914fdaf554243fe9fb26afc323caef) Importer(2089858483,b0f066a214c2f5e87bad3c948f4d605d) (ScriptedImporter) -> (artifact id: '7193a42ab137fb11db7f1e4f3bf5f1e0') in 0.0261167 seconds
Number of updated asset objects reloaded before import = 0Number of asset objects unloaded after import = 1

========================================================================
Received Import Request.
  Time since last request: 0.000025 seconds.
  path: Assets/AstarPathfindingProject/Editor/EditorAssets/LightSkin/deleteButton@1x.png
  artifactKey: Guid(3240f334343ca4dee8239c16d2de57c6) Importer(2089858483,b0f066a214c2f5e87bad3c948f4d605d)
Start importing Assets/AstarPathfindingProject/Editor/EditorAssets/LightSkin/deleteButton@1x.png using Guid(3240f334343ca4dee8239c16d2de57c6) Importer(2089858483,b0f066a214c2f5e87bad3c948f4d605d) (ScriptedImporter) -> (artifact id: '783c90a9bafffbcd8d1fac8dd3046d55') in 0.0254467 seconds
Number of updated asset objects reloaded before import = 0Number of asset objects unloaded after import = 1

========================================================================
Received Import Request.
  Time since last request: 0.000047 seconds.
  path: Assets/AstarPathfindingProject/Editor/EditorAssets/LightSkin/infoButton_active@1x.png
  artifactKey: Guid(7604699b5bc8f4343b03cc4d0b603403) Importer(2089858483,b0f066a214c2f5e87bad3c948f4d605d)
Start importing Assets/AstarPathfindingProject/Editor/EditorAssets/LightSkin/infoButton_active@1x.png using Guid(7604699b5bc8f4343b03cc4d0b603403) Importer(2089858483,b0f066a214c2f5e87bad3c948f4d605d) (ScriptedImporter) -> (artifact id: 'ca748c7e2f28805e2c612b1d437d8fc9') in 0.0282405 seconds
Number of updated asset objects reloaded before import = 0Number of asset objects unloaded after import = 1

========================================================================
Received Import Request.
  Time since last request: 0.000028 seconds.
  path: Assets/AstarPathfindingProject/Editor/EditorAssets/LightSkin/gizmoButton_off@2x.png
  artifactKey: Guid(deb2afb942c3b42fbba8823da7f05894) Importer(2089858483,b0f066a214c2f5e87bad3c948f4d605d)
Start importing Assets/AstarPathfindingProject/Editor/EditorAssets/LightSkin/gizmoButton_off@2x.png using Guid(deb2afb942c3b42fbba8823da7f05894) Importer(2089858483,b0f066a214c2f5e87bad3c948f4d605d) (ScriptedImporter) -> (artifact id: 'c0a81272b9fd88e310a7e090dcb4a0a5') in 0.0289329 seconds
Number of updated asset objects reloaded before import = 0Number of asset objects unloaded after import = 1

========================================================================
Received Import Request.
  Time since last request: 0.000029 seconds.
  path: Assets/AstarPathfindingProject/Editor/EditorAssets/LightSkin/deleteButton_active@1x.png
  artifactKey: Guid(c051ffc737cd54d909137d2937e82930) Importer(2089858483,b0f066a214c2f5e87bad3c948f4d605d)
Start importing Assets/AstarPathfindingProject/Editor/EditorAssets/LightSkin/deleteButton_active@1x.png using Guid(c051ffc737cd54d909137d2937e82930) Importer(2089858483,b0f066a214c2f5e87bad3c948f4d605d) (ScriptedImporter) -> (artifact id: '29f6c628eb3e12dfa20395315449abb7') in 0.0326271 seconds
Number of updated asset objects reloaded before import = 0Number of asset objects unloaded after import = 1

========================================================================
Received Import Request.
  Time since last request: 0.000039 seconds.
  path: Assets/AstarPathfindingProject/Editor/EditorAssets/LightSkin/reset_on.png
  artifactKey: Guid(990963b32226c440fb1a72e47e0ad7a2) Importer(2089858483,b0f066a214c2f5e87bad3c948f4d605d)
Start importing Assets/AstarPathfindingProject/Editor/EditorAssets/LightSkin/reset_on.png using Guid(990963b32226c440fb1a72e47e0ad7a2) Importer(2089858483,b0f066a214c2f5e87bad3c948f4d605d) (ScriptedImporter) -> (artifact id: '85209ff386dfe3a82c125ec7d440d959') in 0.0256413 seconds
Number of updated asset objects reloaded before import = 0Number of asset objects unloaded after import = 1

========================================================================
Received Import Request.
  Time since last request: 0.000030 seconds.
  path: Assets/AstarPathfindingProject/Editor/EditorAssets/LightSkin/deleteButton_active@2x.png
  artifactKey: Guid(19e49615b2c8540fd8a11acd2a26c335) Importer(2089858483,b0f066a214c2f5e87bad3c948f4d605d)
Start importing Assets/AstarPathfindingProject/Editor/EditorAssets/LightSkin/deleteButton_active@2x.png using Guid(19e49615b2c8540fd8a11acd2a26c335) Importer(2089858483,b0f066a214c2f5e87bad3c948f4d605d) (ScriptedImporter) -> (artifact id: 'ded6ec2af7b36dc158508556a8f1b8f5') in 0.0263085 seconds
Number of updated asset objects reloaded before import = 0Number of asset objects unloaded after import = 1

========================================================================
Received Import Request.
  Time since last request: 0.000029 seconds.
  path: Assets/AstarPathfindingProject/Editor/EditorAssets/LightSkin/editButton@1x.png
  artifactKey: Guid(71ef598858974450ead310c33f29d5d3) Importer(2089858483,b0f066a214c2f5e87bad3c948f4d605d)
Start importing Assets/AstarPathfindingProject/Editor/EditorAssets/LightSkin/editButton@1x.png using Guid(71ef598858974450ead310c33f29d5d3) Importer(2089858483,b0f066a214c2f5e87bad3c948f4d605d) (ScriptedImporter) -> (artifact id: '556db09a4c41b3d90f4567d528ffed0f') in 0.0267075 seconds
Number of updated asset objects reloaded before import = 0Number of asset objects unloaded after import = 1

========================================================================
Received Import Request.
  Time since last request: 0.000034 seconds.
  path: Assets/AstarPathfindingProject/Editor/EditorAssets/LightSkin/infoButton@1x.png
  artifactKey: Guid(efb7b60811b9a4ec7b92ecfcaa9bcd0d) Importer(2089858483,b0f066a214c2f5e87bad3c948f4d605d)
Start importing Assets/AstarPathfindingProject/Editor/EditorAssets/LightSkin/infoButton@1x.png using Guid(efb7b60811b9a4ec7b92ecfcaa9bcd0d) Importer(2089858483,b0f066a214c2f5e87bad3c948f4d605d) (ScriptedImporter) -> (artifact id: 'f059d5c2f4ca7686e28833f0ab0cd65c') in 0.027167 seconds
Number of updated asset objects reloaded before import = 0Number of asset objects unloaded after import = 1

========================================================================
Received Import Request.
  Time since last request: 0.000028 seconds.
  path: Assets/AstarPathfindingProject/ExampleScenes/Example3_Recast_Navmesh1/Materials/structure2-Material.mat
  artifactKey: Guid(0b4c00bf1af5b45db943a3866a5a954d) Importer(2089858483,b0f066a214c2f5e87bad3c948f4d605d)
Start importing Assets/AstarPathfindingProject/ExampleScenes/Example3_Recast_Navmesh1/Materials/structure2-Material.mat using Guid(0b4c00bf1af5b45db943a3866a5a954d) Importer(2089858483,b0f066a214c2f5e87bad3c948f4d605d) (ScriptedImporter) -> (artifact id: 'c6be7531fdde75cce7fe11898d04b347') in 0.0152078 seconds
Number of updated asset objects reloaded before import = 0Number of asset objects unloaded after import = 2

========================================================================
Received Import Request.
  Time since last request: 0.000030 seconds.
  path: Assets/AstarPathfindingProject/ExampleScenes/Example3_Recast_Navmesh1/Materials/Material.mat
  artifactKey: Guid(6744540c2b299465799c6bc35f8b0b56) Importer(2089858483,b0f066a214c2f5e87bad3c948f4d605d)
Start importing Assets/AstarPathfindingProject/ExampleScenes/Example3_Recast_Navmesh1/Materials/Material.mat using Guid(6744540c2b299465799c6bc35f8b0b56) Importer(2089858483,b0f066a214c2f5e87bad3c948f4d605d) (ScriptedImporter) -> (artifact id: 'ff3e516d30e4b85d7393bc48569b4c79') in 0.0166196 seconds
Number of updated asset objects reloaded before import = 0Number of asset objects unloaded after import = 2

========================================================================
Received Import Request.
  Time since last request: 0.000059 seconds.
  path: Assets/AstarPathfindingProject/Editor/EditorAssets/Materials/Navmesh.shader
  artifactKey: Guid(6dad35c0b62e44c26ab244ad80deee1a) Importer(2089858483,b0f066a214c2f5e87bad3c948f4d605d)
Start importing Assets/AstarPathfindingProject/Editor/EditorAssets/Materials/Navmesh.shader using Guid(6dad35c0b62e44c26ab244ad80deee1a) Importer(2089858483,b0f066a214c2f5e87bad3c948f4d605d) (ScriptedImporter) -> (artifact id: '5b3dab1b320418df3f199e483889fee4') in 0.0124641 seconds
Number of updated asset objects reloaded before import = 0Number of asset objects unloaded after import = 1

========================================================================
Received Import Request.
  Time since last request: 0.000022 seconds.
  path: Assets/AstarPathfindingProject/ExampleScenes/Example14_TurnBased_Hexagon/Animations/Door.controller
  artifactKey: Guid(1528fd46e6d314ad381d6f0c072caa33) Importer(2089858483,b0f066a214c2f5e87bad3c948f4d605d)
Start importing Assets/AstarPathfindingProject/ExampleScenes/Example14_TurnBased_Hexagon/Animations/Door.controller using Guid(1528fd46e6d314ad381d6f0c072caa33) Importer(2089858483,b0f066a214c2f5e87bad3c948f4d605d) (ScriptedImporter) -> (artifact id: 'f723821bbea262322bdf2e502199c383') in 0.0163646 seconds
Number of updated asset objects reloaded before import = 0Number of asset objects unloaded after import = 7

========================================================================
Received Import Request.
  Time since last request: 0.000029 seconds.
  path: Assets/AstarPathfindingProject/ExampleScenes/Example14_TurnBased_Hexagon/Animations/hexagon_door_blocked.anim
  artifactKey: Guid(db9b9289ebef24e71a6f303a59884985) Importer(2089858483,b0f066a214c2f5e87bad3c948f4d605d)
Start importing Assets/AstarPathfindingProject/ExampleScenes/Example14_TurnBased_Hexagon/Animations/hexagon_door_blocked.anim using Guid(db9b9289ebef24e71a6f303a59884985) Importer(2089858483,b0f066a214c2f5e87bad3c948f4d605d) (ScriptedImporter) -> (artifact id: '37a651594b487216342452450175e4bf') in 0.0170197 seconds
Number of updated asset objects reloaded before import = 0Number of asset objects unloaded after import = 1

========================================================================
Received Import Request.
  Time since last request: 0.000046 seconds.
  path: Assets/AstarPathfindingProject/ExampleScenes/Example14_TurnBased_Hexagon/Animations/Red.controller
  artifactKey: Guid(4bdf4f8f9f4d24739b8f01d064e9ff15) Importer(2089858483,b0f066a214c2f5e87bad3c948f4d605d)
Start importing Assets/AstarPathfindingProject/ExampleScenes/Example14_TurnBased_Hexagon/Animations/Red.controller using Guid(4bdf4f8f9f4d24739b8f01d064e9ff15) Importer(2089858483,b0f066a214c2f5e87bad3c948f4d605d) (ScriptedImporter) -> (artifact id: 'b33192eb9d23989c7957998afa418c1f') in 0.0152824 seconds
Number of updated asset objects reloaded before import = 0Number of asset objects unloaded after import = 7

========================================================================
Received Import Request.
  Time since last request: 0.000025 seconds.
  path: Assets/AstarPathfindingProject/ExampleScenes/Example4_Recast_Navmesh2/Animations/JumpTest.anim
  artifactKey: Guid(af1e0b0dc2ae643e9a98d3c818642ffe) Importer(2089858483,b0f066a214c2f5e87bad3c948f4d605d)
Start importing Assets/AstarPathfindingProject/ExampleScenes/Example4_Recast_Navmesh2/Animations/JumpTest.anim using Guid(af1e0b0dc2ae643e9a98d3c818642ffe) Importer(2089858483,b0f066a214c2f5e87bad3c948f4d605d) (ScriptedImporter) -> (artifact id: 'd5568d4c839ca48de55560e1cdabad69') in 0.0140133 seconds
Number of updated asset objects reloaded before import = 0Number of asset objects unloaded after import = 1

========================================================================
Received Import Request.
  Time since last request: 0.000032 seconds.
  path: Assets/AstarPathfindingProject/Editor/EditorAssets/DarkSkin/deleteButton_active@2x.png
  artifactKey: Guid(b9d7d6d7befb34b9c889e6195746c452) Importer(2089858483,b0f066a214c2f5e87bad3c948f4d605d)
Start importing Assets/AstarPathfindingProject/Editor/EditorAssets/DarkSkin/deleteButton_active@2x.png using Guid(b9d7d6d7befb34b9c889e6195746c452) Importer(2089858483,b0f066a214c2f5e87bad3c948f4d605d) (ScriptedImporter) -> (artifact id: 'e2fb72934845dca1e9a8082e2ac2143a') in 0.0307991 seconds
Number of updated asset objects reloaded before import = 0Number of asset objects unloaded after import = 1

========================================================================
Received Import Request.
  Time since last request: 0.000028 seconds.
  path: Assets/AstarPathfindingProject/ExampleScenes/Prefabs/MineBot/mine_bot@back.FBX
  artifactKey: Guid(a13fed205b1fa3942abfab7ba21463ec) Importer(2089858483,b0f066a214c2f5e87bad3c948f4d605d)
Start importing Assets/AstarPathfindingProject/ExampleScenes/Prefabs/MineBot/mine_bot@back.FBX using Guid(a13fed205b1fa3942abfab7ba21463ec) Importer(2089858483,b0f066a214c2f5e87bad3c948f4d605d) (ScriptedImporter) -> (artifact id: 'c8c079fe07b33251c37025da7008ace5') in 0.0573112 seconds
Number of updated asset objects reloaded before import = 0Number of asset objects unloaded after import = 57

========================================================================
Received Import Request.
  Time since last request: 0.000047 seconds.
  path: Assets/AstarPathfindingProject/Generators/Utilities/Voxels/VoxelRegion.cs
  artifactKey: Guid(4111a824dba404c17b6d020ffd41c487) Importer(2089858483,b0f066a214c2f5e87bad3c948f4d605d)
Start importing Assets/AstarPathfindingProject/Generators/Utilities/Voxels/VoxelRegion.cs using Guid(4111a824dba404c17b6d020ffd41c487) Importer(2089858483,b0f066a214c2f5e87bad3c948f4d605d) (ScriptedImporter) -> (artifact id: 'a27030ca6a23ed3b4f0441283523dade') in 0.0101197 seconds
Number of updated asset objects reloaded before import = 0Number of asset objects unloaded after import = 0

========================================================================
Received Import Request.
  Time since last request: 0.000027 seconds.
  path: Assets/FastScriptReload/Plugins/Roslyn/2019+/System.Collections.Immutable.dll
  artifactKey: Guid(ef253369b6dd9f4438722b050ca92f39) Importer(2089858483,b0f066a214c2f5e87bad3c948f4d605d)
Start importing Assets/FastScriptReload/Plugins/Roslyn/2019+/System.Collections.Immutable.dll using Guid(ef253369b6dd9f4438722b050ca92f39) Importer(2089858483,b0f066a214c2f5e87bad3c948f4d605d) (ScriptedImporter) -> (artifact id: '2abf6fc45d40261423cdc6dc8a95b2fa') in 0.0119444 seconds
Number of updated asset objects reloaded before import = 0Number of asset objects unloaded after import = 0

========================================================================
Received Import Request.
  Time since last request: 0.000037 seconds.
  path: Assets/AstarPathfindingProject/ExampleScenes/Prefabs/MineBot/mine_bot@left.FBX
  artifactKey: Guid(b667956babf1f0446a76fa8b99404ab8) Importer(2089858483,b0f066a214c2f5e87bad3c948f4d605d)
Start importing Assets/AstarPathfindingProject/ExampleScenes/Prefabs/MineBot/mine_bot@left.FBX using Guid(b667956babf1f0446a76fa8b99404ab8) Importer(2089858483,b0f066a214c2f5e87bad3c948f4d605d) (ScriptedImporter) -> (artifact id: 'dcede087822d6f6ac0a6c33034bea701') in 0.0449781 seconds
Number of updated asset objects reloaded before import = 0Number of asset objects unloaded after import = 57

========================================================================
Received Import Request.
  Time since last request: 0.000023 seconds.
  path: Assets/FastScriptReload/Plugins/Roslyn/2021+/Microsoft.CodeAnalysis.CSharp.dll
  artifactKey: Guid(139b14934c1c2ce4dac3f527ac5e78e9) Importer(2089858483,b0f066a214c2f5e87bad3c948f4d605d)
Start importing Assets/FastScriptReload/Plugins/Roslyn/2021+/Microsoft.CodeAnalysis.CSharp.dll using Guid(139b14934c1c2ce4dac3f527ac5e78e9) Importer(2089858483,b0f066a214c2f5e87bad3c948f4d605d) (ScriptedImporter) -> (artifact id: 'cbcd2ed759167a694235f6504a0468d2') in 0.0108428 seconds
Number of updated asset objects reloaded before import = 0Number of asset objects unloaded after import = 0

========================================================================
Received Import Request.
  Time since last request: 0.000037 seconds.
  path: Assets/AstarPathfindingProject/Generators/Utilities/Voxels/VoxelMesh.cs
  artifactKey: Guid(66ea80679290d45778de562ccdf7d3cd) Importer(2089858483,b0f066a214c2f5e87bad3c948f4d605d)
Start importing Assets/AstarPathfindingProject/Generators/Utilities/Voxels/VoxelMesh.cs using Guid(66ea80679290d45778de562ccdf7d3cd) Importer(2089858483,b0f066a214c2f5e87bad3c948f4d605d) (ScriptedImporter) -> (artifact id: '1082a222c8c8ab589432a79a157a42ce') in 0.009276 seconds
Number of updated asset objects reloaded before import = 0Number of asset objects unloaded after import = 0

========================================================================
Received Import Request.
  Time since last request: 0.000029 seconds.
  path: Assets/AstarPathfindingProject/Generators/Utilities/Voxels/VoxelPolygonClipper.cs
  artifactKey: Guid(10347e1eaceee428fa14386ccbaffde5) Importer(2089858483,b0f066a214c2f5e87bad3c948f4d605d)
Start importing Assets/AstarPathfindingProject/Generators/Utilities/Voxels/VoxelPolygonClipper.cs using Guid(10347e1eaceee428fa14386ccbaffde5) Importer(2089858483,b0f066a214c2f5e87bad3c948f4d605d) (ScriptedImporter) -> (artifact id: 'cc2c27f9e0ab836df555c6acef772dca') in 0.0094664 seconds
Number of updated asset objects reloaded before import = 0Number of asset objects unloaded after import = 0

========================================================================
Received Import Request.
  Time since last request: 0.000024 seconds.
  path: Assets/TextMesh Pro/Examples & Extras/Scenes/09 - Margin Tag Example.unity
  artifactKey: Guid(349f38d3606449708c7340d26740e1e2) Importer(2089858483,b0f066a214c2f5e87bad3c948f4d605d)
Start importing Assets/TextMesh Pro/Examples & Extras/Scenes/09 - Margin Tag Example.unity using Guid(349f38d3606449708c7340d26740e1e2) Importer(2089858483,b0f066a214c2f5e87bad3c948f4d605d) (ScriptedImporter) -> (artifact id: 'f781f7c8556c5111acd9eaca058ff1c3') in 0.0111635 seconds
Number of updated asset objects reloaded before import = 0Number of asset objects unloaded after import = 1

========================================================================
Received Import Request.
  Time since last request: 0.000037 seconds.
  path: Assets/TextMesh Pro/Sprites/EmojiOne.json
  artifactKey: Guid(8f05276190cf498a8153f6cbe761d4e6) Importer(2089858483,b0f066a214c2f5e87bad3c948f4d605d)
Start importing Assets/TextMesh Pro/Sprites/EmojiOne.json using Guid(8f05276190cf498a8153f6cbe761d4e6) Importer(2089858483,b0f066a214c2f5e87bad3c948f4d605d) (ScriptedImporter) -> (artifact id: '41c4544d48281f8801f39b8598161991') in 0.0086855 seconds
Number of updated asset objects reloaded before import = 0Number of asset objects unloaded after import = 1

========================================================================
Received Import Request.
  Time since last request: 0.000045 seconds.
  path: Assets/TextMesh Pro/Examples & Extras/Resources/Fonts & Materials/Bangers SDF - Drop Shadow.mat
  artifactKey: Guid(f2dcf029949142e28b974630369c8b4e) Importer(2089858483,b0f066a214c2f5e87bad3c948f4d605d)
Start importing Assets/TextMesh Pro/Examples & Extras/Resources/Fonts & Materials/Bangers SDF - Drop Shadow.mat using Guid(f2dcf029949142e28b974630369c8b4e) Importer(2089858483,b0f066a214c2f5e87bad3c948f4d605d) (ScriptedImporter) -> (artifact id: '9867c796bcdcadbb919eadd3fa04f1b4') in 0.0206281 seconds
Number of updated asset objects reloaded before import = 0Number of asset objects unloaded after import = 2

========================================================================
Received Import Request.
  Time since last request: 0.000034 seconds.
  path: Assets/TextMesh Pro/Examples & Extras/Resources/Fonts & Materials/Anton SDF - Sunny Days.mat
  artifactKey: Guid(6522f30e342599e4e9dd4cc2cc03c830) Importer(2089858483,b0f066a214c2f5e87bad3c948f4d605d)
Start importing Assets/TextMesh Pro/Examples & Extras/Resources/Fonts & Materials/Anton SDF - Sunny Days.mat using Guid(6522f30e342599e4e9dd4cc2cc03c830) Importer(2089858483,b0f066a214c2f5e87bad3c948f4d605d) (ScriptedImporter) -> (artifact id: '6408960cd94e838d604176fcad843da8') in 0.0203225 seconds
Number of updated asset objects reloaded before import = 0Number of asset objects unloaded after import = 4

========================================================================
Received Import Request.
  Time since last request: 0.000028 seconds.
  path: Assets/TextMesh Pro/Examples & Extras/Resources/Color Gradient Presets/Blue to Purple - Vertical.asset
  artifactKey: Guid(479a66fa4b094512a62b0a8e553ad95a) Importer(2089858483,b0f066a214c2f5e87bad3c948f4d605d)
Start importing Assets/TextMesh Pro/Examples & Extras/Resources/Color Gradient Presets/Blue to Purple - Vertical.asset using Guid(479a66fa4b094512a62b0a8e553ad95a) Importer(2089858483,b0f066a214c2f5e87bad3c948f4d605d) (ScriptedImporter) -> (artifact id: '40e5d5149483a9959d176b038a97c773') in 0.0154868 seconds
Number of updated asset objects reloaded before import = 0Number of asset objects unloaded after import = 1

========================================================================
Received Import Request.
  Time since last request: 0.000040 seconds.
  path: Assets/FastScriptReload/Scripts/Editor/Compilation/DynamicCompilationBase.cs
  artifactKey: Guid(4301ea2066a04de58f95c515e910ae3e) Importer(2089858483,b0f066a214c2f5e87bad3c948f4d605d)
Start importing Assets/FastScriptReload/Scripts/Editor/Compilation/DynamicCompilationBase.cs using Guid(4301ea2066a04de58f95c515e910ae3e) Importer(2089858483,b0f066a214c2f5e87bad3c948f4d605d) (ScriptedImporter) -> (artifact id: '52aa52efb467a5c0e418b6b6a8ad67b1') in 0.0097129 seconds
Number of updated asset objects reloaded before import = 0Number of asset objects unloaded after import = 0

========================================================================
Received Import Request.
  Time since last request: 0.000023 seconds.
  path: Assets/FastScriptReload/Scripts/Editor/AssemblyPostProcess/AddInternalsVisibleToForAllUserAssembliesPostProcess.cs
  artifactKey: Guid(b2f64e1d1e2642f9ab712970582c0b45) Importer(2089858483,b0f066a214c2f5e87bad3c948f4d605d)
Start importing Assets/FastScriptReload/Scripts/Editor/AssemblyPostProcess/AddInternalsVisibleToForAllUserAssembliesPostProcess.cs using Guid(b2f64e1d1e2642f9ab712970582c0b45) Importer(2089858483,b0f066a214c2f5e87bad3c948f4d605d) (ScriptedImporter) -> (artifact id: '90df9db08d5bf05da21a1ea67e4283a7') in 0.0111882 seconds
Number of updated asset objects reloaded before import = 0Number of asset objects unloaded after import = 0

========================================================================
Received Import Request.
  Time since last request: 0.000024 seconds.
  path: Assets/Import/Models/Weapons/RaidenSword/Metal_Gear_Rising_(Murasama).prefab
  artifactKey: Guid(1d11cf93935f09d44ba9d02bfdf03d01) Importer(2089858483,b0f066a214c2f5e87bad3c948f4d605d)
Start importing Assets/Import/Models/Weapons/RaidenSword/Metal_Gear_Rising_(Murasama).prefab using Guid(1d11cf93935f09d44ba9d02bfdf03d01) Importer(2089858483,b0f066a214c2f5e87bad3c948f4d605d) (ScriptedImporter) -> (artifact id: 'b6ae1c690b4e291b1e39233ea38e0d34') in 0.0280037 seconds
Number of updated asset objects reloaded before import = 0Number of asset objects unloaded after import = 17

========================================================================
Received Import Request.
  Time since last request: 0.000029 seconds.
  path: Assets/Import/Models/Weapons/Shotgun/Stylized_Retro-Futuristic_Shotgun.prefab
  artifactKey: Guid(7ed113b0419fa1e4b95b0bbd9fa8333f) Importer(2089858483,b0f066a214c2f5e87bad3c948f4d605d)
Start importing Assets/Import/Models/Weapons/Shotgun/Stylized_Retro-Futuristic_Shotgun.prefab using Guid(7ed113b0419fa1e4b95b0bbd9fa8333f) Importer(2089858483,b0f066a214c2f5e87bad3c948f4d605d) (ScriptedImporter) -> (artifact id: '118c3ff0f387d833c497d640c5251f12') in 0.3726081 seconds
Number of updated asset objects reloaded before import = 0Number of asset objects unloaded after import = 42

========================================================================
Received Import Request.
  Time since last request: 0.000045 seconds.
  path: Assets/!GameFiles/Scripts/Character/CharacterMovement/CharacterMovementController/CharacterMovementController.cs
  artifactKey: Guid(e4c88ad9f23e9df4a835fdc900538c7d) Importer(2089858483,b0f066a214c2f5e87bad3c948f4d605d)
Start importing Assets/!GameFiles/Scripts/Character/CharacterMovement/CharacterMovementController/CharacterMovementController.cs using Guid(e4c88ad9f23e9df4a835fdc900538c7d) Importer(2089858483,b0f066a214c2f5e87bad3c948f4d605d) (ScriptedImporter) -> (artifact id: '165020496d73c88b9f0ff9ccfac61a72') in 0.0093605 seconds
Number of updated asset objects reloaded before import = 0Number of asset objects unloaded after import = 0

========================================================================
Received Import Request.
  Time since last request: 0.000022 seconds.
  path: Assets/TextMesh Pro/Examples & Extras/Resources/Fonts & Materials/Roboto-Bold SDF - Surface.mat
  artifactKey: Guid(e6b276ec991f467aa14ef1f3cc665993) Importer(2089858483,b0f066a214c2f5e87bad3c948f4d605d)
Start importing Assets/TextMesh Pro/Examples & Extras/Resources/Fonts & Materials/Roboto-Bold SDF - Surface.mat using Guid(e6b276ec991f467aa14ef1f3cc665993) Importer(2089858483,b0f066a214c2f5e87bad3c948f4d605d) (ScriptedImporter) -> (artifact id: '4104185f96a3a792911909395f463e80') in 0.019485 seconds
Number of updated asset objects reloaded before import = 0Number of asset objects unloaded after import = 2

========================================================================
Received Import Request.
  Time since last request: 0.000032 seconds.
  path: Assets/TextMesh Pro/Examples & Extras/Resources/Fonts & Materials/Roboto-Bold SDF - URP.mat
  artifactKey: Guid(90722b8bd74d9aa49958562aff7bdf76) Importer(2089858483,b0f066a214c2f5e87bad3c948f4d605d)
Start importing Assets/TextMesh Pro/Examples & Extras/Resources/Fonts & Materials/Roboto-Bold SDF - URP.mat using Guid(90722b8bd74d9aa49958562aff7bdf76) Importer(2089858483,b0f066a214c2f5e87bad3c948f4d605d) (ScriptedImporter) -> (artifact id: '638e1212e42950861de6408abc7b0834') in 0.019782 seconds
Number of updated asset objects reloaded before import = 0Number of asset objects unloaded after import = 3

========================================================================
Received Import Request.
  Time since last request: 0.000024 seconds.
  path: Assets/!GameFiles/Scripts/Character/CharacterOffense/Implemented CharacterAttack/CharacterAttackLongRange.cs
  artifactKey: Guid(683f9c7d50c8cda45904300151039fae) Importer(2089858483,b0f066a214c2f5e87bad3c948f4d605d)
Start importing Assets/!GameFiles/Scripts/Character/CharacterOffense/Implemented CharacterAttack/CharacterAttackLongRange.cs using Guid(683f9c7d50c8cda45904300151039fae) Importer(2089858483,b0f066a214c2f5e87bad3c948f4d605d) (ScriptedImporter) -> (artifact id: '26cfaeee24bc4d212e7c201681e056d1') in 0.0100618 seconds
Number of updated asset objects reloaded before import = 0Number of asset objects unloaded after import = 0

========================================================================
Received Import Request.
  Time since last request: 0.000047 seconds.
  path: Assets/!GameFiles/Scripts/Player/PlayerWeapon/PlayerWeaponController/PlayerWeaponController.cs
  artifactKey: Guid(33677a509b346ee47819401480e00cc9) Importer(2089858483,b0f066a214c2f5e87bad3c948f4d605d)
Start importing Assets/!GameFiles/Scripts/Player/PlayerWeapon/PlayerWeaponController/PlayerWeaponController.cs using Guid(33677a509b346ee47819401480e00cc9) Importer(2089858483,b0f066a214c2f5e87bad3c948f4d605d) (ScriptedImporter) -> (artifact id: '13c4037815494860a35b8f2ea940e010') in 0.0095248 seconds
Number of updated asset objects reloaded before import = 0Number of asset objects unloaded after import = 0

========================================================================
Received Import Request.
  Time since last request: 0.000030 seconds.
  path: Assets/AstarPathfindingProject/ExampleScenes/Prefabs/MineBot/Materials/Minebot_NRM.tif
  artifactKey: Guid(7cec4fc9f20c5e145941cf016d68ff64) Importer(2089858483,b0f066a214c2f5e87bad3c948f4d605d)
Start importing Assets/AstarPathfindingProject/ExampleScenes/Prefabs/MineBot/Materials/Minebot_NRM.tif using Guid(7cec4fc9f20c5e145941cf016d68ff64) Importer(2089858483,b0f066a214c2f5e87bad3c948f4d605d) (ScriptedImporter) -> (artifact id: '4888e2ae7c4ee9ed9668ad62b40cf6e4') in 0.0296701 seconds
Number of updated asset objects reloaded before import = 0Number of asset objects unloaded after import = 1

========================================================================
Received Import Request.
  Time since last request: 0.000023 seconds.
  path: Assets/!GameFiles/Scripts/Player/PlayerOffense/Implemented PlayerAttack/PlayerAttackLongRange.cs
  artifactKey: Guid(5f01dc47472057747a46fe1f93b52716) Importer(2089858483,b0f066a214c2f5e87bad3c948f4d605d)
Start importing Assets/!GameFiles/Scripts/Player/PlayerOffense/Implemented PlayerAttack/PlayerAttackLongRange.cs using Guid(5f01dc47472057747a46fe1f93b52716) Importer(2089858483,b0f066a214c2f5e87bad3c948f4d605d) (ScriptedImporter) -> (artifact id: '973a420b068c8f71ac68ff5de7337ff6') in 0.0110675 seconds
Number of updated asset objects reloaded before import = 0Number of asset objects unloaded after import = 0

========================================================================
Received Import Request.
  Time since last request: 0.000027 seconds.
  path: Assets/!GameFiles/Scripts/Interfaces/GameEntityInterfaces/EntityBehaviorInterfaces/IAttackerLongRange.cs
  artifactKey: Guid(59bb188d2ad3d494a81796f97eb1550e) Importer(2089858483,b0f066a214c2f5e87bad3c948f4d605d)
Start importing Assets/!GameFiles/Scripts/Interfaces/GameEntityInterfaces/EntityBehaviorInterfaces/IAttackerLongRange.cs using Guid(59bb188d2ad3d494a81796f97eb1550e) Importer(2089858483,b0f066a214c2f5e87bad3c948f4d605d) (ScriptedImporter) -> (artifact id: 'a275d18a3fde0dbbe69d5b574e6eacac') in 0.0113139 seconds
Number of updated asset objects reloaded before import = 0Number of asset objects unloaded after import = 0

========================================================================
Received Import Request.
  Time since last request: 0.000043 seconds.
  path: Assets/!GameFiles/Scripts/ServicesGeneral/EnvironmentAreaAnalyzers/EnvironmentAreaAnalyzerRenders/EnvironmentAreaOverlapAnalyzerRender.cs
  artifactKey: Guid(7654403e1f0d3b547a9c2bd2fb1fb018) Importer(2089858483,b0f066a214c2f5e87bad3c948f4d605d)
Start importing Assets/!GameFiles/Scripts/ServicesGeneral/EnvironmentAreaAnalyzers/EnvironmentAreaAnalyzerRenders/EnvironmentAreaOverlapAnalyzerRender.cs using Guid(7654403e1f0d3b547a9c2bd2fb1fb018) Importer(2089858483,b0f066a214c2f5e87bad3c948f4d605d) (ScriptedImporter) -> (artifact id: '99d14135e345550ef3f8563223d79dd9') in 0.0104109 seconds
Number of updated asset objects reloaded before import = 0Number of asset objects unloaded after import = 0

========================================================================
Received Import Request.
  Time since last request: 0.000026 seconds.
  path: Assets/!GameFiles/Scripts/Interfaces/GameEntityInterfaces/EntityBehaviorInterfaces/IAttackerCloseRange.cs
  artifactKey: Guid(edefbcc46b528ff4b8eb54940479f597) Importer(2089858483,b0f066a214c2f5e87bad3c948f4d605d)
Start importing Assets/!GameFiles/Scripts/Interfaces/GameEntityInterfaces/EntityBehaviorInterfaces/IAttackerCloseRange.cs using Guid(edefbcc46b528ff4b8eb54940479f597) Importer(2089858483,b0f066a214c2f5e87bad3c948f4d605d) (ScriptedImporter) -> (artifact id: 'f3c8e00781e0a96c6f3240b3f7bf6fe8') in 0.0128545 seconds
Number of updated asset objects reloaded before import = 0Number of asset objects unloaded after import = 0

========================================================================
Received Import Request.
  Time since last request: 0.000033 seconds.
  path: Assets/AstarPathfindingProject/Editor/EditorAssets/DarkSkin/images/gridPivotSelect-03.png
  artifactKey: Guid(0758c9e42111d4aec99694c875e9badc) Importer(2089858483,b0f066a214c2f5e87bad3c948f4d605d)
Start importing Assets/AstarPathfindingProject/Editor/EditorAssets/DarkSkin/images/gridPivotSelect-03.png using Guid(0758c9e42111d4aec99694c875e9badc) Importer(2089858483,b0f066a214c2f5e87bad3c948f4d605d) (ScriptedImporter) -> (artifact id: '6dacfeef81fca3849084d016a4e9567a') in 0.0262214 seconds
Number of updated asset objects reloaded before import = 0Number of asset objects unloaded after import = 1

========================================================================
Received Import Request.
  Time since last request: 0.000029 seconds.
  path: Assets/FastScriptReload/Scripts/Editor/Compilation/CodeRewriting/ThisAssignmentRewriter.cs
  artifactKey: Guid(c5a960528b2b44edbf644e0ac0950d35) Importer(2089858483,b0f066a214c2f5e87bad3c948f4d605d)
Start importing Assets/FastScriptReload/Scripts/Editor/Compilation/CodeRewriting/ThisAssignmentRewriter.cs using Guid(c5a960528b2b44edbf644e0ac0950d35) Importer(2089858483,b0f066a214c2f5e87bad3c948f4d605d) (ScriptedImporter) -> (artifact id: 'aa5f560fdc146612114f1b17ee1c1f2f') in 0.009835 seconds
Number of updated asset objects reloaded before import = 0Number of asset objects unloaded after import = 0

========================================================================
Received Import Request.
  Time since last request: 0.000034 seconds.
  path: Assets/FastScriptReload/Tests/Runtime/Integration/CodePatterns/AccessingNewFieldsAddedAtRuntimeSameNameAsStaticClassField.cs
  artifactKey: Guid(ddb97ae516ba487889da696ce441c0a3) Importer(2089858483,b0f066a214c2f5e87bad3c948f4d605d)
Start importing Assets/FastScriptReload/Tests/Runtime/Integration/CodePatterns/AccessingNewFieldsAddedAtRuntimeSameNameAsStaticClassField.cs using Guid(ddb97ae516ba487889da696ce441c0a3) Importer(2089858483,b0f066a214c2f5e87bad3c948f4d605d) (ScriptedImporter) -> (artifact id: '0f5359ef05aa428f8d40bd665dc0c4e8') in 0.0115935 seconds
Number of updated asset objects reloaded before import = 0Number of asset objects unloaded after import = 0

========================================================================
Received Import Request.
  Time since last request: 0.000023 seconds.
  path: Assets/FastScriptReload/Tests/Editor/Integration/CodePatterns/MethodAccessingNestedEnumTest.cs
  artifactKey: Guid(e69f17e8e2b34d0598177ddf52587260) Importer(2089858483,b0f066a214c2f5e87bad3c948f4d605d)
Start importing Assets/FastScriptReload/Tests/Editor/Integration/CodePatterns/MethodAccessingNestedEnumTest.cs using Guid(e69f17e8e2b34d0598177ddf52587260) Importer(2089858483,b0f066a214c2f5e87bad3c948f4d605d) (ScriptedImporter) -> (artifact id: '7b00acca9a38c1fa899aed79707b3ebb') in 0.0101586 seconds
Number of updated asset objects reloaded before import = 0Number of asset objects unloaded after import = 0

========================================================================
Received Import Request.
  Time since last request: 0.000023 seconds.
  path: Assets/FastScriptReload/Scripts/Editor/Compilation/CodeRewriting/ThisRewriterBase.cs
  artifactKey: Guid(0fd0b779590247168b3873c939c42d71) Importer(2089858483,b0f066a214c2f5e87bad3c948f4d605d)
Start importing Assets/FastScriptReload/Scripts/Editor/Compilation/CodeRewriting/ThisRewriterBase.cs using Guid(0fd0b779590247168b3873c939c42d71) Importer(2089858483,b0f066a214c2f5e87bad3c948f4d605d) (ScriptedImporter) -> (artifact id: '2a3f572ff56091e9dccae3f93cde7f98') in 0.0111848 seconds
Number of updated asset objects reloaded before import = 0Number of asset objects unloaded after import = 0

========================================================================
Received Import Request.
  Time since last request: 0.000028 seconds.
  path: Assets/FastScriptReload/Tests/Editor/Integration/CodePatterns/MergePartialClassesTest.cs
  artifactKey: Guid(80204021db1542d68285b24331058642) Importer(2089858483,b0f066a214c2f5e87bad3c948f4d605d)
Start importing Assets/FastScriptReload/Tests/Editor/Integration/CodePatterns/MergePartialClassesTest.cs using Guid(80204021db1542d68285b24331058642) Importer(2089858483,b0f066a214c2f5e87bad3c948f4d605d) (ScriptedImporter) -> (artifact id: '306b442d38ed14181fd00dac8fb8ee39') in 0.009973 seconds
Number of updated asset objects reloaded before import = 0Number of asset objects unloaded after import = 0

========================================================================
Received Import Request.
  Time since last request: 0.000035 seconds.
  path: Assets/FastScriptReload/Scripts/Editor/Compilation/CodeRewriting/BuilderPatternFunctionsRewriter.cs
  artifactKey: Guid(ad3d5960a86c431cbea11b8962fa361e) Importer(2089858483,b0f066a214c2f5e87bad3c948f4d605d)
Start importing Assets/FastScriptReload/Scripts/Editor/Compilation/CodeRewriting/BuilderPatternFunctionsRewriter.cs using Guid(ad3d5960a86c431cbea11b8962fa361e) Importer(2089858483,b0f066a214c2f5e87bad3c948f4d605d) (ScriptedImporter) -> (artifact id: '56f009f5359d520dcba557482741b70d') in 0.0091725 seconds
Number of updated asset objects reloaded before import = 0Number of asset objects unloaded after import = 0

========================================================================
Received Import Request.
  Time since last request: 0.000023 seconds.
  path: Assets/FastScriptReload/Scripts/Editor/Compilation/CodeRewriting/HotReloadCompliantRewriter.cs
  artifactKey: Guid(f75e3e02acfa4397a558a923f7fa4f8e) Importer(2089858483,b0f066a214c2f5e87bad3c948f4d605d)
Start importing Assets/FastScriptReload/Scripts/Editor/Compilation/CodeRewriting/HotReloadCompliantRewriter.cs using Guid(f75e3e02acfa4397a558a923f7fa4f8e) Importer(2089858483,b0f066a214c2f5e87bad3c948f4d605d) (ScriptedImporter) -> (artifact id: '10322954faa22cd5917ed4bfe897c902') in 0.0103496 seconds
Number of updated asset objects reloaded before import = 0Number of asset objects unloaded after import = 0

========================================================================
Received Import Request.
  Time since last request: 0.000036 seconds.
  path: Assets/Import/Models/Characters/Raiden/materials/Utah_4.mat
  artifactKey: Guid(15eaa0818bb95344c8262bbd081f3e56) Importer(2089858483,b0f066a214c2f5e87bad3c948f4d605d)
Start importing Assets/Import/Models/Characters/Raiden/materials/Utah_4.mat using Guid(15eaa0818bb95344c8262bbd081f3e56) Importer(2089858483,b0f066a214c2f5e87bad3c948f4d605d) (ScriptedImporter) -> (artifact id: 'c111d590eeb813a1d899d80f56ea66ef') in 0.0214916 seconds
Number of updated asset objects reloaded before import = 0Number of asset objects unloaded after import = 5

========================================================================
Received Import Request.
  Time since last request: 0.000027 seconds.
  path: Assets/Import/Models/Characters/Raiden/meshes/Object_11_11_0.asset
  artifactKey: Guid(f4ba2479c93d1284e89c8d14c146345b) Importer(2089858483,b0f066a214c2f5e87bad3c948f4d605d)
Start importing Assets/Import/Models/Characters/Raiden/meshes/Object_11_11_0.asset using Guid(f4ba2479c93d1284e89c8d14c146345b) Importer(2089858483,b0f066a214c2f5e87bad3c948f4d605d) (ScriptedImporter) -> (artifact id: 'd6369eca94662d2d5a4cdcf0bebc61e7') in 0.0141285 seconds
Number of updated asset objects reloaded before import = 0Number of asset objects unloaded after import = 1

========================================================================
Received Import Request.
  Time since last request: 0.000048 seconds.
  path: Assets/Import/Models/Characters/Raiden/materials/Cosmic_Aura_3.mat
  artifactKey: Guid(57574e834344aac4e9ddc70e5800829c) Importer(2089858483,b0f066a214c2f5e87bad3c948f4d605d)
Start importing Assets/Import/Models/Characters/Raiden/materials/Cosmic_Aura_3.mat using Guid(57574e834344aac4e9ddc70e5800829c) Importer(2089858483,b0f066a214c2f5e87bad3c948f4d605d) (ScriptedImporter) -> (artifact id: '30b7b4e2c6a757dd8d880d89cbdeb4a0') in 0.037638 seconds
Number of updated asset objects reloaded before import = 0Number of asset objects unloaded after import = 5

========================================================================
Received Import Request.
  Time since last request: 0.000025 seconds.
  path: Assets/Import/Models/Characters/Raiden/meshes/Object_2_2_0.asset
  artifactKey: Guid(3edf2da9b9ab3c34ba924a34db30512d) Importer(2089858483,b0f066a214c2f5e87bad3c948f4d605d)
Start importing Assets/Import/Models/Characters/Raiden/meshes/Object_2_2_0.asset using Guid(3edf2da9b9ab3c34ba924a34db30512d) Importer(2089858483,b0f066a214c2f5e87bad3c948f4d605d) (ScriptedImporter) -> (artifact id: '5ef6689f785ca208ad2e290c7a4d8c42') in 0.0198405 seconds
Number of updated asset objects reloaded before import = 0Number of asset objects unloaded after import = 1

========================================================================
Received Import Request.
  Time since last request: 0.000063 seconds.
  path: Assets/Import/Models/Characters/Raiden/materials/rai_head_9.mat
  artifactKey: Guid(9165780470d085145aea051748691881) Importer(2089858483,b0f066a214c2f5e87bad3c948f4d605d)
Start importing Assets/Import/Models/Characters/Raiden/materials/rai_head_9.mat using Guid(9165780470d085145aea051748691881) Importer(2089858483,b0f066a214c2f5e87bad3c948f4d605d) (ScriptedImporter) -> (artifact id: '9486209049eb2364e5c5931d798fc455') in 0.0175603 seconds
Number of updated asset objects reloaded before import = 0Number of asset objects unloaded after import = 3

========================================================================
Received Import Request.
  Time since last request: 0.000035 seconds.
  path: Assets/Import/Models/Characters/Raiden/meshes/Object_14_14_0.asset
  artifactKey: Guid(91e87c49cfae4154d9547eb277a3bfa6) Importer(2089858483,b0f066a214c2f5e87bad3c948f4d605d)
Start importing Assets/Import/Models/Characters/Raiden/meshes/Object_14_14_0.asset using Guid(91e87c49cfae4154d9547eb277a3bfa6) Importer(2089858483,b0f066a214c2f5e87bad3c948f4d605d) (ScriptedImporter) -> (artifact id: '73c7464df9a4545b99a0c7e2902de3da') in 0.0117179 seconds
Number of updated asset objects reloaded before import = 0Number of asset objects unloaded after import = 1

========================================================================
Received Import Request.
  Time since last request: 0.000023 seconds.
  path: Assets/Import/Models/Characters/Raiden/meshes/Object_5_5_0.asset
  artifactKey: Guid(00464d63a98d5ab4eba0355c95e77487) Importer(2089858483,b0f066a214c2f5e87bad3c948f4d605d)
Start importing Assets/Import/Models/Characters/Raiden/meshes/Object_5_5_0.asset using Guid(00464d63a98d5ab4eba0355c95e77487) Importer(2089858483,b0f066a214c2f5e87bad3c948f4d605d) (ScriptedImporter) -> (artifact id: 'ae870115657aba2718d3ddb83c46b130') in 0.0547521 seconds
Number of updated asset objects reloaded before import = 0Number of asset objects unloaded after import = 1

========================================================================
Received Import Request.
  Time since last request: 0.000036 seconds.
  path: Assets/Import/Models/Characters/Raiden/textures/Rodeo_normal_9.png
  artifactKey: Guid(36b25fb5a474277448daa432e275c846) Importer(2089858483,b0f066a214c2f5e87bad3c948f4d605d)
Start importing Assets/Import/Models/Characters/Raiden/textures/Rodeo_normal_9.png using Guid(36b25fb5a474277448daa432e275c846) Importer(2089858483,b0f066a214c2f5e87bad3c948f4d605d) (ScriptedImporter) -> (artifact id: '41857c34506c474a1474e4bbb1fd4b83') in 0.0234797 seconds
Number of updated asset objects reloaded before import = 0Number of asset objects unloaded after import = 1

========================================================================
Received Import Request.
  Time since last request: 0.000041 seconds.
  path: Assets/Import/Models/Characters/Raiden/textures/Utah_normal_6.png
  artifactKey: Guid(28fdc23bd1196f1479ae6f858fae8a73) Importer(2089858483,b0f066a214c2f5e87bad3c948f4d605d)
Start importing Assets/Import/Models/Characters/Raiden/textures/Utah_normal_6.png using Guid(28fdc23bd1196f1479ae6f858fae8a73) Importer(2089858483,b0f066a214c2f5e87bad3c948f4d605d) (ScriptedImporter) -> (artifact id: 'a8a2e6a20d8e8bfbc9882af511fc02e8') in 0.0304679 seconds
Number of updated asset objects reloaded before import = 0Number of asset objects unloaded after import = 1

========================================================================
Received Import Request.
  Time since last request: 0.000025 seconds.
  path: Assets/Import/Models/Characters/Raiden/textures/Utah_metallicRoughness_5_metal.png
  artifactKey: Guid(e449666223f81514caf8c4064c864e51) Importer(2089858483,b0f066a214c2f5e87bad3c948f4d605d)
Start importing Assets/Import/Models/Characters/Raiden/textures/Utah_metallicRoughness_5_metal.png using Guid(e449666223f81514caf8c4064c864e51) Importer(2089858483,b0f066a214c2f5e87bad3c948f4d605d) (ScriptedImporter) -> (artifact id: 'd1704f35cb3418a9c03e2498c7e7ae24') in 0.0272299 seconds
Number of updated asset objects reloaded before import = 0Number of asset objects unloaded after import = 1

========================================================================
Received Import Request.
  Time since last request: 0.000034 seconds.
  path: Assets/Import/Models/Locations/YakuzaHelipad/materials/Material.004_38.mat
  artifactKey: Guid(66953283fd06ff849a703d67a2369bff) Importer(2089858483,b0f066a214c2f5e87bad3c948f4d605d)
Start importing Assets/Import/Models/Locations/YakuzaHelipad/materials/Material.004_38.mat using Guid(66953283fd06ff849a703d67a2369bff) Importer(2089858483,b0f066a214c2f5e87bad3c948f4d605d) (ScriptedImporter) -> (artifact id: '240bbed3ac4ff2346db01eee40d433b8') in 0.0161553 seconds
Number of updated asset objects reloaded before import = 0Number of asset objects unloaded after import = 2

========================================================================
Received Import Request.
  Time since last request: 0.000050 seconds.
  path: Assets/Import/Models/Characters/Raiden/meshes/Object_8_8_0.asset
  artifactKey: Guid(cb696590ede7af64ab856ae3a4327e51) Importer(2089858483,b0f066a214c2f5e87bad3c948f4d605d)
Start importing Assets/Import/Models/Characters/Raiden/meshes/Object_8_8_0.asset using Guid(cb696590ede7af64ab856ae3a4327e51) Importer(2089858483,b0f066a214c2f5e87bad3c948f4d605d) (ScriptedImporter) -> (artifact id: '8fa00832eb8d21f96c3515d62fcc8c24') in 0.0136383 seconds
Number of updated asset objects reloaded before import = 0Number of asset objects unloaded after import = 1

========================================================================
Received Import Request.
  Time since last request: 0.000086 seconds.
  path: Assets/!GameFiles/Animation/Animations/Idle.anim
  artifactKey: Guid(6f439b3cf30849b49b66ec5d73371378) Importer(2089858483,b0f066a214c2f5e87bad3c948f4d605d)
Start importing Assets/!GameFiles/Animation/Animations/Idle.anim using Guid(6f439b3cf30849b49b66ec5d73371378) Importer(2089858483,b0f066a214c2f5e87bad3c948f4d605d) (ScriptedImporter) -> (artifact id: '3e2494f8e4014b07c435bf65b3f879a4') in 0.0335009 seconds
Number of updated asset objects reloaded before import = 0Number of asset objects unloaded after import = 1

========================================================================
Received Import Request.
  Time since last request: 0.000029 seconds.
  path: Assets/Import/Models/Locations/YakuzaHelipad/materials/Material.024_47.mat
  artifactKey: Guid(6fce933de427152488c632e769fdc083) Importer(2089858483,b0f066a214c2f5e87bad3c948f4d605d)
Start importing Assets/Import/Models/Locations/YakuzaHelipad/materials/Material.024_47.mat using Guid(6fce933de427152488c632e769fdc083) Importer(2089858483,b0f066a214c2f5e87bad3c948f4d605d) (ScriptedImporter) -> (artifact id: '7eb309d3c516ad0814201362c12bac09') in 0.022376 seconds
Number of updated asset objects reloaded before import = 0Number of asset objects unloaded after import = 3

========================================================================
Received Import Request.
  Time since last request: 0.000038 seconds.
  path: Assets/Import/Models/Locations/YakuzaHelipad/materials/Material.014_19.mat
  artifactKey: Guid(ee16d59919abfab4ea9b24e1bfbe6193) Importer(2089858483,b0f066a214c2f5e87bad3c948f4d605d)
Start importing Assets/Import/Models/Locations/YakuzaHelipad/materials/Material.014_19.mat using Guid(ee16d59919abfab4ea9b24e1bfbe6193) Importer(2089858483,b0f066a214c2f5e87bad3c948f4d605d) (ScriptedImporter) -> (artifact id: '534bf202c2a04296bf011f63999392a9') in 0.0171661 seconds
Number of updated asset objects reloaded before import = 0Number of asset objects unloaded after import = 2

========================================================================
Received Import Request.
  Time since last request: 0.000025 seconds.
  path: Assets/Import/Models/Locations/YakuzaHelipad/materials/Material.023_48.mat
  artifactKey: Guid(698cfdc16922a7c4cbeb1b6910a1791c) Importer(2089858483,b0f066a214c2f5e87bad3c948f4d605d)
Start importing Assets/Import/Models/Locations/YakuzaHelipad/materials/Material.023_48.mat using Guid(698cfdc16922a7c4cbeb1b6910a1791c) Importer(2089858483,b0f066a214c2f5e87bad3c948f4d605d) (ScriptedImporter) -> (artifact id: 'ba3edf5f657eed1b3666b70046bf71bb') in 0.0161538 seconds
Number of updated asset objects reloaded before import = 0Number of asset objects unloaded after import = 2

========================================================================
Received Import Request.
  Time since last request: 0.000032 seconds.
  path: Assets/Import/Models/Locations/YakuzaHelipad/materials/Material.026_55.mat
  artifactKey: Guid(ce0187b24f37ae14a92ee20b4bfe98fa) Importer(2089858483,b0f066a214c2f5e87bad3c948f4d605d)
Start importing Assets/Import/Models/Locations/YakuzaHelipad/materials/Material.026_55.mat using Guid(ce0187b24f37ae14a92ee20b4bfe98fa) Importer(2089858483,b0f066a214c2f5e87bad3c948f4d605d) (ScriptedImporter) -> (artifact id: '1d0f89cdfb277565f2f0f5a7502f30a6') in 0.0153416 seconds
Number of updated asset objects reloaded before import = 0Number of asset objects unloaded after import = 2

========================================================================
Received Import Request.
  Time since last request: 0.000033 seconds.
  path: Assets/Import/Models/Locations/YakuzaHelipad/materials/Material.010_7.mat
  artifactKey: Guid(acea1f5b58591244f9c6867cafa7b122) Importer(2089858483,b0f066a214c2f5e87bad3c948f4d605d)
Start importing Assets/Import/Models/Locations/YakuzaHelipad/materials/Material.010_7.mat using Guid(acea1f5b58591244f9c6867cafa7b122) Importer(2089858483,b0f066a214c2f5e87bad3c948f4d605d) (ScriptedImporter) -> (artifact id: 'f1157c9c8ee577b529cca320e34ff114') in 0.0196349 seconds
Number of updated asset objects reloaded before import = 0Number of asset objects unloaded after import = 3

========================================================================
Received Import Request.
  Time since last request: 0.000025 seconds.
  path: Assets/Import/Models/Locations/YakuzaHelipad/materials/Material.049_43.mat
  artifactKey: Guid(9852665cc22fc534d9849db4655ae3ff) Importer(2089858483,b0f066a214c2f5e87bad3c948f4d605d)
Start importing Assets/Import/Models/Locations/YakuzaHelipad/materials/Material.049_43.mat using Guid(9852665cc22fc534d9849db4655ae3ff) Importer(2089858483,b0f066a214c2f5e87bad3c948f4d605d) (ScriptedImporter) -> (artifact id: '5d21634dd3e4c58ff6b55b9569b9c32d') in 0.0168245 seconds
Number of updated asset objects reloaded before import = 0Number of asset objects unloaded after import = 2

========================================================================
Received Import Request.
  Time since last request: 0.000036 seconds.
  path: Assets/Import/Models/Locations/YakuzaHelipad/materials/Material.029_9.mat
  artifactKey: Guid(746a6efcd7dc75144b097a6ddd868d45) Importer(2089858483,b0f066a214c2f5e87bad3c948f4d605d)
Start importing Assets/Import/Models/Locations/YakuzaHelipad/materials/Material.029_9.mat using Guid(746a6efcd7dc75144b097a6ddd868d45) Importer(2089858483,b0f066a214c2f5e87bad3c948f4d605d) (ScriptedImporter) -> (artifact id: '7e73f16d812997fe0149114b84c5fd0c') in 0.016766 seconds
Number of updated asset objects reloaded before import = 0Number of asset objects unloaded after import = 2

========================================================================
Received Import Request.
  Time since last request: 0.000041 seconds.
  path: Assets/Import/Models/Locations/YakuzaHelipad/materials/Material.037_46.mat
  artifactKey: Guid(9503d4a1c4307894aaf1b4bd37292b7d) Importer(2089858483,b0f066a214c2f5e87bad3c948f4d605d)
Start importing Assets/Import/Models/Locations/YakuzaHelipad/materials/Material.037_46.mat using Guid(9503d4a1c4307894aaf1b4bd37292b7d) Importer(2089858483,b0f066a214c2f5e87bad3c948f4d605d) (ScriptedImporter) -> (artifact id: '575e67462671ffcf2c66c4496ae4bc3d') in 0.0177655 seconds
Number of updated asset objects reloaded before import = 0Number of asset objects unloaded after import = 2

========================================================================
Received Import Request.
  Time since last request: 0.000041 seconds.
  path: Assets/Import/Models/Locations/YakuzaHelipad/materials/Material.036_12.mat
  artifactKey: Guid(59cc2cc7eb52546498e2ce91a2abbb86) Importer(2089858483,b0f066a214c2f5e87bad3c948f4d605d)
Start importing Assets/Import/Models/Locations/YakuzaHelipad/materials/Material.036_12.mat using Guid(59cc2cc7eb52546498e2ce91a2abbb86) Importer(2089858483,b0f066a214c2f5e87bad3c948f4d605d) (ScriptedImporter) -> (artifact id: '140dda9ee4edbc88796411214392e857') in 0.0162494 seconds
Number of updated asset objects reloaded before import = 0Number of asset objects unloaded after import = 2

========================================================================
Received Import Request.
  Time since last request: 0.000031 seconds.
  path: Assets/Import/Models/Locations/YakuzaHelipad/materials/Material.038_3.mat
  artifactKey: Guid(d4042ff99f61afe4aafc56abc788e3fc) Importer(2089858483,b0f066a214c2f5e87bad3c948f4d605d)
Start importing Assets/Import/Models/Locations/YakuzaHelipad/materials/Material.038_3.mat using Guid(d4042ff99f61afe4aafc56abc788e3fc) Importer(2089858483,b0f066a214c2f5e87bad3c948f4d605d) (ScriptedImporter) -> (artifact id: 'ec0a0327d83ffe4c5cd575b57970c206') in 0.0192823 seconds
Number of updated asset objects reloaded before import = 0Number of asset objects unloaded after import = 2

========================================================================
Received Import Request.
  Time since last request: 0.000030 seconds.
  path: Assets/Import/Models/Characters/Raiden/textures/Rodeo_baseColor_7.png
  artifactKey: Guid(312eb94a6d0ef124292050b4bd1a0381) Importer(2089858483,b0f066a214c2f5e87bad3c948f4d605d)
Start importing Assets/Import/Models/Characters/Raiden/textures/Rodeo_baseColor_7.png using Guid(312eb94a6d0ef124292050b4bd1a0381) Importer(2089858483,b0f066a214c2f5e87bad3c948f4d605d) (ScriptedImporter) -> (artifact id: '14c2a4364e196f87584f6669cd513f87') in 0.032648 seconds
Number of updated asset objects reloaded before import = 0Number of asset objects unloaded after import = 1

========================================================================
Received Import Request.
  Time since last request: 0.000045 seconds.
  path: Assets/Import/Models/Locations/YakuzaHelipad/materials/mtower_roof_hat_rooftop_046_d_54.mat
  artifactKey: Guid(e94e0304741cf3a4d882eb2475cc5d86) Importer(2089858483,b0f066a214c2f5e87bad3c948f4d605d)
Start importing Assets/Import/Models/Locations/YakuzaHelipad/materials/mtower_roof_hat_rooftop_046_d_54.mat using Guid(e94e0304741cf3a4d882eb2475cc5d86) Importer(2089858483,b0f066a214c2f5e87bad3c948f4d605d) (ScriptedImporter) -> (artifact id: '70c60602db3fbc0c64e18936d756bd4b') in 0.0143795 seconds
Number of updated asset objects reloaded before import = 0Number of asset objects unloaded after import = 1

========================================================================
Received Import Request.
  Time since last request: 0.000019 seconds.
  path: Assets/Import/Models/Locations/YakuzaHelipad/materials/mtower_roof_hat_rooftop_018_d.001_8.mat
  artifactKey: Guid(808706cfadf296e49bba05d5c5a40ca5) Importer(2089858483,b0f066a214c2f5e87bad3c948f4d605d)
Start importing Assets/Import/Models/Locations/YakuzaHelipad/materials/mtower_roof_hat_rooftop_018_d.001_8.mat using Guid(808706cfadf296e49bba05d5c5a40ca5) Importer(2089858483,b0f066a214c2f5e87bad3c948f4d605d) (ScriptedImporter) -> (artifact id: '08885630faed1e949229e0e6cedfced6') in 0.0144219 seconds
Number of updated asset objects reloaded before import = 0Number of asset objects unloaded after import = 1

========================================================================
Received Import Request.
  Time since last request: 0.000021 seconds.
  path: Assets/Import/Models/Locations/YakuzaHelipad/meshes/[decal3]sky02.009_mtower_roof_hat_rooftop_018_d.001_0_8_0.asset
  artifactKey: Guid(2e586550df970fb4cbcd3b0618d67ee1) Importer(2089858483,b0f066a214c2f5e87bad3c948f4d605d)
Start importing Assets/Import/Models/Locations/YakuzaHelipad/meshes/[decal3]sky02.009_mtower_roof_hat_rooftop_018_d.001_0_8_0.asset using Guid(2e586550df970fb4cbcd3b0618d67ee1) Importer(2089858483,b0f066a214c2f5e87bad3c948f4d605d) (ScriptedImporter) -> (artifact id: 'fd7b83f884f7202d00b37e688f807ae1') in 0.0098335 seconds
Number of updated asset objects reloaded before import = 0Number of asset objects unloaded after import = 1

========================================================================
Received Import Request.
  Time since last request: 0.000034 seconds.
  path: Assets/Import/Models/Locations/YakuzaHelipad/materials/mtower_roof_hat_hil_parts002_37.mat
  artifactKey: Guid(e8cb8877f1cb38042a7be28710b3005a) Importer(2089858483,b0f066a214c2f5e87bad3c948f4d605d)
Start importing Assets/Import/Models/Locations/YakuzaHelipad/materials/mtower_roof_hat_hil_parts002_37.mat using Guid(e8cb8877f1cb38042a7be28710b3005a) Importer(2089858483,b0f066a214c2f5e87bad3c948f4d605d) (ScriptedImporter) -> (artifact id: '6b24565cf635be530969c1e3845bf19d') in 0.0143139 seconds
Number of updated asset objects reloaded before import = 0Number of asset objects unloaded after import = 1

========================================================================
Received Import Request.
  Time since last request: 0.000049 seconds.
  path: Assets/Import/Models/Locations/YakuzaHelipad/meshes/[decal3]sky02.002_Material.046_0_2_0.asset
  artifactKey: Guid(a07d01fe379566448a7a972d451beb8c) Importer(2089858483,b0f066a214c2f5e87bad3c948f4d605d)
Start importing Assets/Import/Models/Locations/YakuzaHelipad/meshes/[decal3]sky02.002_Material.046_0_2_0.asset using Guid(a07d01fe379566448a7a972d451beb8c) Importer(2089858483,b0f066a214c2f5e87bad3c948f4d605d) (ScriptedImporter) -> (artifact id: '7e4aefd86619095be9182ff9cf581a3b') in 0.014866 seconds
Number of updated asset objects reloaded before import = 0Number of asset objects unloaded after import = 1

========================================================================
Received Import Request.
  Time since last request: 0.000026 seconds.
  path: Assets/Import/Models/Locations/YakuzaHelipad/meshes/[decal3]sky02.007_Material.044_0_6_0.asset
  artifactKey: Guid(79d3810f4ec5c804195c0d0e862cab6f) Importer(2089858483,b0f066a214c2f5e87bad3c948f4d605d)
Start importing Assets/Import/Models/Locations/YakuzaHelipad/meshes/[decal3]sky02.007_Material.044_0_6_0.asset using Guid(79d3810f4ec5c804195c0d0e862cab6f) Importer(2089858483,b0f066a214c2f5e87bad3c948f4d605d) (ScriptedImporter) -> (artifact id: 'b41269954ca35cf565d43fb63c34bd2e') in 0.014672 seconds
Number of updated asset objects reloaded before import = 0Number of asset objects unloaded after import = 1

========================================================================
Received Import Request.
  Time since last request: 0.000028 seconds.
  path: Assets/Import/Models/Locations/YakuzaHelipad/meshes/[decal3]sky02.024_Material.009_0_21_0.asset
  artifactKey: Guid(73959cf6005b23944ab3060ce7cbf0eb) Importer(2089858483,b0f066a214c2f5e87bad3c948f4d605d)
Start importing Assets/Import/Models/Locations/YakuzaHelipad/meshes/[decal3]sky02.024_Material.009_0_21_0.asset using Guid(73959cf6005b23944ab3060ce7cbf0eb) Importer(2089858483,b0f066a214c2f5e87bad3c948f4d605d) (ScriptedImporter) -> (artifact id: '456a3875f038da7af81386d0ef8d0176') in 0.055609 seconds
Number of updated asset objects reloaded before import = 0Number of asset objects unloaded after import = 1

========================================================================
Received Import Request.
  Time since last request: 0.000029 seconds.
  path: Assets/Import/Models/Locations/YakuzaHelipad/meshes/[decal3]sky02.037_Material.005_0_31_0.asset
  artifactKey: Guid(c8859580533d43248afc6bd9b3cefa52) Importer(2089858483,b0f066a214c2f5e87bad3c948f4d605d)
Start importing Assets/Import/Models/Locations/YakuzaHelipad/meshes/[decal3]sky02.037_Material.005_0_31_0.asset using Guid(c8859580533d43248afc6bd9b3cefa52) Importer(2089858483,b0f066a214c2f5e87bad3c948f4d605d) (ScriptedImporter) -> (artifact id: '8ca92a51a945c36e40c19ac4c959f940') in 0.0116367 seconds
Number of updated asset objects reloaded before import = 0Number of asset objects unloaded after import = 1

========================================================================
Received Import Request.
  Time since last request: 0.000046 seconds.
  path: Assets/Import/Models/Locations/YakuzaHelipad/meshes/[decal3]sky02.023_Material.020_0_20_0.asset
  artifactKey: Guid(eb4158e02e48a954d8758ff36516b069) Importer(2089858483,b0f066a214c2f5e87bad3c948f4d605d)
Start importing Assets/Import/Models/Locations/YakuzaHelipad/meshes/[decal3]sky02.023_Material.020_0_20_0.asset using Guid(eb4158e02e48a954d8758ff36516b069) Importer(2089858483,b0f066a214c2f5e87bad3c948f4d605d) (ScriptedImporter) -> (artifact id: '8abeaf950409f0400d11dbe4b17c6001') in 0.01652 seconds
Number of updated asset objects reloaded before import = 0Number of asset objects unloaded after import = 1

========================================================================
Received Import Request.
  Time since last request: 0.000026 seconds.
  path: Assets/Import/Models/Locations/YakuzaHelipad/meshes/[decal3]sky02.021_Material.014_0_19_0.asset
  artifactKey: Guid(4cdb21f65cad9d847959049c0f243682) Importer(2089858483,b0f066a214c2f5e87bad3c948f4d605d)
Start importing Assets/Import/Models/Locations/YakuzaHelipad/meshes/[decal3]sky02.021_Material.014_0_19_0.asset using Guid(4cdb21f65cad9d847959049c0f243682) Importer(2089858483,b0f066a214c2f5e87bad3c948f4d605d) (ScriptedImporter) -> (artifact id: '4866ad34e588f83b24bb1e693d81483b') in 0.0645662 seconds
Number of updated asset objects reloaded before import = 0Number of asset objects unloaded after import = 1

========================================================================
Received Import Request.
  Time since last request: 0.000026 seconds.
  path: Assets/Import/Models/Locations/YakuzaHelipad/meshes/[decal3]sky02.032_Material.053_0_27_0.asset
  artifactKey: Guid(afa158e60d645724a849e25e7d3c6b63) Importer(2089858483,b0f066a214c2f5e87bad3c948f4d605d)
Start importing Assets/Import/Models/Locations/YakuzaHelipad/meshes/[decal3]sky02.032_Material.053_0_27_0.asset using Guid(afa158e60d645724a849e25e7d3c6b63) Importer(2089858483,b0f066a214c2f5e87bad3c948f4d605d) (ScriptedImporter) -> (artifact id: '439779ef87b69044cd175819c5287d25') in 0.0115933 seconds
Number of updated asset objects reloaded before import = 0Number of asset objects unloaded after import = 1

========================================================================
Received Import Request.
  Time since last request: 0.000045 seconds.
  path: Assets/Import/Models/Locations/YakuzaHelipad/meshes/[decal3]sky02.051_Material.017_0_44_0.asset
  artifactKey: Guid(31f1f7f58d45a9847a46b3434c9e6dc9) Importer(2089858483,b0f066a214c2f5e87bad3c948f4d605d)
Start importing Assets/Import/Models/Locations/YakuzaHelipad/meshes/[decal3]sky02.051_Material.017_0_44_0.asset using Guid(31f1f7f58d45a9847a46b3434c9e6dc9) Importer(2089858483,b0f066a214c2f5e87bad3c948f4d605d) (ScriptedImporter) -> (artifact id: 'f251de32542b25e56b3a6321da51bd43') in 0.0121366 seconds
Number of updated asset objects reloaded before import = 0Number of asset objects unloaded after import = 1

========================================================================
Received Import Request.
  Time since last request: 0.000026 seconds.
  path: Assets/Import/Models/Locations/YakuzaHelipad/meshes/[decal3]sky02.053_Material.037_0_46_0.asset
  artifactKey: Guid(dc9cf109cd9fe1343adc5e7f03f26b23) Importer(2089858483,b0f066a214c2f5e87bad3c948f4d605d)
Start importing Assets/Import/Models/Locations/YakuzaHelipad/meshes/[decal3]sky02.053_Material.037_0_46_0.asset using Guid(dc9cf109cd9fe1343adc5e7f03f26b23) Importer(2089858483,b0f066a214c2f5e87bad3c948f4d605d) (ScriptedImporter) -> (artifact id: '10fefa2eeb95e7a83d2d7645e29594a3') in 0.0111442 seconds
Number of updated asset objects reloaded before import = 0Number of asset objects unloaded after import = 1

========================================================================
Received Import Request.
  Time since last request: 0.000024 seconds.
  path: Assets/Import/Models/Locations/YakuzaHelipad/meshes/[decal3]sky02.039_Material.007_0_33_0.asset
  artifactKey: Guid(44620ee05d4ab0d46af716cff2d4b3ad) Importer(2089858483,b0f066a214c2f5e87bad3c948f4d605d)
Start importing Assets/Import/Models/Locations/YakuzaHelipad/meshes/[decal3]sky02.039_Material.007_0_33_0.asset using Guid(44620ee05d4ab0d46af716cff2d4b3ad) Importer(2089858483,b0f066a214c2f5e87bad3c948f4d605d) (ScriptedImporter) -> (artifact id: '8e5f2b0f2183c2d87d72d977161858ab') in 0.0112729 seconds
Number of updated asset objects reloaded before import = 0Number of asset objects unloaded after import = 1

========================================================================
Received Import Request.
  Time since last request: 0.000028 seconds.
  path: Assets/Import/Models/Locations/YakuzaHelipad/meshes/[decal3]sky02.043_mtower_roof_hat_hil_parts002_0_37_0.asset
  artifactKey: Guid(21b91d7636191c04696f5376cb61cbfb) Importer(2089858483,b0f066a214c2f5e87bad3c948f4d605d)
Start importing Assets/Import/Models/Locations/YakuzaHelipad/meshes/[decal3]sky02.043_mtower_roof_hat_hil_parts002_0_37_0.asset using Guid(21b91d7636191c04696f5376cb61cbfb) Importer(2089858483,b0f066a214c2f5e87bad3c948f4d605d) (ScriptedImporter) -> (artifact id: '495c90ccd2938f5912e1d9e752afc7cf') in 0.0107129 seconds
Number of updated asset objects reloaded before import = 0Number of asset objects unloaded after import = 1

========================================================================
Received Import Request.
  Time since last request: 0.000087 seconds.
  path: Assets/Import/Models/Locations/YakuzaHelipad/meshes/[decal3]sky02.056_Material.042_0_49_0.asset
  artifactKey: Guid(d13c33fe55003034087027ba6aed3411) Importer(2089858483,b0f066a214c2f5e87bad3c948f4d605d)
Start importing Assets/Import/Models/Locations/YakuzaHelipad/meshes/[decal3]sky02.056_Material.042_0_49_0.asset using Guid(d13c33fe55003034087027ba6aed3411) Importer(2089858483,b0f066a214c2f5e87bad3c948f4d605d) (ScriptedImporter) -> (artifact id: '4d4eb8a953ba054cc0044b1fdf215be1') in 0.0117084 seconds
Number of updated asset objects reloaded before import = 0Number of asset objects unloaded after import = 1

========================================================================
Received Import Request.
  Time since last request: 0.000021 seconds.
  path: Assets/Import/Models/Locations/YakuzaHelipad/textures/Material.005_baseColor_32.png
  artifactKey: Guid(f1315fae0a52ee640a859d4adab07bda) Importer(2089858483,b0f066a214c2f5e87bad3c948f4d605d)
Start importing Assets/Import/Models/Locations/YakuzaHelipad/textures/Material.005_baseColor_32.png using Guid(f1315fae0a52ee640a859d4adab07bda) Importer(2089858483,b0f066a214c2f5e87bad3c948f4d605d) (ScriptedImporter) -> (artifact id: '3e783ab949dc34d55787acdfef0fffe8') in 0.0294786 seconds
Number of updated asset objects reloaded before import = 0Number of asset objects unloaded after import = 1

========================================================================
Received Import Request.
  Time since last request: 0.000023 seconds.
  path: Assets/Import/Models/Locations/YakuzaHelipad/meshes/[decal3]sky02.063_Material.025_0_56_0.asset
  artifactKey: Guid(310237be0f5a83d4b9c65d18ad3165f1) Importer(2089858483,b0f066a214c2f5e87bad3c948f4d605d)
Start importing Assets/Import/Models/Locations/YakuzaHelipad/meshes/[decal3]sky02.063_Material.025_0_56_0.asset using Guid(310237be0f5a83d4b9c65d18ad3165f1) Importer(2089858483,b0f066a214c2f5e87bad3c948f4d605d) (ScriptedImporter) -> (artifact id: '58df2b0b4011ef6fd34d4939fad55fa4') in 0.0109135 seconds
Number of updated asset objects reloaded before import = 0Number of asset objects unloaded after import = 1

========================================================================
Received Import Request.
  Time since last request: 0.000034 seconds.
  path: Assets/Import/Models/Locations/YakuzaHelipad/textures/Material.004_baseColor_39.png
  artifactKey: Guid(2f87eca70910bf34da2a463c18615f2b) Importer(2089858483,b0f066a214c2f5e87bad3c948f4d605d)
Start importing Assets/Import/Models/Locations/YakuzaHelipad/textures/Material.004_baseColor_39.png using Guid(2f87eca70910bf34da2a463c18615f2b) Importer(2089858483,b0f066a214c2f5e87bad3c948f4d605d) (ScriptedImporter) -> (artifact id: '1791f04bb8ea80fe4f31d522cfabe55d') in 0.0277676 seconds
Number of updated asset objects reloaded before import = 0Number of asset objects unloaded after import = 1

========================================================================
Received Import Request.
  Time since last request: 0.000034 seconds.
  path: Assets/Import/Models/Locations/YakuzaHelipad/textures/Material.002_baseColor_53.png
  artifactKey: Guid(7042dcd94ef8a9d48b6cb02e0dbc7071) Importer(2089858483,b0f066a214c2f5e87bad3c948f4d605d)
Start importing Assets/Import/Models/Locations/YakuzaHelipad/textures/Material.002_baseColor_53.png using Guid(7042dcd94ef8a9d48b6cb02e0dbc7071) Importer(2089858483,b0f066a214c2f5e87bad3c948f4d605d) (ScriptedImporter) -> (artifact id: '1a14708de65231f20de57fa7f741cc4e') in 0.0284086 seconds
Number of updated asset objects reloaded before import = 0Number of asset objects unloaded after import = 1

========================================================================
Received Import Request.
  Time since last request: 0.000025 seconds.
  path: Assets/Import/Models/Locations/YakuzaHelipad/meshes/[decal3]sky02.067_Material.019_0_60_0.asset
  artifactKey: Guid(7b8ac29a1513ffb45915b2ac4d657c58) Importer(2089858483,b0f066a214c2f5e87bad3c948f4d605d)
Start importing Assets/Import/Models/Locations/YakuzaHelipad/meshes/[decal3]sky02.067_Material.019_0_60_0.asset using Guid(7b8ac29a1513ffb45915b2ac4d657c58) Importer(2089858483,b0f066a214c2f5e87bad3c948f4d605d) (ScriptedImporter) -> (artifact id: '72cb70274bfc6ae9a3ce85816d8bd9a3') in 0.0110349 seconds
Number of updated asset objects reloaded before import = 0Number of asset objects unloaded after import = 1

========================================================================
Received Import Request.
  Time since last request: 0.000023 seconds.
  path: Assets/Import/Models/Locations/YakuzaHelipad/textures/Material.013_baseColor_29.png
  artifactKey: Guid(d7c363863a4c1ee4e9696011e4973000) Importer(2089858483,b0f066a214c2f5e87bad3c948f4d605d)
Start importing Assets/Import/Models/Locations/YakuzaHelipad/textures/Material.013_baseColor_29.png using Guid(d7c363863a4c1ee4e9696011e4973000) Importer(2089858483,b0f066a214c2f5e87bad3c948f4d605d) (ScriptedImporter) -> (artifact id: '2371b3e5895266934c77d7f49b6e4ccd') in 0.0306458 seconds
Number of updated asset objects reloaded before import = 0Number of asset objects unloaded after import = 1

========================================================================
Received Import Request.
  Time since last request: 0.000036 seconds.
  path: Assets/Import/Models/Locations/YakuzaHelipad/textures/Material.012_normal_15.png
  artifactKey: Guid(0ce31f17992c6314ea774de1889ecc88) Importer(2089858483,b0f066a214c2f5e87bad3c948f4d605d)
Start importing Assets/Import/Models/Locations/YakuzaHelipad/textures/Material.012_normal_15.png using Guid(0ce31f17992c6314ea774de1889ecc88) Importer(2089858483,b0f066a214c2f5e87bad3c948f4d605d) (ScriptedImporter) -> (artifact id: '6ddd5a2546c1b60a3ba3d8820ee67e91') in 0.0340236 seconds
Number of updated asset objects reloaded before import = 0Number of asset objects unloaded after import = 1

========================================================================
Received Import Request.
  Time since last request: 0.000038 seconds.
  path: Assets/Import/Models/Locations/YakuzaHelipad/textures/Material.020_baseColor_20.png
  artifactKey: Guid(734749f40c237e84d871915e9366eb07) Importer(2089858483,b0f066a214c2f5e87bad3c948f4d605d)
Start importing Assets/Import/Models/Locations/YakuzaHelipad/textures/Material.020_baseColor_20.png using Guid(734749f40c237e84d871915e9366eb07) Importer(2089858483,b0f066a214c2f5e87bad3c948f4d605d) (ScriptedImporter) -> (artifact id: '40fe0fedbe3f9443c6d263c260b7ac61') in 0.0251966 seconds
Number of updated asset objects reloaded before import = 0Number of asset objects unloaded after import = 1

========================================================================
Received Import Request.
  Time since last request: 0.000021 seconds.
  path: Assets/Import/Models/Locations/YakuzaHelipad/textures/Material.022_baseColor_37.png
  artifactKey: Guid(0dbbcad9ac4e74b4c8126b4e97ce8d31) Importer(2089858483,b0f066a214c2f5e87bad3c948f4d605d)
Start importing Assets/Import/Models/Locations/YakuzaHelipad/textures/Material.022_baseColor_37.png using Guid(0dbbcad9ac4e74b4c8126b4e97ce8d31) Importer(2089858483,b0f066a214c2f5e87bad3c948f4d605d) (ScriptedImporter) -> (artifact id: '7227b7ffb9b9eb6cd4bc936c0c4011dd') in 0.0315179 seconds
Number of updated asset objects reloaded before import = 0Number of asset objects unloaded after import = 1

========================================================================
Received Import Request.
  Time since last request: 0.000031 seconds.
  path: Assets/Import/Models/Locations/YakuzaHelipad/textures/Material.019_baseColor_56.png
  artifactKey: Guid(01d69ce336d072643a60ece190289126) Importer(2089858483,b0f066a214c2f5e87bad3c948f4d605d)
Start importing Assets/Import/Models/Locations/YakuzaHelipad/textures/Material.019_baseColor_56.png using Guid(01d69ce336d072643a60ece190289126) Importer(2089858483,b0f066a214c2f5e87bad3c948f4d605d) (ScriptedImporter) -> (artifact id: '0528b84a3e8ea0cdf4d3364ffd0441e0') in 0.0289766 seconds
Number of updated asset objects reloaded before import = 0Number of asset objects unloaded after import = 1

========================================================================
Received Import Request.
  Time since last request: 0.000037 seconds.
  path: Assets/Import/Models/Locations/YakuzaHelipad/textures/Material.043_baseColor_46.png
  artifactKey: Guid(8142df77d06edad47994c843ce10903a) Importer(2089858483,b0f066a214c2f5e87bad3c948f4d605d)
Start importing Assets/Import/Models/Locations/YakuzaHelipad/textures/Material.043_baseColor_46.png using Guid(8142df77d06edad47994c843ce10903a) Importer(2089858483,b0f066a214c2f5e87bad3c948f4d605d) (ScriptedImporter) -> (artifact id: '88c851325d4ce1b9f7f83de341c63d67') in 0.0248266 seconds
Number of updated asset objects reloaded before import = 0Number of asset objects unloaded after import = 1

========================================================================
Received Import Request.
  Time since last request: 0.000022 seconds.
  path: Assets/Import/Models/Locations/YakuzaHelipad/textures/Material.040_baseColor_13.png
  artifactKey: Guid(7790f9a2273af9240bfd39dc09789e9d) Importer(2089858483,b0f066a214c2f5e87bad3c948f4d605d)
Start importing Assets/Import/Models/Locations/YakuzaHelipad/textures/Material.040_baseColor_13.png using Guid(7790f9a2273af9240bfd39dc09789e9d) Importer(2089858483,b0f066a214c2f5e87bad3c948f4d605d) (ScriptedImporter) -> (artifact id: '902e9d0b81f27ead5f68ea4ede46c178') in 0.0266347 seconds
Number of updated asset objects reloaded before import = 0Number of asset objects unloaded after import = 1

========================================================================
Received Import Request.
  Time since last request: 0.000031 seconds.
  path: Assets/Import/Models/Locations/YakuzaHelipad/textures/Material.037_baseColor_47.png
  artifactKey: Guid(1d3104c23d39e3b4f80ee478bc4581f1) Importer(2089858483,b0f066a214c2f5e87bad3c948f4d605d)
Start importing Assets/Import/Models/Locations/YakuzaHelipad/textures/Material.037_baseColor_47.png using Guid(1d3104c23d39e3b4f80ee478bc4581f1) Importer(2089858483,b0f066a214c2f5e87bad3c948f4d605d) (ScriptedImporter) -> (artifact id: '4f32bcddd0f7f25532c5ab615b2819f3') in 0.0290514 seconds
Number of updated asset objects reloaded before import = 0Number of asset objects unloaded after import = 1

========================================================================
Received Import Request.
  Time since last request: 0.000035 seconds.
  path: Assets/Import/Models/Locations/YakuzaHelipad/textures/Material.045_emissive_23.png
  artifactKey: Guid(5da1346632aacc54e852243fcf83e5fc) Importer(2089858483,b0f066a214c2f5e87bad3c948f4d605d)
Start importing Assets/Import/Models/Locations/YakuzaHelipad/textures/Material.045_emissive_23.png using Guid(5da1346632aacc54e852243fcf83e5fc) Importer(2089858483,b0f066a214c2f5e87bad3c948f4d605d) (ScriptedImporter) -> (artifact id: '6edd3fa95b33c54decfbf4b83ed68fbf') in 0.0275537 seconds
Number of updated asset objects reloaded before import = 0Number of asset objects unloaded after import = 1

========================================================================
Received Import Request.
  Time since last request: 0.000023 seconds.
  path: Assets/Import/Models/Locations/YakuzaHelipad/textures/Material.023_normal_50.png
  artifactKey: Guid(c454b6afdd8464c449e26a22979201cf) Importer(2089858483,b0f066a214c2f5e87bad3c948f4d605d)
Start importing Assets/Import/Models/Locations/YakuzaHelipad/textures/Material.023_normal_50.png using Guid(c454b6afdd8464c449e26a22979201cf) Importer(2089858483,b0f066a214c2f5e87bad3c948f4d605d) (ScriptedImporter) -> (artifact id: '9c8678a44a357c37f75fee43dcb558b7') in 0.0269813 seconds
Number of updated asset objects reloaded before import = 0Number of asset objects unloaded after import = 1

========================================================================
Received Import Request.
  Time since last request: 0.000030 seconds.
  path: Assets/Import/Models/Weapons/RaidenSword/textures/Material_normal_2.png
  artifactKey: Guid(d44b6c0005728604684910c0cb9cc2ce) Importer(2089858483,b0f066a214c2f5e87bad3c948f4d605d)
Start importing Assets/Import/Models/Weapons/RaidenSword/textures/Material_normal_2.png using Guid(d44b6c0005728604684910c0cb9cc2ce) Importer(2089858483,b0f066a214c2f5e87bad3c948f4d605d) (ScriptedImporter) -> (artifact id: 'f4d42d97cf71115be1073a5140208619') in 0.0350994 seconds
Number of updated asset objects reloaded before import = 0Number of asset objects unloaded after import = 1

========================================================================
Received Import Request.
  Time since last request: 0.000043 seconds.
  path: Assets/Import/Models/Weapons/Shotgun/meshes/Stylized Shotgun by Jungle Jim_gameasset_gameasset_Stylized Shotgun by Jungle Jim_gameasset_gameasset_Mat_1_0_0_0.asset
  artifactKey: Guid(a8e37a6bbc431c34cb55e3633c7dad21) Importer(2089858483,b0f066a214c2f5e87bad3c948f4d605d)
Start importing Assets/Import/Models/Weapons/Shotgun/meshes/Stylized Shotgun by Jungle Jim_gameasset_gameasset_Stylized Shotgun by Jungle Jim_gameasset_gameasset_Mat_1_0_0_0.asset using Guid(a8e37a6bbc431c34cb55e3633c7dad21) Importer(2089858483,b0f066a214c2f5e87bad3c948f4d605d) (ScriptedImporter) -> (artifact id: '948fc8a7a95e1200d2bf0e3092544aa3') in 0.1172845 seconds
Number of updated asset objects reloaded before import = 0Number of asset objects unloaded after import = 1

========================================================================
Received Import Request.
  Time since last request: 0.000020 seconds.
  path: Assets/Import/Models/Weapons/RaidenSword/meshes/_low_Material_0_0_0.asset
  artifactKey: Guid(80fe354c3c5411b4a9bf82587f39d7e7) Importer(2089858483,b0f066a214c2f5e87bad3c948f4d605d)
Start importing Assets/Import/Models/Weapons/RaidenSword/meshes/_low_Material_0_0_0.asset using Guid(80fe354c3c5411b4a9bf82587f39d7e7) Importer(2089858483,b0f066a214c2f5e87bad3c948f4d605d) (ScriptedImporter) -> (artifact id: 'a2319eee9824e132d3c5bb0a6620998d') in 0.0261371 seconds
Number of updated asset objects reloaded before import = 0Number of asset objects unloaded after import = 1

========================================================================
Received Import Request.
  Time since last request: 0.000024 seconds.
  path: Assets/Import/Models/Weapons/Shotgun/textures/Stylized_Shotgun_by_Jungle_Jim_gameasset_gameasset_Mat_1_metallicRoughness_1_metal.png
  artifactKey: Guid(2e67e80755fc2814b9759a6c98ed6413) Importer(2089858483,b0f066a214c2f5e87bad3c948f4d605d)
Start importing Assets/Import/Models/Weapons/Shotgun/textures/Stylized_Shotgun_by_Jungle_Jim_gameasset_gameasset_Mat_1_metallicRoughness_1_metal.png using Guid(2e67e80755fc2814b9759a6c98ed6413) Importer(2089858483,b0f066a214c2f5e87bad3c948f4d605d) (ScriptedImporter) -> (artifact id: 'b5aa7e67549b14708ecf314043c9b38d') in 0.0285493 seconds
Number of updated asset objects reloaded before import = 0Number of asset objects unloaded after import = 1

========================================================================
Received Import Request.
  Time since last request: 0.000043 seconds.
  path: Assets/Import/Models/Weapons/Shotgun/meshes/Stylized Shotgun by Jungle Jim_gameasset_gameasset_Stylized Shotgun by Jungle Jim_gameasset_gameasset_Mat_1_0_2_0.asset
  artifactKey: Guid(84189a011b37726499beb9ccf9991a9b) Importer(2089858483,b0f066a214c2f5e87bad3c948f4d605d)
Start importing Assets/Import/Models/Weapons/Shotgun/meshes/Stylized Shotgun by Jungle Jim_gameasset_gameasset_Stylized Shotgun by Jungle Jim_gameasset_gameasset_Mat_1_0_2_0.asset using Guid(84189a011b37726499beb9ccf9991a9b) Importer(2089858483,b0f066a214c2f5e87bad3c948f4d605d) (ScriptedImporter) -> (artifact id: 'd2649fde3cd9dfde533a828f26f7e36b') in 0.1271641 seconds
Number of updated asset objects reloaded before import = 0Number of asset objects unloaded after import = 1

========================================================================
Received Import Request.
  Time since last request: 0.000081 seconds.
  path: Assets/Import/Models/Weapons/Shotgun/textures/Stylized_Shotgun_by_Jungle_Jim_gameasset_gameasset_Mat_1_emissive_2.png
  artifactKey: Guid(1549b8cb4c081a04591f9dc60c2e21e6) Importer(2089858483,b0f066a214c2f5e87bad3c948f4d605d)
Start importing Assets/Import/Models/Weapons/Shotgun/textures/Stylized_Shotgun_by_Jungle_Jim_gameasset_gameasset_Mat_1_emissive_2.png using Guid(1549b8cb4c081a04591f9dc60c2e21e6) Importer(2089858483,b0f066a214c2f5e87bad3c948f4d605d) (ScriptedImporter) -> (artifact id: '2fb5facd1bbfdde7032ba986157a0ebf') in 0.0279326 seconds
Number of updated asset objects reloaded before import = 0Number of asset objects unloaded after import = 1

========================================================================
Received Import Request.
  Time since last request: 0.000043 seconds.
  path: Assets/Import/Models/Weapons/Shotgun/textures/Stylized_Shotgun_by_Jungle_Jim_gameasset_gameasset_Mat_1_metallicRoughness_1.png
  artifactKey: Guid(6d21f397f1b1c114e9bcf7b5b046051d) Importer(2089858483,b0f066a214c2f5e87bad3c948f4d605d)
Start importing Assets/Import/Models/Weapons/Shotgun/textures/Stylized_Shotgun_by_Jungle_Jim_gameasset_gameasset_Mat_1_metallicRoughness_1.png using Guid(6d21f397f1b1c114e9bcf7b5b046051d) Importer(2089858483,b0f066a214c2f5e87bad3c948f4d605d) (ScriptedImporter) -> (artifact id: '29742885f2568032e9bf385fa1cae2d5') in 0.0311879 seconds
Number of updated asset objects reloaded before import = 0Number of asset objects unloaded after import = 1

========================================================================
Received Import Request.
  Time since last request: 0.000025 seconds.
  path: Assets/Import/Models/Locations/SciFi Warehouse Kit/Art/Materials/Light Fixture Mat.mat
  artifactKey: Guid(bb2d88d2112f74d4b8dfef23a4b5d31d) Importer(2089858483,b0f066a214c2f5e87bad3c948f4d605d)
Start importing Assets/Import/Models/Locations/SciFi Warehouse Kit/Art/Materials/Light Fixture Mat.mat using Guid(bb2d88d2112f74d4b8dfef23a4b5d31d) Importer(2089858483,b0f066a214c2f5e87bad3c948f4d605d) (ScriptedImporter) -> (artifact id: '992a112ba23b885ba5be367aedbbd2c7') in 0.0346738 seconds
Number of updated asset objects reloaded before import = 0Number of asset objects unloaded after import = 3

========================================================================
Received Import Request.
  Time since last request: 0.000040 seconds.
  path: Assets/Import/Models/Locations/SciFi Warehouse Kit/Art/Materials/Cart Mat.mat
  artifactKey: Guid(baab5468dbdb114448b307048c9006a8) Importer(2089858483,b0f066a214c2f5e87bad3c948f4d605d)
Start importing Assets/Import/Models/Locations/SciFi Warehouse Kit/Art/Materials/Cart Mat.mat using Guid(baab5468dbdb114448b307048c9006a8) Importer(2089858483,b0f066a214c2f5e87bad3c948f4d605d) (ScriptedImporter) -> (artifact id: '20dbc10e15405903e37406d3919e20d6') in 0.0322051 seconds
Number of updated asset objects reloaded before import = 0Number of asset objects unloaded after import = 3

========================================================================
Received Import Request.
  Time since last request: 0.000060 seconds.
  path: Assets/Import/Models/Locations/SciFi Warehouse Kit/Art/Materials/barrel_s.mat
  artifactKey: Guid(61618e2271b3bdb47b5b4c628d9b092c) Importer(2089858483,b0f066a214c2f5e87bad3c948f4d605d)
Start importing Assets/Import/Models/Locations/SciFi Warehouse Kit/Art/Materials/barrel_s.mat using Guid(61618e2271b3bdb47b5b4c628d9b092c) Importer(2089858483,b0f066a214c2f5e87bad3c948f4d605d) (ScriptedImporter) -> (artifact id: '2500e5fb6b2a4f51a008962c30302c55') in 0.0216516 seconds
Number of updated asset objects reloaded before import = 0Number of asset objects unloaded after import = 2

========================================================================
Received Import Request.
  Time since last request: 0.000027 seconds.
  path: Assets/Import/Models/Locations/SciFi Warehouse Kit/Art/Materials/Crate Short Mat.mat
  artifactKey: Guid(c133acdb4b757304cac42731a69f5d7a) Importer(2089858483,b0f066a214c2f5e87bad3c948f4d605d)
Start importing Assets/Import/Models/Locations/SciFi Warehouse Kit/Art/Materials/Crate Short Mat.mat using Guid(c133acdb4b757304cac42731a69f5d7a) Importer(2089858483,b0f066a214c2f5e87bad3c948f4d605d) (ScriptedImporter) -> (artifact id: '240cb0b383a15a678e80ea72f77b74db') in 0.0320936 seconds
Number of updated asset objects reloaded before import = 0Number of asset objects unloaded after import = 3

========================================================================
Received Import Request.
  Time since last request: 0.000042 seconds.
  path: Assets/Import/Models/Locations/SciFi Warehouse Kit/Art/Materials/Stairs Mat.mat
  artifactKey: Guid(8c4847c8d50a57747abfb7f8b3da7863) Importer(2089858483,b0f066a214c2f5e87bad3c948f4d605d)
Start importing Assets/Import/Models/Locations/SciFi Warehouse Kit/Art/Materials/Stairs Mat.mat using Guid(8c4847c8d50a57747abfb7f8b3da7863) Importer(2089858483,b0f066a214c2f5e87bad3c948f4d605d) (ScriptedImporter) -> (artifact id: 'cfcc428a8412b984d393e36736e6c2e5') in 0.0361252 seconds
Number of updated asset objects reloaded before import = 0Number of asset objects unloaded after import = 3

========================================================================
Received Import Request.
  Time since last request: 0.000039 seconds.
  path: Assets/Import/Models/Locations/SciFi Warehouse Kit/Art/Textures/barrel_n.png
  artifactKey: Guid(5541caacf9b1603498d5df299b5b9254) Importer(2089858483,b0f066a214c2f5e87bad3c948f4d605d)
Start importing Assets/Import/Models/Locations/SciFi Warehouse Kit/Art/Textures/barrel_n.png using Guid(5541caacf9b1603498d5df299b5b9254) Importer(2089858483,b0f066a214c2f5e87bad3c948f4d605d) (ScriptedImporter) -> (artifact id: '50bc94b3a221b6cc56c5e959b0129867') in 0.0329348 seconds
Number of updated asset objects reloaded before import = 0Number of asset objects unloaded after import = 1

========================================================================
Received Import Request.
  Time since last request: 0.000027 seconds.
  path: Assets/Import/Models/Locations/SciFi Warehouse Kit/Art/Materials/Security Cam Mat.mat
  artifactKey: Guid(73af2581c8439614db43aad4500fa480) Importer(2089858483,b0f066a214c2f5e87bad3c948f4d605d)
Start importing Assets/Import/Models/Locations/SciFi Warehouse Kit/Art/Materials/Security Cam Mat.mat using Guid(73af2581c8439614db43aad4500fa480) Importer(2089858483,b0f066a214c2f5e87bad3c948f4d605d) (ScriptedImporter) -> (artifact id: 'ff3b3c945a582dd322dd309e79bb1f0f') in 0.0267097 seconds
Number of updated asset objects reloaded before import = 0Number of asset objects unloaded after import = 3

========================================================================
Received Import Request.
  Time since last request: 0.000029 seconds.
  path: Assets/Import/Models/Locations/SciFi Warehouse Kit/Art/Materials/Bay Door Mat.mat
  artifactKey: Guid(539deafe5793ec347a4a6f6754e3393c) Importer(2089858483,b0f066a214c2f5e87bad3c948f4d605d)
Start importing Assets/Import/Models/Locations/SciFi Warehouse Kit/Art/Materials/Bay Door Mat.mat using Guid(539deafe5793ec347a4a6f6754e3393c) Importer(2089858483,b0f066a214c2f5e87bad3c948f4d605d) (ScriptedImporter) -> (artifact id: 'e4a67eded3ec4ff880560470d4f26370') in 0.0305534 seconds
Number of updated asset objects reloaded before import = 0Number of asset objects unloaded after import = 3

========================================================================
Received Import Request.
  Time since last request: 0.000042 seconds.
  path: Assets/Import/Models/Locations/SciFi Warehouse Kit/Art/Textures/bay_door_a.png
  artifactKey: Guid(0803de6fb69eb4640bf630942f58b5fc) Importer(2089858483,b0f066a214c2f5e87bad3c948f4d605d)
Start importing Assets/Import/Models/Locations/SciFi Warehouse Kit/Art/Textures/bay_door_a.png using Guid(0803de6fb69eb4640bf630942f58b5fc) Importer(2089858483,b0f066a214c2f5e87bad3c948f4d605d) (ScriptedImporter) -> (artifact id: '46f1bab6747cff9682c6cfa66d327cdf') in 0.0275921 seconds
Number of updated asset objects reloaded before import = 0Number of asset objects unloaded after import = 1

========================================================================
Received Import Request.
  Time since last request: 0.000036 seconds.
  path: Assets/Import/Models/Locations/SciFi Warehouse Kit/Art/Textures/cart_n.png
  artifactKey: Guid(6e5b659e8ac295047987efbe80ab96dd) Importer(2089858483,b0f066a214c2f5e87bad3c948f4d605d)
Start importing Assets/Import/Models/Locations/SciFi Warehouse Kit/Art/Textures/cart_n.png using Guid(6e5b659e8ac295047987efbe80ab96dd) Importer(2089858483,b0f066a214c2f5e87bad3c948f4d605d) (ScriptedImporter) -> (artifact id: '855a087c80b06bff8ea6eed434b90ba6') in 0.030572 seconds
Number of updated asset objects reloaded before import = 0Number of asset objects unloaded after import = 1

========================================================================
Received Import Request.
  Time since last request: 0.000024 seconds.
  path: Assets/Import/Models/Locations/SciFi Warehouse Kit/Art/Textures/crate_long_n.png
  artifactKey: Guid(eec563fe86a1585419e6bff27e4dfb68) Importer(2089858483,b0f066a214c2f5e87bad3c948f4d605d)
Start importing Assets/Import/Models/Locations/SciFi Warehouse Kit/Art/Textures/crate_long_n.png using Guid(eec563fe86a1585419e6bff27e4dfb68) Importer(2089858483,b0f066a214c2f5e87bad3c948f4d605d) (ScriptedImporter) -> (artifact id: '65693e78fe269a7646106fc43bc0165f') in 0.028253 seconds
Number of updated asset objects reloaded before import = 0Number of asset objects unloaded after import = 1

========================================================================
Received Import Request.
  Time since last request: 0.000033 seconds.
  path: Assets/Import/Models/Locations/SciFi Warehouse Kit/Art/Textures/cart_a.png
  artifactKey: Guid(383fa6f8d555fc94e948a2d49cc5b624) Importer(2089858483,b0f066a214c2f5e87bad3c948f4d605d)
Start importing Assets/Import/Models/Locations/SciFi Warehouse Kit/Art/Textures/cart_a.png using Guid(383fa6f8d555fc94e948a2d49cc5b624) Importer(2089858483,b0f066a214c2f5e87bad3c948f4d605d) (ScriptedImporter) -> (artifact id: '129d803be0eaaa41b34ebc5344d000d0') in 0.0307325 seconds
Number of updated asset objects reloaded before import = 0Number of asset objects unloaded after import = 1

========================================================================
Received Import Request.
  Time since last request: 0.000031 seconds.
  path: Assets/Import/Models/Locations/YakuzaHelipad/textures/Material.021_baseColor_54.png
  artifactKey: Guid(0e7e5ec2d3a310146bbc33a87a1025dc) Importer(2089858483,b0f066a214c2f5e87bad3c948f4d605d)
Start importing Assets/Import/Models/Locations/YakuzaHelipad/textures/Material.021_baseColor_54.png using Guid(0e7e5ec2d3a310146bbc33a87a1025dc) Importer(2089858483,b0f066a214c2f5e87bad3c948f4d605d) (ScriptedImporter) -> (artifact id: '0f6e2504b467d181703fe1f14389ea49') in 0.0236937 seconds
Number of updated asset objects reloaded before import = 0Number of asset objects unloaded after import = 1

========================================================================
Received Import Request.
  Time since last request: 0.000029 seconds.
  path: Assets/Import/Models/Locations/SciFi Warehouse Kit/Art/Textures/fan_s.png
  artifactKey: Guid(745d7a9614b139e459f2caa087db58e3) Importer(2089858483,b0f066a214c2f5e87bad3c948f4d605d)
Start importing Assets/Import/Models/Locations/SciFi Warehouse Kit/Art/Textures/fan_s.png using Guid(745d7a9614b139e459f2caa087db58e3) Importer(2089858483,b0f066a214c2f5e87bad3c948f4d605d) (ScriptedImporter) -> (artifact id: '823d10fb366a3206b4e1c83809ea5826') in 0.0301118 seconds
Number of updated asset objects reloaded before import = 0Number of asset objects unloaded after import = 1

========================================================================
Received Import Request.
  Time since last request: 0.000041 seconds.
  path: Assets/Import/Models/Locations/SciFi Warehouse Kit/Art/Textures/extinguisher_n.png
  artifactKey: Guid(34c2ef1ae4e13fd4f909be4cb80e2641) Importer(2089858483,b0f066a214c2f5e87bad3c948f4d605d)
Start importing Assets/Import/Models/Locations/SciFi Warehouse Kit/Art/Textures/extinguisher_n.png using Guid(34c2ef1ae4e13fd4f909be4cb80e2641) Importer(2089858483,b0f066a214c2f5e87bad3c948f4d605d) (ScriptedImporter) -> (artifact id: '2e04665fcc821090dbc6853ea16797d4') in 0.0300396 seconds
Number of updated asset objects reloaded before import = 0Number of asset objects unloaded after import = 1

========================================================================
Received Import Request.
  Time since last request: 0.000023 seconds.
  path: Assets/Import/Models/Locations/SciFi Warehouse Kit/Art/Textures/fan_n.png
  artifactKey: Guid(3e5b45c25b7eed74880f8f97805917af) Importer(2089858483,b0f066a214c2f5e87bad3c948f4d605d)
Start importing Assets/Import/Models/Locations/SciFi Warehouse Kit/Art/Textures/fan_n.png using Guid(3e5b45c25b7eed74880f8f97805917af) Importer(2089858483,b0f066a214c2f5e87bad3c948f4d605d) (ScriptedImporter) -> (artifact id: 'ad828d8cc552a136a03495b9a0ee4403') in 0.0295239 seconds
Number of updated asset objects reloaded before import = 0Number of asset objects unloaded after import = 1

========================================================================
Received Import Request.
  Time since last request: 0.000028 seconds.
  path: Assets/Import/Models/Locations/SciFi Warehouse Kit/Art/Textures/fan_a.png
  artifactKey: Guid(206d9affd43fc0040b238f5d9543f82f) Importer(2089858483,b0f066a214c2f5e87bad3c948f4d605d)
Start importing Assets/Import/Models/Locations/SciFi Warehouse Kit/Art/Textures/fan_a.png using Guid(206d9affd43fc0040b238f5d9543f82f) Importer(2089858483,b0f066a214c2f5e87bad3c948f4d605d) (ScriptedImporter) -> (artifact id: 'a35170236164b07eb00a828727fb8bc5') in 0.0317957 seconds
Number of updated asset objects reloaded before import = 0Number of asset objects unloaded after import = 1

========================================================================
Received Import Request.
  Time since last request: 0.000049 seconds.
  path: Assets/FastScriptReload/Scripts/Editor/Compilation/McsExeDynamicCompilation.cs
  artifactKey: Guid(5a359917ce85466389622feaf196d024) Importer(2089858483,b0f066a214c2f5e87bad3c948f4d605d)
Start importing Assets/FastScriptReload/Scripts/Editor/Compilation/McsExeDynamicCompilation.cs using Guid(5a359917ce85466389622feaf196d024) Importer(2089858483,b0f066a214c2f5e87bad3c948f4d605d) (ScriptedImporter) -> (artifact id: '30a7403e8f49a45f60a027c0d638421f') in 0.0104509 seconds
Number of updated asset objects reloaded before import = 0Number of asset objects unloaded after import = 0

========================================================================
Received Import Request.
  Time since last request: 0.000024 seconds.
  path: Assets/Import/Models/Locations/SciFi Warehouse Kit/Art/Textures/pallet_n.png
  artifactKey: Guid(89274ab2b7de2fa438e1b94cc45e70ca) Importer(2089858483,b0f066a214c2f5e87bad3c948f4d605d)
Start importing Assets/Import/Models/Locations/SciFi Warehouse Kit/Art/Textures/pallet_n.png using Guid(89274ab2b7de2fa438e1b94cc45e70ca) Importer(2089858483,b0f066a214c2f5e87bad3c948f4d605d) (ScriptedImporter) -> (artifact id: 'd36afa50bea572a1d76027f9699762d8') in 0.0325539 seconds
Number of updated asset objects reloaded before import = 0Number of asset objects unloaded after import = 1

========================================================================
Received Import Request.
  Time since last request: 0.000027 seconds.
  path: Assets/Import/Models/Locations/SciFi Warehouse Kit/Art/Textures/pallet_s.png
  artifactKey: Guid(11eb960e0d61abe43a24da4fbf019197) Importer(2089858483,b0f066a214c2f5e87bad3c948f4d605d)
Start importing Assets/Import/Models/Locations/SciFi Warehouse Kit/Art/Textures/pallet_s.png using Guid(11eb960e0d61abe43a24da4fbf019197) Importer(2089858483,b0f066a214c2f5e87bad3c948f4d605d) (ScriptedImporter) -> (artifact id: '67dc09ea508a612a220e880e186b984c') in 0.0299395 seconds
Number of updated asset objects reloaded before import = 0Number of asset objects unloaded after import = 1

========================================================================
Received Import Request.
  Time since last request: 0.000035 seconds.
  path: Assets/Import/Models/Locations/SciFi Warehouse Kit/Art/Textures/security_cam_r.png
  artifactKey: Guid(5a9abbaa4d9e6844ebc282cd137b179e) Importer(2089858483,b0f066a214c2f5e87bad3c948f4d605d)
Start importing Assets/Import/Models/Locations/SciFi Warehouse Kit/Art/Textures/security_cam_r.png using Guid(5a9abbaa4d9e6844ebc282cd137b179e) Importer(2089858483,b0f066a214c2f5e87bad3c948f4d605d) (ScriptedImporter) -> (artifact id: '923b967b971b69f19e10c6116f6d80a8') in 0.0298558 seconds
Number of updated asset objects reloaded before import = 0Number of asset objects unloaded after import = 1

========================================================================
Received Import Request.
  Time since last request: 0.000031 seconds.
  path: Assets/Import/Models/Locations/SciFi Warehouse Kit/Art/Textures/garbage_bin_n.png
  artifactKey: Guid(7ba2dae2f9a53c84ca1e5b2fbcfdfdd9) Importer(2089858483,b0f066a214c2f5e87bad3c948f4d605d)
Start importing Assets/Import/Models/Locations/SciFi Warehouse Kit/Art/Textures/garbage_bin_n.png using Guid(7ba2dae2f9a53c84ca1e5b2fbcfdfdd9) Importer(2089858483,b0f066a214c2f5e87bad3c948f4d605d) (ScriptedImporter) -> (artifact id: '230bba8ccc7fd86cd2c50e976cc64fda') in 0.0293627 seconds
Number of updated asset objects reloaded before import = 0Number of asset objects unloaded after import = 1

========================================================================
Received Import Request.
  Time since last request: 0.000036 seconds.
  path: Assets/Import/Models/Locations/SciFi Warehouse Kit/Art/Textures/structure_props_a.png
  artifactKey: Guid(d323d35d0f47e0444afc48f7d9866119) Importer(2089858483,b0f066a214c2f5e87bad3c948f4d605d)
Start importing Assets/Import/Models/Locations/SciFi Warehouse Kit/Art/Textures/structure_props_a.png using Guid(d323d35d0f47e0444afc48f7d9866119) Importer(2089858483,b0f066a214c2f5e87bad3c948f4d605d) (ScriptedImporter) -> (artifact id: '02e9d003e555802d2108838729fa00b6') in 0.0309948 seconds
Number of updated asset objects reloaded before import = 0Number of asset objects unloaded after import = 1

========================================================================
Received Import Request.
  Time since last request: 0.000044 seconds.
  path: Assets/Import/Models/Locations/SciFi Warehouse Kit/Art/Textures/walkway_a.png
  artifactKey: Guid(b1d10b3c41983df4088e3f1500765ae6) Importer(2089858483,b0f066a214c2f5e87bad3c948f4d605d)
Start importing Assets/Import/Models/Locations/SciFi Warehouse Kit/Art/Textures/walkway_a.png using Guid(b1d10b3c41983df4088e3f1500765ae6) Importer(2089858483,b0f066a214c2f5e87bad3c948f4d605d) (ScriptedImporter) -> (artifact id: '54285584e10bc0ecad809c1c1bdaa074') in 0.0383803 seconds
Number of updated asset objects reloaded before import = 0Number of asset objects unloaded after import = 1

========================================================================
Received Import Request.
  Time since last request: 0.000023 seconds.
  path: Assets/Import/Models/Locations/SciFi Warehouse Kit/Art/Textures/stairs_s.png
  artifactKey: Guid(136fee9638b763b40a19703de2f8a96f) Importer(2089858483,b0f066a214c2f5e87bad3c948f4d605d)
Start importing Assets/Import/Models/Locations/SciFi Warehouse Kit/Art/Textures/stairs_s.png using Guid(136fee9638b763b40a19703de2f8a96f) Importer(2089858483,b0f066a214c2f5e87bad3c948f4d605d) (ScriptedImporter) -> (artifact id: '89dea15720994cb7ae227fe0f6079788') in 0.0337077 seconds
Number of updated asset objects reloaded before import = 0Number of asset objects unloaded after import = 1

========================================================================
Received Import Request.
  Time since last request: 0.000033 seconds.
  path: Assets/Import/Models/Locations/SciFi Warehouse Kit/Art/Textures/structure_props_e.png
  artifactKey: Guid(a6f7cf1bc70b23542ad05910e18b046f) Importer(2089858483,b0f066a214c2f5e87bad3c948f4d605d)
Start importing Assets/Import/Models/Locations/SciFi Warehouse Kit/Art/Textures/structure_props_e.png using Guid(a6f7cf1bc70b23542ad05910e18b046f) Importer(2089858483,b0f066a214c2f5e87bad3c948f4d605d) (ScriptedImporter) -> (artifact id: 'e561d2a7b50e4a3f34ff005714508c45') in 0.0257901 seconds
Number of updated asset objects reloaded before import = 0Number of asset objects unloaded after import = 1

========================================================================
Received Import Request.
  Time since last request: 0.000040 seconds.
  path: Assets/Import/Models/Locations/SciFi Warehouse Kit/Demo/Audio/Music/upbeatfuture.wav
  artifactKey: Guid(2de937b859f59354db74282032b23fa9) Importer(2089858483,b0f066a214c2f5e87bad3c948f4d605d)
Start importing Assets/Import/Models/Locations/SciFi Warehouse Kit/Demo/Audio/Music/upbeatfuture.wav using Guid(2de937b859f59354db74282032b23fa9) Importer(2089858483,b0f066a214c2f5e87bad3c948f4d605d) (ScriptedImporter) -> (artifact id: 'a6dee6dae59c5ee07c2171089fdc8540') in 0.2505275 seconds
Number of updated asset objects reloaded before import = 0Number of asset objects unloaded after import = 1

========================================================================
Received Import Request.
  Time since last request: 0.000030 seconds.
  path: Assets/Import/Models/Locations/SciFi Warehouse Kit/Demo/Scene/SciFi_Warehouse.unity
  artifactKey: Guid(04ba57353b4f0284686265d3d150c23c) Importer(2089858483,b0f066a214c2f5e87bad3c948f4d605d)
Start importing Assets/Import/Models/Locations/SciFi Warehouse Kit/Demo/Scene/SciFi_Warehouse.unity using Guid(04ba57353b4f0284686265d3d150c23c) Importer(2089858483,b0f066a214c2f5e87bad3c948f4d605d) (ScriptedImporter) -> (artifact id: '839360245fc908310d3a2535a2ab70bb') in 0.0671494 seconds
Number of updated asset objects reloaded before import = 0Number of asset objects unloaded after import = 1

========================================================================
Received Import Request.
  Time since last request: 0.000041 seconds.
  path: Assets/Import/Models/Locations/SciFi Warehouse Kit/Art/Textures/wall_light_a.png
  artifactKey: Guid(5c1fd87ceca3aac4faa8f55e23b4e0ae) Importer(2089858483,b0f066a214c2f5e87bad3c948f4d605d)
Start importing Assets/Import/Models/Locations/SciFi Warehouse Kit/Art/Textures/wall_light_a.png using Guid(5c1fd87ceca3aac4faa8f55e23b4e0ae) Importer(2089858483,b0f066a214c2f5e87bad3c948f4d605d) (ScriptedImporter) -> (artifact id: 'b69b0845202f2996c1857f17536fc538') in 0.0287319 seconds
Number of updated asset objects reloaded before import = 0Number of asset objects unloaded after import = 1

========================================================================
Received Import Request.
  Time since last request: 0.000032 seconds.
  path: Assets/Import/Models/Locations/SciFi Warehouse Kit/Prefabs/Props/Crates Barrels Pallets/Pallet.prefab
  artifactKey: Guid(528f6c40ba01da34f96f492e501fd927) Importer(2089858483,b0f066a214c2f5e87bad3c948f4d605d)
Start importing Assets/Import/Models/Locations/SciFi Warehouse Kit/Prefabs/Props/Crates Barrels Pallets/Pallet.prefab using Guid(528f6c40ba01da34f96f492e501fd927) Importer(2089858483,b0f066a214c2f5e87bad3c948f4d605d) (ScriptedImporter) -> (artifact id: '2d71a5bceddd79ea2b839f569931c3dc') in 0.0223935 seconds
Number of updated asset objects reloaded before import = 0Number of asset objects unloaded after import = 9

========================================================================
Received Import Request.
  Time since last request: 0.000028 seconds.
  path: Assets/Import/Models/Locations/SciFi Warehouse Kit/Demo/Audio/SFX/enginestart.wav
  artifactKey: Guid(ec5ec348a6635df45b23a70c45d3ae7a) Importer(2089858483,b0f066a214c2f5e87bad3c948f4d605d)
Start importing Assets/Import/Models/Locations/SciFi Warehouse Kit/Demo/Audio/SFX/enginestart.wav using Guid(ec5ec348a6635df45b23a70c45d3ae7a) Importer(2089858483,b0f066a214c2f5e87bad3c948f4d605d) (ScriptedImporter) -> (artifact id: 'd7d85ff4fe240d1c9c0f90ca262ede8e') in 0.138318 seconds
Number of updated asset objects reloaded before import = 0Number of asset objects unloaded after import = 1

========================================================================
Received Import Request.
  Time since last request: 0.000042 seconds.
  path: Assets/Import/Models/Locations/SciFi Warehouse Kit/Demo/Audio/SFX/wompwomp.wav
  artifactKey: Guid(fae646e294e83b8429734823243ff0c9) Importer(2089858483,b0f066a214c2f5e87bad3c948f4d605d)
Start importing Assets/Import/Models/Locations/SciFi Warehouse Kit/Demo/Audio/SFX/wompwomp.wav using Guid(fae646e294e83b8429734823243ff0c9) Importer(2089858483,b0f066a214c2f5e87bad3c948f4d605d) (ScriptedImporter) -> (artifact id: 'a800def55ddd24b8f8eb41bd2a49a363') in 0.1491688 seconds
Number of updated asset objects reloaded before import = 0Number of asset objects unloaded after import = 1

========================================================================
Received Import Request.
  Time since last request: 0.000044 seconds.
  path: Assets/Import/Models/Locations/SciFi Warehouse Kit/Prefabs/Props/Misc Props/Security Cam.prefab
  artifactKey: Guid(e16cc1b8be9796744b8e44545a6aca19) Importer(2089858483,b0f066a214c2f5e87bad3c948f4d605d)
Start importing Assets/Import/Models/Locations/SciFi Warehouse Kit/Prefabs/Props/Misc Props/Security Cam.prefab using Guid(e16cc1b8be9796744b8e44545a6aca19) Importer(2089858483,b0f066a214c2f5e87bad3c948f4d605d) (ScriptedImporter) -> (artifact id: '4464d3a094e81544fb5e7b66bfd86890') in 0.0234114 seconds
Number of updated asset objects reloaded before import = 0Number of asset objects unloaded after import = 8

========================================================================
Received Import Request.
  Time since last request: 0.000046 seconds.
  path: Assets/Import/Models/Locations/SciFi Warehouse Kit/Prefabs/Props/Ducts/Duct Vent.prefab
  artifactKey: Guid(573ef1f633878a64f8caef594c1c31d5) Importer(2089858483,b0f066a214c2f5e87bad3c948f4d605d)
Start importing Assets/Import/Models/Locations/SciFi Warehouse Kit/Prefabs/Props/Ducts/Duct Vent.prefab using Guid(573ef1f633878a64f8caef594c1c31d5) Importer(2089858483,b0f066a214c2f5e87bad3c948f4d605d) (ScriptedImporter) -> (artifact id: '1373854748b35ad5f63ec8058c16791b') in 0.0241596 seconds
Number of updated asset objects reloaded before import = 0Number of asset objects unloaded after import = 9

========================================================================
Received Import Request.
  Time since last request: 0.000023 seconds.
  path: Assets/Import/Models/Locations/SciFi Warehouse Kit/Prefabs/Props/Ducts/Duct Elbow 01.prefab
  artifactKey: Guid(ead50481603138344b8c40cf80a27232) Importer(2089858483,b0f066a214c2f5e87bad3c948f4d605d)
Start importing Assets/Import/Models/Locations/SciFi Warehouse Kit/Prefabs/Props/Ducts/Duct Elbow 01.prefab using Guid(ead50481603138344b8c40cf80a27232) Importer(2089858483,b0f066a214c2f5e87bad3c948f4d605d) (ScriptedImporter) -> (artifact id: 'eba88bce02dffa4cfbdff4f3ed7fcd5b') in 0.0231102 seconds
Number of updated asset objects reloaded before import = 0Number of asset objects unloaded after import = 9

========================================================================
Received Import Request.
  Time since last request: 0.000027 seconds.
  path: Assets/Import/Models/Locations/SciFi Warehouse Kit/Art/Textures/walls_r.png
  artifactKey: Guid(74784f858e1a70842a44ed79e28364fe) Importer(2089858483,b0f066a214c2f5e87bad3c948f4d605d)
Start importing Assets/Import/Models/Locations/SciFi Warehouse Kit/Art/Textures/walls_r.png using Guid(74784f858e1a70842a44ed79e28364fe) Importer(2089858483,b0f066a214c2f5e87bad3c948f4d605d) (ScriptedImporter) -> (artifact id: '483d49b9e108d15dfe0d9fece3689b19') in 0.0282745 seconds
Number of updated asset objects reloaded before import = 0Number of asset objects unloaded after import = 1

========================================================================
Received Import Request.
  Time since last request: 0.000036 seconds.
  path: Assets/Import/Models/Locations/SciFi Warehouse Kit/Prefabs/Props/Shelves/Shelf Variation 04.prefab
  artifactKey: Guid(5b83660a4c6176b41bfec1b7029c6597) Importer(2089858483,b0f066a214c2f5e87bad3c948f4d605d)
Start importing Assets/Import/Models/Locations/SciFi Warehouse Kit/Prefabs/Props/Shelves/Shelf Variation 04.prefab using Guid(5b83660a4c6176b41bfec1b7029c6597) Importer(2089858483,b0f066a214c2f5e87bad3c948f4d605d) (ScriptedImporter) -> (artifact id: '7a21dd717dfa17a8b2b41f81c83d06ec') in 0.0173372 seconds
Number of updated asset objects reloaded before import = 0Number of asset objects unloaded after import = 182

========================================================================
Received Import Request.
  Time since last request: 0.000025 seconds.
  path: Assets/Import/Models/Locations/SciFi Warehouse Kit/Prefabs/Structures/Catwalk/Catwalk Rails Long.prefab
  artifactKey: Guid(4e661a4b9cf2fac4dbc610ceb59e77b8) Importer(2089858483,b0f066a214c2f5e87bad3c948f4d605d)
Start importing Assets/Import/Models/Locations/SciFi Warehouse Kit/Prefabs/Structures/Catwalk/Catwalk Rails Long.prefab using Guid(4e661a4b9cf2fac4dbc610ceb59e77b8) Importer(2089858483,b0f066a214c2f5e87bad3c948f4d605d) (ScriptedImporter) -> (artifact id: '36db38965f2d1b5a30c1dd70f6eea9d3') in 0.0294837 seconds
Number of updated asset objects reloaded before import = 0Number of asset objects unloaded after import = 9

========================================================================
Received Import Request.
  Time since last request: 0.000028 seconds.
  path: Assets/Import/Models/Locations/SciFi Warehouse Kit/Prefabs/Props/Shelves/Shelf Variation 06.prefab
  artifactKey: Guid(cd855204aa12c124189ffacf02f440d2) Importer(2089858483,b0f066a214c2f5e87bad3c948f4d605d)
Start importing Assets/Import/Models/Locations/SciFi Warehouse Kit/Prefabs/Props/Shelves/Shelf Variation 06.prefab using Guid(cd855204aa12c124189ffacf02f440d2) Importer(2089858483,b0f066a214c2f5e87bad3c948f4d605d) (ScriptedImporter) -> (artifact id: '715978fb2c257432dca9f4ee0d491cca') in 0.0189014 seconds
Number of updated asset objects reloaded before import = 0Number of asset objects unloaded after import = 222

========================================================================
Received Import Request.
  Time since last request: 0.000035 seconds.
  path: Assets/Import/Models/Locations/SciFi Warehouse Kit/Prefabs/Structures/Catwalk/CatWalk Stairs Wide.prefab
  artifactKey: Guid(63d248e67db58c04aa37512e19848568) Importer(2089858483,b0f066a214c2f5e87bad3c948f4d605d)
Start importing Assets/Import/Models/Locations/SciFi Warehouse Kit/Prefabs/Structures/Catwalk/CatWalk Stairs Wide.prefab using Guid(63d248e67db58c04aa37512e19848568) Importer(2089858483,b0f066a214c2f5e87bad3c948f4d605d) (ScriptedImporter) -> (artifact id: 'f8ad6da246c6630be65e6ef22ff20aca') in 0.0151294 seconds
Number of updated asset objects reloaded before import = 0Number of asset objects unloaded after import = 22

========================================================================
Received Import Request.
  Time since last request: 0.000027 seconds.
  path: Assets/Import/Models/Locations/SciFi Warehouse Kit/Prefabs/Structures/Catwalk/Catwalk Pillar 02.prefab
  artifactKey: Guid(a157851e6c66e1545ae48d5a470cdc64) Importer(2089858483,b0f066a214c2f5e87bad3c948f4d605d)
Start importing Assets/Import/Models/Locations/SciFi Warehouse Kit/Prefabs/Structures/Catwalk/Catwalk Pillar 02.prefab using Guid(a157851e6c66e1545ae48d5a470cdc64) Importer(2089858483,b0f066a214c2f5e87bad3c948f4d605d) (ScriptedImporter) -> (artifact id: '4eb041506fa93fadf490165d7a8d10c9') in 0.0243861 seconds
Number of updated asset objects reloaded before import = 0Number of asset objects unloaded after import = 9

========================================================================
Received Import Request.
  Time since last request: 0.000036 seconds.
  path: Assets/Import/Models/Locations/SciFi Warehouse Kit/Prefabs/Structures/Corridors/Corridor Passthrough.prefab
  artifactKey: Guid(c4470bf28fca8044dab507d047e88c69) Importer(2089858483,b0f066a214c2f5e87bad3c948f4d605d)
Start importing Assets/Import/Models/Locations/SciFi Warehouse Kit/Prefabs/Structures/Corridors/Corridor Passthrough.prefab using Guid(c4470bf28fca8044dab507d047e88c69) Importer(2089858483,b0f066a214c2f5e87bad3c948f4d605d) (ScriptedImporter) -> (artifact id: 'f23cddf803464a29b07d8e6498d985a5') in 0.0138327 seconds
Number of updated asset objects reloaded before import = 0Number of asset objects unloaded after import = 33

========================================================================
Received Import Request.
  Time since last request: 0.000051 seconds.
  path: Assets/Import/Models/Locations/SciFi Warehouse Kit/Prefabs/Structures/Corridors/Corridor Deadend Window.prefab
  artifactKey: Guid(4f1819ea97fb2c147a2281df45df2ea7) Importer(2089858483,b0f066a214c2f5e87bad3c948f4d605d)
Start importing Assets/Import/Models/Locations/SciFi Warehouse Kit/Prefabs/Structures/Corridors/Corridor Deadend Window.prefab using Guid(4f1819ea97fb2c147a2281df45df2ea7) Importer(2089858483,b0f066a214c2f5e87bad3c948f4d605d) (ScriptedImporter) -> (artifact id: 'd161001c44c79cb1aedcd3ecae14c4c2') in 0.0152373 seconds
Number of updated asset objects reloaded before import = 0Number of asset objects unloaded after import = 20

========================================================================
Received Import Request.
  Time since last request: 0.000034 seconds.
  path: Assets/Import/Models/Locations/SciFi Warehouse Kit/Prefabs/Structures/Ceiling/Ceiling Skylight.prefab
  artifactKey: Guid(407e4e65456601c4ba66e0697b1c325c) Importer(2089858483,b0f066a214c2f5e87bad3c948f4d605d)
Start importing Assets/Import/Models/Locations/SciFi Warehouse Kit/Prefabs/Structures/Ceiling/Ceiling Skylight.prefab using Guid(407e4e65456601c4ba66e0697b1c325c) Importer(2089858483,b0f066a214c2f5e87bad3c948f4d605d) (ScriptedImporter) -> (artifact id: '9835b99a0b9089616bc148b8666aa8d3') in 0.0231321 seconds
Number of updated asset objects reloaded before import = 0Number of asset objects unloaded after import = 15

========================================================================
Received Import Request.
  Time since last request: 0.000026 seconds.
  path: Assets/Import/Models/Locations/SciFi Warehouse Kit/Prefabs/Structures/Corridors/Corridor Corner Lights.prefab
  artifactKey: Guid(0d9d85399f9310e458b966faa3d36bdb) Importer(2089858483,b0f066a214c2f5e87bad3c948f4d605d)
Start importing Assets/Import/Models/Locations/SciFi Warehouse Kit/Prefabs/Structures/Corridors/Corridor Corner Lights.prefab using Guid(0d9d85399f9310e458b966faa3d36bdb) Importer(2089858483,b0f066a214c2f5e87bad3c948f4d605d) (ScriptedImporter) -> (artifact id: '743155e96e8e48e18d73a561b3f7cf21') in 0.016204 seconds
Number of updated asset objects reloaded before import = 0Number of asset objects unloaded after import = 34

========================================================================
Received Import Request.
  Time since last request: 0.000061 seconds.
  path: Assets/Import/Models/Locations/SciFi Warehouse Kit/Prefabs/Structures/Corridors/Corridor Funnel.prefab
  artifactKey: Guid(5fe80adc9613d154d800b6453f8cdd3a) Importer(2089858483,b0f066a214c2f5e87bad3c948f4d605d)
Start importing Assets/Import/Models/Locations/SciFi Warehouse Kit/Prefabs/Structures/Corridors/Corridor Funnel.prefab using Guid(5fe80adc9613d154d800b6453f8cdd3a) Importer(2089858483,b0f066a214c2f5e87bad3c948f4d605d) (ScriptedImporter) -> (artifact id: 'd015489f3a6103b999f8215b5f0021bb') in 0.0173772 seconds
Number of updated asset objects reloaded before import = 0Number of asset objects unloaded after import = 37

========================================================================
Received Import Request.
  Time since last request: 0.000031 seconds.
  path: Assets/Import/Models/Locations/SciFi Warehouse Kit/Prefabs/Structures/Floor/Floor Tile 01.prefab
  artifactKey: Guid(cf8443763fc34314490f8a3e2f94dd37) Importer(2089858483,b0f066a214c2f5e87bad3c948f4d605d)
Start importing Assets/Import/Models/Locations/SciFi Warehouse Kit/Prefabs/Structures/Floor/Floor Tile 01.prefab using Guid(cf8443763fc34314490f8a3e2f94dd37) Importer(2089858483,b0f066a214c2f5e87bad3c948f4d605d) (ScriptedImporter) -> (artifact id: '56ae47280d8f3111a52465ff55a6adbd') in 0.0263708 seconds
Number of updated asset objects reloaded before import = 0Number of asset objects unloaded after import = 9

========================================================================
Received Import Request.
  Time since last request: 0.000032 seconds.
  path: Assets/Import/Models/Locations/SciFi Warehouse Kit/Prefabs/Structures/Structure Props/Pipes 02.prefab
  artifactKey: Guid(b091a5595b5f3e84c8aaa0f3b2bee8c4) Importer(2089858483,b0f066a214c2f5e87bad3c948f4d605d)
Start importing Assets/Import/Models/Locations/SciFi Warehouse Kit/Prefabs/Structures/Structure Props/Pipes 02.prefab using Guid(b091a5595b5f3e84c8aaa0f3b2bee8c4) Importer(2089858483,b0f066a214c2f5e87bad3c948f4d605d) (ScriptedImporter) -> (artifact id: '426d6d133dff07a54c736f93748d1c93') in 0.0264805 seconds
Number of updated asset objects reloaded before import = 0Number of asset objects unloaded after import = 8

========================================================================
Received Import Request.
  Time since last request: 0.000050 seconds.
  path: Assets/Import/Models/Locations/SciFi Warehouse Kit/Prefabs/Structures/Structure Props/Fusebox 02.prefab
  artifactKey: Guid(a1c3fdb86a0adcd46ab019295d74504c) Importer(2089858483,b0f066a214c2f5e87bad3c948f4d605d)
Start importing Assets/Import/Models/Locations/SciFi Warehouse Kit/Prefabs/Structures/Structure Props/Fusebox 02.prefab using Guid(a1c3fdb86a0adcd46ab019295d74504c) Importer(2089858483,b0f066a214c2f5e87bad3c948f4d605d) (ScriptedImporter) -> (artifact id: '6d8fc4a5b0004deebb4ffb57e0652c44') in 0.0282002 seconds
Number of updated asset objects reloaded before import = 0Number of asset objects unloaded after import = 9

========================================================================
Received Import Request.
  Time since last request: 0.000025 seconds.
  path: Assets/Import/Models/Locations/SciFi Warehouse Kit/Prefabs/Structures/Structure Props/Pipes 03.prefab
  artifactKey: Guid(007da77ee19ebc4459a5d9eb2fc1348a) Importer(2089858483,b0f066a214c2f5e87bad3c948f4d605d)
Start importing Assets/Import/Models/Locations/SciFi Warehouse Kit/Prefabs/Structures/Structure Props/Pipes 03.prefab using Guid(007da77ee19ebc4459a5d9eb2fc1348a) Importer(2089858483,b0f066a214c2f5e87bad3c948f4d605d) (ScriptedImporter) -> (artifact id: 'e819d2fa4be8542a0b152a9834ab2d50') in 0.0246573 seconds
Number of updated asset objects reloaded before import = 0Number of asset objects unloaded after import = 8

========================================================================
Received Import Request.
  Time since last request: 0.000031 seconds.
  path: Assets/Import/Models/Locations/SciFi Warehouse Kit/Prefabs/Structures/Floor/Floor Tile 04.prefab
  artifactKey: Guid(f9e1a0158e9f7a545a16fa7c2aa7be4e) Importer(2089858483,b0f066a214c2f5e87bad3c948f4d605d)
Start importing Assets/Import/Models/Locations/SciFi Warehouse Kit/Prefabs/Structures/Floor/Floor Tile 04.prefab using Guid(f9e1a0158e9f7a545a16fa7c2aa7be4e) Importer(2089858483,b0f066a214c2f5e87bad3c948f4d605d) (ScriptedImporter) -> (artifact id: 'eadaa9d6e6eaef41b0b949f59590483a') in 0.0247907 seconds
Number of updated asset objects reloaded before import = 0Number of asset objects unloaded after import = 9

========================================================================
Received Import Request.
  Time since last request: 0.000040 seconds.
  path: Assets/Import/Models/Locations/SciFi Warehouse Kit/Prefabs/Structures/Structure Props/Sprinkler 03.prefab
  artifactKey: Guid(68c6dd8e7dfcdad4d9d3341eee9c5601) Importer(2089858483,b0f066a214c2f5e87bad3c948f4d605d)
Start importing Assets/Import/Models/Locations/SciFi Warehouse Kit/Prefabs/Structures/Structure Props/Sprinkler 03.prefab using Guid(68c6dd8e7dfcdad4d9d3341eee9c5601) Importer(2089858483,b0f066a214c2f5e87bad3c948f4d605d) (ScriptedImporter) -> (artifact id: '9f8e53ff685fac4c3d630aee43f1dbd5') in 0.0213906 seconds
Number of updated asset objects reloaded before import = 0Number of asset objects unloaded after import = 8

========================================================================
Received Import Request.
  Time since last request: 0.000030 seconds.
  path: Assets/Import/Models/Locations/SciFi Warehouse Kit/Art/Meshes/Props/Crates Barrels Pallets/Barrel.fbx
  artifactKey: Guid(7b44d744f6c37d441952d043e70b584c) Importer(2089858483,b0f066a214c2f5e87bad3c948f4d605d)
Start importing Assets/Import/Models/Locations/SciFi Warehouse Kit/Art/Meshes/Props/Crates Barrels Pallets/Barrel.fbx using Guid(7b44d744f6c37d441952d043e70b584c) Importer(2089858483,b0f066a214c2f5e87bad3c948f4d605d) (ScriptedImporter) -> (artifact id: '619c052983b3cdf01ca06b3f0bb44b38') in 0.0346912 seconds
Number of updated asset objects reloaded before import = 0Number of asset objects unloaded after import = 8

========================================================================
Received Import Request.
  Time since last request: 0.000046 seconds.
  path: Assets/Import/Models/Locations/SciFi Warehouse Kit/Prefabs/Structures/Walls/Wall Corner.prefab
  artifactKey: Guid(32467b8dc355cd04da356b17dbac4f29) Importer(2089858483,b0f066a214c2f5e87bad3c948f4d605d)
Start importing Assets/Import/Models/Locations/SciFi Warehouse Kit/Prefabs/Structures/Walls/Wall Corner.prefab using Guid(32467b8dc355cd04da356b17dbac4f29) Importer(2089858483,b0f066a214c2f5e87bad3c948f4d605d) (ScriptedImporter) -> (artifact id: '886b090b33b555086439132fe5fa8451') in 0.0287734 seconds
Number of updated asset objects reloaded before import = 0Number of asset objects unloaded after import = 10

========================================================================
Received Import Request.
  Time since last request: 0.000039 seconds.
  path: Assets/Import/Models/Locations/SciFi Warehouse Kit/Prefabs/Structures/Corridors/Corridor Wide Corner Windows.prefab
  artifactKey: Guid(5ceb30273fce6374fadb842df014e681) Importer(2089858483,b0f066a214c2f5e87bad3c948f4d605d)
Start importing Assets/Import/Models/Locations/SciFi Warehouse Kit/Prefabs/Structures/Corridors/Corridor Wide Corner Windows.prefab using Guid(5ceb30273fce6374fadb842df014e681) Importer(2089858483,b0f066a214c2f5e87bad3c948f4d605d) (ScriptedImporter) -> (artifact id: '7c7c9c7a5bfeddd429989d0b7c65fd2b') in 0.0157024 seconds
Number of updated asset objects reloaded before import = 0Number of asset objects unloaded after import = 47

========================================================================
Received Import Request.
  Time since last request: 0.000027 seconds.
  path: Assets/Import/Models/Locations/SciFi Warehouse Kit/Art/Meshes/Props/Crates Barrels Pallets/Crate Short.fbx
  artifactKey: Guid(ce65141939545d440ac8591812208a12) Importer(2089858483,b0f066a214c2f5e87bad3c948f4d605d)
Start importing Assets/Import/Models/Locations/SciFi Warehouse Kit/Art/Meshes/Props/Crates Barrels Pallets/Crate Short.fbx using Guid(ce65141939545d440ac8591812208a12) Importer(2089858483,b0f066a214c2f5e87bad3c948f4d605d) (ScriptedImporter) -> (artifact id: '721e303f0c599fbf69cb95f91e19b00d') in 0.0295874 seconds
Number of updated asset objects reloaded before import = 0Number of asset objects unloaded after import = 8

========================================================================
Received Import Request.
  Time since last request: 0.000028 seconds.
  path: Assets/Import/Models/Locations/SciFi Warehouse Kit/Art/Meshes/Props/Misc Props/Wall Light.fbx
  artifactKey: Guid(241687f1a2ac2ac4c8c35789ba1a8468) Importer(2089858483,b0f066a214c2f5e87bad3c948f4d605d)
Start importing Assets/Import/Models/Locations/SciFi Warehouse Kit/Art/Meshes/Props/Misc Props/Wall Light.fbx using Guid(241687f1a2ac2ac4c8c35789ba1a8468) Importer(2089858483,b0f066a214c2f5e87bad3c948f4d605d) (ScriptedImporter) -> (artifact id: 'fd51d2a0206f928e4e34c18ef49e1bfe') in 0.0311802 seconds
Number of updated asset objects reloaded before import = 0Number of asset objects unloaded after import = 14

========================================================================
Received Import Request.
  Time since last request: 0.000043 seconds.
  path: Assets/Import/Models/Locations/SciFi Warehouse Kit/Art/Meshes/Props/Misc Props/Garbage Bin.fbx
  artifactKey: Guid(86f94647b91659e4d941245a0d85ba93) Importer(2089858483,b0f066a214c2f5e87bad3c948f4d605d)
Start importing Assets/Import/Models/Locations/SciFi Warehouse Kit/Art/Meshes/Props/Misc Props/Garbage Bin.fbx using Guid(86f94647b91659e4d941245a0d85ba93) Importer(2089858483,b0f066a214c2f5e87bad3c948f4d605d) (ScriptedImporter) -> (artifact id: 'a76144402fefaf8566cbe00d2e48c74e') in 0.0368 seconds
Number of updated asset objects reloaded before import = 0Number of asset objects unloaded after import = 8

========================================================================
Received Import Request.
  Time since last request: 0.000030 seconds.
  path: Assets/Import/Models/Locations/YakuzaHelipad/textures/Material.003_baseColor_42.png
  artifactKey: Guid(0d5615d145d77ea40bdbd825a7027b37) Importer(2089858483,b0f066a214c2f5e87bad3c948f4d605d)
Start importing Assets/Import/Models/Locations/YakuzaHelipad/textures/Material.003_baseColor_42.png using Guid(0d5615d145d77ea40bdbd825a7027b37) Importer(2089858483,b0f066a214c2f5e87bad3c948f4d605d) (ScriptedImporter) -> (artifact id: '3e6949b5ec05d3f26b8385ad5525a69c') in 0.0275864 seconds
Number of updated asset objects reloaded before import = 0Number of asset objects unloaded after import = 1

========================================================================
Received Import Request.
  Time since last request: 0.000025 seconds.
  path: Assets/AstarPathfindingProject/ExampleScenes/Materials/Textures/Falloff.psd
  artifactKey: Guid(6f8825d71b24a41f79429012e915aab5) Importer(2089858483,b0f066a214c2f5e87bad3c948f4d605d)
Start importing Assets/AstarPathfindingProject/ExampleScenes/Materials/Textures/Falloff.psd using Guid(6f8825d71b24a41f79429012e915aab5) Importer(2089858483,b0f066a214c2f5e87bad3c948f4d605d) (ScriptedImporter) -> (artifact id: '42b3e2d6ada3137087c1f4d033352bfe') in 0.0260219 seconds
Number of updated asset objects reloaded before import = 0Number of asset objects unloaded after import = 1

========================================================================
Received Import Request.
  Time since last request: 0.000034 seconds.
  path: Assets/Import/Models/Locations/SciFi Warehouse Kit/Art/Meshes/Structures/Corridors/Corridor 4-Way Lights.fbx
  artifactKey: Guid(2efb7a29ab58a38448bcedb48030cd47) Importer(2089858483,b0f066a214c2f5e87bad3c948f4d605d)
Start importing Assets/Import/Models/Locations/SciFi Warehouse Kit/Art/Meshes/Structures/Corridors/Corridor 4-Way Lights.fbx using Guid(2efb7a29ab58a38448bcedb48030cd47) Importer(2089858483,b0f066a214c2f5e87bad3c948f4d605d) (ScriptedImporter) -> (artifact id: 'e123bd09ff428441a09aea76dd855379') in 0.0465949 seconds
Number of updated asset objects reloaded before import = 0Number of asset objects unloaded after import = 34

========================================================================
Received Import Request.
  Time since last request: 0.000030 seconds.
  path: Assets/Import/Models/Locations/SciFi Warehouse Kit/Art/Meshes/Structures/Catwalk/Catwalk Rails Short.fbx
  artifactKey: Guid(27ecae3d31c802f46bb92e6d54dd743c) Importer(2089858483,b0f066a214c2f5e87bad3c948f4d605d)
Start importing Assets/Import/Models/Locations/SciFi Warehouse Kit/Art/Meshes/Structures/Catwalk/Catwalk Rails Short.fbx using Guid(27ecae3d31c802f46bb92e6d54dd743c) Importer(2089858483,b0f066a214c2f5e87bad3c948f4d605d) (ScriptedImporter) -> (artifact id: '12a389b5830818dc5f80d617c9462191') in 0.0307248 seconds
Number of updated asset objects reloaded before import = 0Number of asset objects unloaded after import = 8

========================================================================
Received Import Request.
  Time since last request: 0.000026 seconds.
  path: Assets/AstarPathfindingProject/ExampleScenes/Prefabs/MineBot/Materials/mine_bot-01 - Default.mat
  artifactKey: Guid(1829738127541482a895692670703544) Importer(2089858483,b0f066a214c2f5e87bad3c948f4d605d)
Start importing Assets/AstarPathfindingProject/ExampleScenes/Prefabs/MineBot/Materials/mine_bot-01 - Default.mat using Guid(1829738127541482a895692670703544) Importer(2089858483,b0f066a214c2f5e87bad3c948f4d605d) (ScriptedImporter) -> (artifact id: 'fc7ca65618156c4d52aa3ccf2226e714') in 0.0139938 seconds
Number of updated asset objects reloaded before import = 0Number of asset objects unloaded after import = 2

========================================================================
Received Import Request.
  Time since last request: 0.000034 seconds.
  path: Assets/AstarPathfindingProject/Editor/EditorAssets/DarkSkin/hex_diameter@1x.png
  artifactKey: Guid(aec40eb6c450c4bdea484100ff9fb9a4) Importer(2089858483,b0f066a214c2f5e87bad3c948f4d605d)
Start importing Assets/AstarPathfindingProject/Editor/EditorAssets/DarkSkin/hex_diameter@1x.png using Guid(aec40eb6c450c4bdea484100ff9fb9a4) Importer(2089858483,b0f066a214c2f5e87bad3c948f4d605d) (ScriptedImporter) -> (artifact id: '41dea59d7863aa61f00d1b43d9a96a65') in 0.0278829 seconds
Number of updated asset objects reloaded before import = 0Number of asset objects unloaded after import = 1

========================================================================
Received Import Request.
  Time since last request: 0.000023 seconds.
  path: Assets/Import/Models/Locations/SciFi Warehouse Kit/Art/Meshes/Structures/Pillars and Beams/Pillar.fbx
  artifactKey: Guid(bdd9a246f71230349b340130b899e056) Importer(2089858483,b0f066a214c2f5e87bad3c948f4d605d)
Start importing Assets/Import/Models/Locations/SciFi Warehouse Kit/Art/Meshes/Structures/Pillars and Beams/Pillar.fbx using Guid(bdd9a246f71230349b340130b899e056) Importer(2089858483,b0f066a214c2f5e87bad3c948f4d605d) (ScriptedImporter) -> (artifact id: '83bce7bae02e61359e76e314252abd91') in 0.0339402 seconds
Number of updated asset objects reloaded before import = 0Number of asset objects unloaded after import = 8

========================================================================
Received Import Request.
  Time since last request: 0.000029 seconds.
  path: Assets/Import/Models/Locations/SciFi Warehouse Kit/Art/Meshes/Structures/Pillars and Beams/Wall Support.fbx
  artifactKey: Guid(2e3c4654a7de08a478c4d20a7723146b) Importer(2089858483,b0f066a214c2f5e87bad3c948f4d605d)
Start importing Assets/Import/Models/Locations/SciFi Warehouse Kit/Art/Meshes/Structures/Pillars and Beams/Wall Support.fbx using Guid(2e3c4654a7de08a478c4d20a7723146b) Importer(2089858483,b0f066a214c2f5e87bad3c948f4d605d) (ScriptedImporter) -> (artifact id: '69ac0be7460af8ed6f7b0319f6235252') in 0.0358222 seconds
Number of updated asset objects reloaded before import = 0Number of asset objects unloaded after import = 8

========================================================================
Received Import Request.
  Time since last request: 0.000038 seconds.
  path: Assets/!GameFiles/Animation/AnimatorControllers/MainCharacter.controller
  artifactKey: Guid(37501a30d2482e341a0dea364ebce082) Importer(2089858483,b0f066a214c2f5e87bad3c948f4d605d)
Start importing Assets/!GameFiles/Animation/AnimatorControllers/MainCharacter.controller using Guid(37501a30d2482e341a0dea364ebce082) Importer(2089858483,b0f066a214c2f5e87bad3c948f4d605d) (ScriptedImporter) -> (artifact id: '005aef8479f9200183900a3f430a2cbc') in 0.1416493 seconds
Number of updated asset objects reloaded before import = 0Number of asset objects unloaded after import = 50

========================================================================
Received Import Request.
  Time since last request: 0.000029 seconds.
  path: Assets/Import/Models/Locations/SciFi Warehouse Kit/Art/Textures/floor_tile_s.png
  artifactKey: Guid(35209c13c162e9c49a8a048757118f1f) Importer(2089858483,b0f066a214c2f5e87bad3c948f4d605d)
Start importing Assets/Import/Models/Locations/SciFi Warehouse Kit/Art/Textures/floor_tile_s.png using Guid(35209c13c162e9c49a8a048757118f1f) Importer(2089858483,b0f066a214c2f5e87bad3c948f4d605d) (ScriptedImporter) -> (artifact id: 'c88c14e8b6d567efdec741a0b8d1599c') in 0.0331105 seconds
Number of updated asset objects reloaded before import = 0Number of asset objects unloaded after import = 1

========================================================================
Received Import Request.
  Time since last request: 0.000032 seconds.
  path: Assets/Import/Models/Locations/SciFi Warehouse Kit/Art/Meshes/Structures/Structure Props/Pipes 03.fbx
  artifactKey: Guid(93b8f057a6dc5444292ff9a248b10a51) Importer(2089858483,b0f066a214c2f5e87bad3c948f4d605d)
Start importing Assets/Import/Models/Locations/SciFi Warehouse Kit/Art/Meshes/Structures/Structure Props/Pipes 03.fbx using Guid(93b8f057a6dc5444292ff9a248b10a51) Importer(2089858483,b0f066a214c2f5e87bad3c948f4d605d) (ScriptedImporter) -> (artifact id: '86f105cab16032c6c74ea454fba9e5d0') in 0.0324479 seconds
Number of updated asset objects reloaded before import = 0Number of asset objects unloaded after import = 8

========================================================================
Received Import Request.
  Time since last request: 0.000029 seconds.
  path: Assets/Import/Models/Locations/SciFi Warehouse Kit/Art/Meshes/Structures/Structure Props/Sprinkler 01.fbx
  artifactKey: Guid(6ff928b531f791948891e792610e4af2) Importer(2089858483,b0f066a214c2f5e87bad3c948f4d605d)
Start importing Assets/Import/Models/Locations/SciFi Warehouse Kit/Art/Meshes/Structures/Structure Props/Sprinkler 01.fbx using Guid(6ff928b531f791948891e792610e4af2) Importer(2089858483,b0f066a214c2f5e87bad3c948f4d605d) (ScriptedImporter) -> (artifact id: 'e0a81f0399291e13e733cd70ca85d0c3') in 0.0304459 seconds
Number of updated asset objects reloaded before import = 0Number of asset objects unloaded after import = 8

========================================================================
Received Import Request.
  Time since last request: 0.000038 seconds.
  path: Assets/Import/Models/Locations/SciFi Warehouse Kit/Art/Meshes/Structures/Corridors/Corridor Doors Lights.fbx
  artifactKey: Guid(04c4d664893776444ac42f486e433938) Importer(2089858483,b0f066a214c2f5e87bad3c948f4d605d)
Start importing Assets/Import/Models/Locations/SciFi Warehouse Kit/Art/Meshes/Structures/Corridors/Corridor Doors Lights.fbx using Guid(04c4d664893776444ac42f486e433938) Importer(2089858483,b0f066a214c2f5e87bad3c948f4d605d) (ScriptedImporter) -> (artifact id: 'c3016cb8154b8505c7d5e446a2261e5a') in 0.0407473 seconds
Number of updated asset objects reloaded before import = 0Number of asset objects unloaded after import = 34

========================================================================
Received Import Request.
  Time since last request: 0.000037 seconds.
  path: Assets/AstarPathfindingProject/Editor/EditorAssets/DarkSkin/lock_closed@2x.png
  artifactKey: Guid(6c38830c1556942fcb6ce893085d1daa) Importer(2089858483,b0f066a214c2f5e87bad3c948f4d605d)
Start importing Assets/AstarPathfindingProject/Editor/EditorAssets/DarkSkin/lock_closed@2x.png using Guid(6c38830c1556942fcb6ce893085d1daa) Importer(2089858483,b0f066a214c2f5e87bad3c948f4d605d) (ScriptedImporter) -> (artifact id: '031fcbdb11c1582fbc7ed77933e4f28c') in 0.0296122 seconds
Number of updated asset objects reloaded before import = 0Number of asset objects unloaded after import = 1

========================================================================
Received Import Request.
  Time since last request: 0.000025 seconds.
  path: Assets/Import/Models/Locations/SciFi Warehouse Kit/Art/Meshes/Structures/Walls/Wall Door Raised.fbx
  artifactKey: Guid(498a831095708df4bbdb548211124aef) Importer(2089858483,b0f066a214c2f5e87bad3c948f4d605d)
Start importing Assets/Import/Models/Locations/SciFi Warehouse Kit/Art/Meshes/Structures/Walls/Wall Door Raised.fbx using Guid(498a831095708df4bbdb548211124aef) Importer(2089858483,b0f066a214c2f5e87bad3c948f4d605d) (ScriptedImporter) -> (artifact id: 'df8aa3fceaa567cbee125d6320744c05') in 0.0297123 seconds
Number of updated asset objects reloaded before import = 0Number of asset objects unloaded after import = 14

========================================================================
Received Import Request.
  Time since last request: 0.000030 seconds.
  path: Assets/Import/Models/Locations/SciFi Warehouse Kit/Art/Meshes/Structures/Walls/Wall Fan.fbx
  artifactKey: Guid(3a8384e20c816134c8d4a4d359d33c29) Importer(2089858483,b0f066a214c2f5e87bad3c948f4d605d)
Start importing Assets/Import/Models/Locations/SciFi Warehouse Kit/Art/Meshes/Structures/Walls/Wall Fan.fbx using Guid(3a8384e20c816134c8d4a4d359d33c29) Importer(2089858483,b0f066a214c2f5e87bad3c948f4d605d) (ScriptedImporter) -> (artifact id: 'd042b8a5a2c45d9082e74c9bd7dad78d') in 0.0443398 seconds
Number of updated asset objects reloaded before import = 0Number of asset objects unloaded after import = 34

========================================================================
Received Import Request.
  Time since last request: 0.000034 seconds.
  path: Assets/Import/Models/Locations/SciFi Warehouse Kit/Art/Meshes/Structures/Structure Props/Sprinkler 03.fbx
  artifactKey: Guid(f8778eebb4cd7d448b243fc1a8b6cc79) Importer(2089858483,b0f066a214c2f5e87bad3c948f4d605d)
Start importing Assets/Import/Models/Locations/SciFi Warehouse Kit/Art/Meshes/Structures/Structure Props/Sprinkler 03.fbx using Guid(f8778eebb4cd7d448b243fc1a8b6cc79) Importer(2089858483,b0f066a214c2f5e87bad3c948f4d605d) (ScriptedImporter) -> (artifact id: '8a3226eb821b6761f99e351b94989150') in 0.0354546 seconds
Number of updated asset objects reloaded before import = 0Number of asset objects unloaded after import = 8

========================================================================
Received Import Request.
  Time since last request: 0.000025 seconds.
  path: Assets/Import/Models/Locations/SciFi Warehouse Kit/Art/Meshes/Structures/Corridors/Corridor Deadend.fbx
  artifactKey: Guid(36a9c6b5bbc21cf46bfd3d95a186d00b) Importer(2089858483,b0f066a214c2f5e87bad3c948f4d605d)
Start importing Assets/Import/Models/Locations/SciFi Warehouse Kit/Art/Meshes/Structures/Corridors/Corridor Deadend.fbx using Guid(36a9c6b5bbc21cf46bfd3d95a186d00b) Importer(2089858483,b0f066a214c2f5e87bad3c948f4d605d) (ScriptedImporter) -> (artifact id: 'b1f17d18b5d69358d70264a1ec3ec775') in 0.0291812 seconds
Number of updated asset objects reloaded before import = 0Number of asset objects unloaded after import = 8

========================================================================
Received Import Request.
  Time since last request: 0.000026 seconds.
  path: Assets/Import/Models/Locations/SciFi Warehouse Kit/Art/Meshes/Structures/Walls/Wall Window.fbx
  artifactKey: Guid(09c72847c9f424149a212761aaa4bdb9) Importer(2089858483,b0f066a214c2f5e87bad3c948f4d605d)
Start importing Assets/Import/Models/Locations/SciFi Warehouse Kit/Art/Meshes/Structures/Walls/Wall Window.fbx using Guid(09c72847c9f424149a212761aaa4bdb9) Importer(2089858483,b0f066a214c2f5e87bad3c948f4d605d) (ScriptedImporter) -> (artifact id: '82e49c900b636d793c19445788b7aeba') in 0.0345939 seconds
Number of updated asset objects reloaded before import = 0Number of asset objects unloaded after import = 22

========================================================================
Received Import Request.
  Time since last request: 0.000036 seconds.
  path: Assets/Import/Models/Locations/SciFi Warehouse Kit/Art/Meshes/Structures/Corridors/Corridor Incline Full.fbx
  artifactKey: Guid(e76df27ac8248984b956e0afc508c53d) Importer(2089858483,b0f066a214c2f5e87bad3c948f4d605d)
Start importing Assets/Import/Models/Locations/SciFi Warehouse Kit/Art/Meshes/Structures/Corridors/Corridor Incline Full.fbx using Guid(e76df27ac8248984b956e0afc508c53d) Importer(2089858483,b0f066a214c2f5e87bad3c948f4d605d) (ScriptedImporter) -> (artifact id: '8d04fa6f44ebd438ec54e960cdaa536e') in 0.0443025 seconds
Number of updated asset objects reloaded before import = 0Number of asset objects unloaded after import = 39

========================================================================
Received Import Request.
  Time since last request: 0.000025 seconds.
  path: Assets/Import/Models/Locations/SciFi Warehouse Kit/Art/Meshes/Structures/Corridors/Corridor Wide Windows.fbx
  artifactKey: Guid(13921b5f98eda9c47b248ee239841bb1) Importer(2089858483,b0f066a214c2f5e87bad3c948f4d605d)
Start importing Assets/Import/Models/Locations/SciFi Warehouse Kit/Art/Meshes/Structures/Corridors/Corridor Wide Windows.fbx using Guid(13921b5f98eda9c47b248ee239841bb1) Importer(2089858483,b0f066a214c2f5e87bad3c948f4d605d) (ScriptedImporter) -> (artifact id: '7aef613081849f181e6895684b8d11f2') in 0.0541185 seconds
Number of updated asset objects reloaded before import = 0Number of asset objects unloaded after import = 44

========================================================================
Received Import Request.
  Time since last request: 0.000029 seconds.
  path: Assets/Import/Models/Locations/SciFi Warehouse Kit/Art/Meshes/Structures/Structure Props/Exit Sign.fbx
  artifactKey: Guid(3fa91f9597108b24f81cd403a9b8070d) Importer(2089858483,b0f066a214c2f5e87bad3c948f4d605d)
Start importing Assets/Import/Models/Locations/SciFi Warehouse Kit/Art/Meshes/Structures/Structure Props/Exit Sign.fbx using Guid(3fa91f9597108b24f81cd403a9b8070d) Importer(2089858483,b0f066a214c2f5e87bad3c948f4d605d) (ScriptedImporter) -> (artifact id: 'c3b50560b8ee05699409eb8d1aed3dfe') in 0.0272772 seconds
Number of updated asset objects reloaded before import = 0Number of asset objects unloaded after import = 14

========================================================================
Received Import Request.
  Time since last request: 0.000048 seconds.
  path: Assets/Import/Models/Locations/SciFi Warehouse Kit/Art/Meshes/Structures/Corridors/Corridor Wide Corner.fbx
  artifactKey: Guid(6824b60acb70ef24fa40f9f9537a81cb) Importer(2089858483,b0f066a214c2f5e87bad3c948f4d605d)
Start importing Assets/Import/Models/Locations/SciFi Warehouse Kit/Art/Meshes/Structures/Corridors/Corridor Wide Corner.fbx using Guid(6824b60acb70ef24fa40f9f9537a81cb) Importer(2089858483,b0f066a214c2f5e87bad3c948f4d605d) (ScriptedImporter) -> (artifact id: 'a034704b206cfcc4e23bb66b09dbf4ec') in 0.039858 seconds
Number of updated asset objects reloaded before import = 0Number of asset objects unloaded after import = 34

========================================================================
Received Import Request.
  Time since last request: 0.000028 seconds.
  path: Assets/Import/Models/Locations/SciFi Warehouse Kit/Art/Meshes/Props/Ducts/Duct Elbow 01.fbx
  artifactKey: Guid(7d8f2af59bc0a8b44846abf7025a3645) Importer(2089858483,b0f066a214c2f5e87bad3c948f4d605d)
Start importing Assets/Import/Models/Locations/SciFi Warehouse Kit/Art/Meshes/Props/Ducts/Duct Elbow 01.fbx using Guid(7d8f2af59bc0a8b44846abf7025a3645) Importer(2089858483,b0f066a214c2f5e87bad3c948f4d605d) (ScriptedImporter) -> (artifact id: '677fd9493b245ebb8ffcaf71d4072d69') in 0.0335662 seconds
Number of updated asset objects reloaded before import = 0Number of asset objects unloaded after import = 8

========================================================================
Received Import Request.
  Time since last request: 0.000024 seconds.
  path: Assets/Import/Models/Locations/SciFi Warehouse Kit/Art/Meshes/Structures/Corridors/Corridor Funnel.fbx
  artifactKey: Guid(d01bf6e4f57c13044a7cd90f9da83dcb) Importer(2089858483,b0f066a214c2f5e87bad3c948f4d605d)
Start importing Assets/Import/Models/Locations/SciFi Warehouse Kit/Art/Meshes/Structures/Corridors/Corridor Funnel.fbx using Guid(d01bf6e4f57c13044a7cd90f9da83dcb) Importer(2089858483,b0f066a214c2f5e87bad3c948f4d605d) (ScriptedImporter) -> (artifact id: '61a9e7102508895bc44868f094878ddb') in 0.0405841 seconds
Number of updated asset objects reloaded before import = 0Number of asset objects unloaded after import = 34

========================================================================
Received Import Request.
  Time since last request: 0.000045 seconds.
  path: Assets/Import/Models/Locations/SciFi Warehouse Kit/Art/Meshes/Structures/Structure Props/Pipes 01.fbx
  artifactKey: Guid(bc85683a6fc9dcc4eab2eb1651f60ff6) Importer(2089858483,b0f066a214c2f5e87bad3c948f4d605d)
Start importing Assets/Import/Models/Locations/SciFi Warehouse Kit/Art/Meshes/Structures/Structure Props/Pipes 01.fbx using Guid(bc85683a6fc9dcc4eab2eb1651f60ff6) Importer(2089858483,b0f066a214c2f5e87bad3c948f4d605d) (ScriptedImporter) -> (artifact id: '1ea6ff2d90346ca82225b223a0286d41') in 0.0365757 seconds
Number of updated asset objects reloaded before import = 0Number of asset objects unloaded after import = 8

========================================================================
Received Import Request.
  Time since last request: 0.000029 seconds.
  path: Assets/AstarPathfindingProject/Editor/EditorAssets/DarkSkin/hex_width@2x.png
  artifactKey: Guid(321a1fe2502bc493d87337a3a4429cf5) Importer(2089858483,b0f066a214c2f5e87bad3c948f4d605d)
Start importing Assets/AstarPathfindingProject/Editor/EditorAssets/DarkSkin/hex_width@2x.png using Guid(321a1fe2502bc493d87337a3a4429cf5) Importer(2089858483,b0f066a214c2f5e87bad3c948f4d605d) (ScriptedImporter) -> (artifact id: 'f9c9df4f3919ef3e05d7d7398992bbf8') in 0.0242755 seconds
Number of updated asset objects reloaded before import = 0Number of asset objects unloaded after import = 1

========================================================================
Received Import Request.
  Time since last request: 0.000028 seconds.
  path: Assets/AstarPathfindingProject/ExampleScenes/Materials/Textures/Shadow.psd
  artifactKey: Guid(741d7187968324981907bd5a897bb005) Importer(2089858483,b0f066a214c2f5e87bad3c948f4d605d)
Start importing Assets/AstarPathfindingProject/ExampleScenes/Materials/Textures/Shadow.psd using Guid(741d7187968324981907bd5a897bb005) Importer(2089858483,b0f066a214c2f5e87bad3c948f4d605d) (ScriptedImporter) -> (artifact id: 'e75d72f3db268bc447de706494819615') in 0.0272041 seconds
Number of updated asset objects reloaded before import = 0Number of asset objects unloaded after import = 1

========================================================================
Received Import Request.
  Time since last request: 0.000043 seconds.
  path: Assets/AstarPathfindingProject/Editor/EditorAssets/DarkSkin/infoButton@2x.png
  artifactKey: Guid(623f6adf01f324cb7bc6aefe7f87d623) Importer(2089858483,b0f066a214c2f5e87bad3c948f4d605d)
Start importing Assets/AstarPathfindingProject/Editor/EditorAssets/DarkSkin/infoButton@2x.png using Guid(623f6adf01f324cb7bc6aefe7f87d623) Importer(2089858483,b0f066a214c2f5e87bad3c948f4d605d) (ScriptedImporter) -> (artifact id: 'bb406060f5cafe00d77da9500854582d') in 0.0270473 seconds
Number of updated asset objects reloaded before import = 0Number of asset objects unloaded after import = 1

========================================================================
Received Import Request.
  Time since last request: 0.000021 seconds.
  path: Assets/Import/Models/Locations/SciFi Warehouse Kit/Art/Textures/garbage_bin_a.png
  artifactKey: Guid(d9ae4d3b69f59704c9887f5ceb6ff8b6) Importer(2089858483,b0f066a214c2f5e87bad3c948f4d605d)
Start importing Assets/Import/Models/Locations/SciFi Warehouse Kit/Art/Textures/garbage_bin_a.png using Guid(d9ae4d3b69f59704c9887f5ceb6ff8b6) Importer(2089858483,b0f066a214c2f5e87bad3c948f4d605d) (ScriptedImporter) -> (artifact id: 'fb2eccbcd07c55411714cd839fddf6c1') in 0.0298292 seconds
Number of updated asset objects reloaded before import = 0Number of asset objects unloaded after import = 1

========================================================================
Received Import Request.
  Time since last request: 0.000026 seconds.
  path: Assets/Import/Models/Locations/SciFi Warehouse Kit/Prefabs/Props/Crates Barrels Pallets/Pallet Variations/Pallet Variation 01.prefab
  artifactKey: Guid(350af83ef7fbacf4c81d93aaca7de956) Importer(2089858483,b0f066a214c2f5e87bad3c948f4d605d)
Start importing Assets/Import/Models/Locations/SciFi Warehouse Kit/Prefabs/Props/Crates Barrels Pallets/Pallet Variations/Pallet Variation 01.prefab using Guid(350af83ef7fbacf4c81d93aaca7de956) Importer(2089858483,b0f066a214c2f5e87bad3c948f4d605d) (ScriptedImporter) -> (artifact id: 'f525195f5efee500de510d80f2d76ab0') in 0.0257072 seconds
Number of updated asset objects reloaded before import = 0Number of asset objects unloaded after import = 22

========================================================================
Received Import Request.
  Time since last request: 0.000041 seconds.
  path: Assets/AstarPathfindingProject/ExampleScenes/Example11_RVO/RVOExampleAgent.cs
  artifactKey: Guid(67057d14b4f9f4919958ec635b71f22b) Importer(2089858483,b0f066a214c2f5e87bad3c948f4d605d)
Start importing Assets/AstarPathfindingProject/ExampleScenes/Example11_RVO/RVOExampleAgent.cs using Guid(67057d14b4f9f4919958ec635b71f22b) Importer(2089858483,b0f066a214c2f5e87bad3c948f4d605d) (ScriptedImporter) -> (artifact id: '0cfeb6b0955e7cba0766103ae59a3dd2') in 0.009657 seconds
Number of updated asset objects reloaded before import = 0Number of asset objects unloaded after import = 0

========================================================================
Received Import Request.
  Time since last request: 0.000024 seconds.
  path: Assets/TextMesh Pro/Shaders/TMPro.cginc
  artifactKey: Guid(407bc68d299748449bbf7f48ee690f8d) Importer(2089858483,b0f066a214c2f5e87bad3c948f4d605d)
Start importing Assets/TextMesh Pro/Shaders/TMPro.cginc using Guid(407bc68d299748449bbf7f48ee690f8d) Importer(2089858483,b0f066a214c2f5e87bad3c948f4d605d) (ScriptedImporter) -> (artifact id: '449bb9486caa457c8ee0441cc8e42dba') in 0.0228285 seconds
Number of updated asset objects reloaded before import = 0Number of asset objects unloaded after import = 1

========================================================================
Received Import Request.
  Time since last request: 0.000027 seconds.
  path: Assets/AstarPathfindingProject/Core/AstarData.cs
  artifactKey: Guid(38d211caa07cb44ef886481aa1cf755c) Importer(2089858483,b0f066a214c2f5e87bad3c948f4d605d)
Start importing Assets/AstarPathfindingProject/Core/AstarData.cs using Guid(38d211caa07cb44ef886481aa1cf755c) Importer(2089858483,b0f066a214c2f5e87bad3c948f4d605d) (ScriptedImporter) -> (artifact id: '121638df14d8d7e4aba2d22469984728') in 0.0096694 seconds
Number of updated asset objects reloaded before import = 0Number of asset objects unloaded after import = 0

========================================================================
Received Import Request.
  Time since last request: 0.000028 seconds.
  path: Assets/Import/Models/Locations/YakuzaHelipad/materials/Material.009_21.mat
  artifactKey: Guid(6fa0dec896029e3409edf4761334cd69) Importer(2089858483,b0f066a214c2f5e87bad3c948f4d605d)
Start importing Assets/Import/Models/Locations/YakuzaHelipad/materials/Material.009_21.mat using Guid(6fa0dec896029e3409edf4761334cd69) Importer(2089858483,b0f066a214c2f5e87bad3c948f4d605d) (ScriptedImporter) -> (artifact id: '9bc14684c7652884c4e7792ef522216e') in 0.0190361 seconds
Number of updated asset objects reloaded before import = 0Number of asset objects unloaded after import = 3

========================================================================
Received Import Request.
  Time since last request: 0.000035 seconds.
  path: Assets/AstarPathfindingProject/Readme.txt
  artifactKey: Guid(37e2b7ba5db684426ab22f42ef266b76) Importer(2089858483,b0f066a214c2f5e87bad3c948f4d605d)
Start importing Assets/AstarPathfindingProject/Readme.txt using Guid(37e2b7ba5db684426ab22f42ef266b76) Importer(2089858483,b0f066a214c2f5e87bad3c948f4d605d) (ScriptedImporter) -> (artifact id: '95f322c9e4d46a157414c288ce57b547') in 0.0093103 seconds
Number of updated asset objects reloaded before import = 0Number of asset objects unloaded after import = 1

========================================================================
Received Import Request.
  Time since last request: 0.000029 seconds.
  path: Assets/Import/Models/Locations/SciFi Warehouse Kit/Art/Meshes/Structures/Catwalk/Catwalk Pillar 03.fbx
  artifactKey: Guid(3fc400239d07ab342a3ffee1b8cb99c3) Importer(2089858483,b0f066a214c2f5e87bad3c948f4d605d)
Start importing Assets/Import/Models/Locations/SciFi Warehouse Kit/Art/Meshes/Structures/Catwalk/Catwalk Pillar 03.fbx using Guid(3fc400239d07ab342a3ffee1b8cb99c3) Importer(2089858483,b0f066a214c2f5e87bad3c948f4d605d) (ScriptedImporter) -> (artifact id: '6c5acccfdc512a67f3a856da6a2b336b') in 0.0469347 seconds
Number of updated asset objects reloaded before import = 0Number of asset objects unloaded after import = 8

========================================================================
Received Import Request.
  Time since last request: 0.000035 seconds.
  path: Assets/TextMesh Pro/Examples & Extras/Scenes/06 - Extra Rich Text Examples.unity
  artifactKey: Guid(39a1fa96ad2a449b908fca29d4297a74) Importer(2089858483,b0f066a214c2f5e87bad3c948f4d605d)
Start importing Assets/TextMesh Pro/Examples & Extras/Scenes/06 - Extra Rich Text Examples.unity using Guid(39a1fa96ad2a449b908fca29d4297a74) Importer(2089858483,b0f066a214c2f5e87bad3c948f4d605d) (ScriptedImporter) -> (artifact id: '30dd2704fb35b57e435e5d20ad68fa76') in 0.0120248 seconds
Number of updated asset objects reloaded before import = 0Number of asset objects unloaded after import = 1

========================================================================
Received Prepare
'Packages/com.unity.cinemachine/Editor/Obsolete/CinemachineVirtualCameraBaseEditor.cs' contains partial class of Unity.Object, exactly 1 of the partial classes needs to be in a file with the same filename. This is to know the one that can be referenced from ie. GameObjects
'Packages/com.unity.cinemachine/Editor/Editors/CinemachineVirtualCameraBaseEditor.cs' contains partial class of Unity.Object, exactly 1 of the partial classes needs to be in a file with the same filename. This is to know the one that can be referenced from ie. GameObjects
Refreshing native plugins compatible for Editor in 1.77 ms, found 3 plugins.
Preloading 0 native plugins for Editor in 0.00 ms.
Unloading 17 Unused Serialized files (Serialized files now loaded: 0)
Unloading 6987 unused Assets / (4.9 MB). Loaded Objects now: 7833.
Memory consumption went from 154.9 MB to 150.0 MB.
Total: 17.891900 ms (FindLiveObjects: 1.135700 ms CreateObjectMapping: 0.647600 ms MarkObjects: 12.212500 ms  DeleteObjects: 3.894900 ms)

Prepare: number of updated asset objects reloaded= 0
========================================================================
Received Import Request.
  Time since last request: 74691.726842 seconds.
  path: Assets/_GameFiles/Prefabs
  artifactKey: Guid(87470c77c061f80478cfb8668c6c29ce) Importer(2089858483,b0f066a214c2f5e87bad3c948f4d605d)
Start importing Assets/_GameFiles/Prefabs using Guid(87470c77c061f80478cfb8668c6c29ce) Importer(2089858483,b0f066a214c2f5e87bad3c948f4d605d) (ScriptedImporter) -> (artifact id: 'bbf1d7a914dc75364a3c331d7413b1a2') in 0.019696 seconds
Number of updated asset objects reloaded before import = 0Number of asset objects unloaded after import = 1

========================================================================
Received Import Request.
  Time since last request: 0.008444 seconds.
  path: Assets/_GameFiles/Prefabs/Players
  artifactKey: Guid(8bc00a5bc56d1b84b85bc83e8f792b88) Importer(2089858483,b0f066a214c2f5e87bad3c948f4d605d)
Start importing Assets/_GameFiles/Prefabs/Players using Guid(8bc00a5bc56d1b84b85bc83e8f792b88) Importer(2089858483,b0f066a214c2f5e87bad3c948f4d605d) (ScriptedImporter) -> (artifact id: '7fbe6b524729ad49b379f923c02d3c7c') in 0.0070731 seconds
Number of updated asset objects reloaded before import = 0Number of asset objects unloaded after import = 1

========================================================================
Received Import Request.
  Time since last request: 0.028256 seconds.
  path: Assets/_GameFiles/Scripts/UIGeneral/GameplayMenuUI
  artifactKey: Guid(90e814116d403244fb3644621c77db61) Importer(2089858483,b0f066a214c2f5e87bad3c948f4d605d)
Start importing Assets/_GameFiles/Scripts/UIGeneral/GameplayMenuUI using Guid(90e814116d403244fb3644621c77db61) Importer(2089858483,b0f066a214c2f5e87bad3c948f4d605d) (ScriptedImporter) -> (artifact id: '9a660d5c195dc1e4d8ef23f606a30d5a') in 0.0088919 seconds
Number of updated asset objects reloaded before import = 0Number of asset objects unloaded after import = 1

========================================================================
Received Import Request.
  Time since last request: 0.000027 seconds.
  path: Assets/_GameFiles/Scripts/Player/PlayerWeapon
  artifactKey: Guid(8c3b99e4af4e67e44819dd3e55fb130f) Importer(2089858483,b0f066a214c2f5e87bad3c948f4d605d)
Start importing Assets/_GameFiles/Scripts/Player/PlayerWeapon using Guid(8c3b99e4af4e67e44819dd3e55fb130f) Importer(2089858483,b0f066a214c2f5e87bad3c948f4d605d) (ScriptedImporter) -> (artifact id: 'dec5d98580a9139c75b39a48b350ef06') in 0.0085992 seconds
Number of updated asset objects reloaded before import = 0Number of asset objects unloaded after import = 1

========================================================================
Received Import Request.
  Time since last request: 0.319854 seconds.
  path: Assets/_GameFiles/Sounds
  artifactKey: Guid(565afef9df7e6044c81ecb564871421c) Importer(2089858483,b0f066a214c2f5e87bad3c948f4d605d)
Start importing Assets/_GameFiles/Sounds using Guid(565afef9df7e6044c81ecb564871421c) Importer(2089858483,b0f066a214c2f5e87bad3c948f4d605d) (ScriptedImporter) -> (artifact id: '433f8732072f518c4a8f7f8667e5d297') in 0.0086668 seconds
Number of updated asset objects reloaded before import = 0Number of asset objects unloaded after import = 1

========================================================================
Received Import Request.
  Time since last request: 0.000022 seconds.
  path: Assets/_GameFiles/Scripts/Player/PlayerWeapon/PlayerWeaponController
  artifactKey: Guid(91b5c7a97d6401a4db242aaf621844a0) Importer(2089858483,b0f066a214c2f5e87bad3c948f4d605d)
Start importing Assets/_GameFiles/Scripts/Player/PlayerWeapon/PlayerWeaponController using Guid(91b5c7a97d6401a4db242aaf621844a0) Importer(2089858483,b0f066a214c2f5e87bad3c948f4d605d) (ScriptedImporter) -> (artifact id: 'c6f9dc0b80d628120b6d3f7ae2298c39') in 0.0078072 seconds
Number of updated asset objects reloaded before import = 0Number of asset objects unloaded after import = 1

========================================================================
Received Import Request.
  Time since last request: 0.000025 seconds.
  path: Assets/_GameFiles/Scripts/Character/CharacterAI/ImplementedCharacterAIState
  artifactKey: Guid(044fbbe6b84f66b4d9710005442a8a03) Importer(2089858483,b0f066a214c2f5e87bad3c948f4d605d)
Start importing Assets/_GameFiles/Scripts/Character/CharacterAI/ImplementedCharacterAIState using Guid(044fbbe6b84f66b4d9710005442a8a03) Importer(2089858483,b0f066a214c2f5e87bad3c948f4d605d) (ScriptedImporter) -> (artifact id: 'e90e9635dab7aa38152adae3a3b4423e') in 0.0089509 seconds
Number of updated asset objects reloaded before import = 0Number of asset objects unloaded after import = 1

========================================================================
Received Import Request.
  Time since last request: 0.000037 seconds.
  path: Assets/_GameFiles/Scripts/EntryPointScenes
  artifactKey: Guid(d9860048de48a0f4480ab9fcbd1e316d) Importer(2089858483,b0f066a214c2f5e87bad3c948f4d605d)
Start importing Assets/_GameFiles/Scripts/EntryPointScenes using Guid(d9860048de48a0f4480ab9fcbd1e316d) Importer(2089858483,b0f066a214c2f5e87bad3c948f4d605d) (ScriptedImporter) -> (artifact id: '895c7fb7749020a37d4ed47e7fe0976a') in 0.0070922 seconds
Number of updated asset objects reloaded before import = 0Number of asset objects unloaded after import = 1

========================================================================
Received Import Request.
  Time since last request: 0.000027 seconds.
  path: Assets/_GameFiles/Scripts/Character/CharacterAI/ImplementedCharacterAIState/CharacterAIStateFight.cs
  artifactKey: Guid(b4f23271767dc7747a28ecace9715278) Importer(2089858483,b0f066a214c2f5e87bad3c948f4d605d)
Start importing Assets/_GameFiles/Scripts/Character/CharacterAI/ImplementedCharacterAIState/CharacterAIStateFight.cs using Guid(b4f23271767dc7747a28ecace9715278) Importer(2089858483,b0f066a214c2f5e87bad3c948f4d605d) (ScriptedImporter) -> (artifact id: '612ea3662db04f7c6a0f5754af9fe88f') in 0.0101716 seconds
Number of updated asset objects reloaded before import = 0Number of asset objects unloaded after import = 0

========================================================================
Received Import Request.
  Time since last request: 0.000024 seconds.
  path: Assets/_GameFiles/Scripts/EntryPointScenes/Implemented Bootstrap
  artifactKey: Guid(9de7caff47e71f345957670021e6cb15) Importer(2089858483,b0f066a214c2f5e87bad3c948f4d605d)
Start importing Assets/_GameFiles/Scripts/EntryPointScenes/Implemented Bootstrap using Guid(9de7caff47e71f345957670021e6cb15) Importer(2089858483,b0f066a214c2f5e87bad3c948f4d605d) (ScriptedImporter) -> (artifact id: '2f8fb7e8049228f8fa5b90d24dbd80d3') in 0.0087 seconds
Number of updated asset objects reloaded before import = 0Number of asset objects unloaded after import = 1

========================================================================
Received Import Request.
  Time since last request: 0.000025 seconds.
  path: Assets/_GameFiles/Scripts/ServicesGeneral/EnvironmentAreaAnalyzers/EnvironmentAreaRaycastAnalyzer.cs
  artifactKey: Guid(9045e35024fe9b04fbf83445f8810d0e) Importer(2089858483,b0f066a214c2f5e87bad3c948f4d605d)
Start importing Assets/_GameFiles/Scripts/ServicesGeneral/EnvironmentAreaAnalyzers/EnvironmentAreaRaycastAnalyzer.cs using Guid(9045e35024fe9b04fbf83445f8810d0e) Importer(2089858483,b0f066a214c2f5e87bad3c948f4d605d) (ScriptedImporter) -> (artifact id: '886c4e202a602ddf6b876c4d4e6a3e16') in 0.0097952 seconds
Number of updated asset objects reloaded before import = 0Number of asset objects unloaded after import = 0

========================================================================
Received Import Request.
  Time since last request: 0.000037 seconds.
  path: Assets/_GameFiles/Scripts/Player/PlayerHealth/PlayerHealth.cs
  artifactKey: Guid(2cce6db635747d541821bcda0fc5eaf9) Importer(2089858483,b0f066a214c2f5e87bad3c948f4d605d)
Start importing Assets/_GameFiles/Scripts/Player/PlayerHealth/PlayerHealth.cs using Guid(2cce6db635747d541821bcda0fc5eaf9) Importer(2089858483,b0f066a214c2f5e87bad3c948f4d605d) (ScriptedImporter) -> (artifact id: 'f78ebd746cdcdda61d4ded162285f925') in 0.0090764 seconds
Number of updated asset objects reloaded before import = 0Number of asset objects unloaded after import = 0

========================================================================
Received Import Request.
  Time since last request: 0.000026 seconds.
  path: Assets/_GameFiles/Scenes/MainMenu.unity
  artifactKey: Guid(592484e58b6637b4fa8e2f831b9d8705) Importer(2089858483,b0f066a214c2f5e87bad3c948f4d605d)
Start importing Assets/_GameFiles/Scenes/MainMenu.unity using Guid(592484e58b6637b4fa8e2f831b9d8705) Importer(2089858483,b0f066a214c2f5e87bad3c948f4d605d) (ScriptedImporter) -> (artifact id: '453c414461ca0379f6434c50b292787e') in 0.0194341 seconds
Number of updated asset objects reloaded before import = 0Number of asset objects unloaded after import = 1

========================================================================
Received Import Request.
  Time since last request: 0.000025 seconds.
  path: Assets/_GameFiles/Scripts/Character/ImplementedCharacter
  artifactKey: Guid(40c909114644c474490222986bcd3389) Importer(2089858483,b0f066a214c2f5e87bad3c948f4d605d)
Start importing Assets/_GameFiles/Scripts/Character/ImplementedCharacter using Guid(40c909114644c474490222986bcd3389) Importer(2089858483,b0f066a214c2f5e87bad3c948f4d605d) (ScriptedImporter) -> (artifact id: 'c6bf607a9af5faf737f05499c89c08e5') in 0.0100595 seconds
Number of updated asset objects reloaded before import = 0Number of asset objects unloaded after import = 1

========================================================================
Received Import Request.
  Time since last request: 0.000040 seconds.
  path: Assets/_GameFiles/Scripts/Character/CharacterHealth/CharacterHealthController
  artifactKey: Guid(c89b0607bb434bc449d4978af6c78b22) Importer(2089858483,b0f066a214c2f5e87bad3c948f4d605d)
Start importing Assets/_GameFiles/Scripts/Character/CharacterHealth/CharacterHealthController using Guid(c89b0607bb434bc449d4978af6c78b22) Importer(2089858483,b0f066a214c2f5e87bad3c948f4d605d) (ScriptedImporter) -> (artifact id: 'f85f89484a69200e5a7970801192f607') in 0.0087731 seconds
Number of updated asset objects reloaded before import = 0Number of asset objects unloaded after import = 1

========================================================================
Received Import Request.
  Time since last request: 0.000042 seconds.
  path: Assets/_GameFiles/Sounds/GONE.Fludd - Слеза Бандита.wav
  artifactKey: Guid(0d859234b01323e4b86bacf860a67ab2) Importer(2089858483,b0f066a214c2f5e87bad3c948f4d605d)
Start importing Assets/_GameFiles/Sounds/GONE.Fludd - Слеза Бандита.wav using Guid(0d859234b01323e4b86bacf860a67ab2) Importer(2089858483,b0f066a214c2f5e87bad3c948f4d605d) (ScriptedImporter) -> (artifact id: '884c9d8f53d2f15c4b8119dfb70458a9') in 0.1098439 seconds
Number of updated asset objects reloaded before import = 0Number of asset objects unloaded after import = 1

========================================================================
Received Import Request.
  Time since last request: 0.000025 seconds.
  path: Assets/_GameFiles/Scripts/Interfaces/GameEntityInterfaces/EntityAttitudeTowardPlayerInterfaces
  artifactKey: Guid(4d9ec17b0337e17489712ec6b7ed2947) Importer(2089858483,b0f066a214c2f5e87bad3c948f4d605d)
Start importing Assets/_GameFiles/Scripts/Interfaces/GameEntityInterfaces/EntityAttitudeTowardPlayerInterfaces using Guid(4d9ec17b0337e17489712ec6b7ed2947) Importer(2089858483,b0f066a214c2f5e87bad3c948f4d605d) (ScriptedImporter) -> (artifact id: 'c024a8355c4de80e8d872164800ff8ee') in 0.0092067 seconds
Number of updated asset objects reloaded before import = 0Number of asset objects unloaded after import = 1

========================================================================
Received Import Request.
  Time since last request: 0.000025 seconds.
  path: Assets/_GameFiles/Scripts/EntryPointScenes/Bootstrap.cs
  artifactKey: Guid(b630b5c5ca8cac9469a917216b7cd7fb) Importer(2089858483,b0f066a214c2f5e87bad3c948f4d605d)
Start importing Assets/_GameFiles/Scripts/EntryPointScenes/Bootstrap.cs using Guid(b630b5c5ca8cac9469a917216b7cd7fb) Importer(2089858483,b0f066a214c2f5e87bad3c948f4d605d) (ScriptedImporter) -> (artifact id: 'adeb9f76a3bc8ff09bef489c08c54b91') in 0.0094586 seconds
Number of updated asset objects reloaded before import = 0Number of asset objects unloaded after import = 0

========================================================================
Received Import Request.
  Time since last request: 0.000039 seconds.
  path: Assets/_GameFiles/Scripts/Player/PlayerOffense/PlayerAttack.cs
  artifactKey: Guid(056a0c56323956948b14b11563841b6e) Importer(2089858483,b0f066a214c2f5e87bad3c948f4d605d)
Start importing Assets/_GameFiles/Scripts/Player/PlayerOffense/PlayerAttack.cs using Guid(056a0c56323956948b14b11563841b6e) Importer(2089858483,b0f066a214c2f5e87bad3c948f4d605d) (ScriptedImporter) -> (artifact id: '0b117b5ef6979f04e012bbe3a1f78265') in 0.0103484 seconds
Number of updated asset objects reloaded before import = 0Number of asset objects unloaded after import = 0

========================================================================
Received Import Request.
  Time since last request: 0.000027 seconds.
  path: Assets/_GameFiles/Animation/Animations/AttackCloseRange.anim
  artifactKey: Guid(5bcf3a271abb2be42a98da78e207d5fb) Importer(2089858483,b0f066a214c2f5e87bad3c948f4d605d)
Start importing Assets/_GameFiles/Animation/Animations/AttackCloseRange.anim using Guid(5bcf3a271abb2be42a98da78e207d5fb) Importer(2089858483,b0f066a214c2f5e87bad3c948f4d605d) (ScriptedImporter) -> (artifact id: 'b5e95adbffc45f0b95e231299602b5bc') in 0.0626699 seconds
Number of updated asset objects reloaded before import = 0Number of asset objects unloaded after import = 1

========================================================================
Received Import Request.
  Time since last request: 0.000029 seconds.
  path: Assets/_GameFiles/Animation/Animations/Locomotion.anim
  artifactKey: Guid(ab66bf0931e91924a9d0876d0c4b3d9a) Importer(2089858483,b0f066a214c2f5e87bad3c948f4d605d)
Start importing Assets/_GameFiles/Animation/Animations/Locomotion.anim using Guid(ab66bf0931e91924a9d0876d0c4b3d9a) Importer(2089858483,b0f066a214c2f5e87bad3c948f4d605d) (ScriptedImporter) -> (artifact id: 'a8184185e391c9433f9c040f88030022') in 0.0340232 seconds
Number of updated asset objects reloaded before import = 0Number of asset objects unloaded after import = 1

========================================================================
Received Import Request.
  Time since last request: 0.000050 seconds.
  path: Assets/_GameFiles/Scripts/Player/PlayerOffense/Implemented PlayerAttack/PlayerAttackCloseRange.cs
  artifactKey: Guid(6f14dcd8d3fb6cb42a5811782496fcfd) Importer(2089858483,b0f066a214c2f5e87bad3c948f4d605d)
Start importing Assets/_GameFiles/Scripts/Player/PlayerOffense/Implemented PlayerAttack/PlayerAttackCloseRange.cs using Guid(6f14dcd8d3fb6cb42a5811782496fcfd) Importer(2089858483,b0f066a214c2f5e87bad3c948f4d605d) (ScriptedImporter) -> (artifact id: '3819cfe7effcbd7f5828e05437f01f51') in 0.0109029 seconds
Number of updated asset objects reloaded before import = 0Number of asset objects unloaded after import = 0

========================================================================
Received Import Request.
  Time since last request: 0.000023 seconds.
  path: Assets/_GameFiles/Scripts/Player/PlayerUI/PlayerUI.cs
  artifactKey: Guid(61f8d379b89788746945ba7d90aaa158) Importer(2089858483,b0f066a214c2f5e87bad3c948f4d605d)
Start importing Assets/_GameFiles/Scripts/Player/PlayerUI/PlayerUI.cs using Guid(61f8d379b89788746945ba7d90aaa158) Importer(2089858483,b0f066a214c2f5e87bad3c948f4d605d) (ScriptedImporter) -> (artifact id: 'bdff5740ffb02653f28f24ec6fb3b89a') in 0.0086505 seconds
Number of updated asset objects reloaded before import = 0Number of asset objects unloaded after import = 0

========================================================================
Received Import Request.
  Time since last request: 0.000023 seconds.
  path: Assets/_GameFiles/Scripts/EventBusGeneral
  artifactKey: Guid(03f98cdd5062b9b4b8337a2f4e23faaa) Importer(2089858483,b0f066a214c2f5e87bad3c948f4d605d)
Start importing Assets/_GameFiles/Scripts/EventBusGeneral using Guid(03f98cdd5062b9b4b8337a2f4e23faaa) Importer(2089858483,b0f066a214c2f5e87bad3c948f4d605d) (ScriptedImporter) -> (artifact id: '5bd4d38bd0af9749fd40f5ebe9fd4c0d') in 0.0079406 seconds
Number of updated asset objects reloaded before import = 0Number of asset objects unloaded after import = 1

========================================================================
Received Import Request.
  Time since last request: 0.000026 seconds.
  path: Assets/_GameFiles/Scripts/Player
  artifactKey: Guid(0bb5aca1e869a464d9b51d0cb48558c0) Importer(2089858483,b0f066a214c2f5e87bad3c948f4d605d)
Start importing Assets/_GameFiles/Scripts/Player using Guid(0bb5aca1e869a464d9b51d0cb48558c0) Importer(2089858483,b0f066a214c2f5e87bad3c948f4d605d) (ScriptedImporter) -> (artifact id: '8e3e32d185c25d3f9d351430e991c6e7') in 0.0071354 seconds
Number of updated asset objects reloaded before import = 0Number of asset objects unloaded after import = 1

========================================================================
Received Import Request.
  Time since last request: 0.000039 seconds.
  path: Assets/_GameFiles/Scenes/Test.unity
  artifactKey: Guid(99c9720ab356a0642a771bea13969a05) Importer(2089858483,b0f066a214c2f5e87bad3c948f4d605d)
Start importing Assets/_GameFiles/Scenes/Test.unity using Guid(99c9720ab356a0642a771bea13969a05) Importer(2089858483,b0f066a214c2f5e87bad3c948f4d605d) (ScriptedImporter) -> (artifact id: '22e93573d6fbb8816796212263ee01d1') in 0.086724 seconds
Number of updated asset objects reloaded before import = 0Number of asset objects unloaded after import = 1

========================================================================
Received Import Request.
  Time since last request: 0.000022 seconds.
  path: Assets/_GameFiles/Prefabs/UI/UISliders
  artifactKey: Guid(fee4bf7b976b3da4d822709ed8db864b) Importer(2089858483,b0f066a214c2f5e87bad3c948f4d605d)
Start importing Assets/_GameFiles/Prefabs/UI/UISliders using Guid(fee4bf7b976b3da4d822709ed8db864b) Importer(2089858483,b0f066a214c2f5e87bad3c948f4d605d) (ScriptedImporter) -> (artifact id: 'e728d8135a17cada5e9bf2f921a66d19') in 0.0073514 seconds
Number of updated asset objects reloaded before import = 0Number of asset objects unloaded after import = 1

========================================================================
Received Import Request.
  Time since last request: 0.000021 seconds.
  path: Assets/_GameFiles/Scripts/ServicesGeneral/DamageCalculators/DamageCalculatorBasic.cs
  artifactKey: Guid(6e75a543f32edb44aaeee10eda89d22e) Importer(2089858483,b0f066a214c2f5e87bad3c948f4d605d)
Start importing Assets/_GameFiles/Scripts/ServicesGeneral/DamageCalculators/DamageCalculatorBasic.cs using Guid(6e75a543f32edb44aaeee10eda89d22e) Importer(2089858483,b0f066a214c2f5e87bad3c948f4d605d) (ScriptedImporter) -> (artifact id: 'dcbc6e650f58c00c65e38443fcf0e5a0') in 0.0086505 seconds
Number of updated asset objects reloaded before import = 0Number of asset objects unloaded after import = 0

========================================================================
Received Import Request.
  Time since last request: 0.000038 seconds.
  path: Assets/_GameFiles/Scripts/EntryPointScenes/Implemented Bootstrap/BootstrapTestScene.cs
  artifactKey: Guid(41ed0bf8e04e97e47954275a340bf5e9) Importer(2089858483,b0f066a214c2f5e87bad3c948f4d605d)
Start importing Assets/_GameFiles/Scripts/EntryPointScenes/Implemented Bootstrap/BootstrapTestScene.cs using Guid(41ed0bf8e04e97e47954275a340bf5e9) Importer(2089858483,b0f066a214c2f5e87bad3c948f4d605d) (ScriptedImporter) -> (artifact id: 'e157ca6944498d9f20b2f2a424005cc5') in 0.0096201 seconds
Number of updated asset objects reloaded before import = 0Number of asset objects unloaded after import = 0

========================================================================
Received Import Request.
  Time since last request: 0.000024 seconds.
  path: Assets/_GameFiles/Scripts/ServicesGeneral/EnvironmentAreaAnalyzers/Implemented EnvironmentAreaOverlapAnalyzer
  artifactKey: Guid(be28a1c7cd141dd44bc0cd61f04b2a1a) Importer(2089858483,b0f066a214c2f5e87bad3c948f4d605d)
Start importing Assets/_GameFiles/Scripts/ServicesGeneral/EnvironmentAreaAnalyzers/Implemented EnvironmentAreaOverlapAnalyzer using Guid(be28a1c7cd141dd44bc0cd61f04b2a1a) Importer(2089858483,b0f066a214c2f5e87bad3c948f4d605d) (ScriptedImporter) -> (artifact id: '223dfedcb95f442c673e6990a7097c3f') in 0.0077559 seconds
Number of updated asset objects reloaded before import = 0Number of asset objects unloaded after import = 1

========================================================================
Received Import Request.
  Time since last request: 0.000025 seconds.
  path: Assets/_GameFiles/Scripts/Player/PlayerController/PlayerController.cs
  artifactKey: Guid(5d4cbd3b8e00fc94bb975625b813180f) Importer(2089858483,b0f066a214c2f5e87bad3c948f4d605d)
Start importing Assets/_GameFiles/Scripts/Player/PlayerController/PlayerController.cs using Guid(5d4cbd3b8e00fc94bb975625b813180f) Importer(2089858483,b0f066a214c2f5e87bad3c948f4d605d) (ScriptedImporter) -> (artifact id: 'f398e609d6e53f602cda533c01ce819c') in 0.0087569 seconds
Number of updated asset objects reloaded before import = 0Number of asset objects unloaded after import = 0

========================================================================
Received Import Request.
  Time since last request: 0.000024 seconds.
  path: Assets/_GameFiles/Scripts/Character/CharacterUI
  artifactKey: Guid(ffc7c0a17fd66c547b6b4217cdcf72ff) Importer(2089858483,b0f066a214c2f5e87bad3c948f4d605d)
Start importing Assets/_GameFiles/Scripts/Character/CharacterUI using Guid(ffc7c0a17fd66c547b6b4217cdcf72ff) Importer(2089858483,b0f066a214c2f5e87bad3c948f4d605d) (ScriptedImporter) -> (artifact id: 'fd431677e907ad78d7197ac9210c1445') in 0.0087065 seconds
Number of updated asset objects reloaded before import = 0Number of asset objects unloaded after import = 1

========================================================================
Received Import Request.
  Time since last request: 0.000037 seconds.
  path: Assets/_GameFiles/Scripts/Interfaces/GameEntityInterfaces/EntityBehaviorInterfaces/IAttackerCloseRange.cs
  artifactKey: Guid(edefbcc46b528ff4b8eb54940479f597) Importer(2089858483,b0f066a214c2f5e87bad3c948f4d605d)
Start importing Assets/_GameFiles/Scripts/Interfaces/GameEntityInterfaces/EntityBehaviorInterfaces/IAttackerCloseRange.cs using Guid(edefbcc46b528ff4b8eb54940479f597) Importer(2089858483,b0f066a214c2f5e87bad3c948f4d605d) (ScriptedImporter) -> (artifact id: '2fed63801c5dd1419fea965105f3b3f9') in 0.0089243 seconds
Number of updated asset objects reloaded before import = 0Number of asset objects unloaded after import = 0

========================================================================
Received Import Request.
  Time since last request: 0.000022 seconds.
  path: Assets/_GameFiles/Scripts/SaveLoadSystem
  artifactKey: Guid(8c5c458fce2ad3a4f90f55dc47b6132e) Importer(2089858483,b0f066a214c2f5e87bad3c948f4d605d)
Start importing Assets/_GameFiles/Scripts/SaveLoadSystem using Guid(8c5c458fce2ad3a4f90f55dc47b6132e) Importer(2089858483,b0f066a214c2f5e87bad3c948f4d605d) (ScriptedImporter) -> (artifact id: '15656448d6742edecb497c0bff22ef88') in 0.0069784 seconds
Number of updated asset objects reloaded before import = 0Number of asset objects unloaded after import = 1

========================================================================
Received Import Request.
  Time since last request: 0.000024 seconds.
  path: Assets/_GameFiles/Scripts/Enums/SavingLoadingRepositoryTypes.cs
  artifactKey: Guid(1cd4ea53e7a88eb4f8fdf854017640db) Importer(2089858483,b0f066a214c2f5e87bad3c948f4d605d)
Start importing Assets/_GameFiles/Scripts/Enums/SavingLoadingRepositoryTypes.cs using Guid(1cd4ea53e7a88eb4f8fdf854017640db) Importer(2089858483,b0f066a214c2f5e87bad3c948f4d605d) (ScriptedImporter) -> (artifact id: '6cb87ea45b378e83ba608532c9b23af2') in 0.0082694 seconds
Number of updated asset objects reloaded before import = 0Number of asset objects unloaded after import = 0

========================================================================
Received Import Request.
  Time since last request: 0.000026 seconds.
  path: Assets/_GameFiles/Scripts/UIGeneral/GameplayMenuUI/GameplayMenuUI.cs
  artifactKey: Guid(d14f7d3119e81b645b79cc00cf093b11) Importer(2089858483,b0f066a214c2f5e87bad3c948f4d605d)
Start importing Assets/_GameFiles/Scripts/UIGeneral/GameplayMenuUI/GameplayMenuUI.cs using Guid(d14f7d3119e81b645b79cc00cf093b11) Importer(2089858483,b0f066a214c2f5e87bad3c948f4d605d) (ScriptedImporter) -> (artifact id: '2a7932154fd33b3e4e7e15e95633d3d8') in 0.0094862 seconds
Number of updated asset objects reloaded before import = 0Number of asset objects unloaded after import = 0

========================================================================
Received Import Request.
  Time since last request: 0.000042 seconds.
  path: Assets/_GameFiles/Scripts/Interfaces/NonGameEntityInterfaces/IEnvironmentAreaAnalyzer.cs
  artifactKey: Guid(0c6cc94c8e5843d46b17fa2022771f1c) Importer(2089858483,b0f066a214c2f5e87bad3c948f4d605d)
Start importing Assets/_GameFiles/Scripts/Interfaces/NonGameEntityInterfaces/IEnvironmentAreaAnalyzer.cs using Guid(0c6cc94c8e5843d46b17fa2022771f1c) Importer(2089858483,b0f066a214c2f5e87bad3c948f4d605d) (ScriptedImporter) -> (artifact id: '9002b6ece136eb1fc2642d9efd5f4dc0') in 0.0083038 seconds
Number of updated asset objects reloaded before import = 0Number of asset objects unloaded after import = 0

========================================================================
Received Import Request.
  Time since last request: 0.000024 seconds.
  path: Assets/_GameFiles/Scripts/Character/CharacterWeapon/CharacterWeaponCloseRange.cs
  artifactKey: Guid(370e588c8fa74cf4e9270aaa317c02b6) Importer(2089858483,b0f066a214c2f5e87bad3c948f4d605d)
Start importing Assets/_GameFiles/Scripts/Character/CharacterWeapon/CharacterWeaponCloseRange.cs using Guid(370e588c8fa74cf4e9270aaa317c02b6) Importer(2089858483,b0f066a214c2f5e87bad3c948f4d605d) (ScriptedImporter) -> (artifact id: '2cafc8a4c4d97bae1262bca3d484d26c') in 0.0090613 seconds
Number of updated asset objects reloaded before import = 0Number of asset objects unloaded after import = 0

========================================================================
Received Import Request.
  Time since last request: 0.000024 seconds.
  path: Assets/_GameFiles/Scripts/Weapon/Implemented Weapon/Implemented WeaponCloseRange
  artifactKey: Guid(d4eda97f91e90dd4380b245beda779e1) Importer(2089858483,b0f066a214c2f5e87bad3c948f4d605d)
Start importing Assets/_GameFiles/Scripts/Weapon/Implemented Weapon/Implemented WeaponCloseRange using Guid(d4eda97f91e90dd4380b245beda779e1) Importer(2089858483,b0f066a214c2f5e87bad3c948f4d605d) (ScriptedImporter) -> (artifact id: '1ba1e34cd7bfbeff1c13a699822f584f') in 0.0103552 seconds
Number of updated asset objects reloaded before import = 0Number of asset objects unloaded after import = 1

========================================================================
Received Import Request.
  Time since last request: 0.000027 seconds.
  path: Assets/_GameFiles/InputActionMapSystems
  artifactKey: Guid(d80049fb89132cd4d8d5dd1b6a25e539) Importer(2089858483,b0f066a214c2f5e87bad3c948f4d605d)
Start importing Assets/_GameFiles/InputActionMapSystems using Guid(d80049fb89132cd4d8d5dd1b6a25e539) Importer(2089858483,b0f066a214c2f5e87bad3c948f4d605d) (ScriptedImporter) -> (artifact id: 'd3432e207cc4ca8aa24ef306617a1716') in 0.0087188 seconds
Number of updated asset objects reloaded before import = 0Number of asset objects unloaded after import = 1

========================================================================
Received Import Request.
  Time since last request: 0.000045 seconds.
  path: Assets/_GameFiles/Scripts/Weapon/Implemented Weapon/WeaponLongRange.cs
  artifactKey: Guid(c7b2bda77c1f411479a43e610c5afdcd) Importer(2089858483,b0f066a214c2f5e87bad3c948f4d605d)
Start importing Assets/_GameFiles/Scripts/Weapon/Implemented Weapon/WeaponLongRange.cs using Guid(c7b2bda77c1f411479a43e610c5afdcd) Importer(2089858483,b0f066a214c2f5e87bad3c948f4d605d) (ScriptedImporter) -> (artifact id: '259ebbb200ffa3c0490f12ad4c002fa3') in 0.0088048 seconds
Number of updated asset objects reloaded before import = 0Number of asset objects unloaded after import = 0

========================================================================
Received Import Request.
  Time since last request: 0.000020 seconds.
  path: Assets/_GameFiles/Scripts/ServicesGeneral/SoundPlayer.cs
  artifactKey: Guid(935fc8e66e472dd43b5240f73bf9cbdb) Importer(2089858483,b0f066a214c2f5e87bad3c948f4d605d)
Start importing Assets/_GameFiles/Scripts/ServicesGeneral/SoundPlayer.cs using Guid(935fc8e66e472dd43b5240f73bf9cbdb) Importer(2089858483,b0f066a214c2f5e87bad3c948f4d605d) (ScriptedImporter) -> (artifact id: '324f59fd5c7360d2429cf084ca2f5ea1') in 0.0080391 seconds
Number of updated asset objects reloaded before import = 0Number of asset objects unloaded after import = 0

========================================================================
Received Import Request.
  Time since last request: 0.000022 seconds.
  path: Assets/_GameFiles/Scripts/Input/InputReader.cs
  artifactKey: Guid(60b9afef74b505540b1d0adf85b4f67d) Importer(2089858483,b0f066a214c2f5e87bad3c948f4d605d)
Start importing Assets/_GameFiles/Scripts/Input/InputReader.cs using Guid(60b9afef74b505540b1d0adf85b4f67d) Importer(2089858483,b0f066a214c2f5e87bad3c948f4d605d) (ScriptedImporter) -> (artifact id: 'e6cb56c2e664c5439d638c9eb5c697b9') in 0.0081703 seconds
Number of updated asset objects reloaded before import = 0Number of asset objects unloaded after import = 0

========================================================================
Received Import Request.
  Time since last request: 0.000027 seconds.
  path: Assets/_GameFiles/Scripts/Interfaces/GameEntityInterfaces/EntityAttitudeTowardPlayerInterfaces/IAlly.cs
  artifactKey: Guid(be0755fd53f1bb742859cd82f2d44a7b) Importer(2089858483,b0f066a214c2f5e87bad3c948f4d605d)
Start importing Assets/_GameFiles/Scripts/Interfaces/GameEntityInterfaces/EntityAttitudeTowardPlayerInterfaces/IAlly.cs using Guid(be0755fd53f1bb742859cd82f2d44a7b) Importer(2089858483,b0f066a214c2f5e87bad3c948f4d605d) (ScriptedImporter) -> (artifact id: '4033a3725aa5d04775bde043bd4ff2b1') in 0.017779 seconds
Number of updated asset objects reloaded before import = 0Number of asset objects unloaded after import = 0

========================================================================
Received Import Request.
  Time since last request: 0.000039 seconds.
  path: Assets/_GameFiles/Scripts/Character/CharacterController/CharacterControllerNew.cs
  artifactKey: Guid(76e2a2ffb49079144874eb6c695dfe74) Importer(2089858483,b0f066a214c2f5e87bad3c948f4d605d)
Start importing Assets/_GameFiles/Scripts/Character/CharacterController/CharacterControllerNew.cs using Guid(76e2a2ffb49079144874eb6c695dfe74) Importer(2089858483,b0f066a214c2f5e87bad3c948f4d605d) (ScriptedImporter) -> (artifact id: 'c1d5e1817a77953e10ea98183da24e0a') in 0.0094977 seconds
Number of updated asset objects reloaded before import = 0Number of asset objects unloaded after import = 0

========================================================================
Received Import Request.
  Time since last request: 0.000024 seconds.
  path: Assets/_GameFiles/Scripts/Player/PlayerWeapon/PlayerWeaponController/PlayerWeaponController.cs
  artifactKey: Guid(33677a509b346ee47819401480e00cc9) Importer(2089858483,b0f066a214c2f5e87bad3c948f4d605d)
Start importing Assets/_GameFiles/Scripts/Player/PlayerWeapon/PlayerWeaponController/PlayerWeaponController.cs using Guid(33677a509b346ee47819401480e00cc9) Importer(2089858483,b0f066a214c2f5e87bad3c948f4d605d) (ScriptedImporter) -> (artifact id: 'a3d290325780f8226f935525678c5080') in 0.0098231 seconds
Number of updated asset objects reloaded before import = 0Number of asset objects unloaded after import = 0

========================================================================
Received Import Request.
  Time since last request: 0.000028 seconds.
  path: Assets/_GameFiles/Scripts/Player/PlayerDefense/PlayerDefenseController.cs
  artifactKey: Guid(4b7eca2410afcd541b22036defc18266) Importer(2089858483,b0f066a214c2f5e87bad3c948f4d605d)
Start importing Assets/_GameFiles/Scripts/Player/PlayerDefense/PlayerDefenseController.cs using Guid(4b7eca2410afcd541b22036defc18266) Importer(2089858483,b0f066a214c2f5e87bad3c948f4d605d) (ScriptedImporter) -> (artifact id: 'fe32a4868fb5cc2a76e315b8f005fd4a') in 0.0097191 seconds
Number of updated asset objects reloaded before import = 0Number of asset objects unloaded after import = 0

========================================================================
Received Import Request.
  Time since last request: 0.000027 seconds.
  path: Assets/_GameFiles/Animation/Animations/AttackLongRange.anim
  artifactKey: Guid(5f67ea5a5019e524e83cde89d3f013de) Importer(2089858483,b0f066a214c2f5e87bad3c948f4d605d)
Start importing Assets/_GameFiles/Animation/Animations/AttackLongRange.anim using Guid(5f67ea5a5019e524e83cde89d3f013de) Importer(2089858483,b0f066a214c2f5e87bad3c948f4d605d) (ScriptedImporter) -> (artifact id: 'b5a0fe606d343a9198b0549b46a7c493') in 0.0506598 seconds
Number of updated asset objects reloaded before import = 0Number of asset objects unloaded after import = 1

========================================================================
Received Import Request.
  Time since last request: 0.000036 seconds.
  path: Assets/_GameFiles/Scripts/Interfaces/GameEntityInterfaces
  artifactKey: Guid(03d5bd8953ea4db459b4ffa60069f30d) Importer(2089858483,b0f066a214c2f5e87bad3c948f4d605d)
Start importing Assets/_GameFiles/Scripts/Interfaces/GameEntityInterfaces using Guid(03d5bd8953ea4db459b4ffa60069f30d) Importer(2089858483,b0f066a214c2f5e87bad3c948f4d605d) (ScriptedImporter) -> (artifact id: '86fbe52cf758ce579f1d5b42c33185ce') in 0.0077957 seconds
Number of updated asset objects reloaded before import = 0Number of asset objects unloaded after import = 1

========================================================================
Received Import Request.
  Time since last request: 0.000021 seconds.
  path: Assets/_GameFiles/Scripts/Player/PlayerHealth/PlayerHealthController
  artifactKey: Guid(08c806878cf3de4459801b1e3045c271) Importer(2089858483,b0f066a214c2f5e87bad3c948f4d605d)
Start importing Assets/_GameFiles/Scripts/Player/PlayerHealth/PlayerHealthController using Guid(08c806878cf3de4459801b1e3045c271) Importer(2089858483,b0f066a214c2f5e87bad3c948f4d605d) (ScriptedImporter) -> (artifact id: 'f9b36895b575692a58ed59797816a8ee') in 0.0081065 seconds
Number of updated asset objects reloaded before import = 0Number of asset objects unloaded after import = 1

========================================================================
Received Import Request.
  Time since last request: 0.000021 seconds.
  path: Assets/_GameFiles/Scripts/Character/CharacterDefense/CharacterDefenseController.cs
  artifactKey: Guid(3905d2c319879cd4abb8ff72e9d8d14a) Importer(2089858483,b0f066a214c2f5e87bad3c948f4d605d)
Start importing Assets/_GameFiles/Scripts/Character/CharacterDefense/CharacterDefenseController.cs using Guid(3905d2c319879cd4abb8ff72e9d8d14a) Importer(2089858483,b0f066a214c2f5e87bad3c948f4d605d) (ScriptedImporter) -> (artifact id: '6519bf14f3b2616a3c2574c291b10c29') in 0.0080131 seconds
Number of updated asset objects reloaded before import = 0Number of asset objects unloaded after import = 0

========================================================================
Received Import Request.
  Time since last request: 0.000026 seconds.
  path: Assets/_GameFiles/Scripts/Character/CharacterAnimation/CharacterAnimator.cs
  artifactKey: Guid(d46369a4deb10404b8b1a0ce3461b356) Importer(2089858483,b0f066a214c2f5e87bad3c948f4d605d)
Start importing Assets/_GameFiles/Scripts/Character/CharacterAnimation/CharacterAnimator.cs using Guid(d46369a4deb10404b8b1a0ce3461b356) Importer(2089858483,b0f066a214c2f5e87bad3c948f4d605d) (ScriptedImporter) -> (artifact id: 'b55a1f87a21fd175620fbea36d691d57') in 0.0076137 seconds
Number of updated asset objects reloaded before import = 0Number of asset objects unloaded after import = 0

========================================================================
Received Import Request.
  Time since last request: 0.000039 seconds.
  path: Assets/_GameFiles/Scripts/Weapon/Implemented Weapon/Implemented WeaponCloseRange/SwordBasic.cs
  artifactKey: Guid(cd44b7c07449b7749ab39d61d9d04c46) Importer(2089858483,b0f066a214c2f5e87bad3c948f4d605d)
Start importing Assets/_GameFiles/Scripts/Weapon/Implemented Weapon/Implemented WeaponCloseRange/SwordBasic.cs using Guid(cd44b7c07449b7749ab39d61d9d04c46) Importer(2089858483,b0f066a214c2f5e87bad3c948f4d605d) (ScriptedImporter) -> (artifact id: '440c4c9290fec0ee495b9bce1916929c') in 0.0097901 seconds
Number of updated asset objects reloaded before import = 0Number of asset objects unloaded after import = 0

========================================================================
Received Import Request.
  Time since last request: 0.000024 seconds.
  path: Assets/_GameFiles/InputActionMapSystems/InputActionMapSystemDefault.inputactions
  artifactKey: Guid(cb9d89a267718d34381cfc5fef5792f4) Importer(2089858483,b0f066a214c2f5e87bad3c948f4d605d)
Start importing Assets/_GameFiles/InputActionMapSystems/InputActionMapSystemDefault.inputactions using Guid(cb9d89a267718d34381cfc5fef5792f4) Importer(2089858483,b0f066a214c2f5e87bad3c948f4d605d) (ScriptedImporter) -> (artifact id: '48176ea1248f2fe977ab91ddc8f7879e') in 0.3553017 seconds
Number of updated asset objects reloaded before import = 0Number of asset objects unloaded after import = 8

========================================================================
Received Import Request.
  Time since last request: 0.000028 seconds.
  path: Assets/_GameFiles/Prefabs/UI/UIButtons
  artifactKey: Guid(4e3a0f3baaa842543a8c68c6aa796fcd) Importer(2089858483,b0f066a214c2f5e87bad3c948f4d605d)
Start importing Assets/_GameFiles/Prefabs/UI/UIButtons using Guid(4e3a0f3baaa842543a8c68c6aa796fcd) Importer(2089858483,b0f066a214c2f5e87bad3c948f4d605d) (ScriptedImporter) -> (artifact id: '8f4ba208cdf0f8a187d990b6d1bef6da') in 0.0073822 seconds
Number of updated asset objects reloaded before import = 0Number of asset objects unloaded after import = 1

========================================================================
Received Import Request.
  Time since last request: 0.000042 seconds.
  path: Assets/_GameFiles/Scripts/Player/PlayerOffense/Implemented PlayerAttack
  artifactKey: Guid(25b8a33bfc3b213418ee17d2f3aa7d75) Importer(2089858483,b0f066a214c2f5e87bad3c948f4d605d)
Start importing Assets/_GameFiles/Scripts/Player/PlayerOffense/Implemented PlayerAttack using Guid(25b8a33bfc3b213418ee17d2f3aa7d75) Importer(2089858483,b0f066a214c2f5e87bad3c948f4d605d) (ScriptedImporter) -> (artifact id: 'ae876cbe48e6548acac7fc1604be930b') in 0.0079795 seconds
Number of updated asset objects reloaded before import = 0Number of asset objects unloaded after import = 1

========================================================================
Received Import Request.
  Time since last request: 0.000021 seconds.
  path: Assets/_GameFiles/Scripts/ServicesGeneral/DamageCalculators
  artifactKey: Guid(b54d729546d087c46b7a0b298263b8bf) Importer(2089858483,b0f066a214c2f5e87bad3c948f4d605d)
Start importing Assets/_GameFiles/Scripts/ServicesGeneral/DamageCalculators using Guid(b54d729546d087c46b7a0b298263b8bf) Importer(2089858483,b0f066a214c2f5e87bad3c948f4d605d) (ScriptedImporter) -> (artifact id: 'a4e5bf53c3919b6d76436942a353d0e6') in 0.0084003 seconds
Number of updated asset objects reloaded before import = 0Number of asset objects unloaded after import = 1

========================================================================
Received Import Request.
  Time since last request: 0.000032 seconds.
  path: Assets/_GameFiles/Scripts/Player/PlayerMovement/PlayerRotation.cs
  artifactKey: Guid(9ff97bdb34cc3b6499d9b14e33cb4e2d) Importer(2089858483,b0f066a214c2f5e87bad3c948f4d605d)
Start importing Assets/_GameFiles/Scripts/Player/PlayerMovement/PlayerRotation.cs using Guid(9ff97bdb34cc3b6499d9b14e33cb4e2d) Importer(2089858483,b0f066a214c2f5e87bad3c948f4d605d) (ScriptedImporter) -> (artifact id: '86e0bc43240901fe0079a6542b55701f') in 0.0093801 seconds
Number of updated asset objects reloaded before import = 0Number of asset objects unloaded after import = 0

========================================================================
Received Import Request.
  Time since last request: 0.000026 seconds.
  path: Assets/_GameFiles/Scripts/Player/PlayerAnimation/PlayerAnimator.cs
  artifactKey: Guid(c71cd1cc17a1a414093c3188f8f09d28) Importer(2089858483,b0f066a214c2f5e87bad3c948f4d605d)
Start importing Assets/_GameFiles/Scripts/Player/PlayerAnimation/PlayerAnimator.cs using Guid(c71cd1cc17a1a414093c3188f8f09d28) Importer(2089858483,b0f066a214c2f5e87bad3c948f4d605d) (ScriptedImporter) -> (artifact id: 'de2618ed6139809591faa2d9e30bbc67') in 0.0349602 seconds
Number of updated asset objects reloaded before import = 0Number of asset objects unloaded after import = 0

========================================================================
Received Import Request.
  Time since last request: 0.000040 seconds.
  path: Assets/_GameFiles/Scripts/Player/PlayerHealth
  artifactKey: Guid(c416562e799a0df498ab1a3371fed3b9) Importer(2089858483,b0f066a214c2f5e87bad3c948f4d605d)
Start importing Assets/_GameFiles/Scripts/Player/PlayerHealth using Guid(c416562e799a0df498ab1a3371fed3b9) Importer(2089858483,b0f066a214c2f5e87bad3c948f4d605d) (ScriptedImporter) -> (artifact id: '3bc002f9f9db1aecaec46d0f0085225c') in 0.0072657 seconds
Number of updated asset objects reloaded before import = 0Number of asset objects unloaded after import = 1

========================================================================
Received Import Request.
  Time since last request: 0.000021 seconds.
  path: Assets/_GameFiles/Scripts/Character/CharacterAI/CharacterAIController.cs
  artifactKey: Guid(74980bf57e3026c4796a78168f10a67e) Importer(2089858483,b0f066a214c2f5e87bad3c948f4d605d)
Start importing Assets/_GameFiles/Scripts/Character/CharacterAI/CharacterAIController.cs using Guid(74980bf57e3026c4796a78168f10a67e) Importer(2089858483,b0f066a214c2f5e87bad3c948f4d605d) (ScriptedImporter) -> (artifact id: '151ba1719e0495120229b68a5db91ffe') in 0.0080854 seconds
Number of updated asset objects reloaded before import = 0Number of asset objects unloaded after import = 0

========================================================================
Received Import Request.
  Time since last request: 0.000022 seconds.
  path: Assets/_GameFiles/Scripts/Player/PlayerMovement
  artifactKey: Guid(f2d7cdfde2cafb2449a58588f240b839) Importer(2089858483,b0f066a214c2f5e87bad3c948f4d605d)
Start importing Assets/_GameFiles/Scripts/Player/PlayerMovement using Guid(f2d7cdfde2cafb2449a58588f240b839) Importer(2089858483,b0f066a214c2f5e87bad3c948f4d605d) (ScriptedImporter) -> (artifact id: 'ca38f0f9317948b2d6dd5be33238c3c6') in 0.0068391 seconds
Number of updated asset objects reloaded before import = 0Number of asset objects unloaded after import = 1

========================================================================
Received Import Request.
  Time since last request: 0.000032 seconds.
  path: Assets/_GameFiles/Scripts/Character/CharacterMovement/CharacterMovementController/CharacterMovementController.cs
  artifactKey: Guid(e4c88ad9f23e9df4a835fdc900538c7d) Importer(2089858483,b0f066a214c2f5e87bad3c948f4d605d)
Start importing Assets/_GameFiles/Scripts/Character/CharacterMovement/CharacterMovementController/CharacterMovementController.cs using Guid(e4c88ad9f23e9df4a835fdc900538c7d) Importer(2089858483,b0f066a214c2f5e87bad3c948f4d605d) (ScriptedImporter) -> (artifact id: 'ddfa351f4ad12fc869850aace4447583') in 0.0086659 seconds
Number of updated asset objects reloaded before import = 0Number of asset objects unloaded after import = 0

========================================================================
Received Import Request.
  Time since last request: 0.000042 seconds.
  path: Assets/_GameFiles/Scripts/Player/PlayerDefense
  artifactKey: Guid(635bb8990478c674b9487cf4e5742c33) Importer(2089858483,b0f066a214c2f5e87bad3c948f4d605d)
Start importing Assets/_GameFiles/Scripts/Player/PlayerDefense using Guid(635bb8990478c674b9487cf4e5742c33) Importer(2089858483,b0f066a214c2f5e87bad3c948f4d605d) (ScriptedImporter) -> (artifact id: 'd163cd21cb939097343b7f220aee1e2d') in 0.008099 seconds
Number of updated asset objects reloaded before import = 0Number of asset objects unloaded after import = 1

========================================================================
Received Import Request.
  Time since last request: 0.000033 seconds.
  path: Assets/_GameFiles/Animation/Animations/Running.fbx
  artifactKey: Guid(5f78e136871ca584fb25c400b3f42421) Importer(2089858483,b0f066a214c2f5e87bad3c948f4d605d)
Start importing Assets/_GameFiles/Animation/Animations/Running.fbx using Guid(5f78e136871ca584fb25c400b3f42421) Importer(2089858483,b0f066a214c2f5e87bad3c948f4d605d) (ScriptedImporter) -> (artifact id: 'ecd7edddd053e7dd7974faa433d8cde0') in 0.0404693 seconds
Number of updated asset objects reloaded before import = 0Number of asset objects unloaded after import = 136

========================================================================
Received Import Request.
  Time since last request: 0.000049 seconds.
  path: Assets/_GameFiles/Scripts/Player/PlayerMovement/PlayerMovementController
  artifactKey: Guid(3ffefe53ca88b254787e5f791f0bb13c) Importer(2089858483,b0f066a214c2f5e87bad3c948f4d605d)
Start importing Assets/_GameFiles/Scripts/Player/PlayerMovement/PlayerMovementController using Guid(3ffefe53ca88b254787e5f791f0bb13c) Importer(2089858483,b0f066a214c2f5e87bad3c948f4d605d) (ScriptedImporter) -> (artifact id: 'c399eee624cf74190d337c1872f62eff') in 0.0095455 seconds
Number of updated asset objects reloaded before import = 0Number of asset objects unloaded after import = 1

========================================================================
Received Import Request.
  Time since last request: 0.000039 seconds.
  path: Assets/_GameFiles/Scripts/Input/InputController.cs
  artifactKey: Guid(86d2295b2fa0c924481cdfb528ee4031) Importer(2089858483,b0f066a214c2f5e87bad3c948f4d605d)
Start importing Assets/_GameFiles/Scripts/Input/InputController.cs using Guid(86d2295b2fa0c924481cdfb528ee4031) Importer(2089858483,b0f066a214c2f5e87bad3c948f4d605d) (ScriptedImporter) -> (artifact id: 'e13ef4803d98a22108b05d8065f4f3f2') in 0.0085746 seconds
Number of updated asset objects reloaded before import = 0Number of asset objects unloaded after import = 0

========================================================================
Received Import Request.
  Time since last request: 0.000025 seconds.
  path: Assets/_GameFiles/Scripts/Character/CharacterMovement/CharacterLocomotion.cs
  artifactKey: Guid(1ab433c2f3602aa49b211ebb1320ef97) Importer(2089858483,b0f066a214c2f5e87bad3c948f4d605d)
Start importing Assets/_GameFiles/Scripts/Character/CharacterMovement/CharacterLocomotion.cs using Guid(1ab433c2f3602aa49b211ebb1320ef97) Importer(2089858483,b0f066a214c2f5e87bad3c948f4d605d) (ScriptedImporter) -> (artifact id: 'd94d9fc298e3f2ecfbf78cba7a08c6c0') in 0.0085977 seconds
Number of updated asset objects reloaded before import = 0Number of asset objects unloaded after import = 0

========================================================================
Received Import Request.
  Time since last request: 0.000025 seconds.
  path: Assets/_GameFiles/Scripts/Character/ImplementedCharacter/CharacterCloseRange.cs
  artifactKey: Guid(ce3e6f9d93ca5cd45b3deea71887b8e7) Importer(2089858483,b0f066a214c2f5e87bad3c948f4d605d)
Start importing Assets/_GameFiles/Scripts/Character/ImplementedCharacter/CharacterCloseRange.cs using Guid(ce3e6f9d93ca5cd45b3deea71887b8e7) Importer(2089858483,b0f066a214c2f5e87bad3c948f4d605d) (ScriptedImporter) -> (artifact id: '7980f50794d4e3932e5cce118eb09a58') in 0.0084727 seconds
Number of updated asset objects reloaded before import = 0Number of asset objects unloaded after import = 0

========================================================================
Received Import Request.
  Time since last request: 0.000026 seconds.
  path: Assets/_GameFiles/Scripts/Character/CharacterAI/ImplementedCharacterAIState/CharacterAIStatePatrol.cs
  artifactKey: Guid(ae1db8e0b985f9d48b6cb5b94cac95e7) Importer(2089858483,b0f066a214c2f5e87bad3c948f4d605d)
Start importing Assets/_GameFiles/Scripts/Character/CharacterAI/ImplementedCharacterAIState/CharacterAIStatePatrol.cs using Guid(ae1db8e0b985f9d48b6cb5b94cac95e7) Importer(2089858483,b0f066a214c2f5e87bad3c948f4d605d) (ScriptedImporter) -> (artifact id: '2d188768d088be0761e7ae98de538c95') in 0.0108757 seconds
Number of updated asset objects reloaded before import = 0Number of asset objects unloaded after import = 0

========================================================================
Received Import Request.
  Time since last request: 0.000039 seconds.
  path: Assets/_GameFiles/Scripts/Weapon/Implemented Weapon
  artifactKey: Guid(65410678d99650f4284bcd638a14bcce) Importer(2089858483,b0f066a214c2f5e87bad3c948f4d605d)
Start importing Assets/_GameFiles/Scripts/Weapon/Implemented Weapon using Guid(65410678d99650f4284bcd638a14bcce) Importer(2089858483,b0f066a214c2f5e87bad3c948f4d605d) (ScriptedImporter) -> (artifact id: '510656676c001b338e85165a857d02e1') in 0.0104112 seconds
Number of updated asset objects reloaded before import = 0Number of asset objects unloaded after import = 1

========================================================================
Received Import Request.
  Time since last request: 0.000051 seconds.
  path: Assets/_GameFiles/Scripts/ServicesGeneral/ScenePausing
  artifactKey: Guid(bc06c080ccb6f06409697feb9b2e90ad) Importer(2089858483,b0f066a214c2f5e87bad3c948f4d605d)
Start importing Assets/_GameFiles/Scripts/ServicesGeneral/ScenePausing using Guid(bc06c080ccb6f06409697feb9b2e90ad) Importer(2089858483,b0f066a214c2f5e87bad3c948f4d605d) (ScriptedImporter) -> (artifact id: '1f39a2f87d351cb45bfa8b471f3b1b81') in 0.0143803 seconds
Number of updated asset objects reloaded before import = 0Number of asset objects unloaded after import = 1

========================================================================
Received Import Request.
  Time since last request: 0.000033 seconds.
  path: Assets/_GameFiles/Prefabs/UI/UISliders/CrimsonSlider.prefab
  artifactKey: Guid(b299a7be67464cf49962fd8d3fb18e80) Importer(2089858483,b0f066a214c2f5e87bad3c948f4d605d)
Start importing Assets/_GameFiles/Prefabs/UI/UISliders/CrimsonSlider.prefab using Guid(b299a7be67464cf49962fd8d3fb18e80) Importer(2089858483,b0f066a214c2f5e87bad3c948f4d605d) (ScriptedImporter) -> (artifact id: '23fa0539b2dd073b13dcfe076dd8b3e0') in 0.0858251 seconds
Number of updated asset objects reloaded before import = 0Number of asset objects unloaded after import = 33

========================================================================
Received Import Request.
  Time since last request: 0.000064 seconds.
  path: Assets/_GameFiles/Scripts/Interfaces/NonGameEntityInterfaces/ISavingLoadingRepository.cs
  artifactKey: Guid(9295fffd086128d48995382ec6eb4817) Importer(2089858483,b0f066a214c2f5e87bad3c948f4d605d)
Start importing Assets/_GameFiles/Scripts/Interfaces/NonGameEntityInterfaces/ISavingLoadingRepository.cs using Guid(9295fffd086128d48995382ec6eb4817) Importer(2089858483,b0f066a214c2f5e87bad3c948f4d605d) (ScriptedImporter) -> (artifact id: '65d2899fe7f4a08e4a520ac8cdd304ae') in 0.0111037 seconds
Number of updated asset objects reloaded before import = 0Number of asset objects unloaded after import = 0

========================================================================
Received Import Request.
  Time since last request: 0.000029 seconds.
  path: Assets/_GameFiles/Scenes
  artifactKey: Guid(8b6a9ed9a54e0204d8981d71b701ecfb) Importer(2089858483,b0f066a214c2f5e87bad3c948f4d605d)
Start importing Assets/_GameFiles/Scenes using Guid(8b6a9ed9a54e0204d8981d71b701ecfb) Importer(2089858483,b0f066a214c2f5e87bad3c948f4d605d) (ScriptedImporter) -> (artifact id: '7aacc25e1a36d2d501ea2b05fb12aa47') in 0.0098556 seconds
Number of updated asset objects reloaded before import = 0Number of asset objects unloaded after import = 1

========================================================================
Received Prepare
Assembly reference Packages/com.unity.cinemachine/Editor/Samples/ExposeHDRPInternals/HDRP-Editor-ref.asmref has no target assembly definition
Assembly reference Packages/com.unity.cinemachine/Editor/Samples/ExposeHDRPInternals/HDRP-Editor-ref.asmref has no target assembly definition
Begin MonoManager ReloadAssembly
[Licensing::Client] Successfully resolved entitlement details
[Licensing::Module] License group:
  Id: F4-C7SA-D7MS-282S-YHFX-XXXX
  Product: Unity Personal
  Type: ULF
  Expiration: Unlimited
[Licensing::Module] License group:
  Id: 10170697332008-UnityPersXXXX
  Product: Unity Personal
  Type: Assigned
  Expiration: Unlimited
ADTM: Control thread waiting for realtime thread timed out, have to lock...
Duplicate assembly 'System.Collections.Immutable.FSR.dll' with different versions detected, using 'Assets/FastScriptReload/Plugins/Roslyn/2021+/System.Collections.Immutable.FSR.dll, AssemblyName=System.Collections.Immutable, Version=7.0.0.0, Culture=neutral, PublicKeyToken=b03f5f7f11d50a3a' and ignoring 'Assets/FastScriptReload/Plugins/Roslyn/System.Collections.Immutable.dll, AssemblyName=System.Collections.Immutable, Version=1.2.3.0, Culture=neutral, PublicKeyToken=b03f5f7f11d50a3a'.Duplicate assembly 'System.Collections.Immutable.FSR.dll' with different versions detected, using 'Assets/FastScriptReload/Plugins/Roslyn/2021+/System.Collections.Immutable.FSR.dll, AssemblyName=System.Collections.Immutable, Version=7.0.0.0, Culture=neutral, PublicKeyToken=b03f5f7f11d50a3a' and ignoring 'Assets/FastScriptReload/Plugins/Roslyn/2021+/System.Collections.Immutable.dll, AssemblyName=System.Collections.Immutable, Version=1.2.3.0, Culture=neutral, PublicKeyToken=b03f5f7f11d50a3a'.Duplicate assembly 'Microsoft.CodeAnalysis.CSharp.dll' with different versions detected, using 'Assets/FastScriptReload/Plugins/Roslyn/2021+/Microsoft.CodeAnalysis.CSharp.dll, AssemblyName=Microsoft.CodeAnalysis.CSharp, Version=4.6.0.0, Culture=neutral, PublicKeyToken=31bf3856ad364e35' and ignoring 'Assets/FastScriptReload/Plugins/Roslyn/Microsoft.CodeAnalysis.CSharp.dll, AssemblyName=Microsoft.CodeAnalysis.CSharp, Version=2.10.0.0, Culture=neutral, PublicKeyToken=31bf3856ad364e35'.Duplicate assembly 'System.Reflection.Metadata.dll' with different versions detected, using 'Assets/FastScriptReload/Plugins/Roslyn/2021+/System.Reflection.Metadata.dll, AssemblyName=System.Reflection.Metadata, Version=7.0.0.0, Culture=neutral, PublicKeyToken=b03f5f7f11d50a3a' and ignoring 'Assets/FastScriptReload/Plugins/Roslyn/System.Reflection.Metadata.dll, AssemblyName=System.Reflection.Metadata, Version=1.4.3.0, Culture=neutral, PublicKeyToken=b03f5f7f11d50a3a'.Duplicate assembly 'Microsoft.CodeAnalysis.dll' with different versions detected, using 'Assets/FastScriptReload/Plugins/Roslyn/2021+/Microsoft.CodeAnalysis.dll, AssemblyName=Microsoft.CodeAnalysis, Version=4.6.0.0, Culture=neutral, PublicKeyToken=31bf3856ad364e35' and ignoring 'Assets/FastScriptReload/Plugins/Roslyn/Microsoft.CodeAnalysis.dll, AssemblyName=Microsoft.CodeAnalysis, Version=2.10.0.0, Culture=neutral, PublicKeyToken=31bf3856ad364e35'.- Loaded All Assemblies, in  2.887 seconds
Assembly reference Packages/com.unity.cinemachine/Editor/Samples/ExposeHDRPInternals/HDRP-Editor-ref.asmref has no target assembly definition
'Packages/com.unity.cinemachine/Editor/Obsolete/CinemachineVirtualCameraBaseEditor.cs' contains partial class of Unity.Object, exactly 1 of the partial classes needs to be in a file with the same filename. This is to know the one that can be referenced from ie. GameObjects
'Packages/com.unity.cinemachine/Editor/Editors/CinemachineVirtualCameraBaseEditor.cs' contains partial class of Unity.Object, exactly 1 of the partial classes needs to be in a file with the same filename. This is to know the one that can be referenced from ie. GameObjects
Refreshing native plugins compatible for Editor in 1.67 ms, found 3 plugins.
Native extension for UWP target not found
Native extension for WindowsStandalone target not found
Assembly reference Packages/com.unity.cinemachine/Editor/Samples/ExposeHDRPInternals/HDRP-Editor-ref.asmref has no target assembly definition
[Package Manager] Failed to launch server process. Reason: Unity was launched with the -noUpm command-line argument
[Package Manager] Unable to send message (not connected to server process).
[Package Manager] Cannot connect to Unity Package Manager local server
[Package Manager] Failed to launch server process. Reason: Unity was launched with the -noUpm command-line argument
[Package Manager] Unable to send message (not connected to server process).
[Package Manager] Cannot connect to Unity Package Manager local server
ScheduleIndexationOnStartup MainProcess:False IndexOnStartup:True
Mono: successfully reloaded assembly
- Finished resetting the current domain, in  2.273 seconds
Domain Reload Profiling: 5160ms
	BeginReloadAssembly (1496ms)
		ExecutionOrderSort (0ms)
		DisableScriptedObjects (13ms)
		BackupInstance (0ms)
		ReleaseScriptingObjects (0ms)
		CreateAndSetChildDomain (1146ms)
	RebuildCommonClasses (70ms)
	RebuildNativeTypeToScriptingClass (32ms)
	initialDomainReloadingComplete (106ms)
	LoadAllAssembliesAndSetupDomain (1182ms)
		LoadAssemblies (858ms)
		RebuildTransferFunctionScriptingTraits (0ms)
		AnalyzeDomain (552ms)
			TypeCache.Refresh (16ms)
				TypeCache.ScanAssembly (2ms)
			BuildScriptInfoCaches (490ms)
			ResolveRequiredComponents (36ms)
	FinalizeReload (2274ms)
		ReleaseScriptCaches (0ms)
		RebuildScriptCaches (0ms)
		SetupLoadedEditorAssemblies (1942ms)
			LogAssemblyErrors (0ms)
			InitializePlatformSupportModulesInManaged (3ms)
			SetLoadedEditorAssemblies (12ms)
			BeforeProcessingInitializeOnLoad (435ms)
			ProcessInitializeOnLoadAttributes (1368ms)
			ProcessInitializeOnLoadMethodAttributes (118ms)
			AfterProcessingInitializeOnLoad (7ms)
			EditorAssembliesLoaded (1ms)
		ExecutionOrderSort2 (0ms)
		AwakeInstancesAfterBackupRestoration (27ms)
Refreshing native plugins compatible for Editor in 1.68 ms, found 3 plugins.
Preloading 0 native plugins for Editor in 0.00 ms.
Unloading 17 Unused Serialized files (Serialized files now loaded: 0)
Unloading 6996 unused Assets / (5.6 MB). Loaded Objects now: 7850.
Memory consumption went from 161.3 MB to 155.7 MB.
Total: 12.538700 ms (FindLiveObjects: 1.033600 ms CreateObjectMapping: 0.489600 ms MarkObjects: 7.743300 ms  DeleteObjects: 3.271000 ms)

Prepare: number of updated asset objects reloaded= 0
Editor requested this worker to shutdown with reason: Scaling down because of idle timeout
AssetImportWorker is now disconnected from the server
Process exiting
Exiting without the bug reporter. Application will terminate with return code 0