[Licensing::Module] Trying to connect to existing licensing client channel...
Built from '6000.3/staging' branch; Version is '6000.3.9f1 (7a9955a4f2fa) revision 8034645'; Using compiler version '194234433'; Build Type 'Release'
[Licensing::IpcConnector] Successfully connected to: "LicenseClient-Дмитрий" at "2026-05-25T13:34:14.9572942Z"
OS: 'Windows 10  (10.0.19045) 64bit CoreSingleLanguage' Language: 'ru' Physical Memory: 16318 MB
BatchMode: 1, IsHumanControllingUs: 0, StartBugReporterOnCrash: 0, Is64bit: 1
System  architecture: x64
Process architecture: x64
Date: 2026-05-25T13:34:14Z

COMMAND LINE ARGUMENTS:
S:\UNITY\Unity Editor\6000.3.9f1\Editor\Unity.exe
-adb2
-batchMode
-noUpm
-name
AssetImportWorker6
-projectPath
S:/UNITY/UNITY BACKUP/SPIKE/SPIKE_UNITY
-logFile
Logs/AssetImportWorker6.log
-srvPort
59285
-licensingIpc
LicenseClient-Дмитрий
-job-worker-count
7
-background-job-worker-count
8
-gc-helper-count
1
-name
AssetImport
Successfully changed project path to: S:/UNITY/UNITY BACKUP/SPIKE/SPIKE_UNITY
S:/UNITY/UNITY BACKUP/SPIKE/SPIKE_UNITY
[UnityMemory] Configuration Parameters - Can be set up in boot.config
    "memorysetup-temp-allocator-size-nav-mesh-worker=65536"
    "memorysetup-temp-allocator-size-audio-worker=65536"
    "memorysetup-temp-allocator-size-gfx=262144"
    "memorysetup-allocator-temp-initial-block-size-main=262144"
    "memorysetup-allocator-temp-initial-block-size-worker=262144"
    "memorysetup-temp-allocator-size-background-worker=32768"
    "memorysetup-temp-allocator-size-job-worker=262144"
    "memorysetup-temp-allocator-size-preload-manager=33554432"
    "memorysetup-temp-allocator-size-gi-baking-worker=262144"
    "memorysetup-temp-allocator-size-gi-baking-worker=262144"
    "memorysetup-temp-allocator-size-gi-baking-worker=262144"
    "memorysetup-temp-allocator-size-gi-baking-worker=262144"
    "memorysetup-temp-allocator-size-gi-baking-worker=262144"
    "memorysetup-bucket-allocator-granularity=16"
    "memorysetup-bucket-allocator-bucket-count=8"
    "memorysetup-bucket-allocator-block-size=33554432"
    "memorysetup-bucket-allocator-block-count=8"
    "memorysetup-main-allocator-block-size=16777216"
    "memorysetup-thread-allocator-block-size=16777216"
    "memorysetup-gfx-main-allocator-block-size=16777216"
    "memorysetup-gfx-thread-allocator-block-size=16777216"
    "memorysetup-cache-allocator-block-size=4194304"
    "memorysetup-typetree-allocator-block-size=2097152"
    "memorysetup-profiler-bucket-allocator-granularity=16"
    "memorysetup-profiler-bucket-allocator-bucket-count=8"
    "memorysetup-profiler-bucket-allocator-block-size=33554432"
    "memorysetup-profiler-bucket-allocator-block-count=8"
    "memorysetup-profiler-allocator-block-size=16777216"
    "memorysetup-profiler-editor-allocator-block-size=1048576"
    "memorysetup-temp-allocator-size-main=16777216"
    "memorysetup-job-temp-allocator-block-size=2097152"
    "memorysetup-job-temp-allocator-block-size-background=1048576"
    "memorysetup-job-temp-allocator-reduction-small-platforms=262144"
    "memorysetup-temp-allocator-size-cloud-worker=32768"
Player connection [10184]  Target information:

Player connection [10184]  * "[IP] 192.168.1.39 [Port] 0 [Flags] 2 [Guid] 1826696539 [EditorId] 1826696539 [Version] 1048832 [Id] WindowsEditor(7,DESKTOP-KK1P2OH) [Debug] 1 [PackageName] WindowsEditor [ProjectName] Editor" 

Player connection [10184] Host joined multi-casting on [225.0.0.222:54997]...
Player connection [10184] Host joined alternative multi-casting on [225.0.0.222:34997]...
JobSystem: Creating JobQueue using job-worker-count value 7
Input System module state changed to: Initialized.
[Physics::Module] Initialized fallback backend.
[Physics::Module] Id: 0xdecafbad
Library Redirect Path: Library/
[Physics::Module] Selected backend.
[Physics::Module] Name: PhysX
[Physics::Module] Id: 0xf2b8ea05
[Physics::Module] SDK Version: 4.1.2
[Physics::Module] Integration Version: 1.0.0
[Physics::Module] Threading Mode: Multi-Threaded
Refreshing native plugins compatible for Editor in 10.06 ms, found 3 plugins.
Preloading 0 native plugins for Editor in 0.00 ms.
Initialize engine version: 6000.3.9f1 (7a9955a4f2fa)
[Subsystems] Discovering subsystems at path S:/UNITY/Unity Editor/6000.3.9f1/Editor/Data/Resources/UnitySubsystems
[Subsystems] Discovering subsystems at path S:/UNITY/UNITY BACKUP/SPIKE/SPIKE_UNITY/Assets
GfxDevice: creating device client; kGfxThreadingModeNonThreaded
Direct3D:
    Version:  Direct3D 11.0 [level 11.1]
    Renderer: NVIDIA GeForce GTX 1060 6GB (ID=0x1c03)
    Vendor:   NVIDIA
    VRAM:     6029 MB
    Driver:   32.0.15.8228
Initialize mono
Mono path[0] = 'S:/UNITY/Unity Editor/6000.3.9f1/Editor/Data/Managed'
Mono path[1] = 'S:/UNITY/Unity Editor/6000.3.9f1/Editor/Data/MonoBleedingEdge/lib/mono/unityjit-win32'
Mono config path = 'S:/UNITY/Unity Editor/6000.3.9f1/Editor/Data/MonoBleedingEdge/etc'
Using monoOptions --debugger-agent=transport=dt_socket,embedding=1,server=y,suspend=n,address=127.0.0.1:56124
Begin MonoManager ReloadAssembly
Registering precompiled unity dll's ...
Register platform support module: S:/UNITY/Unity Editor/6000.3.9f1/Editor/Data/PlaybackEngines/WindowsStandaloneSupport/UnityEditor.WindowsStandalone.Extensions.dll
[Licensing::Module] Licensing is not yet initialized.
[Licensing::Client] Handshaking with LicensingClient:
  Version:                 1.17.4+4293ba1
  Session Id:              6b70a87875404cae8d8ba0456bedc674
  Correlation Id:          acc9f1bbbd26a7516f2ace8f6bcc8bd7
  External correlation Id: 5257045084428669832
  Machine Id:              BSinU4MsdP07HGNxKH7k4gB1okk=
[Licensing::Module] Successfully connected to LicensingClient on channel: "LicenseClient-Дмитрий" (connect: 0.00s, validation: 0.00s, handshake: 3.04s)
[Licensing::IpcConnector] Successfully connected to: "LicenseClient-Дмитрий-notifications" at "2026-05-25T13:34:18.000766Z"
[Licensing::Module] Licensing Background thread has ended after 3.04s
[Licensing::Module] Licensing is initialized (took 0.89s).
[Licensing::Client] Successfully resolved entitlement details
[Licensing::Module] License group:
  Id: F4-C7SA-D7MS-282S-YHFX-XXXX
  Product: Unity Personal
  Type: ULF
  Expiration: Unlimited
[Licensing::Module] License group:
  Id: 10170697332008-UnityPersXXXX
  Product: Unity Personal
  Type: Assigned
  Expiration: Unlimited
Register platform support module: S:/UNITY/Unity Editor/6000.3.9f1/Editor/Data/PlaybackEngines/MetroSupport/UnityEditor.UWP.Extensions.dll
Registered in 0.895918 seconds.
- Loaded All Assemblies, in  1.907 seconds
Native extension for UWP target not found
Native extension for WindowsStandalone target not found
ScheduleIndexationOnStartup MainProcess:False IndexOnStartup:True
Mono: successfully reloaded assembly
- Finished resetting the current domain, in  0.966 seconds
Domain Reload Profiling: 2872ms
	BeginReloadAssembly (429ms)
		ExecutionOrderSort (0ms)
		DisableScriptedObjects (0ms)
		BackupInstance (0ms)
		ReleaseScriptingObjects (0ms)
		CreateAndSetChildDomain (1ms)
	RebuildCommonClasses (86ms)
	RebuildNativeTypeToScriptingClass (28ms)
	initialDomainReloadingComplete (987ms)
	LoadAllAssembliesAndSetupDomain (375ms)
		LoadAssemblies (428ms)
		RebuildTransferFunctionScriptingTraits (0ms)
		AnalyzeDomain (368ms)
			TypeCache.Refresh (364ms)
				TypeCache.ScanAssembly (335ms)
			BuildScriptInfoCaches (0ms)
			ResolveRequiredComponents (1ms)
	FinalizeReload (967ms)
		ReleaseScriptCaches (0ms)
		RebuildScriptCaches (0ms)
		SetupLoadedEditorAssemblies (810ms)
			LogAssemblyErrors (0ms)
			InitializePlatformSupportModulesInManaged (96ms)
			SetLoadedEditorAssemblies (11ms)
			BeforeProcessingInitializeOnLoad (189ms)
			ProcessInitializeOnLoadAttributes (329ms)
			ProcessInitializeOnLoadMethodAttributes (184ms)
			AfterProcessingInitializeOnLoad (0ms)
			EditorAssembliesLoaded (0ms)
		ExecutionOrderSort2 (0ms)
		AwakeInstancesAfterBackupRestoration (0ms)
Assembly reference Packages/com.unity.cinemachine/Editor/Samples/ExposeHDRPInternals/HDRP-Editor-ref.asmref has no target assembly definition
========================================================================
Worker process is ready to serve import requests
Import Worker Mode flag is 0x00
Assembly reference Packages/com.unity.cinemachine/Editor/Samples/ExposeHDRPInternals/HDRP-Editor-ref.asmref has no target assembly definition
Assembly reference Packages/com.unity.cinemachine/Editor/Samples/ExposeHDRPInternals/HDRP-Editor-ref.asmref has no target assembly definition
Begin MonoManager ReloadAssembly
[Licensing::Client] Successfully resolved entitlement details
[Licensing::Module] License group:
  Id: F4-C7SA-D7MS-282S-YHFX-XXXX
  Product: Unity Personal
  Type: ULF
  Expiration: Unlimited
[Licensing::Module] License group:
  Id: 10170697332008-UnityPersXXXX
  Product: Unity Personal
  Type: Assigned
  Expiration: Unlimited
Duplicate assembly 'System.Collections.Immutable.FSR.dll' with different versions detected, using 'Assets/FastScriptReload/Plugins/Roslyn/2021+/System.Collections.Immutable.FSR.dll, AssemblyName=System.Collections.Immutable, Version=7.0.0.0, Culture=neutral, PublicKeyToken=b03f5f7f11d50a3a' and ignoring 'Assets/FastScriptReload/Plugins/Roslyn/System.Collections.Immutable.dll, AssemblyName=System.Collections.Immutable, Version=1.2.3.0, Culture=neutral, PublicKeyToken=b03f5f7f11d50a3a'.Duplicate assembly 'System.Collections.Immutable.FSR.dll' with different versions detected, using 'Assets/FastScriptReload/Plugins/Roslyn/2021+/System.Collections.Immutable.FSR.dll, AssemblyName=System.Collections.Immutable, Version=7.0.0.0, Culture=neutral, PublicKeyToken=b03f5f7f11d50a3a' and ignoring 'Assets/FastScriptReload/Plugins/Roslyn/2021+/System.Collections.Immutable.dll, AssemblyName=System.Collections.Immutable, Version=1.2.3.0, Culture=neutral, PublicKeyToken=b03f5f7f11d50a3a'.Duplicate assembly 'Microsoft.CodeAnalysis.CSharp.dll' with different versions detected, using 'Assets/FastScriptReload/Plugins/Roslyn/2021+/Microsoft.CodeAnalysis.CSharp.dll, AssemblyName=Microsoft.CodeAnalysis.CSharp, Version=4.6.0.0, Culture=neutral, PublicKeyToken=31bf3856ad364e35' and ignoring 'Assets/FastScriptReload/Plugins/Roslyn/Microsoft.CodeAnalysis.CSharp.dll, AssemblyName=Microsoft.CodeAnalysis.CSharp, Version=2.10.0.0, Culture=neutral, PublicKeyToken=31bf3856ad364e35'.Duplicate assembly 'System.Reflection.Metadata.dll' with different versions detected, using 'Assets/FastScriptReload/Plugins/Roslyn/2021+/System.Reflection.Metadata.dll, AssemblyName=System.Reflection.Metadata, Version=7.0.0.0, Culture=neutral, PublicKeyToken=b03f5f7f11d50a3a' and ignoring 'Assets/FastScriptReload/Plugins/Roslyn/System.Reflection.Metadata.dll, AssemblyName=System.Reflection.Metadata, Version=1.4.3.0, Culture=neutral, PublicKeyToken=b03f5f7f11d50a3a'.Duplicate assembly 'Microsoft.CodeAnalysis.dll' with different versions detected, using 'Assets/FastScriptReload/Plugins/Roslyn/2021+/Microsoft.CodeAnalysis.dll, AssemblyName=Microsoft.CodeAnalysis, Version=4.6.0.0, Culture=neutral, PublicKeyToken=31bf3856ad364e35' and ignoring 'Assets/FastScriptReload/Plugins/Roslyn/Microsoft.CodeAnalysis.dll, AssemblyName=Microsoft.CodeAnalysis, Version=2.10.0.0, Culture=neutral, PublicKeyToken=31bf3856ad364e35'.- Loaded All Assemblies, in  2.337 seconds
Assembly reference Packages/com.unity.cinemachine/Editor/Samples/ExposeHDRPInternals/HDRP-Editor-ref.asmref has no target assembly definition
'Packages/com.unity.cinemachine/Editor/Obsolete/CinemachineVirtualCameraBaseEditor.cs' contains partial class of Unity.Object, exactly 1 of the partial classes needs to be in a file with the same filename. This is to know the one that can be referenced from ie. GameObjects
'Packages/com.unity.cinemachine/Editor/Editors/CinemachineVirtualCameraBaseEditor.cs' contains partial class of Unity.Object, exactly 1 of the partial classes needs to be in a file with the same filename. This is to know the one that can be referenced from ie. GameObjects
Refreshing native plugins compatible for Editor in 1.65 ms, found 3 plugins.
Native extension for UWP target not found
Native extension for WindowsStandalone target not found
Assembly reference Packages/com.unity.cinemachine/Editor/Samples/ExposeHDRPInternals/HDRP-Editor-ref.asmref has no target assembly definition
FSR: Shader does not exist: Object reference not set to an instance of an object
UnityEngine.Debug:ExtractStackTraceNoAlloc (byte*,int,string)
UnityEngine.StackTraceUtility:ExtractStackTrace ()
UnityEngine.DebugLogHandler:Internal_Log (UnityEngine.LogType,UnityEngine.LogOption,string,UnityEngine.Object)
UnityEngine.DebugLogHandler:LogFormat (UnityEngine.LogType,UnityEngine.Object,string,object[])
UnityEngine.Logger:Log (UnityEngine.LogType,object)
ImmersiveVrToolsCommon.Runtime.Logging.LoggerScoped:LogInternal (UnityEngine.LogType,object)
ImmersiveVrToolsCommon.Runtime.Logging.LoggerScoped:LogWarning (object)
FastScriptReload.Editor.FastScriptReloadPreference:SetCommonMaterialsShader (FastScriptReload.Editor.FastScriptReloadPreference/ShadersMode) (at Assets/FastScriptReload/Scripts/Editor/FastScriptReloadWelcomeScreen.cs:863)
FastScriptReload.Editor.FastScriptReloadWelcomeScreenInitializer:AutoDetectAndSetShaderMode () (at Assets/FastScriptReload/Scripts/Editor/FastScriptReloadWelcomeScreen.cs:1089)
FastScriptReload.Editor.FastScriptReloadWelcomeScreenInitializer:InitCommon () (at Assets/FastScriptReload/Scripts/Editor/FastScriptReloadWelcomeScreen.cs:971)
FastScriptReload.Editor.FastScriptReloadWelcomeScreenInitializer:.cctor () (at Assets/FastScriptReload/Scripts/Editor/FastScriptReloadWelcomeScreen.cs:939)
System.Runtime.CompilerServices.RuntimeHelpers:RunClassConstructor (System.RuntimeTypeHandle)
UnityEditor.EditorAssemblies:ProcessInitializeOnLoadAttributes (System.Type[])

(Filename: Assets/FastScriptReload/Scripts/Editor/FastScriptReloadWelcomeScreen.cs Line: 863)

Package Manager log level set to [2]
[Package Manager] Failed to launch server process. Reason: Unity was launched with the -noUpm command-line argument
[Package Manager] Unable to send message (not connected to server process).
[Package Manager] Cannot connect to Unity Package Manager local server
[Package Manager] Failed to launch server process. Reason: Unity was launched with the -noUpm command-line argument
[Package Manager] Unable to send message (not connected to server process).
[Package Manager] Cannot connect to Unity Package Manager local server
ScheduleIndexationOnStartup MainProcess:False IndexOnStartup:True
Mono: successfully reloaded assembly
- Finished resetting the current domain, in  8.449 seconds
Domain Reload Profiling: 10783ms
	BeginReloadAssembly (422ms)
		ExecutionOrderSort (0ms)
		DisableScriptedObjects (11ms)
		BackupInstance (0ms)
		ReleaseScriptingObjects (0ms)
		CreateAndSetChildDomain (76ms)
	RebuildCommonClasses (78ms)
	RebuildNativeTypeToScriptingClass (24ms)
	initialDomainReloadingComplete (143ms)
	LoadAllAssembliesAndSetupDomain (1664ms)
		LoadAssemblies (1134ms)
		RebuildTransferFunctionScriptingTraits (0ms)
		AnalyzeDomain (782ms)
			TypeCache.Refresh (603ms)
				TypeCache.ScanAssembly (574ms)
			BuildScriptInfoCaches (146ms)
			ResolveRequiredComponents (25ms)
	FinalizeReload (8450ms)
		ReleaseScriptCaches (0ms)
		RebuildScriptCaches (0ms)
		SetupLoadedEditorAssemblies (8017ms)
			LogAssemblyErrors (0ms)
			InitializePlatformSupportModulesInManaged (3ms)
			SetLoadedEditorAssemblies (12ms)
			BeforeProcessingInitializeOnLoad (515ms)
			ProcessInitializeOnLoadAttributes (7315ms)
			ProcessInitializeOnLoadMethodAttributes (167ms)
			AfterProcessingInitializeOnLoad (5ms)
			EditorAssembliesLoaded (1ms)
		ExecutionOrderSort2 (0ms)
		AwakeInstancesAfterBackupRestoration (17ms)
Launched and connected shader compiler UnityShaderCompiler.exe after 0.02 seconds
Refreshing native plugins compatible for Editor in 1.96 ms, found 3 plugins.
Preloading 0 native plugins for Editor in 0.00 ms.
Unloading 17 Unused Serialized files (Serialized files now loaded: 0)
Unloading 7064 unused Assets / (4.8 MB). Loaded Objects now: 7898.
Memory consumption went from 154.5 MB to 149.7 MB.
Total: 21.035000 ms (FindLiveObjects: 1.653300 ms CreateObjectMapping: 1.956500 ms MarkObjects: 11.566800 ms  DeleteObjects: 5.856400 ms)

========================================================================
Received Import Request.
  Time since last request: 193901.455849 seconds.
  path: Assets/Import/LahmadjuScenes/AstarPathfindingProject/ExampleScenes/Example13_Moving/BezierMover.cs
  artifactKey: Guid(0763f4ebc1f4946a1a250c08ae8f1cb0) Importer(2089858483,b0f066a214c2f5e87bad3c948f4d605d)
Start importing Assets/Import/LahmadjuScenes/AstarPathfindingProject/ExampleScenes/Example13_Moving/BezierMover.cs using Guid(0763f4ebc1f4946a1a250c08ae8f1cb0) Importer(2089858483,b0f066a214c2f5e87bad3c948f4d605d) (ScriptedImporter) -> (artifact id: '36de81e3f6ed3759d9280cd5c08abcd1') in 0.1658733 seconds
Number of updated asset objects reloaded before import = 0Number of asset objects unloaded after import = 0

========================================================================
Received Import Request.
  Time since last request: 0.000024 seconds.
  path: Assets/Import/LahmadjuScenes/Animations/Cinema/Character2/Talking Phone Pacing.fbx
  artifactKey: Guid(20aeb6f6ca91fcb4485f87771f2e9457) Importer(2089858483,b0f066a214c2f5e87bad3c948f4d605d)
Start importing Assets/Import/LahmadjuScenes/Animations/Cinema/Character2/Talking Phone Pacing.fbx using Guid(20aeb6f6ca91fcb4485f87771f2e9457) Importer(2089858483,b0f066a214c2f5e87bad3c948f4d605d) (ScriptedImporter) -> (artifact id: '45b65eeb37dd7c6501e1a2368951ab09') in 0.2172457 seconds
Number of updated asset objects reloaded before import = 0Number of asset objects unloaded after import = 118

========================================================================
Received Import Request.
  Time since last request: 0.000036 seconds.
  path: Assets/Import/LahmadjuScenes/AstarPathfindingProject/TurnBased/BlockManager.cs
  artifactKey: Guid(df8c077ca577944689559bb9e97f9576) Importer(2089858483,b0f066a214c2f5e87bad3c948f4d605d)
Start importing Assets/Import/LahmadjuScenes/AstarPathfindingProject/TurnBased/BlockManager.cs using Guid(df8c077ca577944689559bb9e97f9576) Importer(2089858483,b0f066a214c2f5e87bad3c948f4d605d) (ScriptedImporter) -> (artifact id: '5386f329f217901df3b21ef88f7bf9b5') in 0.0091011 seconds
Number of updated asset objects reloaded before import = 0Number of asset objects unloaded after import = 0

========================================================================
Received Import Request.
  Time since last request: 0.000024 seconds.
  path: Assets/Import/LahmadjuScenes/AstarPathfindingProject/Utilities/ProfileHelper.cs
  artifactKey: Guid(8ec9029c797ec471fa8b5640e1829fc0) Importer(2089858483,b0f066a214c2f5e87bad3c948f4d605d)
Start importing Assets/Import/LahmadjuScenes/AstarPathfindingProject/Utilities/ProfileHelper.cs using Guid(8ec9029c797ec471fa8b5640e1829fc0) Importer(2089858483,b0f066a214c2f5e87bad3c948f4d605d) (ScriptedImporter) -> (artifact id: 'ce97ff4ca9898354284b5569e7fd10bd') in 0.0101419 seconds
Number of updated asset objects reloaded before import = 0Number of asset objects unloaded after import = 0

========================================================================
Received Import Request.
  Time since last request: 0.000029 seconds.
  path: Assets/Import/LahmadjuScenes/Scripts/Sound System/Space Ships Sounds 2.cs
  artifactKey: Guid(57e658d2566773744a9127a194ea2a7d) Importer(2089858483,b0f066a214c2f5e87bad3c948f4d605d)
Start importing Assets/Import/LahmadjuScenes/Scripts/Sound System/Space Ships Sounds 2.cs using Guid(57e658d2566773744a9127a194ea2a7d) Importer(2089858483,b0f066a214c2f5e87bad3c948f4d605d) (ScriptedImporter) -> (artifact id: 'ca26a2a9a860d65984ae899fbc881eaf') in 0.00846 seconds
Number of updated asset objects reloaded before import = 0Number of asset objects unloaded after import = 0

========================================================================
Received Import Request.
  Time since last request: 0.000030 seconds.
  path: Assets/Import/LahmadjuScenes/Animations/Stagger.anim
  artifactKey: Guid(b5c693e6736edc34c9cb68e39a1858de) Importer(2089858483,b0f066a214c2f5e87bad3c948f4d605d)
Start importing Assets/Import/LahmadjuScenes/Animations/Stagger.anim using Guid(b5c693e6736edc34c9cb68e39a1858de) Importer(2089858483,b0f066a214c2f5e87bad3c948f4d605d) (ScriptedImporter) -> (artifact id: '8dd6599cd02f004c5569b53c8a473ba4') in 0.067153 seconds
Number of updated asset objects reloaded before import = 0Number of asset objects unloaded after import = 1

========================================================================
Received Import Request.
  Time since last request: 0.000034 seconds.
  path: Assets/Import/LahmadjuScenes/Prefabs/Boss Render/Boss L Leg final.fbx
  artifactKey: Guid(aa1a6342f5cf9a44283f6f1d5dda08c5) Importer(2089858483,b0f066a214c2f5e87bad3c948f4d605d)
Start importing Assets/Import/LahmadjuScenes/Prefabs/Boss Render/Boss L Leg final.fbx using Guid(aa1a6342f5cf9a44283f6f1d5dda08c5) Importer(2089858483,b0f066a214c2f5e87bad3c948f4d605d) (ScriptedImporter) -> (artifact id: 'd7f7493b2303f597f43bdd472dc72ee8') in 0.0713862 seconds
Number of updated asset objects reloaded before import = 0Number of asset objects unloaded after import = 860

========================================================================
Received Import Request.
  Time since last request: 0.000029 seconds.
  path: Assets/Import/LahmadjuScenes/Scripts/MS Scripts/Menu Buttons Controller.cs
  artifactKey: Guid(086ca91d2c56d88478fb0afcc5ece5cc) Importer(2089858483,b0f066a214c2f5e87bad3c948f4d605d)
Start importing Assets/Import/LahmadjuScenes/Scripts/MS Scripts/Menu Buttons Controller.cs using Guid(086ca91d2c56d88478fb0afcc5ece5cc) Importer(2089858483,b0f066a214c2f5e87bad3c948f4d605d) (ScriptedImporter) -> (artifact id: '7e9a3aead8d1887f2e5b4cfd0785461f') in 0.0102607 seconds
Number of updated asset objects reloaded before import = 0Number of asset objects unloaded after import = 0

========================================================================
Received Import Request.
  Time since last request: 0.000040 seconds.
  path: Assets/Import/LahmadjuScenes/AstarPathfindingProject/RVO/RVOSimulator.cs
  artifactKey: Guid(1764de1de43cc4d19af52679d3eaae06) Importer(2089858483,b0f066a214c2f5e87bad3c948f4d605d)
Start importing Assets/Import/LahmadjuScenes/AstarPathfindingProject/RVO/RVOSimulator.cs using Guid(1764de1de43cc4d19af52679d3eaae06) Importer(2089858483,b0f066a214c2f5e87bad3c948f4d605d) (ScriptedImporter) -> (artifact id: 'b06fb788bd2c735a67a936d558d5a7fb') in 0.00907 seconds
Number of updated asset objects reloaded before import = 0Number of asset objects unloaded after import = 0

========================================================================
Received Import Request.
  Time since last request: 0.000040 seconds.
  path: Assets/Import/LahmadjuScenes/Sci-FI_Trooper_Man_v.3/Textures/T_SciFiTrooperV3_top_emissive.png
  artifactKey: Guid(9381cd8387a69aa419a5d77ba047dad8) Importer(2089858483,b0f066a214c2f5e87bad3c948f4d605d)
Start importing Assets/Import/LahmadjuScenes/Sci-FI_Trooper_Man_v.3/Textures/T_SciFiTrooperV3_top_emissive.png using Guid(9381cd8387a69aa419a5d77ba047dad8) Importer(2089858483,b0f066a214c2f5e87bad3c948f4d605d) (ScriptedImporter) -> (artifact id: '15bb2c33447a82e2e74e9a19ce063d54') in 0.1372778 seconds
Number of updated asset objects reloaded before import = 0Number of asset objects unloaded after import = 1

========================================================================
Received Import Request.
  Time since last request: 0.000024 seconds.
  path: Assets/Import/LahmadjuScenes/AstarPathfindingProject/Core/Misc/NodeLink.cs
  artifactKey: Guid(ca327ce4e754a4597a70fb963758f8bd) Importer(2089858483,b0f066a214c2f5e87bad3c948f4d605d)
Start importing Assets/Import/LahmadjuScenes/AstarPathfindingProject/Core/Misc/NodeLink.cs using Guid(ca327ce4e754a4597a70fb963758f8bd) Importer(2089858483,b0f066a214c2f5e87bad3c948f4d605d) (ScriptedImporter) -> (artifact id: '85dbee933f487c4174cab72ec8ee289f') in 0.0093318 seconds
Number of updated asset objects reloaded before import = 0Number of asset objects unloaded after import = 0

========================================================================
Received Import Request.
  Time since last request: 0.000037 seconds.
  path: Assets/Import/LahmadjuScenes/AstarPathfindingProject/ExampleScenes/Example12_Procedural/ProceduralWorld.cs
  artifactKey: Guid(b265527da9152484fa74392751085576) Importer(2089858483,b0f066a214c2f5e87bad3c948f4d605d)
Start importing Assets/Import/LahmadjuScenes/AstarPathfindingProject/ExampleScenes/Example12_Procedural/ProceduralWorld.cs using Guid(b265527da9152484fa74392751085576) Importer(2089858483,b0f066a214c2f5e87bad3c948f4d605d) (ScriptedImporter) -> (artifact id: '5fa7d863cf9652eacb304b82875c1e62') in 0.0090837 seconds
Number of updated asset objects reloaded before import = 0Number of asset objects unloaded after import = 0

========================================================================
Received Import Request.
  Time since last request: 0.000028 seconds.
  path: Assets/Import/LahmadjuScenes/Imported Models/_Barking_Dog/3D Free Modular Kit/_Textures/Neon.png
  artifactKey: Guid(b5c9448ddba954bc0afcc5c19cf42525) Importer(2089858483,b0f066a214c2f5e87bad3c948f4d605d)
Start importing Assets/Import/LahmadjuScenes/Imported Models/_Barking_Dog/3D Free Modular Kit/_Textures/Neon.png using Guid(b5c9448ddba954bc0afcc5c19cf42525) Importer(2089858483,b0f066a214c2f5e87bad3c948f4d605d) (ScriptedImporter) -> (artifact id: 'd196d6b2a86e5c4536fe21401dca4074') in 0.0299001 seconds
Number of updated asset objects reloaded before import = 0Number of asset objects unloaded after import = 1

========================================================================
Received Import Request.
  Time since last request: 0.000024 seconds.
  path: Assets/Import/LahmadjuScenes/Imported Models/Stylized Lava PBR Texture/Textures/Lava_ambientocclusion.png
  artifactKey: Guid(802ff8393714fb142acc1616721b4b40) Importer(2089858483,b0f066a214c2f5e87bad3c948f4d605d)
Start importing Assets/Import/LahmadjuScenes/Imported Models/Stylized Lava PBR Texture/Textures/Lava_ambientocclusion.png using Guid(802ff8393714fb142acc1616721b4b40) Importer(2089858483,b0f066a214c2f5e87bad3c948f4d605d) (ScriptedImporter) -> (artifact id: 'e3f4aa4e9f2d5b2dcb3d0d0d66e2b7d9') in 0.0266184 seconds
Number of updated asset objects reloaded before import = 0Number of asset objects unloaded after import = 1

========================================================================
Received Import Request.
  Time since last request: 0.000027 seconds.
  path: Assets/Import/LahmadjuScenes/AstarPathfindingProject/Core/AstarData.cs
  artifactKey: Guid(38d211caa07cb44ef886481aa1cf755c) Importer(2089858483,b0f066a214c2f5e87bad3c948f4d605d)
Start importing Assets/Import/LahmadjuScenes/AstarPathfindingProject/Core/AstarData.cs using Guid(38d211caa07cb44ef886481aa1cf755c) Importer(2089858483,b0f066a214c2f5e87bad3c948f4d605d) (ScriptedImporter) -> (artifact id: '654432e8045fd9e6538a15d74610b1c4') in 0.0103439 seconds
Number of updated asset objects reloaded before import = 0Number of asset objects unloaded after import = 0

========================================================================
Received Import Request.
  Time since last request: 0.000038 seconds.
  path: Assets/Import/LahmadjuScenes/AstarPathfindingProject/Legacy/Editor
  artifactKey: Guid(288c3d329ce91454988c9a373305b375) Importer(2089858483,b0f066a214c2f5e87bad3c948f4d605d)
Start importing Assets/Import/LahmadjuScenes/AstarPathfindingProject/Legacy/Editor using Guid(288c3d329ce91454988c9a373305b375) Importer(2089858483,b0f066a214c2f5e87bad3c948f4d605d) (ScriptedImporter) -> (artifact id: 'b70dfa561de9d84ab5d6d0cfcc62dc7b') in 0.0096383 seconds
Number of updated asset objects reloaded before import = 0Number of asset objects unloaded after import = 1

========================================================================
Received Import Request.
  Time since last request: 0.000029 seconds.
  path: Assets/Import/LahmadjuScenes/AstarPathfindingProject/ExampleScenes/Example16_RVO 2D/ExampleMover.cs
  artifactKey: Guid(d26cf94ed562448e59249505a524cf93) Importer(2089858483,b0f066a214c2f5e87bad3c948f4d605d)
Start importing Assets/Import/LahmadjuScenes/AstarPathfindingProject/ExampleScenes/Example16_RVO 2D/ExampleMover.cs using Guid(d26cf94ed562448e59249505a524cf93) Importer(2089858483,b0f066a214c2f5e87bad3c948f4d605d) (ScriptedImporter) -> (artifact id: '932590b65e1c0afe7cd273686fb276bd') in 0.0095375 seconds
Number of updated asset objects reloaded before import = 0Number of asset objects unloaded after import = 0

========================================================================
Received Import Request.
  Time since last request: 0.000030 seconds.
  path: Assets/Import/LahmadjuScenes/Sounds And Music/Yes, hehehe.ogg
  artifactKey: Guid(31d56b1e2cad0df469c1b1f5cbff8020) Importer(2089858483,b0f066a214c2f5e87bad3c948f4d605d)
Start importing Assets/Import/LahmadjuScenes/Sounds And Music/Yes, hehehe.ogg using Guid(31d56b1e2cad0df469c1b1f5cbff8020) Importer(2089858483,b0f066a214c2f5e87bad3c948f4d605d) (ScriptedImporter) -> (artifact id: '1dae94899c2e5bc94836383ab1fa6425') in 0.0799024 seconds
Number of updated asset objects reloaded before import = 0Number of asset objects unloaded after import = 1

========================================================================
Received Import Request.
  Time since last request: 0.000029 seconds.
  path: Assets/Import/LahmadjuScenes/Prefabs/Platform/lambert1_albedo.jpg
  artifactKey: Guid(1a98112ecff8ae84299ace26712582d1) Importer(2089858483,b0f066a214c2f5e87bad3c948f4d605d)
Start importing Assets/Import/LahmadjuScenes/Prefabs/Platform/lambert1_albedo.jpg using Guid(1a98112ecff8ae84299ace26712582d1) Importer(2089858483,b0f066a214c2f5e87bad3c948f4d605d) (ScriptedImporter) -> (artifact id: '44edde005d84d33da4a30021df7702ab') in 0.0325003 seconds
Number of updated asset objects reloaded before import = 0Number of asset objects unloaded after import = 1

========================================================================
Received Import Request.
  Time since last request: 0.000039 seconds.
  path: Assets/Import/LahmadjuScenes/Imported Models/_Barking_Dog/3D Free Modular Kit/_Meshes/Door_Arch_01.FBX
  artifactKey: Guid(ff2448abfdccb4826856bab7a63c6d68) Importer(2089858483,b0f066a214c2f5e87bad3c948f4d605d)
Start importing Assets/Import/LahmadjuScenes/Imported Models/_Barking_Dog/3D Free Modular Kit/_Meshes/Door_Arch_01.FBX using Guid(ff2448abfdccb4826856bab7a63c6d68) Importer(2089858483,b0f066a214c2f5e87bad3c948f4d605d) (ScriptedImporter) -> (artifact id: '8a528d393cd2ced56bd999810c7edbb5') in 0.1035823 seconds
Number of updated asset objects reloaded before import = 0Number of asset objects unloaded after import = 9

========================================================================
Received Import Request.
  Time since last request: 0.000030 seconds.
  path: Assets/Import/LahmadjuScenes/Prefabs/Below Platform/platform_defaultMat_normal.jpeg
  artifactKey: Guid(ceca646eda15592428cf449a249c5738) Importer(2089858483,b0f066a214c2f5e87bad3c948f4d605d)
Start importing Assets/Import/LahmadjuScenes/Prefabs/Below Platform/platform_defaultMat_normal.jpeg using Guid(ceca646eda15592428cf449a249c5738) Importer(2089858483,b0f066a214c2f5e87bad3c948f4d605d) (ScriptedImporter) -> (artifact id: '387bb422ce43619d5ca6e69c00090373') in 0.0389556 seconds
Number of updated asset objects reloaded before import = 0Number of asset objects unloaded after import = 1

========================================================================
Received Import Request.
  Time since last request: 0.000038 seconds.
  path: Assets/Import/LahmadjuScenes/Imported Models/_Barking_Dog/3D Free Modular Kit/_Meshes/Materials/Neon_01.mat
  artifactKey: Guid(91a1b05a08a334950a599b252610e8cf) Importer(2089858483,b0f066a214c2f5e87bad3c948f4d605d)
Start importing Assets/Import/LahmadjuScenes/Imported Models/_Barking_Dog/3D Free Modular Kit/_Meshes/Materials/Neon_01.mat using Guid(91a1b05a08a334950a599b252610e8cf) Importer(2089858483,b0f066a214c2f5e87bad3c948f4d605d) (ScriptedImporter) -> (artifact id: 'a761778cb2b23ada257c420d34ae9475') in 0.021369 seconds
Number of updated asset objects reloaded before import = 0Number of asset objects unloaded after import = 2

========================================================================
Received Import Request.
  Time since last request: 0.000048 seconds.
  path: Assets/Import/LahmadjuScenes/AstarPathfindingProject/Editor/AstarUpdateWindow.cs
  artifactKey: Guid(97d8d5fc46a644f22b0d66c6ee18e753) Importer(2089858483,b0f066a214c2f5e87bad3c948f4d605d)
Start importing Assets/Import/LahmadjuScenes/AstarPathfindingProject/Editor/AstarUpdateWindow.cs using Guid(97d8d5fc46a644f22b0d66c6ee18e753) Importer(2089858483,b0f066a214c2f5e87bad3c948f4d605d) (ScriptedImporter) -> (artifact id: '855dbf868b101f46f63271e6f587b824') in 0.0127585 seconds
Number of updated asset objects reloaded before import = 0Number of asset objects unloaded after import = 0

========================================================================
Received Import Request.
  Time since last request: 0.000033 seconds.
  path: Assets/Import/LahmadjuScenes/AstarPathfindingProject/ExampleScenes/ExampleScripts/RecastTileUpdateHandler.cs
  artifactKey: Guid(e5e3ec6ef8d2e4827b1645ee843bbe16) Importer(2089858483,b0f066a214c2f5e87bad3c948f4d605d)
Start importing Assets/Import/LahmadjuScenes/AstarPathfindingProject/ExampleScenes/ExampleScripts/RecastTileUpdateHandler.cs using Guid(e5e3ec6ef8d2e4827b1645ee843bbe16) Importer(2089858483,b0f066a214c2f5e87bad3c948f4d605d) (ScriptedImporter) -> (artifact id: '6cba09b44f576818cc8c54ddfc6bc7ca') in 0.0105094 seconds
Number of updated asset objects reloaded before import = 0Number of asset objects unloaded after import = 0

========================================================================
Received Import Request.
  Time since last request: 0.000032 seconds.
  path: Assets/Import/LahmadjuScenes/Imported Models/Ultimate 10 Plus Shaders/Scripts/U10PS_SnowOverTime.cs
  artifactKey: Guid(6bf5881fe14c014498ac5184f5f44107) Importer(2089858483,b0f066a214c2f5e87bad3c948f4d605d)
Start importing Assets/Import/LahmadjuScenes/Imported Models/Ultimate 10 Plus Shaders/Scripts/U10PS_SnowOverTime.cs using Guid(6bf5881fe14c014498ac5184f5f44107) Importer(2089858483,b0f066a214c2f5e87bad3c948f4d605d) (ScriptedImporter) -> (artifact id: '14ab2699cd579fc3fa710a292fba223c') in 0.0102545 seconds
Number of updated asset objects reloaded before import = 0Number of asset objects unloaded after import = 0

========================================================================
Received Import Request.
  Time since last request: 0.000039 seconds.
  path: Assets/Import/LahmadjuScenes/Animations/Right Attack.anim
  artifactKey: Guid(7baa1dde0e3cff94782dfd01e5f18143) Importer(2089858483,b0f066a214c2f5e87bad3c948f4d605d)
Start importing Assets/Import/LahmadjuScenes/Animations/Right Attack.anim using Guid(7baa1dde0e3cff94782dfd01e5f18143) Importer(2089858483,b0f066a214c2f5e87bad3c948f4d605d) (ScriptedImporter) -> (artifact id: '03f7b5f5f5438bcd86a4feb927574c92') in 0.0852935 seconds
Number of updated asset objects reloaded before import = 0Number of asset objects unloaded after import = 1

========================================================================
Received Import Request.
  Time since last request: 0.000027 seconds.
  path: Assets/Import/LahmadjuScenes/AstarPathfindingProject/Utilities/PathUtilities.cs
  artifactKey: Guid(7d93ae7d64ab84e23819ac5754065f34) Importer(2089858483,b0f066a214c2f5e87bad3c948f4d605d)
Start importing Assets/Import/LahmadjuScenes/AstarPathfindingProject/Utilities/PathUtilities.cs using Guid(7d93ae7d64ab84e23819ac5754065f34) Importer(2089858483,b0f066a214c2f5e87bad3c948f4d605d) (ScriptedImporter) -> (artifact id: '043ed64cd225ada50735f1995be9e125') in 0.010249 seconds
Number of updated asset objects reloaded before import = 0Number of asset objects unloaded after import = 0

========================================================================
Received Import Request.
  Time since last request: 0.000028 seconds.
  path: Assets/Import/LahmadjuScenes/AstarPathfindingProject/Editor/Legacy/LegacyEditorHelper2.cs
  artifactKey: Guid(a97cec2d4f06c4d0eb0068c24cb47ca1) Importer(2089858483,b0f066a214c2f5e87bad3c948f4d605d)
Start importing Assets/Import/LahmadjuScenes/AstarPathfindingProject/Editor/Legacy/LegacyEditorHelper2.cs using Guid(a97cec2d4f06c4d0eb0068c24cb47ca1) Importer(2089858483,b0f066a214c2f5e87bad3c948f4d605d) (ScriptedImporter) -> (artifact id: 'aff2e8ae6a9679a3545ed52eb6dbe6fe') in 0.0128716 seconds
Number of updated asset objects reloaded before import = 0Number of asset objects unloaded after import = 0

========================================================================
Received Import Request.
  Time since last request: 0.000038 seconds.
  path: Assets/Import/LahmadjuScenes/AstarPathfindingProject/Generators/Utilities/Voxels/DebugUtility.cs
  artifactKey: Guid(fb87f73fe038f4ee584208f5f1cc7380) Importer(2089858483,b0f066a214c2f5e87bad3c948f4d605d)
Start importing Assets/Import/LahmadjuScenes/AstarPathfindingProject/Generators/Utilities/Voxels/DebugUtility.cs using Guid(fb87f73fe038f4ee584208f5f1cc7380) Importer(2089858483,b0f066a214c2f5e87bad3c948f4d605d) (ScriptedImporter) -> (artifact id: '9d98d9c9a6a6f1d0466069fbea4f8ed6') in 0.0098456 seconds
Number of updated asset objects reloaded before import = 0Number of asset objects unloaded after import = 0

========================================================================
Received Import Request.
  Time since last request: 0.000029 seconds.
  path: Assets/Import/LahmadjuScenes/Prefabs/Space Ship 1.2.prefab
  artifactKey: Guid(8eca438fb49a6d747b0019bfd717d3e2) Importer(2089858483,b0f066a214c2f5e87bad3c948f4d605d)
Start importing Assets/Import/LahmadjuScenes/Prefabs/Space Ship 1.2.prefab using Guid(8eca438fb49a6d747b0019bfd717d3e2) Importer(2089858483,b0f066a214c2f5e87bad3c948f4d605d) (ScriptedImporter) -> (artifact id: 'd29d3e27dae8128006421fe6fbb277a8') in 0.0657245 seconds
Number of updated asset objects reloaded before import = 0Number of asset objects unloaded after import = 33

========================================================================
Received Import Request.
  Time since last request: 0.000031 seconds.
  path: Assets/Import/LahmadjuScenes/AstarPathfindingProject/Navmesh/NavmeshCut.cs
  artifactKey: Guid(6bee0a6fa1f5d4f4db481219040523c4) Importer(2089858483,b0f066a214c2f5e87bad3c948f4d605d)
Start importing Assets/Import/LahmadjuScenes/AstarPathfindingProject/Navmesh/NavmeshCut.cs using Guid(6bee0a6fa1f5d4f4db481219040523c4) Importer(2089858483,b0f066a214c2f5e87bad3c948f4d605d) (ScriptedImporter) -> (artifact id: 'b9d60723e4945aa28d4e93d41ebe38bb') in 0.0133367 seconds
Number of updated asset objects reloaded before import = 0Number of asset objects unloaded after import = 0

========================================================================
Received Import Request.
  Time since last request: 0.000202 seconds.
  path: Assets/Import/LahmadjuScenes/Sci-FI_Trooper_Man_v.3/Textures/T_SciFiTrooperV3_top_n.png
  artifactKey: Guid(8a7a3eba2622b7a49ad164d63655af7f) Importer(2089858483,b0f066a214c2f5e87bad3c948f4d605d)
Start importing Assets/Import/LahmadjuScenes/Sci-FI_Trooper_Man_v.3/Textures/T_SciFiTrooperV3_top_n.png using Guid(8a7a3eba2622b7a49ad164d63655af7f) Importer(2089858483,b0f066a214c2f5e87bad3c948f4d605d) (ScriptedImporter) -> (artifact id: 'b19121c56befb896242907d51a90683a') in 0.1037187 seconds
Number of updated asset objects reloaded before import = 0Number of asset objects unloaded after import = 1

========================================================================
Received Import Request.
  Time since last request: 0.000046 seconds.
  path: Assets/Import/LahmadjuScenes/Prefabs/DODONPA/Sci-Fi_Space_Station__Rotor_Nexus/meshes/SurfaceBraces_Short3_4_SpaceStation_Parts_0_24_0.asset
  artifactKey: Guid(a34d13cfd70133c48b3faf3d336aafa5) Importer(2089858483,b0f066a214c2f5e87bad3c948f4d605d)
Start importing Assets/Import/LahmadjuScenes/Prefabs/DODONPA/Sci-Fi_Space_Station__Rotor_Nexus/meshes/SurfaceBraces_Short3_4_SpaceStation_Parts_0_24_0.asset using Guid(a34d13cfd70133c48b3faf3d336aafa5) Importer(2089858483,b0f066a214c2f5e87bad3c948f4d605d) (ScriptedImporter) -> (artifact id: '7a8b49fade196abff4f29155a1cbd97f') in 0.01274 seconds
Number of updated asset objects reloaded before import = 0Number of asset objects unloaded after import = 1

========================================================================
Received Import Request.
  Time since last request: 0.000037 seconds.
  path: Assets/Import/LahmadjuScenes/Prefabs/DODONPA/Sci-Fi_Space_Station__Rotor_Nexus/meshes/SurfaceBraces_Long3_1_SpaceStation_Parts_0_26_0.asset
  artifactKey: Guid(54ffeebf9b48d954e8e55d1c69ef964e) Importer(2089858483,b0f066a214c2f5e87bad3c948f4d605d)
Start importing Assets/Import/LahmadjuScenes/Prefabs/DODONPA/Sci-Fi_Space_Station__Rotor_Nexus/meshes/SurfaceBraces_Long3_1_SpaceStation_Parts_0_26_0.asset using Guid(54ffeebf9b48d954e8e55d1c69ef964e) Importer(2089858483,b0f066a214c2f5e87bad3c948f4d605d) (ScriptedImporter) -> (artifact id: '800bae1ca15c32f1e98ea06d8432998c') in 0.0717081 seconds
Number of updated asset objects reloaded before import = 0Number of asset objects unloaded after import = 1

========================================================================
Received Import Request.
  Time since last request: 0.000031 seconds.
  path: Assets/Import/LahmadjuScenes/AstarPathfindingProject/Core/GraphUpdateScene.cs
  artifactKey: Guid(efee954c69f0d421086729bb8df1137f) Importer(2089858483,b0f066a214c2f5e87bad3c948f4d605d)
Start importing Assets/Import/LahmadjuScenes/AstarPathfindingProject/Core/GraphUpdateScene.cs using Guid(efee954c69f0d421086729bb8df1137f) Importer(2089858483,b0f066a214c2f5e87bad3c948f4d605d) (ScriptedImporter) -> (artifact id: '0fe7e768fc84a80bc4d0b5469f0a039b') in 0.0109991 seconds
Number of updated asset objects reloaded before import = 0Number of asset objects unloaded after import = 0

========================================================================
Received Import Request.
  Time since last request: 0.000039 seconds.
  path: Assets/Import/LahmadjuScenes/Animations/Walking.anim
  artifactKey: Guid(650b5fda17275ef4cbaa587f3a6199a7) Importer(2089858483,b0f066a214c2f5e87bad3c948f4d605d)
Start importing Assets/Import/LahmadjuScenes/Animations/Walking.anim using Guid(650b5fda17275ef4cbaa587f3a6199a7) Importer(2089858483,b0f066a214c2f5e87bad3c948f4d605d) (ScriptedImporter) -> (artifact id: '7a7d8034ce01439a66129e3591a5f05f') in 0.0971402 seconds
Number of updated asset objects reloaded before import = 0Number of asset objects unloaded after import = 1

========================================================================
Received Import Request.
  Time since last request: 0.000031 seconds.
  path: Assets/Import/LahmadjuScenes/AstarPathfindingProject/Utilities/DotNetReplacements.cs
  artifactKey: Guid(c306b1bfc824f40909c5a91e06e4090f) Importer(2089858483,b0f066a214c2f5e87bad3c948f4d605d)
Start importing Assets/Import/LahmadjuScenes/AstarPathfindingProject/Utilities/DotNetReplacements.cs using Guid(c306b1bfc824f40909c5a91e06e4090f) Importer(2089858483,b0f066a214c2f5e87bad3c948f4d605d) (ScriptedImporter) -> (artifact id: '00000000000000000000000000000000') in 2.2640321 seconds
Import Error Code:(4)
Message: Build asset version error: assets/import/lahmadjuscenes/astarpathfindingproject/utilities/dotnetreplacements.cs in SourceAssetDB has modification time of '2021-11-06T11:53:58Z' while content on disk has modification time of '0001-01-01T00:00:00Z' with error code 2
Stacktrace:
0x00007ff83510235e (Unity) StackWalker::ShowCallstack
0x00007ff836936649 (Unity) PlatformStacktrace::GetStacktrace
0x00007ff836936ece (Unity) Stacktrace::GetStacktrace
0x00007ff8378a0aa0 (Unity) GetAssetHashAndValidate
0x00007ff83789c3d3 (Unity) AssetVersionBuilder::BuildHashOfSourceAssetArray
0x00007ff83789a4c7 (Unity) AssetVersionBuilder::BuildAssetVersion
0x00007ff83781c1dd (Unity) CreateAssetVersionBuilder
0x00007ff837821a53 (Unity) ImportToObjects
0x00007ff8378206a2 (Unity) ImportAsset
0x00007ff837844269 (Unity) AssetImportWorker::Import
0x00007ff8378b1343 (Unity) <lambda_59bd213d68cdb8fe9cc041ceb76081a8>::operator()
0x00007ff8378f10bf (Unity) asio::detail::completion_handler<core::mutable_function<void __cdecl(void)>,asio::io_context::basic_executor_type<std::allocator<void>,0> >::do_complete
0x00007ff8378de9b1 (Unity) asio::detail::win_iocp_io_context::do_one
0x00007ff8378dfbd4 (Unity) asio::detail::win_iocp_io_context::run
0x00007ff8378ef729 (Unity) IOService::Run
0x00007ff8378c22ef (Unity) AssetImportWorkerClient::Run
0x00007ff8378864b8 (Unity) RunAssetImportWorkerClientV2
0x00007ff83788652b (Unity) RunAssetImporterV2
0x00007ff8361678ff (Unity) Application::InitializeProject
0x00007ff835f5d003 (Unity) UnityMain
0x00007ff73fec2f2a (Unity) __scrt_common_main_seh
0x00007ff8edca7374 (KERNEL32) BaseThreadInitThunk
0x00007ff8ef05cc91 (ntdll) RtlUserThreadStart

  ERROR: Build asset version error: assets/import/lahmadjuscenes/astarpathfindingproject/utilities/dotnetreplacements.cs in SourceAssetDB has modification time of '2021-11-06T11:53:58Z' while content on disk has modification time of '0001-01-01T00:00:00Z' with error code 2
Stacktrace:
0x00007ff83510235e (Unity) StackWalker::ShowCallstack
0x00007ff836936649 (Unity) PlatformStacktrace::GetStacktrace
0x00007ff836936ece (Unity) Stacktrace::GetStacktrace
0x00007ff8378a0aa0 (Unity) GetAssetHashAndValidate
0x00007ff83789c3d3 (Unity) AssetVersionBuilder::BuildHashOfSourceAssetArray
0x00007ff83789a4c7 (Unity) AssetVersionBuilder::BuildAssetVersion
0x00007ff83781c1dd (Unity) CreateAssetVersionBuilder
0x00007ff837821a53 (Unity) ImportToObjects
0x00007ff8378206a2 (Unity) ImportAsset
0x00007ff837844269 (Unity) AssetImportWorker::Import
0x00007ff8378b1343 (Unity) <lambda_59bd213d68cdb8fe9cc041ceb76081a8>::operator()
0x00007ff8378f10bf (Unity) asio::detail::completion_handler<core::mutable_function<void __cdecl(void)>,asio::io_context::basic_executor_type<std::allocator<void>,0> >::do_complete
0x00007ff8378de9b1 (Unity) asio::detail::win_iocp_io_context::do_one
0x00007ff8378dfbd4 (Unity) asio::detail::win_iocp_io_context::run
0x00007ff8378ef729 (Unity) IOService::Run
0x00007ff8378c22ef (Unity) AssetImportWorkerClient::Run
0x00007ff8378864b8 (Unity) RunAssetImportWorkerClientV2
0x00007ff83788652b (Unity) RunAssetImporterV2
0x00007ff8361678ff (Unity) Application::InitializeProject
0x00007ff835f5d003 (Unity) UnityMain
0x00007ff73fec2f2a (Unity) __scrt_common_main_seh
0x00007ff8edca7374 (KERNEL32) BaseThreadInitThunk
0x00007ff8ef05cc91 (ntdll) RtlUserThreadStart

Number of updated asset objects reloaded before import = 0Number of asset objects unloaded after import = 0

========================================================================
Received Import Request.
  Time since last request: 0.000043 seconds.
  path: Assets/Import/Lahmadju/Imported Models/Oculus Hands/Animations/r_hand_pinch_anim.fbx
  artifactKey: Guid(165871bb4fa915847973b6955c7a670d) Importer(2089858483,b0f066a214c2f5e87bad3c948f4d605d)
Start importing Assets/Import/Lahmadju/Imported Models/Oculus Hands/Animations/r_hand_pinch_anim.fbx using Guid(165871bb4fa915847973b6955c7a670d) Importer(2089858483,b0f066a214c2f5e87bad3c948f4d605d) (ScriptedImporter) -> (artifact id: '8b5053230945ce2291edb3520680f7ad') in 0.0344302 seconds
Number of updated asset objects reloaded before import = 0Number of asset objects unloaded after import = 57

========================================================================
Received Prepare
'Packages/com.unity.cinemachine/Editor/Obsolete/CinemachineVirtualCameraBaseEditor.cs' contains partial class of Unity.Object, exactly 1 of the partial classes needs to be in a file with the same filename. This is to know the one that can be referenced from ie. GameObjects
'Packages/com.unity.cinemachine/Editor/Editors/CinemachineVirtualCameraBaseEditor.cs' contains partial class of Unity.Object, exactly 1 of the partial classes needs to be in a file with the same filename. This is to know the one that can be referenced from ie. GameObjects
Refreshing native plugins compatible for Editor in 3.14 ms, found 3 plugins.
Preloading 0 native plugins for Editor in 0.00 ms.
Unloading 17 Unused Serialized files (Serialized files now loaded: 0)
Unloading 7056 unused Assets / (4.0 MB). Loaded Objects now: 7900.
Memory consumption went from 152.6 MB to 148.5 MB.
Total: 18.267300 ms (FindLiveObjects: 1.426700 ms CreateObjectMapping: 1.777000 ms MarkObjects: 10.124100 ms  DeleteObjects: 4.937400 ms)

Prepare: number of updated asset objects reloaded= 0
========================================================================
Received Import Request.
  Time since last request: 1.966576 seconds.
  path: Assets/Import/Lahmadju/Hovl Studio/Magic effects pack/Materials/MagicCircle.mat
  artifactKey: Guid(ddac23d301cbfca45bcbe217c05f0141) Importer(2089858483,b0f066a214c2f5e87bad3c948f4d605d)
Start importing Assets/Import/Lahmadju/Hovl Studio/Magic effects pack/Materials/MagicCircle.mat using Guid(ddac23d301cbfca45bcbe217c05f0141) Importer(2089858483,b0f066a214c2f5e87bad3c948f4d605d) (ScriptedImporter) -> (artifact id: 'a42ab263728d1ce77e1de50e6d6ee0a2') in 0.0425359 seconds
Number of updated asset objects reloaded before import = 0Number of asset objects unloaded after import = 2

========================================================================
Received Import Request.
  Time since last request: 0.000033 seconds.
  path: Assets/Import/Lahmadju/Animations/Walking.anim
  artifactKey: Guid(650b5fda17275ef4cbaa587f3a6199a7) Importer(2089858483,b0f066a214c2f5e87bad3c948f4d605d)
Start importing Assets/Import/Lahmadju/Animations/Walking.anim using Guid(650b5fda17275ef4cbaa587f3a6199a7) Importer(2089858483,b0f066a214c2f5e87bad3c948f4d605d) (ScriptedImporter) -> (artifact id: '4f847823cfe34e4d17458c1fe46cf2c7') in 0.0582512 seconds
Number of updated asset objects reloaded before import = 0Number of asset objects unloaded after import = 1

========================================================================
Received Import Request.
  Time since last request: 0.000030 seconds.
  path: Assets/Import/Lahmadju/AstarPathfindingProject/Utilities/AstarParallel.cs
  artifactKey: Guid(fa95ccba91f5c4ab8922aa7859f0a300) Importer(2089858483,b0f066a214c2f5e87bad3c948f4d605d)
Start importing Assets/Import/Lahmadju/AstarPathfindingProject/Utilities/AstarParallel.cs using Guid(fa95ccba91f5c4ab8922aa7859f0a300) Importer(2089858483,b0f066a214c2f5e87bad3c948f4d605d) (ScriptedImporter) -> (artifact id: '5ad0af8780cb22786a9e3e4073c74df6') in 0.0096339 seconds
Number of updated asset objects reloaded before import = 0Number of asset objects unloaded after import = 0

========================================================================
Received Import Request.
  Time since last request: 0.000034 seconds.
  path: Assets/Import/Lahmadju/Animations/Straight Attack.anim
  artifactKey: Guid(675bc30b76bb93546874ee2a938d11fa) Importer(2089858483,b0f066a214c2f5e87bad3c948f4d605d)
Start importing Assets/Import/Lahmadju/Animations/Straight Attack.anim using Guid(675bc30b76bb93546874ee2a938d11fa) Importer(2089858483,b0f066a214c2f5e87bad3c948f4d605d) (ScriptedImporter) -> (artifact id: '2bc8dc4fd8438e43537d71de0e50416b') in 0.1002579 seconds
Number of updated asset objects reloaded before import = 0Number of asset objects unloaded after import = 1

========================================================================
Received Import Request.
  Time since last request: 0.000023 seconds.
  path: Assets/Import/Lahmadju/Materials/Red (Trns Emission) 3.mat
  artifactKey: Guid(6eba1183a1629c943ae60b9b6cbbb4b6) Importer(2089858483,b0f066a214c2f5e87bad3c948f4d605d)
Start importing Assets/Import/Lahmadju/Materials/Red (Trns Emission) 3.mat using Guid(6eba1183a1629c943ae60b9b6cbbb4b6) Importer(2089858483,b0f066a214c2f5e87bad3c948f4d605d) (ScriptedImporter) -> (artifact id: 'fc7e4f2608fbc73fde7f7058ca4f6fac') in 0.0121451 seconds
Number of updated asset objects reloaded before import = 0Number of asset objects unloaded after import = 1

========================================================================
Received Import Request.
  Time since last request: 0.000026 seconds.
  path: Assets/Import/Lahmadju/Imported Models/Ultimate 10 Plus Shaders/Shaders/Plexus/Plexus.cs
  artifactKey: Guid(66bd5c73cd1c467458a55f95ff648743) Importer(2089858483,b0f066a214c2f5e87bad3c948f4d605d)
Start importing Assets/Import/Lahmadju/Imported Models/Ultimate 10 Plus Shaders/Shaders/Plexus/Plexus.cs using Guid(66bd5c73cd1c467458a55f95ff648743) Importer(2089858483,b0f066a214c2f5e87bad3c948f4d605d) (ScriptedImporter) -> (artifact id: '8124852813767dd22a3ff309627c64f2') in 0.0087455 seconds
Number of updated asset objects reloaded before import = 0Number of asset objects unloaded after import = 0

========================================================================
Received Import Request.
  Time since last request: 0.000031 seconds.
  path: Assets/Import/Lahmadju/AstarPathfindingProject/ExampleScenes/Example14_TurnBased_Hexagon/TurnBasedDoor.cs
  artifactKey: Guid(0150010635e4f4daba9d68e759059fd8) Importer(2089858483,b0f066a214c2f5e87bad3c948f4d605d)
Start importing Assets/Import/Lahmadju/AstarPathfindingProject/ExampleScenes/Example14_TurnBased_Hexagon/TurnBasedDoor.cs using Guid(0150010635e4f4daba9d68e759059fd8) Importer(2089858483,b0f066a214c2f5e87bad3c948f4d605d) (ScriptedImporter) -> (artifact id: '3723a879fc9f7bb52c6d5ef216a9b544') in 0.0102421 seconds
Number of updated asset objects reloaded before import = 0Number of asset objects unloaded after import = 0

========================================================================
Received Import Request.
  Time since last request: 0.000023 seconds.
  path: Assets/Import/Lahmadju/AstarPathfindingProject/RVO/RVOSquareObstacle.cs
  artifactKey: Guid(21ffa94b775f54641bd8c73c930db320) Importer(2089858483,b0f066a214c2f5e87bad3c948f4d605d)
Start importing Assets/Import/Lahmadju/AstarPathfindingProject/RVO/RVOSquareObstacle.cs using Guid(21ffa94b775f54641bd8c73c930db320) Importer(2089858483,b0f066a214c2f5e87bad3c948f4d605d) (ScriptedImporter) -> (artifact id: 'eec041e3513237c5e9d5f3f0b40c1d17') in 0.0080334 seconds
Number of updated asset objects reloaded before import = 0Number of asset objects unloaded after import = 0

========================================================================
Received Import Request.
  Time since last request: 0.000026 seconds.
  path: Assets/Import/Lahmadju/AstarPathfindingProject/Core/Misc/GraphModifier.cs
  artifactKey: Guid(39897fb482672480a817862c3909a4aa) Importer(2089858483,b0f066a214c2f5e87bad3c948f4d605d)
Start importing Assets/Import/Lahmadju/AstarPathfindingProject/Core/Misc/GraphModifier.cs using Guid(39897fb482672480a817862c3909a4aa) Importer(2089858483,b0f066a214c2f5e87bad3c948f4d605d) (ScriptedImporter) -> (artifact id: '53958060518b878a5c1b400192c70ba4') in 0.0091282 seconds
Number of updated asset objects reloaded before import = 0Number of asset objects unloaded after import = 0

========================================================================
Received Import Request.
  Time since last request: 0.900751 seconds.
  path: Assets/Import/Lahmadju/AstarPathfindingProject/Plugins/Poly2Tri/Pathfinding.Poly2Tri.dll
  artifactKey: Guid(30b798b6b35e94042b75435e2c52e2eb) Importer(2089858483,b0f066a214c2f5e87bad3c948f4d605d)
Start importing Assets/Import/Lahmadju/AstarPathfindingProject/Plugins/Poly2Tri/Pathfinding.Poly2Tri.dll using Guid(30b798b6b35e94042b75435e2c52e2eb) Importer(2089858483,b0f066a214c2f5e87bad3c948f4d605d) (ScriptedImporter) -> (artifact id: 'fe2e32516bb035642057be37469f20a4') in 0.0151397 seconds
Number of updated asset objects reloaded before import = 0Number of asset objects unloaded after import = 0

========================================================================
Received Import Request.
  Time since last request: 0.000023 seconds.
  path: Assets/Import/Lahmadju/AstarPathfindingProject/Editor/GraphEditors/GraphEditor.cs
  artifactKey: Guid(b0bbfd9d85ec946b2a05cdeaab0d6f5f) Importer(2089858483,b0f066a214c2f5e87bad3c948f4d605d)
Start importing Assets/Import/Lahmadju/AstarPathfindingProject/Editor/GraphEditors/GraphEditor.cs using Guid(b0bbfd9d85ec946b2a05cdeaab0d6f5f) Importer(2089858483,b0f066a214c2f5e87bad3c948f4d605d) (ScriptedImporter) -> (artifact id: 'f06a0d191778dc6ca26bf16704094cf3') in 0.0123567 seconds
Number of updated asset objects reloaded before import = 0Number of asset objects unloaded after import = 0

========================================================================
Received Import Request.
  Time since last request: 0.000028 seconds.
  path: Assets/Import/Lahmadju/AstarPathfindingProject/Editor/RecastMeshObjEditor.cs
  artifactKey: Guid(7c4297fc55c734c9bad31126dc81e49b) Importer(2089858483,b0f066a214c2f5e87bad3c948f4d605d)
Start importing Assets/Import/Lahmadju/AstarPathfindingProject/Editor/RecastMeshObjEditor.cs using Guid(7c4297fc55c734c9bad31126dc81e49b) Importer(2089858483,b0f066a214c2f5e87bad3c948f4d605d) (ScriptedImporter) -> (artifact id: 'b4cc9f1ae7cba5d43557600965fabd83') in 0.0087424 seconds
Number of updated asset objects reloaded before import = 0Number of asset objects unloaded after import = 0

========================================================================
Received Import Request.
  Time since last request: 0.000038 seconds.
  path: Assets/Import/Lahmadju/Imported Models/Character/FreeCharacter/Textures/Body_Normal_01.psd
  artifactKey: Guid(b7962e4d69e932c498775fe53fe19305) Importer(2089858483,b0f066a214c2f5e87bad3c948f4d605d)
Start importing Assets/Import/Lahmadju/Imported Models/Character/FreeCharacter/Textures/Body_Normal_01.psd using Guid(b7962e4d69e932c498775fe53fe19305) Importer(2089858483,b0f066a214c2f5e87bad3c948f4d605d) (ScriptedImporter) -> (artifact id: '26699dfba74c151de16303459f375890') in 0.0403287 seconds
Number of updated asset objects reloaded before import = 0Number of asset objects unloaded after import = 1

========================================================================
Received Import Request.
  Time since last request: 0.000027 seconds.
  path: Assets/Import/Lahmadju/Animations/Cinema/Character/Character Animator Controller.controller
  artifactKey: Guid(e9e054ccce5129045b726b3f7d3e16f8) Importer(2089858483,b0f066a214c2f5e87bad3c948f4d605d)
Start importing Assets/Import/Lahmadju/Animations/Cinema/Character/Character Animator Controller.controller using Guid(e9e054ccce5129045b726b3f7d3e16f8) Importer(2089858483,b0f066a214c2f5e87bad3c948f4d605d) (ScriptedImporter) -> (artifact id: '20ec992c66b9d074fc5d9c036623528f') in 0.7859813 seconds
Number of updated asset objects reloaded before import = 0Number of asset objects unloaded after import = 27

========================================================================
Received Import Request.
  Time since last request: 0.000025 seconds.
  path: Assets/Import/Lahmadju/Scripts/Player And Weapons/Bullet Behavior.cs
  artifactKey: Guid(352c7cc81cc2a144f9b53d162c41b232) Importer(2089858483,b0f066a214c2f5e87bad3c948f4d605d)
Start importing Assets/Import/Lahmadju/Scripts/Player And Weapons/Bullet Behavior.cs using Guid(352c7cc81cc2a144f9b53d162c41b232) Importer(2089858483,b0f066a214c2f5e87bad3c948f4d605d) (ScriptedImporter) -> (artifact id: 'b812406b13286cfe89c358cd08af6d61') in 0.0094615 seconds
Number of updated asset objects reloaded before import = 0Number of asset objects unloaded after import = 0

========================================================================
Received Import Request.
  Time since last request: 0.000043 seconds.
  path: Assets/Import/Lahmadju/AstarPathfindingProject/Generators/QuadtreeGraph.cs
  artifactKey: Guid(4931e76e5e5784200a904f4b59596556) Importer(2089858483,b0f066a214c2f5e87bad3c948f4d605d)
Start importing Assets/Import/Lahmadju/AstarPathfindingProject/Generators/QuadtreeGraph.cs using Guid(4931e76e5e5784200a904f4b59596556) Importer(2089858483,b0f066a214c2f5e87bad3c948f4d605d) (ScriptedImporter) -> (artifact id: 'cacf1e607d7595b66961035bc40b811e') in 0.0112726 seconds
Number of updated asset objects reloaded before import = 0Number of asset objects unloaded after import = 0

========================================================================
Received Import Request.
  Time since last request: 0.000023 seconds.
  path: Assets/Import/Lahmadju/AstarPathfindingProject/Behaviors/AIDestinationSetter.cs
  artifactKey: Guid(c9679e68a0f1144e79c664d9a11ca121) Importer(2089858483,b0f066a214c2f5e87bad3c948f4d605d)
Start importing Assets/Import/Lahmadju/AstarPathfindingProject/Behaviors/AIDestinationSetter.cs using Guid(c9679e68a0f1144e79c664d9a11ca121) Importer(2089858483,b0f066a214c2f5e87bad3c948f4d605d) (ScriptedImporter) -> (artifact id: '389e9051f18c524063d0c4eeade64800') in 0.0100227 seconds
Number of updated asset objects reloaded before import = 0Number of asset objects unloaded after import = 0

========================================================================
Received Import Request.
  Time since last request: 0.000023 seconds.
  path: Assets/Import/Lahmadju/AstarPathfindingProject/Core/PathHandler.cs
  artifactKey: Guid(7cc885607b0534cc6a4a34c4caa58d89) Importer(2089858483,b0f066a214c2f5e87bad3c948f4d605d)
Start importing Assets/Import/Lahmadju/AstarPathfindingProject/Core/PathHandler.cs using Guid(7cc885607b0534cc6a4a34c4caa58d89) Importer(2089858483,b0f066a214c2f5e87bad3c948f4d605d) (ScriptedImporter) -> (artifact id: '336e44cce06d695970198e48ffe2dc55') in 0.0109121 seconds
Number of updated asset objects reloaded before import = 0Number of asset objects unloaded after import = 0

========================================================================
Received Import Request.
  Time since last request: 0.000027 seconds.
  path: Assets/Import/Lahmadju/Scripts/Environment/Object Spawner 1.cs
  artifactKey: Guid(adc92d381d0f7c8478f0882196603394) Importer(2089858483,b0f066a214c2f5e87bad3c948f4d605d)
Start importing Assets/Import/Lahmadju/Scripts/Environment/Object Spawner 1.cs using Guid(adc92d381d0f7c8478f0882196603394) Importer(2089858483,b0f066a214c2f5e87bad3c948f4d605d) (ScriptedImporter) -> (artifact id: '174cf5c7cb5a87ca93e7230a1a39dfd2') in 0.0112609 seconds
Number of updated asset objects reloaded before import = 0Number of asset objects unloaded after import = 0

========================================================================
Received Import Request.
  Time since last request: 0.000047 seconds.
  path: Assets/Import/Lahmadju/Scripts/Boss/Protection Colliders.cs
  artifactKey: Guid(3278c9fec8139db48a03b994f02b978d) Importer(2089858483,b0f066a214c2f5e87bad3c948f4d605d)
Start importing Assets/Import/Lahmadju/Scripts/Boss/Protection Colliders.cs using Guid(3278c9fec8139db48a03b994f02b978d) Importer(2089858483,b0f066a214c2f5e87bad3c948f4d605d) (ScriptedImporter) -> (artifact id: '24531a48702e20443b703decdb263969') in 0.0117101 seconds
Number of updated asset objects reloaded before import = 0Number of asset objects unloaded after import = 0

========================================================================
Received Import Request.
  Time since last request: 0.000021 seconds.
  path: Assets/Import/Lahmadju/Animations/Cinema/Character/Looking.anim
  artifactKey: Guid(96cf9e5e24dd3c840a2828c12e8fd94f) Importer(2089858483,b0f066a214c2f5e87bad3c948f4d605d)
Start importing Assets/Import/Lahmadju/Animations/Cinema/Character/Looking.anim using Guid(96cf9e5e24dd3c840a2828c12e8fd94f) Importer(2089858483,b0f066a214c2f5e87bad3c948f4d605d) (ScriptedImporter) -> (artifact id: 'f555fbd5c2a4eb6bf071536daa718662') in 0.052397 seconds
Number of updated asset objects reloaded before import = 0Number of asset objects unloaded after import = 1

========================================================================
Received Import Request.
  Time since last request: 0.000029 seconds.
  path: Assets/Import/Lahmadju/Animations/Idle.fbx
  artifactKey: Guid(48ad883260cb4374db05e0de63006e06) Importer(2089858483,b0f066a214c2f5e87bad3c948f4d605d)
Start importing Assets/Import/Lahmadju/Animations/Idle.fbx using Guid(48ad883260cb4374db05e0de63006e06) Importer(2089858483,b0f066a214c2f5e87bad3c948f4d605d) (ScriptedImporter) -> (artifact id: 'b344cea8dc0f9cf8e345f5203f74db8b') in 0.0308831 seconds
Number of updated asset objects reloaded before import = 0Number of asset objects unloaded after import = 135

========================================================================
Received Import Request.
  Time since last request: 0.082100 seconds.
  path: Assets/Import/Lahmadju/AstarPathfindingProject/Core/Misc/PathReturnQueue.cs
  artifactKey: Guid(70ca370ae38794366be2fa32880f362e) Importer(2089858483,b0f066a214c2f5e87bad3c948f4d605d)
Start importing Assets/Import/Lahmadju/AstarPathfindingProject/Core/Misc/PathReturnQueue.cs using Guid(70ca370ae38794366be2fa32880f362e) Importer(2089858483,b0f066a214c2f5e87bad3c948f4d605d) (ScriptedImporter) -> (artifact id: 'e2989b7fe257954bb4069088a8c4a851') in 0.0146199 seconds
Number of updated asset objects reloaded before import = 0Number of asset objects unloaded after import = 0

========================================================================
Received Import Request.
  Time since last request: 0.000027 seconds.
  path: Assets/Import/Lahmadju/AstarPathfindingProject/ExampleScenes/Example13_Moving/LocalSpaceGraph.cs
  artifactKey: Guid(402bb27f2effb4bd183ec7f7dd47b078) Importer(2089858483,b0f066a214c2f5e87bad3c948f4d605d)
Start importing Assets/Import/Lahmadju/AstarPathfindingProject/ExampleScenes/Example13_Moving/LocalSpaceGraph.cs using Guid(402bb27f2effb4bd183ec7f7dd47b078) Importer(2089858483,b0f066a214c2f5e87bad3c948f4d605d) (ScriptedImporter) -> (artifact id: 'a78fdf964f1d0533f202d784f00d1804') in 0.0099592 seconds
Number of updated asset objects reloaded before import = 0Number of asset objects unloaded after import = 0

========================================================================
Received Import Request.
  Time since last request: 0.000034 seconds.
  path: Assets/Import/Lahmadju/AstarPathfindingProject/Core/AI/IAstarAI.cs
  artifactKey: Guid(b7438f3f6b9404f05ab7f584f92aa7d5) Importer(2089858483,b0f066a214c2f5e87bad3c948f4d605d)
Start importing Assets/Import/Lahmadju/AstarPathfindingProject/Core/AI/IAstarAI.cs using Guid(b7438f3f6b9404f05ab7f584f92aa7d5) Importer(2089858483,b0f066a214c2f5e87bad3c948f4d605d) (ScriptedImporter) -> (artifact id: '76df26a889cec04132400887a690549e') in 0.0089839 seconds
Number of updated asset objects reloaded before import = 0Number of asset objects unloaded after import = 0

========================================================================
Received Import Request.
  Time since last request: 0.196742 seconds.
  path: Assets/Import/Lahmadju/Imported Models/Scifi-Gun/Baked Textures/Gun_Sci-Fi_1_pbr_diffuse.png
  artifactKey: Guid(88ee27af1385ecc479b150213b9a46ae) Importer(2089858483,b0f066a214c2f5e87bad3c948f4d605d)
Start importing Assets/Import/Lahmadju/Imported Models/Scifi-Gun/Baked Textures/Gun_Sci-Fi_1_pbr_diffuse.png using Guid(88ee27af1385ecc479b150213b9a46ae) Importer(2089858483,b0f066a214c2f5e87bad3c948f4d605d) (ScriptedImporter) -> (artifact id: '8a7d5ab568eb3db87de3026a667f7b32') in 0.031706 seconds
Number of updated asset objects reloaded before import = 0Number of asset objects unloaded after import = 1

========================================================================
Received Import Request.
  Time since last request: 0.000034 seconds.
  path: Assets/Import/Lahmadju/AstarPathfindingProject/Generators/NodeClasses/GridNodeBase.cs
  artifactKey: Guid(1b723ddfaa37b46eca23cd8d042ad3e9) Importer(2089858483,b0f066a214c2f5e87bad3c948f4d605d)
Start importing Assets/Import/Lahmadju/AstarPathfindingProject/Generators/NodeClasses/GridNodeBase.cs using Guid(1b723ddfaa37b46eca23cd8d042ad3e9) Importer(2089858483,b0f066a214c2f5e87bad3c948f4d605d) (ScriptedImporter) -> (artifact id: '63d04f3f8e1f8a371f97902a655484c9') in 0.0086866 seconds
Number of updated asset objects reloaded before import = 0Number of asset objects unloaded after import = 0

========================================================================
Received Import Request.
  Time since last request: 0.367963 seconds.
  path: Assets/Import/Lahmadju/AstarPathfindingProject/Core/Misc/AstarDebugger.cs
  artifactKey: Guid(5103795af2d504ea693528e938005441) Importer(2089858483,b0f066a214c2f5e87bad3c948f4d605d)
Start importing Assets/Import/Lahmadju/AstarPathfindingProject/Core/Misc/AstarDebugger.cs using Guid(5103795af2d504ea693528e938005441) Importer(2089858483,b0f066a214c2f5e87bad3c948f4d605d) (ScriptedImporter) -> (artifact id: 'c4e203ae494b5818617bca3e92e89f72') in 0.0098846 seconds
Number of updated asset objects reloaded before import = 0Number of asset objects unloaded after import = 0

========================================================================
Received Import Request.
  Time since last request: 1.577189 seconds.
  path: Assets/Import/Lahmadju/Imported Models/Oculus Hands/Models
  artifactKey: Guid(a2757839f0097424f8e3f60748a18b11) Importer(2089858483,b0f066a214c2f5e87bad3c948f4d605d)
Start importing Assets/Import/Lahmadju/Imported Models/Oculus Hands/Models using Guid(a2757839f0097424f8e3f60748a18b11) Importer(2089858483,b0f066a214c2f5e87bad3c948f4d605d) (ScriptedImporter) -> (artifact id: '5986d52b373db37f6bacb520ac7c99db') in 0.0128888 seconds
Number of updated asset objects reloaded before import = 0Number of asset objects unloaded after import = 1

========================================================================
Received Import Request.
  Time since last request: 0.000025 seconds.
  path: Assets/Import/Lahmadju/Imported Models/Low Poly Cyber Ninja Sword/Model
  artifactKey: Guid(2a1dbcf1322bc4c4aa9185c4d386050a) Importer(2089858483,b0f066a214c2f5e87bad3c948f4d605d)
Start importing Assets/Import/Lahmadju/Imported Models/Low Poly Cyber Ninja Sword/Model using Guid(2a1dbcf1322bc4c4aa9185c4d386050a) Importer(2089858483,b0f066a214c2f5e87bad3c948f4d605d) (ScriptedImporter) -> (artifact id: 'a6a1cede7b1848731958a4f0981100cf') in 0.0076769 seconds
Number of updated asset objects reloaded before import = 0Number of asset objects unloaded after import = 1

========================================================================
Received Import Request.
  Time since last request: 0.000032 seconds.
  path: Assets/Import/Lahmadju/ImportedModels/Arcade_Game_-_Space_Invaders/textures
  artifactKey: Guid(89ebb636c9d4e0e4fa28e5de1a5a71b9) Importer(2089858483,b0f066a214c2f5e87bad3c948f4d605d)
Start importing Assets/Import/Lahmadju/ImportedModels/Arcade_Game_-_Space_Invaders/textures using Guid(89ebb636c9d4e0e4fa28e5de1a5a71b9) Importer(2089858483,b0f066a214c2f5e87bad3c948f4d605d) (ScriptedImporter) -> (artifact id: 'c809226fc2964d75b1d49852244095b9') in 0.0080804 seconds
Number of updated asset objects reloaded before import = 0Number of asset objects unloaded after import = 1

========================================================================
Received Import Request.
  Time since last request: 0.000025 seconds.
  path: Assets/Import/Lahmadju/AstarPathfindingProject/ExampleScenes/Example11_RVO
  artifactKey: Guid(e2d56251e1c24fa43b9b1a169d83b4b0) Importer(2089858483,b0f066a214c2f5e87bad3c948f4d605d)
Start importing Assets/Import/Lahmadju/AstarPathfindingProject/ExampleScenes/Example11_RVO using Guid(e2d56251e1c24fa43b9b1a169d83b4b0) Importer(2089858483,b0f066a214c2f5e87bad3c948f4d605d) (ScriptedImporter) -> (artifact id: '4d6a173bc6f354538500b5d64a4efea8') in 0.0191981 seconds
Number of updated asset objects reloaded before import = 0Number of asset objects unloaded after import = 1

========================================================================
Received Import Request.
  Time since last request: 0.000025 seconds.
  path: Assets/Import/Lahmadju/AstarPathfindingProject/ExampleScenes/Example3_Recast_Navmesh1
  artifactKey: Guid(397080d75141efd4883067be44231f47) Importer(2089858483,b0f066a214c2f5e87bad3c948f4d605d)
Start importing Assets/Import/Lahmadju/AstarPathfindingProject/ExampleScenes/Example3_Recast_Navmesh1 using Guid(397080d75141efd4883067be44231f47) Importer(2089858483,b0f066a214c2f5e87bad3c948f4d605d) (ScriptedImporter) -> (artifact id: '544b3023ddd0bbde776cc8dea841288f') in 0.0077992 seconds
Number of updated asset objects reloaded before import = 0Number of asset objects unloaded after import = 1

========================================================================
Received Import Request.
  Time since last request: 0.000035 seconds.
  path: Assets/Import/Lahmadju/Particles/_Prefabs
  artifactKey: Guid(13025197549d74f4b9c9fd9068c6e38d) Importer(2089858483,b0f066a214c2f5e87bad3c948f4d605d)
Start importing Assets/Import/Lahmadju/Particles/_Prefabs using Guid(13025197549d74f4b9c9fd9068c6e38d) Importer(2089858483,b0f066a214c2f5e87bad3c948f4d605d) (ScriptedImporter) -> (artifact id: '28db69961f493f5f1b1e77c34db655b9') in 0.0079425 seconds
Number of updated asset objects reloaded before import = 0Number of asset objects unloaded after import = 1

========================================================================
Received Import Request.
  Time since last request: 0.000020 seconds.
  path: Assets/Import/Lahmadju/Particles/Textures
  artifactKey: Guid(b497b5515556b5c49b11d4de8b9dd22d) Importer(2089858483,b0f066a214c2f5e87bad3c948f4d605d)
Start importing Assets/Import/Lahmadju/Particles/Textures using Guid(b497b5515556b5c49b11d4de8b9dd22d) Importer(2089858483,b0f066a214c2f5e87bad3c948f4d605d) (ScriptedImporter) -> (artifact id: 'aa7d95477bcbe393748dcba19e860b8d') in 0.0089071 seconds
Number of updated asset objects reloaded before import = 0Number of asset objects unloaded after import = 1

========================================================================
Received Import Request.
  Time since last request: 0.000020 seconds.
  path: Assets/Import/Lahmadju/Imported Models/_Barking_Dog/3D Free Modular Kit/_Meshes/Materials
  artifactKey: Guid(b1fb21a635a4b4840af798518392565f) Importer(2089858483,b0f066a214c2f5e87bad3c948f4d605d)
Start importing Assets/Import/Lahmadju/Imported Models/_Barking_Dog/3D Free Modular Kit/_Meshes/Materials using Guid(b1fb21a635a4b4840af798518392565f) Importer(2089858483,b0f066a214c2f5e87bad3c948f4d605d) (ScriptedImporter) -> (artifact id: '1b959a43b0765b7bda15f3d717299a18') in 0.0109109 seconds
Number of updated asset objects reloaded before import = 0Number of asset objects unloaded after import = 1

========================================================================
Received Import Request.
  Time since last request: 0.000031 seconds.
  path: Assets/Import/Lahmadju/ImportedModels/Alien_Planet/textures
  artifactKey: Guid(ef801fba67636be439244f42e30e00d7) Importer(2089858483,b0f066a214c2f5e87bad3c948f4d605d)
Start importing Assets/Import/Lahmadju/ImportedModels/Alien_Planet/textures using Guid(ef801fba67636be439244f42e30e00d7) Importer(2089858483,b0f066a214c2f5e87bad3c948f4d605d) (ScriptedImporter) -> (artifact id: '474c1417215e181d8f0707d34365e04a') in 0.0074754 seconds
Number of updated asset objects reloaded before import = 0Number of asset objects unloaded after import = 1

========================================================================
Received Import Request.
  Time since last request: 0.000033 seconds.
  path: Assets/Import/Lahmadju/ImportedModels/Spaceship_(EZNO)/textures
  artifactKey: Guid(53fe65354ee86c44191b25b5935ff957) Importer(2089858483,b0f066a214c2f5e87bad3c948f4d605d)
Start importing Assets/Import/Lahmadju/ImportedModels/Spaceship_(EZNO)/textures using Guid(53fe65354ee86c44191b25b5935ff957) Importer(2089858483,b0f066a214c2f5e87bad3c948f4d605d) (ScriptedImporter) -> (artifact id: 'd58800938d8f5b2c9fdd238950667347') in 0.0075892 seconds
Number of updated asset objects reloaded before import = 0Number of asset objects unloaded after import = 1

========================================================================
Received Import Request.
  Time since last request: 0.000028 seconds.
  path: Assets/Import/Lahmadju/AstarPathfindingProject/Generators
  artifactKey: Guid(5e847ca6322b0e442a508edcd0e8ded5) Importer(2089858483,b0f066a214c2f5e87bad3c948f4d605d)
Start importing Assets/Import/Lahmadju/AstarPathfindingProject/Generators using Guid(5e847ca6322b0e442a508edcd0e8ded5) Importer(2089858483,b0f066a214c2f5e87bad3c948f4d605d) (ScriptedImporter) -> (artifact id: '409b8e3ca07d76e839f16986fbae4660') in 0.0091416 seconds
Number of updated asset objects reloaded before import = 0Number of asset objects unloaded after import = 1

========================================================================
Received Import Request.
  Time since last request: 0.000021 seconds.
  path: Assets/Import/Lahmadju/ImportedModels/Space_Music!
  artifactKey: Guid(6dc73f821ec32ab499f60a90d4c9215d) Importer(2089858483,b0f066a214c2f5e87bad3c948f4d605d)
Start importing Assets/Import/Lahmadju/ImportedModels/Space_Music! using Guid(6dc73f821ec32ab499f60a90d4c9215d) Importer(2089858483,b0f066a214c2f5e87bad3c948f4d605d) (ScriptedImporter) -> (artifact id: '6e4a0af8f0da03415d4f5f9f578bb90b') in 0.0081085 seconds
Number of updated asset objects reloaded before import = 0Number of asset objects unloaded after import = 1

========================================================================
Received Import Request.
  Time since last request: 0.000025 seconds.
  path: Assets/Import/Lahmadju/Prefabs/DODONPA
  artifactKey: Guid(35ba4d20b5d67aa4b8410243fe587ffa) Importer(2089858483,b0f066a214c2f5e87bad3c948f4d605d)
Start importing Assets/Import/Lahmadju/Prefabs/DODONPA using Guid(35ba4d20b5d67aa4b8410243fe587ffa) Importer(2089858483,b0f066a214c2f5e87bad3c948f4d605d) (ScriptedImporter) -> (artifact id: '8faabb16f6c407690593041d0a9ff154') in 0.0085673 seconds
Number of updated asset objects reloaded before import = 0Number of asset objects unloaded after import = 1

========================================================================
Received Import Request.
  Time since last request: 0.000038 seconds.
  path: Assets/Import/Lahmadju/Prefabs/Boss Render/Boss R Leg final.fbx
  artifactKey: Guid(7ad51b77d25316841896ef3e35fb1809) Importer(2089858483,b0f066a214c2f5e87bad3c948f4d605d)
Start importing Assets/Import/Lahmadju/Prefabs/Boss Render/Boss R Leg final.fbx using Guid(7ad51b77d25316841896ef3e35fb1809) Importer(2089858483,b0f066a214c2f5e87bad3c948f4d605d) (ScriptedImporter) -> (artifact id: '7bf5959b7d9adbd3da794cecad159737') in 0.053531 seconds
Number of updated asset objects reloaded before import = 0Number of asset objects unloaded after import = 860

========================================================================
Received Import Request.
  Time since last request: 0.000026 seconds.
  path: Assets/Import/Lahmadju/ImportedModels/Spaceship_-_Evil_(Gravity)/materials
  artifactKey: Guid(f69328d9a25dcd0428d63af53142abd9) Importer(2089858483,b0f066a214c2f5e87bad3c948f4d605d)
Start importing Assets/Import/Lahmadju/ImportedModels/Spaceship_-_Evil_(Gravity)/materials using Guid(f69328d9a25dcd0428d63af53142abd9) Importer(2089858483,b0f066a214c2f5e87bad3c948f4d605d) (ScriptedImporter) -> (artifact id: '995333a69acde642bc661d512c3f0870') in 0.0082843 seconds
Number of updated asset objects reloaded before import = 0Number of asset objects unloaded after import = 1

========================================================================
Received Import Request.
  Time since last request: 0.000025 seconds.
  path: Assets/Import/Lahmadju/ImportedModels/Sci-Fi_Sword/materials
  artifactKey: Guid(4db99994d54459845b171f9aa0f3d57b) Importer(2089858483,b0f066a214c2f5e87bad3c948f4d605d)
Start importing Assets/Import/Lahmadju/ImportedModels/Sci-Fi_Sword/materials using Guid(4db99994d54459845b171f9aa0f3d57b) Importer(2089858483,b0f066a214c2f5e87bad3c948f4d605d) (ScriptedImporter) -> (artifact id: '0a14495fc571d14854bce4f8ed5cdde5') in 0.0080066 seconds
Number of updated asset objects reloaded before import = 0Number of asset objects unloaded after import = 1

========================================================================
Received Import Request.
  Time since last request: 0.000049 seconds.
  path: Assets/Import/Lahmadju/ImportedModels/Spacecraft_Control_Terminal_Console_ORANGE/meshes
  artifactKey: Guid(f2cccb2299b66d04ebef5bffbeea9d81) Importer(2089858483,b0f066a214c2f5e87bad3c948f4d605d)
Start importing Assets/Import/Lahmadju/ImportedModels/Spacecraft_Control_Terminal_Console_ORANGE/meshes using Guid(f2cccb2299b66d04ebef5bffbeea9d81) Importer(2089858483,b0f066a214c2f5e87bad3c948f4d605d) (ScriptedImporter) -> (artifact id: 'badb93ca3975ef3810144568241fd1ff') in 0.0096835 seconds
Number of updated asset objects reloaded before import = 0Number of asset objects unloaded after import = 1

========================================================================
Received Import Request.
  Time since last request: 0.000031 seconds.
  path: Assets/Import/Lahmadju/ImportedModels/Space_core_-_from_portal_2_(original)/materials
  artifactKey: Guid(5463e2e51bb01b24d81476a15d7faf67) Importer(2089858483,b0f066a214c2f5e87bad3c948f4d605d)
Start importing Assets/Import/Lahmadju/ImportedModels/Space_core_-_from_portal_2_(original)/materials using Guid(5463e2e51bb01b24d81476a15d7faf67) Importer(2089858483,b0f066a214c2f5e87bad3c948f4d605d) (ScriptedImporter) -> (artifact id: 'aa1965c6437092a96bac1c733cfb49ea') in 0.0080281 seconds
Number of updated asset objects reloaded before import = 0Number of asset objects unloaded after import = 1

========================================================================
Received Import Request.
  Time since last request: 0.000025 seconds.
  path: Assets/Import/Lahmadju/Scripts/DODONPA Scripts
  artifactKey: Guid(6c1be464134b8b54db8f74adb3d4c07e) Importer(2089858483,b0f066a214c2f5e87bad3c948f4d605d)
Start importing Assets/Import/Lahmadju/Scripts/DODONPA Scripts using Guid(6c1be464134b8b54db8f74adb3d4c07e) Importer(2089858483,b0f066a214c2f5e87bad3c948f4d605d) (ScriptedImporter) -> (artifact id: '8eb2f1f43d0cc6c495a1bbd83de26a07') in 0.007544 seconds
Number of updated asset objects reloaded before import = 0Number of asset objects unloaded after import = 1

========================================================================
Received Import Request.
  Time since last request: 0.000046 seconds.
  path: Assets/Import/Lahmadju/ImportedModels/Mercury_planet_(brass_stylised)
  artifactKey: Guid(004a2c0b570cd0e43ad7eef6e67238bc) Importer(2089858483,b0f066a214c2f5e87bad3c948f4d605d)
Start importing Assets/Import/Lahmadju/ImportedModels/Mercury_planet_(brass_stylised) using Guid(004a2c0b570cd0e43ad7eef6e67238bc) Importer(2089858483,b0f066a214c2f5e87bad3c948f4d605d) (ScriptedImporter) -> (artifact id: '44a0157326faf80b542f603e2080e3f8') in 0.0086773 seconds
Number of updated asset objects reloaded before import = 0Number of asset objects unloaded after import = 1

========================================================================
Received Import Request.
  Time since last request: 0.000043 seconds.
  path: Assets/Import/Lahmadju/Prefabs/Boss Render
  artifactKey: Guid(d893cdabd9bad614da812c2cc63bb98f) Importer(2089858483,b0f066a214c2f5e87bad3c948f4d605d)
Start importing Assets/Import/Lahmadju/Prefabs/Boss Render using Guid(d893cdabd9bad614da812c2cc63bb98f) Importer(2089858483,b0f066a214c2f5e87bad3c948f4d605d) (ScriptedImporter) -> (artifact id: '4bbf51744d1dce39720e1cf7298f70e6') in 0.007855 seconds
Number of updated asset objects reloaded before import = 0Number of asset objects unloaded after import = 1

========================================================================
Received Import Request.
  Time since last request: 0.000024 seconds.
  path: Assets/Import/Lahmadju/AstarPathfindingProject/ExampleScenes
  artifactKey: Guid(1996d8098bb593042a69b32d033c4597) Importer(2089858483,b0f066a214c2f5e87bad3c948f4d605d)
Start importing Assets/Import/Lahmadju/AstarPathfindingProject/ExampleScenes using Guid(1996d8098bb593042a69b32d033c4597) Importer(2089858483,b0f066a214c2f5e87bad3c948f4d605d) (ScriptedImporter) -> (artifact id: 'ffb7223960c02df36433fc4edd1aa566') in 0.008214 seconds
Number of updated asset objects reloaded before import = 0Number of asset objects unloaded after import = 1

========================================================================
Received Import Request.
  Time since last request: 0.000034 seconds.
  path: Assets/Import/Lahmadju/AstarPathfindingProject/Editor/ModifierEditors
  artifactKey: Guid(b70049c9364b0004aadda93dbb4ab1be) Importer(2089858483,b0f066a214c2f5e87bad3c948f4d605d)
Start importing Assets/Import/Lahmadju/AstarPathfindingProject/Editor/ModifierEditors using Guid(b70049c9364b0004aadda93dbb4ab1be) Importer(2089858483,b0f066a214c2f5e87bad3c948f4d605d) (ScriptedImporter) -> (artifact id: 'd1ff1459c416d5089ea49cd1d1583652') in 0.0078822 seconds
Number of updated asset objects reloaded before import = 0Number of asset objects unloaded after import = 1

========================================================================
Received Import Request.
  Time since last request: 0.000033 seconds.
  path: Assets/Import/Lahmadju/Imported Models/_Barking_Dog/3D Free Modular Kit/_Textures
  artifactKey: Guid(fc6cacc68a721dd499c39cc1a4ac5173) Importer(2089858483,b0f066a214c2f5e87bad3c948f4d605d)
Start importing Assets/Import/Lahmadju/Imported Models/_Barking_Dog/3D Free Modular Kit/_Textures using Guid(fc6cacc68a721dd499c39cc1a4ac5173) Importer(2089858483,b0f066a214c2f5e87bad3c948f4d605d) (ScriptedImporter) -> (artifact id: 'f178eacdf4e014664e2afe500dfab881') in 0.0085571 seconds
Number of updated asset objects reloaded before import = 0Number of asset objects unloaded after import = 1

========================================================================
Received Import Request.
  Time since last request: 0.000025 seconds.
  path: Assets/Import/Lahmadju/AstarPathfindingProject/ExampleScenes/Example8_PathTypes
  artifactKey: Guid(9c14d6fda592e514caa421b923b2d40d) Importer(2089858483,b0f066a214c2f5e87bad3c948f4d605d)
Start importing Assets/Import/Lahmadju/AstarPathfindingProject/ExampleScenes/Example8_PathTypes using Guid(9c14d6fda592e514caa421b923b2d40d) Importer(2089858483,b0f066a214c2f5e87bad3c948f4d605d) (ScriptedImporter) -> (artifact id: '232f8f8fbf6d90d624a02d0a6bac217a') in 0.0090164 seconds
Number of updated asset objects reloaded before import = 0Number of asset objects unloaded after import = 1

========================================================================
Received Import Request.
  Time since last request: 0.000029 seconds.
  path: Assets/Import/Lahmadju/ImportedModels/AZURION_MK-V_Pulse_Blaster/meshes
  artifactKey: Guid(03cf6078ba4f1d64fb689497b4d755a8) Importer(2089858483,b0f066a214c2f5e87bad3c948f4d605d)
Start importing Assets/Import/Lahmadju/ImportedModels/AZURION_MK-V_Pulse_Blaster/meshes using Guid(03cf6078ba4f1d64fb689497b4d755a8) Importer(2089858483,b0f066a214c2f5e87bad3c948f4d605d) (ScriptedImporter) -> (artifact id: '93e6e7642469a51fd559b7f6a76e73ef') in 0.008637 seconds
Number of updated asset objects reloaded before import = 0Number of asset objects unloaded after import = 1

========================================================================
Received Import Request.
  Time since last request: 0.000029 seconds.
  path: Assets/Import/Lahmadju/Imported Models/Low Poly Cyber Ninja Sword
  artifactKey: Guid(09f2a86c7f3769d469d0d45a356378b9) Importer(2089858483,b0f066a214c2f5e87bad3c948f4d605d)
Start importing Assets/Import/Lahmadju/Imported Models/Low Poly Cyber Ninja Sword using Guid(09f2a86c7f3769d469d0d45a356378b9) Importer(2089858483,b0f066a214c2f5e87bad3c948f4d605d) (ScriptedImporter) -> (artifact id: '31302a03ed306f9e06e4959dc18a0add') in 0.008896 seconds
Number of updated asset objects reloaded before import = 0Number of asset objects unloaded after import = 1

========================================================================
Received Import Request.
  Time since last request: 0.000038 seconds.
  path: Assets/Import/Lahmadju/AstarPathfindingProject/Behaviors
  artifactKey: Guid(dd1be03ba75b10248ab48de175a2398e) Importer(2089858483,b0f066a214c2f5e87bad3c948f4d605d)
Start importing Assets/Import/Lahmadju/AstarPathfindingProject/Behaviors using Guid(dd1be03ba75b10248ab48de175a2398e) Importer(2089858483,b0f066a214c2f5e87bad3c948f4d605d) (ScriptedImporter) -> (artifact id: '549d9386b70be8da397df83621473715') in 0.0092778 seconds
Number of updated asset objects reloaded before import = 0Number of asset objects unloaded after import = 1

========================================================================
Received Import Request.
  Time since last request: 0.000023 seconds.
  path: Assets/Import/Lahmadju/ImportedModels/Control-Device_X_II/materials
  artifactKey: Guid(58c50d303fcd8d04ebd57b889079604e) Importer(2089858483,b0f066a214c2f5e87bad3c948f4d605d)
Start importing Assets/Import/Lahmadju/ImportedModels/Control-Device_X_II/materials using Guid(58c50d303fcd8d04ebd57b889079604e) Importer(2089858483,b0f066a214c2f5e87bad3c948f4d605d) (ScriptedImporter) -> (artifact id: '332b7e0b37669669321209053cb87d28') in 0.0089903 seconds
Number of updated asset objects reloaded before import = 0Number of asset objects unloaded after import = 1

========================================================================
Received Import Request.
  Time since last request: 0.000022 seconds.
  path: Assets/Import/Lahmadju/ImportedModels/Control-Device_X_II/meshes
  artifactKey: Guid(108dd176358d01740b84a0e23cb6b3ae) Importer(2089858483,b0f066a214c2f5e87bad3c948f4d605d)
Start importing Assets/Import/Lahmadju/ImportedModels/Control-Device_X_II/meshes using Guid(108dd176358d01740b84a0e23cb6b3ae) Importer(2089858483,b0f066a214c2f5e87bad3c948f4d605d) (ScriptedImporter) -> (artifact id: '3129a8b46c32ddba01299656f9f98f58') in 0.0076531 seconds
Number of updated asset objects reloaded before import = 0Number of asset objects unloaded after import = 1

========================================================================
Received Import Request.
  Time since last request: 0.000028 seconds.
  path: Assets/Import/Lahmadju/Imported Models/_Barking_Dog/Common Scripts
  artifactKey: Guid(f43e2c0cd3a8a0c40a47796c5b69cd32) Importer(2089858483,b0f066a214c2f5e87bad3c948f4d605d)
Start importing Assets/Import/Lahmadju/Imported Models/_Barking_Dog/Common Scripts using Guid(f43e2c0cd3a8a0c40a47796c5b69cd32) Importer(2089858483,b0f066a214c2f5e87bad3c948f4d605d) (ScriptedImporter) -> (artifact id: '1806648d353190ac574c7ef2071a0a73') in 0.0088671 seconds
Number of updated asset objects reloaded before import = 0Number of asset objects unloaded after import = 1

========================================================================
Received Import Request.
  Time since last request: 0.000039 seconds.
  path: Assets/Import/Lahmadju/AstarPathfindingProject/Core/Nodes
  artifactKey: Guid(f11d1f39fb443544cb062eb4a20eb413) Importer(2089858483,b0f066a214c2f5e87bad3c948f4d605d)
Start importing Assets/Import/Lahmadju/AstarPathfindingProject/Core/Nodes using Guid(f11d1f39fb443544cb062eb4a20eb413) Importer(2089858483,b0f066a214c2f5e87bad3c948f4d605d) (ScriptedImporter) -> (artifact id: 'daa0325570deec68338cd88ff484637e') in 0.0084299 seconds
Number of updated asset objects reloaded before import = 0Number of asset objects unloaded after import = 1

========================================================================
Received Import Request.
  Time since last request: 0.000027 seconds.
  path: Assets/Import/Lahmadju/Imported Models/Character/FreeCharacter
  artifactKey: Guid(35d1e465d0735184a9ff8495816cf51c) Importer(2089858483,b0f066a214c2f5e87bad3c948f4d605d)
Start importing Assets/Import/Lahmadju/Imported Models/Character/FreeCharacter using Guid(35d1e465d0735184a9ff8495816cf51c) Importer(2089858483,b0f066a214c2f5e87bad3c948f4d605d) (ScriptedImporter) -> (artifact id: '06d00e622bb7202358ff52feba8febbf') in 0.0084613 seconds
Number of updated asset objects reloaded before import = 0Number of asset objects unloaded after import = 1

========================================================================
Received Import Request.
  Time since last request: 0.000033 seconds.
  path: Assets/Import/Lahmadju/Imported Models/Ultimate 10 Plus Shaders/Shaders
  artifactKey: Guid(0310bb2205980c443b488184425879e3) Importer(2089858483,b0f066a214c2f5e87bad3c948f4d605d)
Start importing Assets/Import/Lahmadju/Imported Models/Ultimate 10 Plus Shaders/Shaders using Guid(0310bb2205980c443b488184425879e3) Importer(2089858483,b0f066a214c2f5e87bad3c948f4d605d) (ScriptedImporter) -> (artifact id: '0d6a4a030295c11edfe0f142868f2889') in 0.0090872 seconds
Number of updated asset objects reloaded before import = 0Number of asset objects unloaded after import = 1

========================================================================
Received Import Request.
  Time since last request: 0.000026 seconds.
  path: Assets/Import/Lahmadju/Scripts/Sound System/Main Doors Sounds.cs
  artifactKey: Guid(bc613f3007017054a8f1c020014eae5e) Importer(2089858483,b0f066a214c2f5e87bad3c948f4d605d)
Start importing Assets/Import/Lahmadju/Scripts/Sound System/Main Doors Sounds.cs using Guid(bc613f3007017054a8f1c020014eae5e) Importer(2089858483,b0f066a214c2f5e87bad3c948f4d605d) (ScriptedImporter) -> (artifact id: 'a483b72d58cb9d10737585f92bdd6275') in 0.010413 seconds
Number of updated asset objects reloaded before import = 0Number of asset objects unloaded after import = 0

========================================================================
Received Import Request.
  Time since last request: 0.000043 seconds.
  path: Assets/Import/Lahmadju/ImportedModels/Spacecraft_Control_Terminal_Console_ORANGE/textures/-_1001_normal_130.png
  artifactKey: Guid(bba84ad07c4676e4ab807f7d6aa092b8) Importer(2089858483,b0f066a214c2f5e87bad3c948f4d605d)
Start importing Assets/Import/Lahmadju/ImportedModels/Spacecraft_Control_Terminal_Console_ORANGE/textures/-_1001_normal_130.png using Guid(bba84ad07c4676e4ab807f7d6aa092b8) Importer(2089858483,b0f066a214c2f5e87bad3c948f4d605d) (ScriptedImporter) -> (artifact id: '0adce96899e8aee4119b7c874b199e1d') in 0.0278688 seconds
Number of updated asset objects reloaded before import = 0Number of asset objects unloaded after import = 1

========================================================================
Received Import Request.
  Time since last request: 0.000029 seconds.
  path: Assets/Import/Lahmadju/Imported Models/Oculus Hands/Models/r_hand_skeletal_lowres.fbx
  artifactKey: Guid(d0c255d07fd68f14b94e55d388e7e6bb) Importer(2089858483,b0f066a214c2f5e87bad3c948f4d605d)
Start importing Assets/Import/Lahmadju/Imported Models/Oculus Hands/Models/r_hand_skeletal_lowres.fbx using Guid(d0c255d07fd68f14b94e55d388e7e6bb) Importer(2089858483,b0f066a214c2f5e87bad3c948f4d605d) (ScriptedImporter) -> (artifact id: 'd9fc0c3766193bdc8c07b70ca4cf8629') in 0.0419934 seconds
Number of updated asset objects reloaded before import = 0Number of asset objects unloaded after import = 63

========================================================================
Received Import Request.
  Time since last request: 0.000028 seconds.
  path: Assets/Import/Lahmadju/Hovl Studio/Magic effects pack/Materials/Mask1.mat
  artifactKey: Guid(96d60590d2a3f0143a9a84d4568d9de8) Importer(2089858483,b0f066a214c2f5e87bad3c948f4d605d)
Start importing Assets/Import/Lahmadju/Hovl Studio/Magic effects pack/Materials/Mask1.mat using Guid(96d60590d2a3f0143a9a84d4568d9de8) Importer(2089858483,b0f066a214c2f5e87bad3c948f4d605d) (ScriptedImporter) -> (artifact id: 'a1c999e4f1334676d9b00ffc723fbdf0') in 0.0167244 seconds
Number of updated asset objects reloaded before import = 0Number of asset objects unloaded after import = 2

========================================================================
Received Import Request.
  Time since last request: 0.000046 seconds.
  path: Assets/Import/Lahmadju/ImportedModels/Spaceship_(EZNO)/meshes/Ship_Body_Spaceship_1_0_0_0.asset
  artifactKey: Guid(48567e70595df534cb94f0247c0258ff) Importer(2089858483,b0f066a214c2f5e87bad3c948f4d605d)
Start importing Assets/Import/Lahmadju/ImportedModels/Spaceship_(EZNO)/meshes/Ship_Body_Spaceship_1_0_0_0.asset using Guid(48567e70595df534cb94f0247c0258ff) Importer(2089858483,b0f066a214c2f5e87bad3c948f4d605d) (ScriptedImporter) -> (artifact id: 'd872156fb84397e9a0df7c0fe857c590') in 0.0401736 seconds
Number of updated asset objects reloaded before import = 0Number of asset objects unloaded after import = 1

========================================================================
Received Import Request.
  Time since last request: 0.000033 seconds.
  path: Assets/Import/Lahmadju/Scripts/Common Systems/World Time Counter.cs
  artifactKey: Guid(3882a9b092e403f439ab4f4de5f2da3b) Importer(2089858483,b0f066a214c2f5e87bad3c948f4d605d)
Start importing Assets/Import/Lahmadju/Scripts/Common Systems/World Time Counter.cs using Guid(3882a9b092e403f439ab4f4de5f2da3b) Importer(2089858483,b0f066a214c2f5e87bad3c948f4d605d) (ScriptedImporter) -> (artifact id: 'b3af45d4ce5259ecfea5f74e45d7ec51') in 0.0095672 seconds
Number of updated asset objects reloaded before import = 0Number of asset objects unloaded after import = 0

========================================================================
Received Import Request.
  Time since last request: 0.000027 seconds.
  path: Assets/Import/Lahmadju/ImportedModels/Spacecraft_Control_Terminal_Console_ORANGE/meshes/Object_58_58_0.asset
  artifactKey: Guid(d8bdf75017619ea4783bf9f8e86cebff) Importer(2089858483,b0f066a214c2f5e87bad3c948f4d605d)
Start importing Assets/Import/Lahmadju/ImportedModels/Spacecraft_Control_Terminal_Console_ORANGE/meshes/Object_58_58_0.asset using Guid(d8bdf75017619ea4783bf9f8e86cebff) Importer(2089858483,b0f066a214c2f5e87bad3c948f4d605d) (ScriptedImporter) -> (artifact id: '1eb731aabe113df5197cc0d37ad9ffaa') in 0.0111728 seconds
Number of updated asset objects reloaded before import = 0Number of asset objects unloaded after import = 1

========================================================================
Received Import Request.
  Time since last request: 0.000034 seconds.
  path: Assets/Import/Lahmadju/Imported Models/Stylized Lava PBR Texture/Textures/Lava_normal.png
  artifactKey: Guid(e0144d5089507fd4797d4e410603e721) Importer(2089858483,b0f066a214c2f5e87bad3c948f4d605d)
Start importing Assets/Import/Lahmadju/Imported Models/Stylized Lava PBR Texture/Textures/Lava_normal.png using Guid(e0144d5089507fd4797d4e410603e721) Importer(2089858483,b0f066a214c2f5e87bad3c948f4d605d) (ScriptedImporter) -> (artifact id: '21afb9abdcaffd4e2bebed9c67c847f5') in 0.0349639 seconds
Number of updated asset objects reloaded before import = 0Number of asset objects unloaded after import = 1

========================================================================
Received Import Request.
  Time since last request: 0.000036 seconds.
  path: Assets/Import/Lahmadju/ImportedModels/Spacecraft_Control_Terminal_Console_ORANGE/materials/F3_1001_24.mat
  artifactKey: Guid(9fd4fa90963f17a4fa7b1446e1227bfb) Importer(2089858483,b0f066a214c2f5e87bad3c948f4d605d)
Start importing Assets/Import/Lahmadju/ImportedModels/Spacecraft_Control_Terminal_Console_ORANGE/materials/F3_1001_24.mat using Guid(9fd4fa90963f17a4fa7b1446e1227bfb) Importer(2089858483,b0f066a214c2f5e87bad3c948f4d605d) (ScriptedImporter) -> (artifact id: 'b8634581cbfd03d1ddf9c8136966fc27') in 0.0259965 seconds
Number of updated asset objects reloaded before import = 0Number of asset objects unloaded after import = 6

========================================================================
Received Import Request.
  Time since last request: 0.000027 seconds.
  path: Assets/Import/Lahmadju/ImportedModels/Spacecraft_Control_Terminal_Console_ORANGE/textures/F8_1001_metallicRoughness_90_occlusion.png
  artifactKey: Guid(9adccd201a0303d429f1983f9f4eb95f) Importer(2089858483,b0f066a214c2f5e87bad3c948f4d605d)
Start importing Assets/Import/Lahmadju/ImportedModels/Spacecraft_Control_Terminal_Console_ORANGE/textures/F8_1001_metallicRoughness_90_occlusion.png using Guid(9adccd201a0303d429f1983f9f4eb95f) Importer(2089858483,b0f066a214c2f5e87bad3c948f4d605d) (ScriptedImporter) -> (artifact id: '94cbb777d64d8dd92a6a3c087fb01d3e') in 0.0339372 seconds
Number of updated asset objects reloaded before import = 0Number of asset objects unloaded after import = 1

========================================================================
Received Import Request.
  Time since last request: 0.000047 seconds.
  path: Assets/Import/Lahmadju/ImportedModels/Spacecraft_Control_Terminal_Console_ORANGE/meshes/Object_13_13_0.asset
  artifactKey: Guid(f48ae7d052945e14bb28a91bc0fa18f4) Importer(2089858483,b0f066a214c2f5e87bad3c948f4d605d)
Start importing Assets/Import/Lahmadju/ImportedModels/Spacecraft_Control_Terminal_Console_ORANGE/meshes/Object_13_13_0.asset using Guid(f48ae7d052945e14bb28a91bc0fa18f4) Importer(2089858483,b0f066a214c2f5e87bad3c948f4d605d) (ScriptedImporter) -> (artifact id: 'fb1db0edb0c576ff55b0c9167afd2fe7') in 0.0101966 seconds
Number of updated asset objects reloaded before import = 0Number of asset objects unloaded after import = 1

========================================================================
Received Import Request.
  Time since last request: 0.000023 seconds.
  path: Assets/Import/Lahmadju/ImportedModels/Spacecraft_Control_Terminal_Console_ORANGE/meshes/Object_21_21_0.asset
  artifactKey: Guid(5f3e76a0c4938974496bd37465b1dcd0) Importer(2089858483,b0f066a214c2f5e87bad3c948f4d605d)
Start importing Assets/Import/Lahmadju/ImportedModels/Spacecraft_Control_Terminal_Console_ORANGE/meshes/Object_21_21_0.asset using Guid(5f3e76a0c4938974496bd37465b1dcd0) Importer(2089858483,b0f066a214c2f5e87bad3c948f4d605d) (ScriptedImporter) -> (artifact id: '3a2edbe4d884c93a73220209f776ce7e') in 0.0107742 seconds
Number of updated asset objects reloaded before import = 0Number of asset objects unloaded after import = 1

========================================================================
Received Import Request.
  Time since last request: 0.000021 seconds.
  path: Assets/Import/Lahmadju/Materials/Circle 2.mat
  artifactKey: Guid(c09356c0d84d4684ba0178505184f455) Importer(2089858483,b0f066a214c2f5e87bad3c948f4d605d)
Start importing Assets/Import/Lahmadju/Materials/Circle 2.mat using Guid(c09356c0d84d4684ba0178505184f455) Importer(2089858483,b0f066a214c2f5e87bad3c948f4d605d) (ScriptedImporter) -> (artifact id: 'd3360011ebb70ee89dbc0a9277058b6c') in 0.0147752 seconds
Number of updated asset objects reloaded before import = 0Number of asset objects unloaded after import = 2

========================================================================
Received Import Request.
  Time since last request: 0.000032 seconds.
  path: Assets/Import/Lahmadju/AstarPathfindingProject/Editor/AstarPathEditor.cs
  artifactKey: Guid(aa27fa41f8abe460a8b64e13d7be43ad) Importer(2089858483,b0f066a214c2f5e87bad3c948f4d605d)
Start importing Assets/Import/Lahmadju/AstarPathfindingProject/Editor/AstarPathEditor.cs using Guid(aa27fa41f8abe460a8b64e13d7be43ad) Importer(2089858483,b0f066a214c2f5e87bad3c948f4d605d) (ScriptedImporter) -> (artifact id: 'df6f65c2bb4b37b16a6c8aa07757fdca') in 0.0087156 seconds
Number of updated asset objects reloaded before import = 0Number of asset objects unloaded after import = 0

========================================================================
Received Import Request.
  Time since last request: 0.000042 seconds.
  path: Assets/Import/Lahmadju/ImportedModels/Free_Sci_Fi_Helmet/textures/material_metallicRoughness_15_occlusion.png
  artifactKey: Guid(04c9dc81f6f5eba4389c144d297d821b) Importer(2089858483,b0f066a214c2f5e87bad3c948f4d605d)
Start importing Assets/Import/Lahmadju/ImportedModels/Free_Sci_Fi_Helmet/textures/material_metallicRoughness_15_occlusion.png using Guid(04c9dc81f6f5eba4389c144d297d821b) Importer(2089858483,b0f066a214c2f5e87bad3c948f4d605d) (ScriptedImporter) -> (artifact id: '2b64da817dc8b97cb473361b11f0f424') in 0.0334107 seconds
Number of updated asset objects reloaded before import = 0Number of asset objects unloaded after import = 1

========================================================================
Received Import Request.
  Time since last request: 0.000025 seconds.
  path: Assets/Import/Lahmadju/ImportedModels/Free_Sci_Fi_Helmet/textures/Material.002_metallicRoughness_1_occlusion.png
  artifactKey: Guid(f1a8de612b23f4549a49d3b9f974f67b) Importer(2089858483,b0f066a214c2f5e87bad3c948f4d605d)
Start importing Assets/Import/Lahmadju/ImportedModels/Free_Sci_Fi_Helmet/textures/Material.002_metallicRoughness_1_occlusion.png using Guid(f1a8de612b23f4549a49d3b9f974f67b) Importer(2089858483,b0f066a214c2f5e87bad3c948f4d605d) (ScriptedImporter) -> (artifact id: '245af268354b0845ae2b3702abcdaf41') in 0.0291046 seconds
Number of updated asset objects reloaded before import = 0Number of asset objects unloaded after import = 1

========================================================================
Received Import Request.
  Time since last request: 0.000027 seconds.
  path: Assets/Import/Lahmadju/Prefabs/DODONPA/Sci-Fi_Space_Station__Rotor_Nexus/meshes/SupportStructure_Beam3_SpaceStation_Parts_0_6_0.asset
  artifactKey: Guid(e490b1716fc69f0488425bc0ab00f7b7) Importer(2089858483,b0f066a214c2f5e87bad3c948f4d605d)
Start importing Assets/Import/Lahmadju/Prefabs/DODONPA/Sci-Fi_Space_Station__Rotor_Nexus/meshes/SupportStructure_Beam3_SpaceStation_Parts_0_6_0.asset using Guid(e490b1716fc69f0488425bc0ab00f7b7) Importer(2089858483,b0f066a214c2f5e87bad3c948f4d605d) (ScriptedImporter) -> (artifact id: 'aa9fae6584ecbe122891914ab5a445b7') in 0.0111474 seconds
Number of updated asset objects reloaded before import = 0Number of asset objects unloaded after import = 1

========================================================================
Received Import Request.
  Time since last request: 0.000045 seconds.
  path: Assets/Import/Lahmadju/ImportedModels/Space_Music!/meshes/Plane.002_main_0_10_0.asset
  artifactKey: Guid(c6567851786b8024091bd5318de3ede7) Importer(2089858483,b0f066a214c2f5e87bad3c948f4d605d)
Start importing Assets/Import/Lahmadju/ImportedModels/Space_Music!/meshes/Plane.002_main_0_10_0.asset using Guid(c6567851786b8024091bd5318de3ede7) Importer(2089858483,b0f066a214c2f5e87bad3c948f4d605d) (ScriptedImporter) -> (artifact id: '804ee665bdfa037537637adbadb397e5') in 0.0156152 seconds
Number of updated asset objects reloaded before import = 0Number of asset objects unloaded after import = 1

========================================================================
Received Import Request.
  Time since last request: 0.000023 seconds.
  path: Assets/Import/Lahmadju/AstarPathfindingProject/RVO/RVOObstacle.cs
  artifactKey: Guid(b5c46b71c11fa41a08c1d9b79aabd500) Importer(2089858483,b0f066a214c2f5e87bad3c948f4d605d)
Start importing Assets/Import/Lahmadju/AstarPathfindingProject/RVO/RVOObstacle.cs using Guid(b5c46b71c11fa41a08c1d9b79aabd500) Importer(2089858483,b0f066a214c2f5e87bad3c948f4d605d) (ScriptedImporter) -> (artifact id: '6008d3cb181b30bec0f36fc869a94ea7') in 0.0094458 seconds
Number of updated asset objects reloaded before import = 0Number of asset objects unloaded after import = 0

========================================================================
Received Import Request.
  Time since last request: 0.000027 seconds.
  path: Assets/Import/Lahmadju/ImportedModels/Sci-fi_Single_Chair/textures/sci-fi_chair_3_base_normal_3.png
  artifactKey: Guid(4fe8e8711ba504147a6f8e020dad528e) Importer(2089858483,b0f066a214c2f5e87bad3c948f4d605d)
Start importing Assets/Import/Lahmadju/ImportedModels/Sci-fi_Single_Chair/textures/sci-fi_chair_3_base_normal_3.png using Guid(4fe8e8711ba504147a6f8e020dad528e) Importer(2089858483,b0f066a214c2f5e87bad3c948f4d605d) (ScriptedImporter) -> (artifact id: 'a4be637f4a0d5c0630ff39746d1c2b9c') in 0.0561336 seconds
Number of updated asset objects reloaded before import = 0Number of asset objects unloaded after import = 1

========================================================================
Received Import Request.
  Time since last request: 0.000026 seconds.
  path: Assets/Import/Lahmadju/ImportedModels/space_Terminal/textures/Scene_-_Root_metallicRoughness_1_occlusion.png
  artifactKey: Guid(4b6a730187a4d9740bb52a674edeb264) Importer(2089858483,b0f066a214c2f5e87bad3c948f4d605d)
Start importing Assets/Import/Lahmadju/ImportedModels/space_Terminal/textures/Scene_-_Root_metallicRoughness_1_occlusion.png using Guid(4b6a730187a4d9740bb52a674edeb264) Importer(2089858483,b0f066a214c2f5e87bad3c948f4d605d) (ScriptedImporter) -> (artifact id: 'ba9941bcea815f86d26ed729d9f97d8a') in 0.0305172 seconds
Number of updated asset objects reloaded before import = 0Number of asset objects unloaded after import = 1

========================================================================
Received Import Request.
  Time since last request: 0.000039 seconds.
  path: Assets/Import/Lahmadju/ImportedModels/Spaceship_-_Evil_(Gravity)/textures/Engine_emissive_6.png
  artifactKey: Guid(84099691fa398ce4aad0a6671aa1e9e0) Importer(2089858483,b0f066a214c2f5e87bad3c948f4d605d)
Start importing Assets/Import/Lahmadju/ImportedModels/Spaceship_-_Evil_(Gravity)/textures/Engine_emissive_6.png using Guid(84099691fa398ce4aad0a6671aa1e9e0) Importer(2089858483,b0f066a214c2f5e87bad3c948f4d605d) (ScriptedImporter) -> (artifact id: 'c6b69c8e287de97f1b86ba5f6564bba1') in 0.0285178 seconds
Number of updated asset objects reloaded before import = 0Number of asset objects unloaded after import = 1

========================================================================
Received Import Request.
  Time since last request: 0.000023 seconds.
  path: Assets/Import/Lahmadju/ImportedModels/Spacecraft_Control_Terminal_Console_ORANGE/textures/F_1001_metallicRoughness_216_occlusion.png
  artifactKey: Guid(f1c89500d9bc9094f8ecd8a900be4420) Importer(2089858483,b0f066a214c2f5e87bad3c948f4d605d)
Start importing Assets/Import/Lahmadju/ImportedModels/Spacecraft_Control_Terminal_Console_ORANGE/textures/F_1001_metallicRoughness_216_occlusion.png using Guid(f1c89500d9bc9094f8ecd8a900be4420) Importer(2089858483,b0f066a214c2f5e87bad3c948f4d605d) (ScriptedImporter) -> (artifact id: 'c791e70e87af37650707f64907e56902') in 0.0280808 seconds
Number of updated asset objects reloaded before import = 0Number of asset objects unloaded after import = 1

========================================================================
Received Import Request.
  Time since last request: 0.000023 seconds.
  path: Assets/Import/Lahmadju/Imported Models/Scifi-Gun/Baked Textures/Gun_Sci-Fi_1_specials_ao.png
  artifactKey: Guid(a9d66921658147940b02e93bdd316581) Importer(2089858483,b0f066a214c2f5e87bad3c948f4d605d)
Start importing Assets/Import/Lahmadju/Imported Models/Scifi-Gun/Baked Textures/Gun_Sci-Fi_1_specials_ao.png using Guid(a9d66921658147940b02e93bdd316581) Importer(2089858483,b0f066a214c2f5e87bad3c948f4d605d) (ScriptedImporter) -> (artifact id: 'ccb15c764c1c329c906c47a1e95aa3c4') in 0.0279765 seconds
Number of updated asset objects reloaded before import = 0Number of asset objects unloaded after import = 1

========================================================================
Received Import Request.
  Time since last request: 0.000022 seconds.
  path: Assets/Import/Lahmadju/AstarPathfindingProject/ExampleScenes/Example16_RVO 2D
  artifactKey: Guid(e19f5ff74c52f45468db0166e37d0979) Importer(2089858483,b0f066a214c2f5e87bad3c948f4d605d)
Start importing Assets/Import/Lahmadju/AstarPathfindingProject/ExampleScenes/Example16_RVO 2D using Guid(e19f5ff74c52f45468db0166e37d0979) Importer(2089858483,b0f066a214c2f5e87bad3c948f4d605d) (ScriptedImporter) -> (artifact id: '6c1d593fb2c2236d3fb1d5aabc5ef6c3') in 0.0086604 seconds
Number of updated asset objects reloaded before import = 0Number of asset objects unloaded after import = 1

========================================================================
Received Import Request.
  Time since last request: 0.000034 seconds.
  path: Assets/Import/Lahmadju/ImportedModels/Spacecraft_Control_Terminal_Console_ORANGE/textures/alt_1_1001_metallicRoughness_51_metal.png
  artifactKey: Guid(4c8ecfe08f3eb434695f63fad63a22ae) Importer(2089858483,b0f066a214c2f5e87bad3c948f4d605d)
Start importing Assets/Import/Lahmadju/ImportedModels/Spacecraft_Control_Terminal_Console_ORANGE/textures/alt_1_1001_metallicRoughness_51_metal.png using Guid(4c8ecfe08f3eb434695f63fad63a22ae) Importer(2089858483,b0f066a214c2f5e87bad3c948f4d605d) (ScriptedImporter) -> (artifact id: '123d21838b9b17a3d308fe8bb9a6467a') in 0.0267751 seconds
Number of updated asset objects reloaded before import = 0Number of asset objects unloaded after import = 1

========================================================================
Received Import Request.
  Time since last request: 0.000022 seconds.
  path: Assets/Import/Lahmadju/ImportedModels/Spacecraft_Control_Terminal_Console_ORANGE/meshes/Object_57_57_0.asset
  artifactKey: Guid(36d03bb1da42653489c574515e4d533c) Importer(2089858483,b0f066a214c2f5e87bad3c948f4d605d)
Start importing Assets/Import/Lahmadju/ImportedModels/Spacecraft_Control_Terminal_Console_ORANGE/meshes/Object_57_57_0.asset using Guid(36d03bb1da42653489c574515e4d533c) Importer(2089858483,b0f066a214c2f5e87bad3c948f4d605d) (ScriptedImporter) -> (artifact id: 'c434dd48607b4777be151e94be1f2432') in 0.0098004 seconds
Number of updated asset objects reloaded before import = 0Number of asset objects unloaded after import = 1

========================================================================
Received Import Request.
  Time since last request: 0.000030 seconds.
  path: Assets/Import/Lahmadju/ImportedModels/Space_Plant/Space_Plant.prefab
  artifactKey: Guid(4a7f1be1e03329a42b87dd520afceca4) Importer(2089858483,b0f066a214c2f5e87bad3c948f4d605d)
Start importing Assets/Import/Lahmadju/ImportedModels/Space_Plant/Space_Plant.prefab using Guid(4a7f1be1e03329a42b87dd520afceca4) Importer(2089858483,b0f066a214c2f5e87bad3c948f4d605d) (ScriptedImporter) -> (artifact id: '7f3df07a2e06779b583dd1be59bb7c3f') in 0.0293412 seconds
Number of updated asset objects reloaded before import = 0Number of asset objects unloaded after import = 40

========================================================================
Received Import Request.
  Time since last request: 0.000034 seconds.
  path: Assets/Import/Lahmadju/AstarPathfindingProject/Generators/RecastGenerator.cs
  artifactKey: Guid(f840a2329e5964f00be5080879bae016) Importer(2089858483,b0f066a214c2f5e87bad3c948f4d605d)
Start importing Assets/Import/Lahmadju/AstarPathfindingProject/Generators/RecastGenerator.cs using Guid(f840a2329e5964f00be5080879bae016) Importer(2089858483,b0f066a214c2f5e87bad3c948f4d605d) (ScriptedImporter) -> (artifact id: 'cf5c9cb2c249a45de765b78082653dda') in 0.0107576 seconds
Number of updated asset objects reloaded before import = 0Number of asset objects unloaded after import = 0

========================================================================
Received Import Request.
  Time since last request: 0.000052 seconds.
  path: Assets/Import/Lahmadju/ImportedModels/Sci-Fi_Personal_Space_Pod_Ship(weekly_challenge)/textures/material_1_baseColor_3.png
  artifactKey: Guid(ecd019b147f61e54f85f058f297b4ad5) Importer(2089858483,b0f066a214c2f5e87bad3c948f4d605d)
Start importing Assets/Import/Lahmadju/ImportedModels/Sci-Fi_Personal_Space_Pod_Ship(weekly_challenge)/textures/material_1_baseColor_3.png using Guid(ecd019b147f61e54f85f058f297b4ad5) Importer(2089858483,b0f066a214c2f5e87bad3c948f4d605d) (ScriptedImporter) -> (artifact id: '50a3d955f9ab769ee9c3e8662a186792') in 0.0370908 seconds
Number of updated asset objects reloaded before import = 0Number of asset objects unloaded after import = 1

========================================================================
Received Import Request.
  Time since last request: 0.000038 seconds.
  path: Assets/Import/Lahmadju/AstarPathfindingProject/Core/AI/AIPath.cs
  artifactKey: Guid(f6eb1402c17e84a9282a7f0f62eb584f) Importer(2089858483,b0f066a214c2f5e87bad3c948f4d605d)
Start importing Assets/Import/Lahmadju/AstarPathfindingProject/Core/AI/AIPath.cs using Guid(f6eb1402c17e84a9282a7f0f62eb584f) Importer(2089858483,b0f066a214c2f5e87bad3c948f4d605d) (ScriptedImporter) -> (artifact id: 'dc35800b1938351c3b73723dd01c17b1') in 0.0185511 seconds
Number of updated asset objects reloaded before import = 0Number of asset objects unloaded after import = 0

========================================================================
Received Import Request.
  Time since last request: 0.000029 seconds.
  path: Assets/Import/Lahmadju/ImportedModels/Spacecraft_Control_Terminal_Console_ORANGE/meshes/Object_53_53_0.asset
  artifactKey: Guid(3a4818e13963e0d438c413d5e9bc3dbf) Importer(2089858483,b0f066a214c2f5e87bad3c948f4d605d)
Start importing Assets/Import/Lahmadju/ImportedModels/Spacecraft_Control_Terminal_Console_ORANGE/meshes/Object_53_53_0.asset using Guid(3a4818e13963e0d438c413d5e9bc3dbf) Importer(2089858483,b0f066a214c2f5e87bad3c948f4d605d) (ScriptedImporter) -> (artifact id: 'fbb921a78f8372a2a6352e5f142fb685') in 0.0096747 seconds
Number of updated asset objects reloaded before import = 0Number of asset objects unloaded after import = 1

========================================================================
Received Import Request.
  Time since last request: 0.000051 seconds.
  path: Assets/Import/Lahmadju/Prefabs/DODONPA/Sci-Fi_Space_Station__Rotor_Nexus/materials/SpaceStation_Parts_0.mat
  artifactKey: Guid(185ba7f12d016f740bdbf05bd366ac42) Importer(2089858483,b0f066a214c2f5e87bad3c948f4d605d)
Start importing Assets/Import/Lahmadju/Prefabs/DODONPA/Sci-Fi_Space_Station__Rotor_Nexus/materials/SpaceStation_Parts_0.mat using Guid(185ba7f12d016f740bdbf05bd366ac42) Importer(2089858483,b0f066a214c2f5e87bad3c948f4d605d) (ScriptedImporter) -> (artifact id: '0ff54de7ff6f90a8a01a89c54ff1f6e8') in 0.0443221 seconds
Number of updated asset objects reloaded before import = 0Number of asset objects unloaded after import = 6

========================================================================
Received Import Request.
  Time since last request: 0.000031 seconds.
  path: Assets/Import/Lahmadju/Prefabs/DODONPA/Sci-Fi_Space_Station__Rotor_Nexus/meshes/SurfaceBraces_Long2_2_SpaceStation_Parts_0_28_0.asset
  artifactKey: Guid(c1768f12919d8134f874e5ae96ef95c4) Importer(2089858483,b0f066a214c2f5e87bad3c948f4d605d)
Start importing Assets/Import/Lahmadju/Prefabs/DODONPA/Sci-Fi_Space_Station__Rotor_Nexus/meshes/SurfaceBraces_Long2_2_SpaceStation_Parts_0_28_0.asset using Guid(c1768f12919d8134f874e5ae96ef95c4) Importer(2089858483,b0f066a214c2f5e87bad3c948f4d605d) (ScriptedImporter) -> (artifact id: 'aa4ba8e2a440f1b9f60e26944782c4e0') in 0.0121272 seconds
Number of updated asset objects reloaded before import = 0Number of asset objects unloaded after import = 1

========================================================================
Received Import Request.
  Time since last request: 0.000025 seconds.
  path: Assets/Import/Lahmadju/ImportedModels/Spacecraft_Control_Terminal_Console_ORANGE/materials/Material.011_1001_19.mat
  artifactKey: Guid(f5d7c9b1ac35dcc4b94d4213a2336aa7) Importer(2089858483,b0f066a214c2f5e87bad3c948f4d605d)
Start importing Assets/Import/Lahmadju/ImportedModels/Spacecraft_Control_Terminal_Console_ORANGE/materials/Material.011_1001_19.mat using Guid(f5d7c9b1ac35dcc4b94d4213a2336aa7) Importer(2089858483,b0f066a214c2f5e87bad3c948f4d605d) (ScriptedImporter) -> (artifact id: 'a3206e536d86e1433126ba0f644295e7') in 0.0247314 seconds
Number of updated asset objects reloaded before import = 0Number of asset objects unloaded after import = 6

========================================================================
Received Import Request.
  Time since last request: 0.000055 seconds.
  path: Assets/Import/Lahmadju/AstarPathfindingProject/Core/AstarMath.cs
  artifactKey: Guid(960fd9020b1f74f939fee737c3c0f491) Importer(2089858483,b0f066a214c2f5e87bad3c948f4d605d)
Start importing Assets/Import/Lahmadju/AstarPathfindingProject/Core/AstarMath.cs using Guid(960fd9020b1f74f939fee737c3c0f491) Importer(2089858483,b0f066a214c2f5e87bad3c948f4d605d) (ScriptedImporter) -> (artifact id: 'b7d054399288ce12f361194fedd33def') in 0.0097668 seconds
Number of updated asset objects reloaded before import = 0Number of asset objects unloaded after import = 0

========================================================================
Received Import Request.
  Time since last request: 0.000025 seconds.
  path: Assets/Import/Lahmadju/ImportedModels/Arcade_Game_-_Space_Invaders/Arcade_Game_-_Space_Invaders.prefab
  artifactKey: Guid(88b5fed1fdfa1924f8f1a5830525c17b) Importer(2089858483,b0f066a214c2f5e87bad3c948f4d605d)
Start importing Assets/Import/Lahmadju/ImportedModels/Arcade_Game_-_Space_Invaders/Arcade_Game_-_Space_Invaders.prefab using Guid(88b5fed1fdfa1924f8f1a5830525c17b) Importer(2089858483,b0f066a214c2f5e87bad3c948f4d605d) (ScriptedImporter) -> (artifact id: '50bc8948a8e556a3a52cbbf1dd1eed45') in 0.0316781 seconds
Number of updated asset objects reloaded before import = 0Number of asset objects unloaded after import = 28

========================================================================
Received Import Request.
  Time since last request: 0.000030 seconds.
  path: Assets/Import/Lahmadju/ImportedModels/Free_Sci_Fi_Helmet/textures/Material.002_normal_2.png
  artifactKey: Guid(1ec2c5d1232eb714f8e9653812c72c16) Importer(2089858483,b0f066a214c2f5e87bad3c948f4d605d)
Start importing Assets/Import/Lahmadju/ImportedModels/Free_Sci_Fi_Helmet/textures/Material.002_normal_2.png using Guid(1ec2c5d1232eb714f8e9653812c72c16) Importer(2089858483,b0f066a214c2f5e87bad3c948f4d605d) (ScriptedImporter) -> (artifact id: 'ab26d4ad1f4685c02750fb78a454ad54') in 0.0379344 seconds
Number of updated asset objects reloaded before import = 0Number of asset objects unloaded after import = 1

========================================================================
Received Import Request.
  Time since last request: 0.000043 seconds.
  path: Assets/Import/Lahmadju/ImportedModels/Alien_Planet/textures/Planet_metallicRoughness_1_metal.png
  artifactKey: Guid(d64e5862800d84244859322bb3cd70d1) Importer(2089858483,b0f066a214c2f5e87bad3c948f4d605d)
Start importing Assets/Import/Lahmadju/ImportedModels/Alien_Planet/textures/Planet_metallicRoughness_1_metal.png using Guid(d64e5862800d84244859322bb3cd70d1) Importer(2089858483,b0f066a214c2f5e87bad3c948f4d605d) (ScriptedImporter) -> (artifact id: 'f79ab3d7c6a82e588557d475210c9544') in 0.036436 seconds
Number of updated asset objects reloaded before import = 0Number of asset objects unloaded after import = 1

========================================================================
Received Import Request.
  Time since last request: 0.000025 seconds.
  path: Assets/Import/Lahmadju/ImportedModels/Free_Sci_Fi_Helmet/meshes/Object_7_7_0.asset
  artifactKey: Guid(c5e6a1d2adabbb44a9b72ee8e38b76e6) Importer(2089858483,b0f066a214c2f5e87bad3c948f4d605d)
Start importing Assets/Import/Lahmadju/ImportedModels/Free_Sci_Fi_Helmet/meshes/Object_7_7_0.asset using Guid(c5e6a1d2adabbb44a9b72ee8e38b76e6) Importer(2089858483,b0f066a214c2f5e87bad3c948f4d605d) (ScriptedImporter) -> (artifact id: 'fd22ce67776fc2194c4ea84832194304') in 0.0237928 seconds
Number of updated asset objects reloaded before import = 0Number of asset objects unloaded after import = 1

========================================================================
Received Import Request.
  Time since last request: 0.000033 seconds.
  path: Assets/Import/Lahmadju/ImportedModels/Space_core_-_from_portal_2_(original)/Space_core_-_from_portal_2_(original).prefab
  artifactKey: Guid(3c84a8b2ce7929a49be30ae7bf092e96) Importer(2089858483,b0f066a214c2f5e87bad3c948f4d605d)
Start importing Assets/Import/Lahmadju/ImportedModels/Space_core_-_from_portal_2_(original)/Space_core_-_from_portal_2_(original).prefab using Guid(3c84a8b2ce7929a49be30ae7bf092e96) Importer(2089858483,b0f066a214c2f5e87bad3c948f4d605d) (ScriptedImporter) -> (artifact id: 'b7b1a4fe28be09ee4494d3cb49054384') in 0.0543363 seconds
Number of updated asset objects reloaded before import = 0Number of asset objects unloaded after import = 236

========================================================================
Received Import Request.
  Time since last request: 0.000049 seconds.
  path: Assets/Import/Lahmadju/Imported Models/Character/FreeCharacter/Materials/Body_01.mat
  artifactKey: Guid(dd57fea2d38633a42be0ca58ae57c683) Importer(2089858483,b0f066a214c2f5e87bad3c948f4d605d)
Start importing Assets/Import/Lahmadju/Imported Models/Character/FreeCharacter/Materials/Body_01.mat using Guid(dd57fea2d38633a42be0ca58ae57c683) Importer(2089858483,b0f066a214c2f5e87bad3c948f4d605d) (ScriptedImporter) -> (artifact id: 'f3e13886dea232ef28cdf68f422af3da') in 0.0477096 seconds
Number of updated asset objects reloaded before import = 0Number of asset objects unloaded after import = 4

========================================================================
Received Import Request.
  Time since last request: 0.000033 seconds.
  path: Assets/Import/Lahmadju/Scripts/Sound System/Space Ships Sounds 2.cs
  artifactKey: Guid(57e658d2566773744a9127a194ea2a7d) Importer(2089858483,b0f066a214c2f5e87bad3c948f4d605d)
Start importing Assets/Import/Lahmadju/Scripts/Sound System/Space Ships Sounds 2.cs using Guid(57e658d2566773744a9127a194ea2a7d) Importer(2089858483,b0f066a214c2f5e87bad3c948f4d605d) (ScriptedImporter) -> (artifact id: '5a0dcd83484b03043ca2c1598a3d22da') in 0.0251175 seconds
Number of updated asset objects reloaded before import = 0Number of asset objects unloaded after import = 0

========================================================================
Received Import Request.
  Time since last request: 0.000046 seconds.
  path: Assets/Import/Lahmadju/ImportedModels/Spacecraft_Control_Terminal_Console_ORANGE/materials/YZ_1001_17.mat
  artifactKey: Guid(a14f1682d57af2c45a3ee5e993a23e17) Importer(2089858483,b0f066a214c2f5e87bad3c948f4d605d)
Start importing Assets/Import/Lahmadju/ImportedModels/Spacecraft_Control_Terminal_Console_ORANGE/materials/YZ_1001_17.mat using Guid(a14f1682d57af2c45a3ee5e993a23e17) Importer(2089858483,b0f066a214c2f5e87bad3c948f4d605d) (ScriptedImporter) -> (artifact id: '75e65032082944e886a3ebff96f36feb') in 0.119315 seconds
Number of updated asset objects reloaded before import = 0Number of asset objects unloaded after import = 6

========================================================================
Received Import Request.
  Time since last request: 0.000051 seconds.
  path: Assets/Import/Lahmadju/ImportedModels/Spacecraft_Control_Terminal_Console_ORANGE/meshes/Object_24_24_0.asset
  artifactKey: Guid(c83b95f25e8026a4eb33a927bc7c1274) Importer(2089858483,b0f066a214c2f5e87bad3c948f4d605d)
Start importing Assets/Import/Lahmadju/ImportedModels/Spacecraft_Control_Terminal_Console_ORANGE/meshes/Object_24_24_0.asset using Guid(c83b95f25e8026a4eb33a927bc7c1274) Importer(2089858483,b0f066a214c2f5e87bad3c948f4d605d) (ScriptedImporter) -> (artifact id: 'a16c2a6abc87352448208e418412271b') in 0.0413259 seconds
Number of updated asset objects reloaded before import = 0Number of asset objects unloaded after import = 1

========================================================================
Received Import Request.
  Time since last request: 0.000046 seconds.
  path: Assets/Import/Lahmadju/AstarPathfindingProject/Utilities/AstarProfiler.cs
  artifactKey: Guid(0d7c020300da24330bbc70ec30fee5d5) Importer(2089858483,b0f066a214c2f5e87bad3c948f4d605d)
Start importing Assets/Import/Lahmadju/AstarPathfindingProject/Utilities/AstarProfiler.cs using Guid(0d7c020300da24330bbc70ec30fee5d5) Importer(2089858483,b0f066a214c2f5e87bad3c948f4d605d) (ScriptedImporter) -> (artifact id: '172c0078870cd58fa4a425c99341b59c') in 0.0114928 seconds
Number of updated asset objects reloaded before import = 0Number of asset objects unloaded after import = 0

========================================================================
Received Import Request.
  Time since last request: 0.000028 seconds.
  path: Assets/Import/Lahmadju/AstarPathfindingProject/Modifiers/FunnelModifier.cs
  artifactKey: Guid(77f586f285b3847808d79083bd19ef1f) Importer(2089858483,b0f066a214c2f5e87bad3c948f4d605d)
Start importing Assets/Import/Lahmadju/AstarPathfindingProject/Modifiers/FunnelModifier.cs using Guid(77f586f285b3847808d79083bd19ef1f) Importer(2089858483,b0f066a214c2f5e87bad3c948f4d605d) (ScriptedImporter) -> (artifact id: '8ae8d4a5afea17d345b525f4eca61ef2') in 0.0120926 seconds
Number of updated asset objects reloaded before import = 0Number of asset objects unloaded after import = 0

========================================================================
Received Import Request.
  Time since last request: 0.000027 seconds.
  path: Assets/Import/Lahmadju/ImportedModels/Spacecraft_Control_Terminal_Console_ORANGE/textures/Material.010_1001_metallicRoughness_57_metal.png
  artifactKey: Guid(ac4a3e433e0ca714b83d79f336e58589) Importer(2089858483,b0f066a214c2f5e87bad3c948f4d605d)
Start importing Assets/Import/Lahmadju/ImportedModels/Spacecraft_Control_Terminal_Console_ORANGE/textures/Material.010_1001_metallicRoughness_57_metal.png using Guid(ac4a3e433e0ca714b83d79f336e58589) Importer(2089858483,b0f066a214c2f5e87bad3c948f4d605d) (ScriptedImporter) -> (artifact id: '74762a40998a627264b74abe657aa2bc') in 0.0323898 seconds
Number of updated asset objects reloaded before import = 0Number of asset objects unloaded after import = 1

========================================================================
Received Import Request.
  Time since last request: 0.000046 seconds.
  path: Assets/Import/Lahmadju/Imported Models/Ultimate 10 Plus Shaders/Materials/Unique/Ocean (2).mat
  artifactKey: Guid(968fcec20967a054686ff70bde994f21) Importer(2089858483,b0f066a214c2f5e87bad3c948f4d605d)
Start importing Assets/Import/Lahmadju/Imported Models/Ultimate 10 Plus Shaders/Materials/Unique/Ocean (2).mat using Guid(968fcec20967a054686ff70bde994f21) Importer(2089858483,b0f066a214c2f5e87bad3c948f4d605d) (ScriptedImporter) -> (artifact id: 'ef8f82bba14c339170a57d6491ad4bdb') in 0.2248199 seconds
Number of updated asset objects reloaded before import = 0Number of asset objects unloaded after import = 3

========================================================================
Received Import Request.
  Time since last request: 0.000049 seconds.
  path: Assets/Import/Lahmadju/ImportedModels/Space_Music!/meshes/Plane_main_0_3_0.asset
  artifactKey: Guid(eaf8d0933bf95e148b22b2054f6dfcd6) Importer(2089858483,b0f066a214c2f5e87bad3c948f4d605d)
Start importing Assets/Import/Lahmadju/ImportedModels/Space_Music!/meshes/Plane_main_0_3_0.asset using Guid(eaf8d0933bf95e148b22b2054f6dfcd6) Importer(2089858483,b0f066a214c2f5e87bad3c948f4d605d) (ScriptedImporter) -> (artifact id: '8025080bcd08be8421529c7aa8423d57') in 0.012794 seconds
Number of updated asset objects reloaded before import = 0Number of asset objects unloaded after import = 1

========================================================================
Received Import Request.
  Time since last request: 0.000051 seconds.
  path: Assets/Import/Lahmadju/ImportedModels/Spacecraft_Control_Terminal_Console_ORANGE/materials/Material.061_1001_67.mat
  artifactKey: Guid(a2444073eb532af40970c76321fe4e3a) Importer(2089858483,b0f066a214c2f5e87bad3c948f4d605d)
Start importing Assets/Import/Lahmadju/ImportedModels/Spacecraft_Control_Terminal_Console_ORANGE/materials/Material.061_1001_67.mat using Guid(a2444073eb532af40970c76321fe4e3a) Importer(2089858483,b0f066a214c2f5e87bad3c948f4d605d) (ScriptedImporter) -> (artifact id: '00662dd543a803fc3fd6b2bf5d09a7f2') in 0.0239053 seconds
Number of updated asset objects reloaded before import = 0Number of asset objects unloaded after import = 6

========================================================================
Received Import Request.
  Time since last request: 0.000036 seconds.
  path: Assets/Import/Lahmadju/Sci-FI_Trooper_Man_v.3/Textures/T_SciFiTrooperV3_top_emissive.png
  artifactKey: Guid(9381cd8387a69aa419a5d77ba047dad8) Importer(2089858483,b0f066a214c2f5e87bad3c948f4d605d)
Start importing Assets/Import/Lahmadju/Sci-FI_Trooper_Man_v.3/Textures/T_SciFiTrooperV3_top_emissive.png using Guid(9381cd8387a69aa419a5d77ba047dad8) Importer(2089858483,b0f066a214c2f5e87bad3c948f4d605d) (ScriptedImporter) -> (artifact id: 'eab2b6556c4dcf7955d8a988950f3924') in 0.0984714 seconds
Number of updated asset objects reloaded before import = 0Number of asset objects unloaded after import = 1

========================================================================
Received Import Request.
  Time since last request: 0.000038 seconds.
  path: Assets/Import/Lahmadju/ImportedModels/Space_Music!/meshes/Plane_metal_0_4_0.asset
  artifactKey: Guid(a8ed2ea327b68f64ab9e01d4728a5425) Importer(2089858483,b0f066a214c2f5e87bad3c948f4d605d)
Start importing Assets/Import/Lahmadju/ImportedModels/Space_Music!/meshes/Plane_metal_0_4_0.asset using Guid(a8ed2ea327b68f64ab9e01d4728a5425) Importer(2089858483,b0f066a214c2f5e87bad3c948f4d605d) (ScriptedImporter) -> (artifact id: '37f6e2789315d817b16daf2d4be1e21c') in 0.0104514 seconds
Number of updated asset objects reloaded before import = 0Number of asset objects unloaded after import = 1

========================================================================
Received Import Request.
  Time since last request: 0.000039 seconds.
  path: Assets/Import/Lahmadju/ImportedModels/Spacecraft_Control_Terminal_Console_ORANGE/materials/Material.058_1001_78.mat
  artifactKey: Guid(350eb79332efe16419d63ce2052e71e6) Importer(2089858483,b0f066a214c2f5e87bad3c948f4d605d)
Start importing Assets/Import/Lahmadju/ImportedModels/Spacecraft_Control_Terminal_Console_ORANGE/materials/Material.058_1001_78.mat using Guid(350eb79332efe16419d63ce2052e71e6) Importer(2089858483,b0f066a214c2f5e87bad3c948f4d605d) (ScriptedImporter) -> (artifact id: '3812e763da40d069a72020f582531663') in 0.0254449 seconds
Number of updated asset objects reloaded before import = 0Number of asset objects unloaded after import = 6

========================================================================
Received Import Request.
  Time since last request: 0.000031 seconds.
  path: Assets/Import/Lahmadju/Particles/Materials/Dust.mat
  artifactKey: Guid(42898d32c17051641a16a1c4820afd25) Importer(2089858483,b0f066a214c2f5e87bad3c948f4d605d)
Start importing Assets/Import/Lahmadju/Particles/Materials/Dust.mat using Guid(42898d32c17051641a16a1c4820afd25) Importer(2089858483,b0f066a214c2f5e87bad3c948f4d605d) (ScriptedImporter) -> (artifact id: 'c0342da70a3c6251b31bac601e31ba59') in 0.0142367 seconds
Number of updated asset objects reloaded before import = 0Number of asset objects unloaded after import = 2

========================================================================
Received Import Request.
  Time since last request: 0.000031 seconds.
  path: Assets/Import/Lahmadju/ImportedModels/Spacecraft_Control_Terminal_Console_ORANGE/textures/F12_1001_normal_100.png
  artifactKey: Guid(912a8383d6607ae418e8f08d5f71d8d7) Importer(2089858483,b0f066a214c2f5e87bad3c948f4d605d)
Start importing Assets/Import/Lahmadju/ImportedModels/Spacecraft_Control_Terminal_Console_ORANGE/textures/F12_1001_normal_100.png using Guid(912a8383d6607ae418e8f08d5f71d8d7) Importer(2089858483,b0f066a214c2f5e87bad3c948f4d605d) (ScriptedImporter) -> (artifact id: '6fe2f0ead149063090dae16bf706b369') in 0.0295703 seconds
Number of updated asset objects reloaded before import = 0Number of asset objects unloaded after import = 1

========================================================================
Received Import Request.
  Time since last request: 0.000038 seconds.
  path: Assets/Import/Lahmadju/ImportedModels/Spacecraft_Control_Terminal_Console_ORANGE/textures/ctrl_1001_metallicRoughness_192_metal.png
  artifactKey: Guid(17a81563c557b1b409433f159eb79c36) Importer(2089858483,b0f066a214c2f5e87bad3c948f4d605d)
Start importing Assets/Import/Lahmadju/ImportedModels/Spacecraft_Control_Terminal_Console_ORANGE/textures/ctrl_1001_metallicRoughness_192_metal.png using Guid(17a81563c557b1b409433f159eb79c36) Importer(2089858483,b0f066a214c2f5e87bad3c948f4d605d) (ScriptedImporter) -> (artifact id: '01612882114265d028f0820d134650cc') in 0.0282273 seconds
Number of updated asset objects reloaded before import = 0Number of asset objects unloaded after import = 1

========================================================================
Received Import Request.
  Time since last request: 0.000022 seconds.
  path: Assets/Import/Lahmadju/ImportedModels/Spacecraft_Control_Terminal_Console_ORANGE/textures/1001_56_baseColor_170.png
  artifactKey: Guid(c5f068335472a2940ab80798e5d1b80f) Importer(2089858483,b0f066a214c2f5e87bad3c948f4d605d)
Start importing Assets/Import/Lahmadju/ImportedModels/Spacecraft_Control_Terminal_Console_ORANGE/textures/1001_56_baseColor_170.png using Guid(c5f068335472a2940ab80798e5d1b80f) Importer(2089858483,b0f066a214c2f5e87bad3c948f4d605d) (ScriptedImporter) -> (artifact id: 'e5e64f8af2a973905e4d3167f3f85951') in 0.0292999 seconds
Number of updated asset objects reloaded before import = 0Number of asset objects unloaded after import = 1

========================================================================
Received Import Request.
  Time since last request: 0.000022 seconds.
  path: Assets/Import/Lahmadju/Imported Models/Scifi-Gun/Baked Textures
  artifactKey: Guid(f91131f3705604841a877fc36514c4c9) Importer(2089858483,b0f066a214c2f5e87bad3c948f4d605d)
Start importing Assets/Import/Lahmadju/Imported Models/Scifi-Gun/Baked Textures using Guid(f91131f3705604841a877fc36514c4c9) Importer(2089858483,b0f066a214c2f5e87bad3c948f4d605d) (ScriptedImporter) -> (artifact id: '3f27d64fc39aad3ccd1762e26353c55c') in 0.0073083 seconds
Number of updated asset objects reloaded before import = 0Number of asset objects unloaded after import = 1

========================================================================
Received Import Request.
  Time since last request: 0.000035 seconds.
  path: Assets/Import/Lahmadju/Scripts/CharacterAnimator.cs
  artifactKey: Guid(7457ce6306361fe49a73eb6503b17396) Importer(2089858483,b0f066a214c2f5e87bad3c948f4d605d)
Start importing Assets/Import/Lahmadju/Scripts/CharacterAnimator.cs using Guid(7457ce6306361fe49a73eb6503b17396) Importer(2089858483,b0f066a214c2f5e87bad3c948f4d605d) (ScriptedImporter) -> (artifact id: 'dbd03803f5da659d5bcf3f3eb987ca10') in 0.0085006 seconds
Number of updated asset objects reloaded before import = 0Number of asset objects unloaded after import = 0

========================================================================
Received Import Request.
  Time since last request: 0.106836 seconds.
  path: Assets/Import/Lahmadju/ImportedModels/Lava_planet
  artifactKey: Guid(e982b6f9d0fc3f74ebf52568b8ab3a39) Importer(2089858483,b0f066a214c2f5e87bad3c948f4d605d)
Start importing Assets/Import/Lahmadju/ImportedModels/Lava_planet using Guid(e982b6f9d0fc3f74ebf52568b8ab3a39) Importer(2089858483,b0f066a214c2f5e87bad3c948f4d605d) (ScriptedImporter) -> (artifact id: 'fa12fd0809ec0e1d6b4f37b45f1a8e9d') in 0.0080313 seconds
Number of updated asset objects reloaded before import = 0Number of asset objects unloaded after import = 1

========================================================================
Received Import Request.
  Time since last request: 0.000026 seconds.
  path: Assets/Import/Lahmadju/ImportedModels/Spacecraft_Control_Terminal_Console_ORANGE/textures/term_1001_metallicRoughness_13_metal.png
  artifactKey: Guid(1fd808a4077da4846a63253ea4ed42e4) Importer(2089858483,b0f066a214c2f5e87bad3c948f4d605d)
Start importing Assets/Import/Lahmadju/ImportedModels/Spacecraft_Control_Terminal_Console_ORANGE/textures/term_1001_metallicRoughness_13_metal.png using Guid(1fd808a4077da4846a63253ea4ed42e4) Importer(2089858483,b0f066a214c2f5e87bad3c948f4d605d) (ScriptedImporter) -> (artifact id: 'ec25a305273c771f60814e7f99a00bdb') in 0.028112 seconds
Number of updated asset objects reloaded before import = 0Number of asset objects unloaded after import = 1

========================================================================
Received Import Request.
  Time since last request: 0.000033 seconds.
  path: Assets/Import/Lahmadju/ImportedModels/Spacecraft_Control_Terminal_Console_ORANGE/textures/Y_1001_metallicRoughness_156_metal.png
  artifactKey: Guid(e83e1094821485d4eaa7d72f7ee3df5f) Importer(2089858483,b0f066a214c2f5e87bad3c948f4d605d)
Start importing Assets/Import/Lahmadju/ImportedModels/Spacecraft_Control_Terminal_Console_ORANGE/textures/Y_1001_metallicRoughness_156_metal.png using Guid(e83e1094821485d4eaa7d72f7ee3df5f) Importer(2089858483,b0f066a214c2f5e87bad3c948f4d605d) (ScriptedImporter) -> (artifact id: 'a1e7b1cfb1ac40221ba85db704a82dfb') in 0.0289905 seconds
Number of updated asset objects reloaded before import = 0Number of asset objects unloaded after import = 1

========================================================================
Received Import Request.
  Time since last request: 0.000032 seconds.
  path: Assets/Import/Lahmadju/ImportedModels/Spacecraft_Control_Terminal_Console_ORANGE/meshes/Object_54_54_0.asset
  artifactKey: Guid(456b72b48860f704e8b249805eccfd38) Importer(2089858483,b0f066a214c2f5e87bad3c948f4d605d)
Start importing Assets/Import/Lahmadju/ImportedModels/Spacecraft_Control_Terminal_Console_ORANGE/meshes/Object_54_54_0.asset using Guid(456b72b48860f704e8b249805eccfd38) Importer(2089858483,b0f066a214c2f5e87bad3c948f4d605d) (ScriptedImporter) -> (artifact id: 'f8319d5a68fa679a57f968349df4f3cf') in 0.0146962 seconds
Number of updated asset objects reloaded before import = 0Number of asset objects unloaded after import = 1

========================================================================
Received Import Request.
  Time since last request: 0.000025 seconds.
  path: Assets/Import/Lahmadju/Animations/Left Attack.anim
  artifactKey: Guid(d7d63b14f35aa234cbd17aaf171e946a) Importer(2089858483,b0f066a214c2f5e87bad3c948f4d605d)
Start importing Assets/Import/Lahmadju/Animations/Left Attack.anim using Guid(d7d63b14f35aa234cbd17aaf171e946a) Importer(2089858483,b0f066a214c2f5e87bad3c948f4d605d) (ScriptedImporter) -> (artifact id: '1cbfcc3d8f86f539da2b965f3fc40bf7') in 0.0890222 seconds
Number of updated asset objects reloaded before import = 0Number of asset objects unloaded after import = 1

========================================================================
Received Import Request.
  Time since last request: 0.000044 seconds.
  path: Assets/Import/Lahmadju/Prefabs/DODONPA/Sci-Fi_Space_Station__Rotor_Nexus/meshes/SurfaceBraces_Long3_2_SpaceStation_Parts_0_23_0.asset
  artifactKey: Guid(d12f2d24b2299e1478f3cf663634d1d4) Importer(2089858483,b0f066a214c2f5e87bad3c948f4d605d)
Start importing Assets/Import/Lahmadju/Prefabs/DODONPA/Sci-Fi_Space_Station__Rotor_Nexus/meshes/SurfaceBraces_Long3_2_SpaceStation_Parts_0_23_0.asset using Guid(d12f2d24b2299e1478f3cf663634d1d4) Importer(2089858483,b0f066a214c2f5e87bad3c948f4d605d) (ScriptedImporter) -> (artifact id: 'ee6af5a5f3fd59c789c4dc2495f097d7') in 0.0104934 seconds
Number of updated asset objects reloaded before import = 0Number of asset objects unloaded after import = 1

========================================================================
Received Import Request.
  Time since last request: 0.000027 seconds.
  path: Assets/Import/Lahmadju/Scripts/Boss/Boss Invincivility.cs
  artifactKey: Guid(9dda9794fa073384a8c45dd587affa2e) Importer(2089858483,b0f066a214c2f5e87bad3c948f4d605d)
Start importing Assets/Import/Lahmadju/Scripts/Boss/Boss Invincivility.cs using Guid(9dda9794fa073384a8c45dd587affa2e) Importer(2089858483,b0f066a214c2f5e87bad3c948f4d605d) (ScriptedImporter) -> (artifact id: '69b1f90bef30650bcb36e416b7a46ac8') in 0.008373 seconds
Number of updated asset objects reloaded before import = 0Number of asset objects unloaded after import = 0

========================================================================
Received Import Request.
  Time since last request: 0.000023 seconds.
  path: Assets/Import/Lahmadju/Scripts/Diegetic UI/Boss Health Bar.cs
  artifactKey: Guid(185d163421f68ed498582f9dc7603ecd) Importer(2089858483,b0f066a214c2f5e87bad3c948f4d605d)
Start importing Assets/Import/Lahmadju/Scripts/Diegetic UI/Boss Health Bar.cs using Guid(185d163421f68ed498582f9dc7603ecd) Importer(2089858483,b0f066a214c2f5e87bad3c948f4d605d) (ScriptedImporter) -> (artifact id: 'b04917cf5ed4fdbbb64b90dfe48ee80a') in 0.010135 seconds
Number of updated asset objects reloaded before import = 0Number of asset objects unloaded after import = 0

========================================================================
Received Import Request.
  Time since last request: 0.000028 seconds.
  path: Assets/Import/Lahmadju/AstarPathfindingProject/Generators/Utilities/GraphTransform.cs
  artifactKey: Guid(f9d3961465175430a84fd52d1bd31b05) Importer(2089858483,b0f066a214c2f5e87bad3c948f4d605d)
Start importing Assets/Import/Lahmadju/AstarPathfindingProject/Generators/Utilities/GraphTransform.cs using Guid(f9d3961465175430a84fd52d1bd31b05) Importer(2089858483,b0f066a214c2f5e87bad3c948f4d605d) (ScriptedImporter) -> (artifact id: 'd52d07b08586a1083a62585cb84fb120') in 0.0100065 seconds
Number of updated asset objects reloaded before import = 0Number of asset objects unloaded after import = 0

========================================================================
Received Import Request.
  Time since last request: 0.000032 seconds.
  path: Assets/Import/Lahmadju/ImportedModels/Space_Music!/meshes/Plane.005_main_0_12_0.asset
  artifactKey: Guid(a91e491493c8e4443aa5a9e7d9491cdc) Importer(2089858483,b0f066a214c2f5e87bad3c948f4d605d)
Start importing Assets/Import/Lahmadju/ImportedModels/Space_Music!/meshes/Plane.005_main_0_12_0.asset using Guid(a91e491493c8e4443aa5a9e7d9491cdc) Importer(2089858483,b0f066a214c2f5e87bad3c948f4d605d) (ScriptedImporter) -> (artifact id: 'e60c2b3029f1eccdacb8ecb724ec5676') in 0.0113397 seconds
Number of updated asset objects reloaded before import = 0Number of asset objects unloaded after import = 1

========================================================================
Received Import Request.
  Time since last request: 0.000034 seconds.
  path: Assets/Import/Lahmadju/ImportedModels/Spacecraft_Control_Terminal_Console_ORANGE/textures/F6_1001_metallicRoughness_84_metal.png
  artifactKey: Guid(21bd0ae3f2cdc2643807497cb3263a88) Importer(2089858483,b0f066a214c2f5e87bad3c948f4d605d)
Start importing Assets/Import/Lahmadju/ImportedModels/Spacecraft_Control_Terminal_Console_ORANGE/textures/F6_1001_metallicRoughness_84_metal.png using Guid(21bd0ae3f2cdc2643807497cb3263a88) Importer(2089858483,b0f066a214c2f5e87bad3c948f4d605d) (ScriptedImporter) -> (artifact id: 'f40f445dd5428b484e95350b32a81932') in 0.0271421 seconds
Number of updated asset objects reloaded before import = 0Number of asset objects unloaded after import = 1

========================================================================
Received Import Request.
  Time since last request: 0.000024 seconds.
  path: Assets/Import/Lahmadju/ImportedModels/Spacecraft_Control_Terminal_Console_ORANGE/materials/F4_1001_25.mat
  artifactKey: Guid(484fde851edcc454cab614cec0e0600f) Importer(2089858483,b0f066a214c2f5e87bad3c948f4d605d)
Start importing Assets/Import/Lahmadju/ImportedModels/Spacecraft_Control_Terminal_Console_ORANGE/materials/F4_1001_25.mat using Guid(484fde851edcc454cab614cec0e0600f) Importer(2089858483,b0f066a214c2f5e87bad3c948f4d605d) (ScriptedImporter) -> (artifact id: '5b78c14b3b20c814a0e43e04941ca25e') in 0.0305798 seconds
Number of updated asset objects reloaded before import = 0Number of asset objects unloaded after import = 6

========================================================================
Received Import Request.
  Time since last request: 0.000039 seconds.
  path: Assets/Import/Lahmadju/ImportedModels/Sci-Fi_Sword/materials/Material.003_2.mat
  artifactKey: Guid(a9d3d23581b59544dad699fad5e5c6d5) Importer(2089858483,b0f066a214c2f5e87bad3c948f4d605d)
Start importing Assets/Import/Lahmadju/ImportedModels/Sci-Fi_Sword/materials/Material.003_2.mat using Guid(a9d3d23581b59544dad699fad5e5c6d5) Importer(2089858483,b0f066a214c2f5e87bad3c948f4d605d) (ScriptedImporter) -> (artifact id: 'b93080b9c43a3afccd16968b57807f3f') in 0.0129363 seconds
Number of updated asset objects reloaded before import = 0Number of asset objects unloaded after import = 2

========================================================================
Received Import Request.
  Time since last request: 0.000024 seconds.
  path: Assets/Import/Lahmadju/ImportedModels/Spacecraft_Control_Terminal_Console_ORANGE/textures/F_1001_normal_217.png
  artifactKey: Guid(69687275466186e489fd89df621854cc) Importer(2089858483,b0f066a214c2f5e87bad3c948f4d605d)
Start importing Assets/Import/Lahmadju/ImportedModels/Spacecraft_Control_Terminal_Console_ORANGE/textures/F_1001_normal_217.png using Guid(69687275466186e489fd89df621854cc) Importer(2089858483,b0f066a214c2f5e87bad3c948f4d605d) (ScriptedImporter) -> (artifact id: '04a2983e9559e13dc3fc6b16c707fb0a') in 0.0311168 seconds
Number of updated asset objects reloaded before import = 0Number of asset objects unloaded after import = 1

========================================================================
Received Import Request.
  Time since last request: 0.000030 seconds.
  path: Assets/Import/Lahmadju/Sounds And Music/Gun3_load.wav
  artifactKey: Guid(8f268095f67575b44b10ea19a4482b2c) Importer(2089858483,b0f066a214c2f5e87bad3c948f4d605d)
Start importing Assets/Import/Lahmadju/Sounds And Music/Gun3_load.wav using Guid(8f268095f67575b44b10ea19a4482b2c) Importer(2089858483,b0f066a214c2f5e87bad3c948f4d605d) (ScriptedImporter) -> (artifact id: '2bb81e6284eccec893fc5500a630f020') in 0.1165311 seconds
Number of updated asset objects reloaded before import = 0Number of asset objects unloaded after import = 1

========================================================================
Received Import Request.
  Time since last request: 0.000047 seconds.
  path: Assets/Import/Lahmadju/ImportedModels/Spacecraft_Control_Terminal_Console_ORANGE/materials/V_1001_68.mat
  artifactKey: Guid(c0a9db255cba8ec4ea62d50e0a37f166) Importer(2089858483,b0f066a214c2f5e87bad3c948f4d605d)
Start importing Assets/Import/Lahmadju/ImportedModels/Spacecraft_Control_Terminal_Console_ORANGE/materials/V_1001_68.mat using Guid(c0a9db255cba8ec4ea62d50e0a37f166) Importer(2089858483,b0f066a214c2f5e87bad3c948f4d605d) (ScriptedImporter) -> (artifact id: '3d2a82a1135a233738ea0186af8e4df0') in 0.0234585 seconds
Number of updated asset objects reloaded before import = 0Number of asset objects unloaded after import = 6

========================================================================
Received Import Request.
  Time since last request: 0.000037 seconds.
  path: Assets/Import/Lahmadju/Sounds And Music/02 - Danger 6-24.mp3
  artifactKey: Guid(6ef2b895c89fcd149b9380e8cdd826de) Importer(2089858483,b0f066a214c2f5e87bad3c948f4d605d)
Start importing Assets/Import/Lahmadju/Sounds And Music/02 - Danger 6-24.mp3 using Guid(6ef2b895c89fcd149b9380e8cdd826de) Importer(2089858483,b0f066a214c2f5e87bad3c948f4d605d) (ScriptedImporter) -> (artifact id: 'f2c4b3edb80eaca9d2065a107e89359c') in 0.1068838 seconds
Number of updated asset objects reloaded before import = 0Number of asset objects unloaded after import = 1

========================================================================
Received Import Request.
  Time since last request: 0.000023 seconds.
  path: Assets/Import/Lahmadju/Prefabs/DODONPA/Sci-Fi_Space_Station__Rotor_Nexus/meshes/TurbineShielding_SpaceStation_Core_0_2_0.asset
  artifactKey: Guid(cebfb8c5f633971499c86a1ee6822a20) Importer(2089858483,b0f066a214c2f5e87bad3c948f4d605d)
Start importing Assets/Import/Lahmadju/Prefabs/DODONPA/Sci-Fi_Space_Station__Rotor_Nexus/meshes/TurbineShielding_SpaceStation_Core_0_2_0.asset using Guid(cebfb8c5f633971499c86a1ee6822a20) Importer(2089858483,b0f066a214c2f5e87bad3c948f4d605d) (ScriptedImporter) -> (artifact id: '280ea7ef91a370143da15c7d01692ace') in 0.0126347 seconds
Number of updated asset objects reloaded before import = 0Number of asset objects unloaded after import = 1

========================================================================
Received Import Request.
  Time since last request: 0.000036 seconds.
  path: Assets/Import/Lahmadju/Prefabs/DODONPA/Sci-Fi_Space_Station__Rotor_Nexus/meshes/SurfaceBraces_Long4_2_SpaceStation_Parts_0_13_0.asset
  artifactKey: Guid(6bfe63045ab17894994d15f4bf59f7fc) Importer(2089858483,b0f066a214c2f5e87bad3c948f4d605d)
Start importing Assets/Import/Lahmadju/Prefabs/DODONPA/Sci-Fi_Space_Station__Rotor_Nexus/meshes/SurfaceBraces_Long4_2_SpaceStation_Parts_0_13_0.asset using Guid(6bfe63045ab17894994d15f4bf59f7fc) Importer(2089858483,b0f066a214c2f5e87bad3c948f4d605d) (ScriptedImporter) -> (artifact id: '2e4168b2c09768ada3b5e44982112936') in 0.0102799 seconds
Number of updated asset objects reloaded before import = 0Number of asset objects unloaded after import = 1

========================================================================
Received Import Request.
  Time since last request: 0.000081 seconds.
  path: Assets/Import/Lahmadju/ImportedModels/Spacecraft_Control_Terminal_Console_ORANGE/textures/Material.004_1001_1001_metallicRoughness_16_occlusion.png
  artifactKey: Guid(01ee68263a9ab1d4784f5cb7076ffa1c) Importer(2089858483,b0f066a214c2f5e87bad3c948f4d605d)
Start importing Assets/Import/Lahmadju/ImportedModels/Spacecraft_Control_Terminal_Console_ORANGE/textures/Material.004_1001_1001_metallicRoughness_16_occlusion.png using Guid(01ee68263a9ab1d4784f5cb7076ffa1c) Importer(2089858483,b0f066a214c2f5e87bad3c948f4d605d) (ScriptedImporter) -> (artifact id: '80aa15758f89e07844ecb6b2c3fce211') in 0.029775 seconds
Number of updated asset objects reloaded before import = 0Number of asset objects unloaded after import = 1

========================================================================
Received Import Request.
  Time since last request: 0.000023 seconds.
  path: Assets/Import/Lahmadju/ImportedModels/Spacecraft_Control_Terminal_Console_ORANGE/materials/Material.068_1001_79.mat
  artifactKey: Guid(9314e446231f19644a4a0726ec9495bb) Importer(2089858483,b0f066a214c2f5e87bad3c948f4d605d)
Start importing Assets/Import/Lahmadju/ImportedModels/Spacecraft_Control_Terminal_Console_ORANGE/materials/Material.068_1001_79.mat using Guid(9314e446231f19644a4a0726ec9495bb) Importer(2089858483,b0f066a214c2f5e87bad3c948f4d605d) (ScriptedImporter) -> (artifact id: '56ad77be1d935ba1c552bdcd12739af1') in 0.0280126 seconds
Number of updated asset objects reloaded before import = 0Number of asset objects unloaded after import = 6

========================================================================
Received Import Request.
  Time since last request: 0.000031 seconds.
  path: Assets/Import/Lahmadju/Hovl Studio/Magic effects pack/Textures/Point1.png
  artifactKey: Guid(640e93060c8b460449dc5d4f16193387) Importer(2089858483,b0f066a214c2f5e87bad3c948f4d605d)
Start importing Assets/Import/Lahmadju/Hovl Studio/Magic effects pack/Textures/Point1.png using Guid(640e93060c8b460449dc5d4f16193387) Importer(2089858483,b0f066a214c2f5e87bad3c948f4d605d) (ScriptedImporter) -> (artifact id: '77070e789f8cf5a7f0c0ad4424ecffe9') in 0.0275103 seconds
Number of updated asset objects reloaded before import = 0Number of asset objects unloaded after import = 1

========================================================================
Received Import Request.
  Time since last request: 0.000035 seconds.
  path: Assets/Import/Lahmadju/ImportedModels/Spacecraft_Control_Terminal_Console_ORANGE/materials/-_1001_42.mat
  artifactKey: Guid(df6d5146d3f87054888588d0ea9dd253) Importer(2089858483,b0f066a214c2f5e87bad3c948f4d605d)
Start importing Assets/Import/Lahmadju/ImportedModels/Spacecraft_Control_Terminal_Console_ORANGE/materials/-_1001_42.mat using Guid(df6d5146d3f87054888588d0ea9dd253) Importer(2089858483,b0f066a214c2f5e87bad3c948f4d605d) (ScriptedImporter) -> (artifact id: '03439d4bb9c2a216711eb2dc7cc46c17') in 0.0219774 seconds
Number of updated asset objects reloaded before import = 0Number of asset objects unloaded after import = 6

========================================================================
Received Import Request.
  Time since last request: 0.000020 seconds.
  path: Assets/Import/Lahmadju/AstarPathfindingProject/Core/Misc/NodeLink2.cs
  artifactKey: Guid(bd2cfff5dfa8c4244aa00fea9675adb2) Importer(2089858483,b0f066a214c2f5e87bad3c948f4d605d)
Start importing Assets/Import/Lahmadju/AstarPathfindingProject/Core/Misc/NodeLink2.cs using Guid(bd2cfff5dfa8c4244aa00fea9675adb2) Importer(2089858483,b0f066a214c2f5e87bad3c948f4d605d) (ScriptedImporter) -> (artifact id: '60d9edc975fbf632ec542e5366f93231') in 0.0106065 seconds
Number of updated asset objects reloaded before import = 0Number of asset objects unloaded after import = 0

========================================================================
Received Import Request.
  Time since last request: 0.000023 seconds.
  path: Assets/Import/Lahmadju/ImportedModels/Spacecraft_Control_Terminal_Console_ORANGE/meshes/Object_19_19_0.asset
  artifactKey: Guid(f15137457b62d9841929a59a28720ea6) Importer(2089858483,b0f066a214c2f5e87bad3c948f4d605d)
Start importing Assets/Import/Lahmadju/ImportedModels/Spacecraft_Control_Terminal_Console_ORANGE/meshes/Object_19_19_0.asset using Guid(f15137457b62d9841929a59a28720ea6) Importer(2089858483,b0f066a214c2f5e87bad3c948f4d605d) (ScriptedImporter) -> (artifact id: '9303bcc91bbc882a2c8d3c14c4e827b1') in 0.0096737 seconds
Number of updated asset objects reloaded before import = 0Number of asset objects unloaded after import = 1

========================================================================
Received Import Request.
  Time since last request: 0.000028 seconds.
  path: Assets/Import/Lahmadju/ImportedModels/Spacecraft_Control_Terminal_Console_ORANGE/textures/J_1001_normal_226.png
  artifactKey: Guid(11fcbfc4b15bf034a9d76c7d4dac95e6) Importer(2089858483,b0f066a214c2f5e87bad3c948f4d605d)
Start importing Assets/Import/Lahmadju/ImportedModels/Spacecraft_Control_Terminal_Console_ORANGE/textures/J_1001_normal_226.png using Guid(11fcbfc4b15bf034a9d76c7d4dac95e6) Importer(2089858483,b0f066a214c2f5e87bad3c948f4d605d) (ScriptedImporter) -> (artifact id: 'ab188b1c65791ace2a7f994a4e5e6829') in 0.0308124 seconds
Number of updated asset objects reloaded before import = 0Number of asset objects unloaded after import = 1

========================================================================
Received Import Request.
  Time since last request: 0.000044 seconds.
  path: Assets/Import/Lahmadju/Imported Models/Character/FreeCharacter/1.fbx
  artifactKey: Guid(866adc242d08dbf4e8f827406a6e24da) Importer(2089858483,b0f066a214c2f5e87bad3c948f4d605d)
Start importing Assets/Import/Lahmadju/Imported Models/Character/FreeCharacter/1.fbx using Guid(866adc242d08dbf4e8f827406a6e24da) Importer(2089858483,b0f066a214c2f5e87bad3c948f4d605d) (ScriptedImporter) -> (artifact id: 'feac40c172415b6f6554f1fd9508385e') in 0.0290888 seconds
Number of updated asset objects reloaded before import = 0Number of asset objects unloaded after import = 139

========================================================================
Received Import Request.
  Time since last request: 0.000036 seconds.
  path: Assets/Import/Lahmadju/ImportedModels/Spacecraft_Control_Terminal_Console_ORANGE/textures/E_1001_metallicRoughness_147_metal.png
  artifactKey: Guid(6ac49524b4f041c4287ed445d1c1732e) Importer(2089858483,b0f066a214c2f5e87bad3c948f4d605d)
Start importing Assets/Import/Lahmadju/ImportedModels/Spacecraft_Control_Terminal_Console_ORANGE/textures/E_1001_metallicRoughness_147_metal.png using Guid(6ac49524b4f041c4287ed445d1c1732e) Importer(2089858483,b0f066a214c2f5e87bad3c948f4d605d) (ScriptedImporter) -> (artifact id: '9478adac038d5da6f7cf2880a1da4bfa') in 0.0255133 seconds
Number of updated asset objects reloaded before import = 0Number of asset objects unloaded after import = 1

========================================================================
Received Import Request.
  Time since last request: 0.000026 seconds.
  path: Assets/Import/Lahmadju/ImportedModels/Space_container_-_Mars_mission/meshes/MarsBox_panels_low_UV_0_4_0.asset
  artifactKey: Guid(fa062cd386bb7ae488ce22002acee999) Importer(2089858483,b0f066a214c2f5e87bad3c948f4d605d)
Start importing Assets/Import/Lahmadju/ImportedModels/Space_container_-_Mars_mission/meshes/MarsBox_panels_low_UV_0_4_0.asset using Guid(fa062cd386bb7ae488ce22002acee999) Importer(2089858483,b0f066a214c2f5e87bad3c948f4d605d) (ScriptedImporter) -> (artifact id: '869a192ccafbcb15f64d31b58bd0ee05') in 0.0112245 seconds
Number of updated asset objects reloaded before import = 0Number of asset objects unloaded after import = 1

========================================================================
Received Import Request.
  Time since last request: 0.000036 seconds.
  path: Assets/Import/Lahmadju/ImportedModels/Spacecraft_Control_Terminal_Console_ORANGE/meshes/Object_50_50_0.asset
  artifactKey: Guid(1a826656a81c5844fa1fa39e603c69c6) Importer(2089858483,b0f066a214c2f5e87bad3c948f4d605d)
Start importing Assets/Import/Lahmadju/ImportedModels/Spacecraft_Control_Terminal_Console_ORANGE/meshes/Object_50_50_0.asset using Guid(1a826656a81c5844fa1fa39e603c69c6) Importer(2089858483,b0f066a214c2f5e87bad3c948f4d605d) (ScriptedImporter) -> (artifact id: '8d2bd2ca1c4ca6175d293713f9d431fb') in 0.010644 seconds
Number of updated asset objects reloaded before import = 0Number of asset objects unloaded after import = 1

========================================================================
Received Import Request.
  Time since last request: 0.000029 seconds.
  path: Assets/Import/Lahmadju/ImportedModels/Spacecraft_Control_Terminal_Console_ORANGE/textures/F10_1001_metallicRoughness_93_occlusion.png
  artifactKey: Guid(c5b225a65ce562545a4faacd4130f44f) Importer(2089858483,b0f066a214c2f5e87bad3c948f4d605d)
Start importing Assets/Import/Lahmadju/ImportedModels/Spacecraft_Control_Terminal_Console_ORANGE/textures/F10_1001_metallicRoughness_93_occlusion.png using Guid(c5b225a65ce562545a4faacd4130f44f) Importer(2089858483,b0f066a214c2f5e87bad3c948f4d605d) (ScriptedImporter) -> (artifact id: 'fdcc37cf0be5aa203615a263cb8915ac') in 0.0320307 seconds
Number of updated asset objects reloaded before import = 0Number of asset objects unloaded after import = 1

========================================================================
Received Import Request.
  Time since last request: 0.000023 seconds.
  path: Assets/Import/Lahmadju/Prefabs/DODONPA/Sci-Fi_Space_Station__Rotor_Nexus/meshes/SurfaceBraces_Short2_3_SpaceStation_Parts_0_32_0.asset
  artifactKey: Guid(a1d4ae76cfb311c40b69df5c31909197) Importer(2089858483,b0f066a214c2f5e87bad3c948f4d605d)
Start importing Assets/Import/Lahmadju/Prefabs/DODONPA/Sci-Fi_Space_Station__Rotor_Nexus/meshes/SurfaceBraces_Short2_3_SpaceStation_Parts_0_32_0.asset using Guid(a1d4ae76cfb311c40b69df5c31909197) Importer(2089858483,b0f066a214c2f5e87bad3c948f4d605d) (ScriptedImporter) -> (artifact id: '227184a64b36e8d718eac48fb5422518') in 0.0108049 seconds
Number of updated asset objects reloaded before import = 0Number of asset objects unloaded after import = 1

========================================================================
Received Import Request.
  Time since last request: 0.000038 seconds.
  path: Assets/Import/Lahmadju/ImportedModels/Arcade_Game_-_Space_Invaders/meshes/Object_2_2_0.asset
  artifactKey: Guid(3fdc26a64ed8df04091fbc4c87ae6809) Importer(2089858483,b0f066a214c2f5e87bad3c948f4d605d)
Start importing Assets/Import/Lahmadju/ImportedModels/Arcade_Game_-_Space_Invaders/meshes/Object_2_2_0.asset using Guid(3fdc26a64ed8df04091fbc4c87ae6809) Importer(2089858483,b0f066a214c2f5e87bad3c948f4d605d) (ScriptedImporter) -> (artifact id: '54a4938f3f5ba99a6eca408cd14e8f65') in 0.0088984 seconds
Number of updated asset objects reloaded before import = 0Number of asset objects unloaded after import = 1

========================================================================
Received Import Request.
  Time since last request: 0.000021 seconds.
  path: Assets/Import/Lahmadju/Scripts/Environment/Arena Light.cs
  artifactKey: Guid(be526e4678bb9454aadc5253184c135b) Importer(2089858483,b0f066a214c2f5e87bad3c948f4d605d)
Start importing Assets/Import/Lahmadju/Scripts/Environment/Arena Light.cs using Guid(be526e4678bb9454aadc5253184c135b) Importer(2089858483,b0f066a214c2f5e87bad3c948f4d605d) (ScriptedImporter) -> (artifact id: 'abaed3d941dda247e2406713df8ec3a2') in 0.0096798 seconds
Number of updated asset objects reloaded before import = 0Number of asset objects unloaded after import = 0

========================================================================
Received Import Request.
  Time since last request: 0.000021 seconds.
  path: Assets/Import/Lahmadju/ImportedModels/Spacecraft_Control_Terminal_Console_ORANGE/materials/Material.075_1001_8.mat
  artifactKey: Guid(ff0afec6b816cc149be7ec24df1f84d3) Importer(2089858483,b0f066a214c2f5e87bad3c948f4d605d)
Start importing Assets/Import/Lahmadju/ImportedModels/Spacecraft_Control_Terminal_Console_ORANGE/materials/Material.075_1001_8.mat using Guid(ff0afec6b816cc149be7ec24df1f84d3) Importer(2089858483,b0f066a214c2f5e87bad3c948f4d605d) (ScriptedImporter) -> (artifact id: 'e859874e5dae82c574de50b30f1f7fd9') in 0.027118 seconds
Number of updated asset objects reloaded before import = 0Number of asset objects unloaded after import = 6

========================================================================
Received Import Request.
  Time since last request: 0.000021 seconds.
  path: Assets/Import/Lahmadju/Imported Models/_Barking_Dog/3D Free Modular Kit/_Textures/Ambient_01.png
  artifactKey: Guid(0155e7c553ce645b9a03c0441f234ed4) Importer(2089858483,b0f066a214c2f5e87bad3c948f4d605d)
Start importing Assets/Import/Lahmadju/Imported Models/_Barking_Dog/3D Free Modular Kit/_Textures/Ambient_01.png using Guid(0155e7c553ce645b9a03c0441f234ed4) Importer(2089858483,b0f066a214c2f5e87bad3c948f4d605d) (ScriptedImporter) -> (artifact id: '5b79dd01aa8daea82bdc36ddc26eee40') in 0.0250088 seconds
Number of updated asset objects reloaded before import = 0Number of asset objects unloaded after import = 1

========================================================================
Received Import Request.
  Time since last request: 0.000045 seconds.
  path: Assets/Import/Lahmadju/ImportedModels/Sci-Fi_Sword/materials/Material.007_5.mat
  artifactKey: Guid(e9eb3a94a8df21242adf14680f441c63) Importer(2089858483,b0f066a214c2f5e87bad3c948f4d605d)
Start importing Assets/Import/Lahmadju/ImportedModels/Sci-Fi_Sword/materials/Material.007_5.mat using Guid(e9eb3a94a8df21242adf14680f441c63) Importer(2089858483,b0f066a214c2f5e87bad3c948f4d605d) (ScriptedImporter) -> (artifact id: '67bee8f79318212378e23ed37f3632c5') in 0.011812 seconds
Number of updated asset objects reloaded before import = 0Number of asset objects unloaded after import = 2

========================================================================
Received Import Request.
  Time since last request: 0.000022 seconds.
  path: Assets/Import/Lahmadju/ImportedModels/Spacecraft_Control_Terminal_Console_ORANGE/textures/5_1001_metallicRoughness_111_occlusion.png
  artifactKey: Guid(b0429125ae1a71149a5c809977544181) Importer(2089858483,b0f066a214c2f5e87bad3c948f4d605d)
Start importing Assets/Import/Lahmadju/ImportedModels/Spacecraft_Control_Terminal_Console_ORANGE/textures/5_1001_metallicRoughness_111_occlusion.png using Guid(b0429125ae1a71149a5c809977544181) Importer(2089858483,b0f066a214c2f5e87bad3c948f4d605d) (ScriptedImporter) -> (artifact id: '2dcc753d4951d02a90c59c75d7677d0b') in 0.0255126 seconds
Number of updated asset objects reloaded before import = 0Number of asset objects unloaded after import = 1

========================================================================
Received Import Request.
  Time since last request: 0.000028 seconds.
  path: Assets/Import/Lahmadju/ImportedModels/Spacecraft_Control_Terminal_Console_ORANGE/textures/Material.066_1001_metallicRoughness_246_occlusion.png
  artifactKey: Guid(ef2e5484aca2ef244a9b1d48b2849694) Importer(2089858483,b0f066a214c2f5e87bad3c948f4d605d)
Start importing Assets/Import/Lahmadju/ImportedModels/Spacecraft_Control_Terminal_Console_ORANGE/textures/Material.066_1001_metallicRoughness_246_occlusion.png using Guid(ef2e5484aca2ef244a9b1d48b2849694) Importer(2089858483,b0f066a214c2f5e87bad3c948f4d605d) (ScriptedImporter) -> (artifact id: '69cf774da7ea5f019c67c3f7763a5a5f') in 0.0302916 seconds
Number of updated asset objects reloaded before import = 0Number of asset objects unloaded after import = 1

========================================================================
Received Import Request.
  Time since last request: 0.000026 seconds.
  path: Assets/Import/Lahmadju/ImportedModels/Free_Sci_Fi_Helmet/textures/Material.005_metallicRoughness_7_metal.png
  artifactKey: Guid(cd94d907bfccf41408eaf756a234e487) Importer(2089858483,b0f066a214c2f5e87bad3c948f4d605d)
Start importing Assets/Import/Lahmadju/ImportedModels/Free_Sci_Fi_Helmet/textures/Material.005_metallicRoughness_7_metal.png using Guid(cd94d907bfccf41408eaf756a234e487) Importer(2089858483,b0f066a214c2f5e87bad3c948f4d605d) (ScriptedImporter) -> (artifact id: 'f543b41f237412510fcb253ed07e1785') in 0.0350556 seconds
Number of updated asset objects reloaded before import = 0Number of asset objects unloaded after import = 1

========================================================================
Received Import Request.
  Time since last request: 0.000040 seconds.
  path: Assets/Import/Lahmadju/ImportedModels/Spacecraft_Control_Terminal_Console_ORANGE/textures/U_1001_metallicRoughness_159_metal.png
  artifactKey: Guid(b7892937c758fca4d8c9641d9e83ae44) Importer(2089858483,b0f066a214c2f5e87bad3c948f4d605d)
Start importing Assets/Import/Lahmadju/ImportedModels/Spacecraft_Control_Terminal_Console_ORANGE/textures/U_1001_metallicRoughness_159_metal.png using Guid(b7892937c758fca4d8c9641d9e83ae44) Importer(2089858483,b0f066a214c2f5e87bad3c948f4d605d) (ScriptedImporter) -> (artifact id: '2f821114f1d33ef12cbecb24ba4f901e') in 0.0248414 seconds
Number of updated asset objects reloaded before import = 0Number of asset objects unloaded after import = 1

========================================================================
Received Import Request.
  Time since last request: 0.000027 seconds.
  path: Assets/Import/Lahmadju/ImportedModels/Spacecraft_Control_Terminal_Console_ORANGE/materials/P_1001_55.mat
  artifactKey: Guid(f6bc7527080439d4f83a92c662ed8adc) Importer(2089858483,b0f066a214c2f5e87bad3c948f4d605d)
Start importing Assets/Import/Lahmadju/ImportedModels/Spacecraft_Control_Terminal_Console_ORANGE/materials/P_1001_55.mat using Guid(f6bc7527080439d4f83a92c662ed8adc) Importer(2089858483,b0f066a214c2f5e87bad3c948f4d605d) (ScriptedImporter) -> (artifact id: 'e85d524f173fbef89dd196ca90ba92d0') in 0.0246574 seconds
Number of updated asset objects reloaded before import = 0Number of asset objects unloaded after import = 6

========================================================================
Received Import Request.
  Time since last request: 0.000021 seconds.
  path: Assets/Import/Lahmadju/ImportedModels/Spacecraft_Control_Terminal_Console_ORANGE/textures/Material.011_1001_normal_61.png
  artifactKey: Guid(1914593792015f1408ab66ae43fc23e8) Importer(2089858483,b0f066a214c2f5e87bad3c948f4d605d)
Start importing Assets/Import/Lahmadju/ImportedModels/Spacecraft_Control_Terminal_Console_ORANGE/textures/Material.011_1001_normal_61.png using Guid(1914593792015f1408ab66ae43fc23e8) Importer(2089858483,b0f066a214c2f5e87bad3c948f4d605d) (ScriptedImporter) -> (artifact id: '6a60327cc4845cb1bcf9e71fa15375de') in 0.0293952 seconds
Number of updated asset objects reloaded before import = 0Number of asset objects unloaded after import = 1

========================================================================
Received Import Request.
  Time since last request: 0.000028 seconds.
  path: Assets/Import/Lahmadju/AstarPathfindingProject/Navmesh/NavmeshUpdates.cs
  artifactKey: Guid(8c8c76379ef6d496bb3624f29adc556a) Importer(2089858483,b0f066a214c2f5e87bad3c948f4d605d)
Start importing Assets/Import/Lahmadju/AstarPathfindingProject/Navmesh/NavmeshUpdates.cs using Guid(8c8c76379ef6d496bb3624f29adc556a) Importer(2089858483,b0f066a214c2f5e87bad3c948f4d605d) (ScriptedImporter) -> (artifact id: '05e7a2c2cda019dbb03a571f06f1eeb4') in 0.0087907 seconds
Number of updated asset objects reloaded before import = 0Number of asset objects unloaded after import = 0

========================================================================
Received Import Request.
  Time since last request: 0.000037 seconds.
  path: Assets/Import/Lahmadju/ImportedModels/Computer_[X]_Terminal-II/meshes/Object_4_4_0.asset
  artifactKey: Guid(c707fde4d5e36e145adfa184fe5dc134) Importer(2089858483,b0f066a214c2f5e87bad3c948f4d605d)
Start importing Assets/Import/Lahmadju/ImportedModels/Computer_[X]_Terminal-II/meshes/Object_4_4_0.asset using Guid(c707fde4d5e36e145adfa184fe5dc134) Importer(2089858483,b0f066a214c2f5e87bad3c948f4d605d) (ScriptedImporter) -> (artifact id: '921a2703bcba36e43992efba48470a60') in 0.0502572 seconds
Number of updated asset objects reloaded before import = 0Number of asset objects unloaded after import = 1

========================================================================
Received Import Request.
  Time since last request: 0.153594 seconds.
  path: Assets/Import/Lahmadju/AstarPathfindingProject/PackageTools/Editor/EditorGUIx.cs
  artifactKey: Guid(2b6b4977544da4af3a4fe9e895fb6888) Importer(2089858483,b0f066a214c2f5e87bad3c948f4d605d)
Start importing Assets/Import/Lahmadju/AstarPathfindingProject/PackageTools/Editor/EditorGUIx.cs using Guid(2b6b4977544da4af3a4fe9e895fb6888) Importer(2089858483,b0f066a214c2f5e87bad3c948f4d605d) (ScriptedImporter) -> (artifact id: 'a66364aaa3ecb969cb0862c01d334693') in 0.0086732 seconds
Number of updated asset objects reloaded before import = 0Number of asset objects unloaded after import = 0

========================================================================
Received Import Request.
  Time since last request: 0.000021 seconds.
  path: Assets/Import/Lahmadju/Particles/Materials/Flame.mat
  artifactKey: Guid(26cc038733938514e81fdf80e8d14656) Importer(2089858483,b0f066a214c2f5e87bad3c948f4d605d)
Start importing Assets/Import/Lahmadju/Particles/Materials/Flame.mat using Guid(26cc038733938514e81fdf80e8d14656) Importer(2089858483,b0f066a214c2f5e87bad3c948f4d605d) (ScriptedImporter) -> (artifact id: '78b510c77de1d443157ee3334d344cc4') in 0.0115505 seconds
Number of updated asset objects reloaded before import = 0Number of asset objects unloaded after import = 2

========================================================================
Received Import Request.
  Time since last request: 0.000026 seconds.
  path: Assets/Import/Lahmadju/Hovl Studio/Magic effects pack/Materials/Point.mat
  artifactKey: Guid(e546d2d7171981b468cf29388d902e99) Importer(2089858483,b0f066a214c2f5e87bad3c948f4d605d)
Start importing Assets/Import/Lahmadju/Hovl Studio/Magic effects pack/Materials/Point.mat using Guid(e546d2d7171981b468cf29388d902e99) Importer(2089858483,b0f066a214c2f5e87bad3c948f4d605d) (ScriptedImporter) -> (artifact id: 'cb8b8a7279aa3f28be7eb85a3ad96b2c') in 0.0124572 seconds
Number of updated asset objects reloaded before import = 0Number of asset objects unloaded after import = 2

========================================================================
Received Import Request.
  Time since last request: 0.000047 seconds.
  path: Assets/Import/Lahmadju/Imported Models/Scifi-Gun/Baked Textures/Gun_Sci-Fi_1_pbr_metalness.png
  artifactKey: Guid(04420fc71f99df444a07bd29a20f2a9c) Importer(2089858483,b0f066a214c2f5e87bad3c948f4d605d)
Start importing Assets/Import/Lahmadju/Imported Models/Scifi-Gun/Baked Textures/Gun_Sci-Fi_1_pbr_metalness.png using Guid(04420fc71f99df444a07bd29a20f2a9c) Importer(2089858483,b0f066a214c2f5e87bad3c948f4d605d) (ScriptedImporter) -> (artifact id: '9e430b7832398d225c362c0a5af273e1') in 0.0312329 seconds
Number of updated asset objects reloaded before import = 0Number of asset objects unloaded after import = 1

========================================================================
Received Import Request.
  Time since last request: 0.000027 seconds.
  path: Assets/Import/Lahmadju/Sounds And Music/Bravo. Excellent. What a thrill. Not your first time, right.ogg
  artifactKey: Guid(66ae439700eae4144a8d5fde419d0b33) Importer(2089858483,b0f066a214c2f5e87bad3c948f4d605d)
Start importing Assets/Import/Lahmadju/Sounds And Music/Bravo. Excellent. What a thrill. Not your first time, right.ogg using Guid(66ae439700eae4144a8d5fde419d0b33) Importer(2089858483,b0f066a214c2f5e87bad3c948f4d605d) (ScriptedImporter) -> (artifact id: 'f21649d5e97a0ba27d9ccd65eb946ada') in 0.0696704 seconds
Number of updated asset objects reloaded before import = 0Number of asset objects unloaded after import = 1

========================================================================
Received Import Request.
  Time since last request: 0.000026 seconds.
  path: Assets/Import/Lahmadju/ImportedModels/Spacecraft_Control_Terminal_Console_ORANGE/textures/M_1001_baseColor_248.png
  artifactKey: Guid(305ca6c7ff50174419702c9b0c0e477c) Importer(2089858483,b0f066a214c2f5e87bad3c948f4d605d)
Start importing Assets/Import/Lahmadju/ImportedModels/Spacecraft_Control_Terminal_Console_ORANGE/textures/M_1001_baseColor_248.png using Guid(305ca6c7ff50174419702c9b0c0e477c) Importer(2089858483,b0f066a214c2f5e87bad3c948f4d605d) (ScriptedImporter) -> (artifact id: '17745ea3af6fa1f03fe01a829c3dab9e') in 0.0329257 seconds
Number of updated asset objects reloaded before import = 0Number of asset objects unloaded after import = 1

========================================================================
Received Import Request.
  Time since last request: 0.000045 seconds.
  path: Assets/Import/Lahmadju/ImportedModels/Spacecraft_Control_Terminal_Console_ORANGE/meshes/Object_48_48_0.asset
  artifactKey: Guid(9a3d2d77ee3ff834a91fd912b6bf7316) Importer(2089858483,b0f066a214c2f5e87bad3c948f4d605d)
Start importing Assets/Import/Lahmadju/ImportedModels/Spacecraft_Control_Terminal_Console_ORANGE/meshes/Object_48_48_0.asset using Guid(9a3d2d77ee3ff834a91fd912b6bf7316) Importer(2089858483,b0f066a214c2f5e87bad3c948f4d605d) (ScriptedImporter) -> (artifact id: 'c765937e1d69c008ce5ca7624285756a') in 0.0113278 seconds
Number of updated asset objects reloaded before import = 0Number of asset objects unloaded after import = 1

========================================================================
Received Import Request.
  Time since last request: 0.051001 seconds.
  path: Assets/Import/Lahmadju/ImportedModels/Spacecraft_Control_Terminal_Console_ORANGE/materials/Material.001_1001_1001_2.mat
  artifactKey: Guid(36d26962aec1f3c4eaf51d0b65f4527c) Importer(2089858483,b0f066a214c2f5e87bad3c948f4d605d)
Start importing Assets/Import/Lahmadju/ImportedModels/Spacecraft_Control_Terminal_Console_ORANGE/materials/Material.001_1001_1001_2.mat using Guid(36d26962aec1f3c4eaf51d0b65f4527c) Importer(2089858483,b0f066a214c2f5e87bad3c948f4d605d) (ScriptedImporter) -> (artifact id: 'a71fff8f3cff28da1cdd780dc6ba50a6') in 0.0229187 seconds
Number of updated asset objects reloaded before import = 0Number of asset objects unloaded after import = 6

========================================================================
Received Import Request.
  Time since last request: 0.000028 seconds.
  path: Assets/Import/Lahmadju/Imported Models/Ultimate 10 Plus Shaders/Materials/Textures/noise2.png
  artifactKey: Guid(fccc6818be225674382d96933708d421) Importer(2089858483,b0f066a214c2f5e87bad3c948f4d605d)
Start importing Assets/Import/Lahmadju/Imported Models/Ultimate 10 Plus Shaders/Materials/Textures/noise2.png using Guid(fccc6818be225674382d96933708d421) Importer(2089858483,b0f066a214c2f5e87bad3c948f4d605d) (ScriptedImporter) -> (artifact id: '92e59bed4dea61d0f7a0c24e97b89353') in 0.0361275 seconds
Number of updated asset objects reloaded before import = 0Number of asset objects unloaded after import = 1

========================================================================
Received Import Request.
  Time since last request: 0.000036 seconds.
  path: Assets/Import/Lahmadju/ImportedModels/Spacecraft_Control_Terminal_Console_ORANGE/textures/R_1001_metallicRoughness_150_metal.png
  artifactKey: Guid(b3661cd7129f0294faf24a99421599b9) Importer(2089858483,b0f066a214c2f5e87bad3c948f4d605d)
Start importing Assets/Import/Lahmadju/ImportedModels/Spacecraft_Control_Terminal_Console_ORANGE/textures/R_1001_metallicRoughness_150_metal.png using Guid(b3661cd7129f0294faf24a99421599b9) Importer(2089858483,b0f066a214c2f5e87bad3c948f4d605d) (ScriptedImporter) -> (artifact id: '4390520653ab74f82f61aab3a64f483d') in 0.0360753 seconds
Number of updated asset objects reloaded before import = 0Number of asset objects unloaded after import = 1

========================================================================
Received Import Request.
  Time since last request: 0.000027 seconds.
  path: Assets/Import/Lahmadju/Sounds And Music/Shot 1.mp3
  artifactKey: Guid(733a0ff7727334749a0381b7092162b3) Importer(2089858483,b0f066a214c2f5e87bad3c948f4d605d)
Start importing Assets/Import/Lahmadju/Sounds And Music/Shot 1.mp3 using Guid(733a0ff7727334749a0381b7092162b3) Importer(2089858483,b0f066a214c2f5e87bad3c948f4d605d) (ScriptedImporter) -> (artifact id: '55865287b85ded6343484d845e2e45d7') in 0.1116522 seconds
Number of updated asset objects reloaded before import = 0Number of asset objects unloaded after import = 1

========================================================================
Received Import Request.
  Time since last request: 0.000026 seconds.
  path: Assets/Import/Lahmadju/Imported Models/Scifi-Gun/Gun Model/With Baked Maps/ScifiHandGun_Baked_Maps.fbx
  artifactKey: Guid(28ebbcd7f4773384e867c255af2c669b) Importer(2089858483,b0f066a214c2f5e87bad3c948f4d605d)
Start importing Assets/Import/Lahmadju/Imported Models/Scifi-Gun/Gun Model/With Baked Maps/ScifiHandGun_Baked_Maps.fbx using Guid(28ebbcd7f4773384e867c255af2c669b) Importer(2089858483,b0f066a214c2f5e87bad3c948f4d605d) (ScriptedImporter) -> (artifact id: '705a806b6458bd7476fa62a009c983ed') in 0.0350813 seconds
Number of updated asset objects reloaded before import = 0Number of asset objects unloaded after import = 8

========================================================================
Received Import Request.
  Time since last request: 0.000036 seconds.
  path: Assets/Import/Lahmadju/Scripts/Player And Weapons/XR Grab Interactable Two Attach.cs
  artifactKey: Guid(2113f8d7f55e67249a4c04364ea41b57) Importer(2089858483,b0f066a214c2f5e87bad3c948f4d605d)
Start importing Assets/Import/Lahmadju/Scripts/Player And Weapons/XR Grab Interactable Two Attach.cs using Guid(2113f8d7f55e67249a4c04364ea41b57) Importer(2089858483,b0f066a214c2f5e87bad3c948f4d605d) (ScriptedImporter) -> (artifact id: '8babcad781e5a12a6feaf2ce2ca66525') in 0.0117885 seconds
Number of updated asset objects reloaded before import = 0Number of asset objects unloaded after import = 0

========================================================================
Received Import Request.
  Time since last request: 0.000025 seconds.
  path: Assets/Import/Lahmadju/Sounds And Music/weapon_swing_blood_hit_20.mp3
  artifactKey: Guid(3f1628f7ad0f7d9488226800adb89b53) Importer(2089858483,b0f066a214c2f5e87bad3c948f4d605d)
Start importing Assets/Import/Lahmadju/Sounds And Music/weapon_swing_blood_hit_20.mp3 using Guid(3f1628f7ad0f7d9488226800adb89b53) Importer(2089858483,b0f066a214c2f5e87bad3c948f4d605d) (ScriptedImporter) -> (artifact id: '18dcd39fc843b34d030b127ef7a5211f') in 0.1080092 seconds
Number of updated asset objects reloaded before import = 0Number of asset objects unloaded after import = 1

========================================================================
Received Import Request.
  Time since last request: 0.000031 seconds.
  path: Assets/Import/Lahmadju/ImportedModels/Spacecraft_Control_Terminal_Console_ORANGE/textures/Bacspace_1001_metallicRoughness_135_metal.png
  artifactKey: Guid(1188c1a2d858bbe4b82463db190ca4a7) Importer(2089858483,b0f066a214c2f5e87bad3c948f4d605d)
Start importing Assets/Import/Lahmadju/ImportedModels/Spacecraft_Control_Terminal_Console_ORANGE/textures/Bacspace_1001_metallicRoughness_135_metal.png using Guid(1188c1a2d858bbe4b82463db190ca4a7) Importer(2089858483,b0f066a214c2f5e87bad3c948f4d605d) (ScriptedImporter) -> (artifact id: 'c1242b249577bb3b836e3f2da27ab1b8') in 0.027929 seconds
Number of updated asset objects reloaded before import = 0Number of asset objects unloaded after import = 1

========================================================================
Received Import Request.
  Time since last request: 0.000038 seconds.
  path: Assets/Import/Lahmadju/AstarPathfindingProject/Generators/NodeClasses/TriangleMeshNode.cs
  artifactKey: Guid(54908f58720324c048a5b475a27077fa) Importer(2089858483,b0f066a214c2f5e87bad3c948f4d605d)
Start importing Assets/Import/Lahmadju/AstarPathfindingProject/Generators/NodeClasses/TriangleMeshNode.cs using Guid(54908f58720324c048a5b475a27077fa) Importer(2089858483,b0f066a214c2f5e87bad3c948f4d605d) (ScriptedImporter) -> (artifact id: '518a862a9daf580fc81c0e09e48b16b1') in 0.0094477 seconds
Number of updated asset objects reloaded before import = 0Number of asset objects unloaded after import = 0

========================================================================
Received Import Request.
  Time since last request: 0.000029 seconds.
  path: Assets/Import/Lahmadju/ImportedModels/Spacecraft_Control_Terminal_Console_ORANGE/textures/6_1001_baseColor_113.png
  artifactKey: Guid(c622a188544868144ac5f353654964da) Importer(2089858483,b0f066a214c2f5e87bad3c948f4d605d)
Start importing Assets/Import/Lahmadju/ImportedModels/Spacecraft_Control_Terminal_Console_ORANGE/textures/6_1001_baseColor_113.png using Guid(c622a188544868144ac5f353654964da) Importer(2089858483,b0f066a214c2f5e87bad3c948f4d605d) (ScriptedImporter) -> (artifact id: 'd0523bb936ab705f473b81c68165ee26') in 0.0302684 seconds
Number of updated asset objects reloaded before import = 0Number of asset objects unloaded after import = 1

========================================================================
Received Import Request.
  Time since last request: 0.000027 seconds.
  path: Assets/Import/Lahmadju/ImportedModels/Space_Music!/meshes/Plane.004_main_0_11_0.asset
  artifactKey: Guid(3bf09b38460a9244bae0c64bf604c3bc) Importer(2089858483,b0f066a214c2f5e87bad3c948f4d605d)
Start importing Assets/Import/Lahmadju/ImportedModels/Space_Music!/meshes/Plane.004_main_0_11_0.asset using Guid(3bf09b38460a9244bae0c64bf604c3bc) Importer(2089858483,b0f066a214c2f5e87bad3c948f4d605d) (ScriptedImporter) -> (artifact id: '972c8d11db2482c444744b4e427a1f4f') in 0.0104106 seconds
Number of updated asset objects reloaded before import = 0Number of asset objects unloaded after import = 1

========================================================================
Received Import Request.
  Time since last request: 0.000034 seconds.
  path: Assets/Import/Lahmadju/ImportedModels/Free_Sci_Fi_Helmet/textures/Visor01_normal_13.png
  artifactKey: Guid(56575268601508946a3758ab84935c3b) Importer(2089858483,b0f066a214c2f5e87bad3c948f4d605d)
Start importing Assets/Import/Lahmadju/ImportedModels/Free_Sci_Fi_Helmet/textures/Visor01_normal_13.png using Guid(56575268601508946a3758ab84935c3b) Importer(2089858483,b0f066a214c2f5e87bad3c948f4d605d) (ScriptedImporter) -> (artifact id: '08efd7e0ccfd7039759fadea96dd1733') in 0.0362503 seconds
Number of updated asset objects reloaded before import = 0Number of asset objects unloaded after import = 1

========================================================================
Received Import Request.
  Time since last request: 0.000024 seconds.
  path: Assets/Import/Lahmadju/ImportedModels/Spacecraft_Control_Terminal_Console_ORANGE/materials/Material.006_1001_1001_7.mat
  artifactKey: Guid(38a02278840c9134fac877137977ee7f) Importer(2089858483,b0f066a214c2f5e87bad3c948f4d605d)
Start importing Assets/Import/Lahmadju/ImportedModels/Spacecraft_Control_Terminal_Console_ORANGE/materials/Material.006_1001_1001_7.mat using Guid(38a02278840c9134fac877137977ee7f) Importer(2089858483,b0f066a214c2f5e87bad3c948f4d605d) (ScriptedImporter) -> (artifact id: '8af287dba8dd1b337b4e1dfaa48c06ea') in 0.0254127 seconds
Number of updated asset objects reloaded before import = 0Number of asset objects unloaded after import = 7

========================================================================
Received Import Request.
  Time since last request: 0.000026 seconds.
  path: Assets/Import/Lahmadju/Imported Models/Oculus Hands/Materials/Hands_solid.mat
  artifactKey: Guid(3637b758ff163493f8bb8b6d7e96d7ae) Importer(2089858483,b0f066a214c2f5e87bad3c948f4d605d)
Start importing Assets/Import/Lahmadju/Imported Models/Oculus Hands/Materials/Hands_solid.mat using Guid(3637b758ff163493f8bb8b6d7e96d7ae) Importer(2089858483,b0f066a214c2f5e87bad3c948f4d605d) (ScriptedImporter) -> (artifact id: '47920a1183c014aeec7ef98bc7c3a421') in 0.0131633 seconds
Number of updated asset objects reloaded before import = 0Number of asset objects unloaded after import = 1

========================================================================
Received Import Request.
  Time since last request: 0.000039 seconds.
  path: Assets/Import/Lahmadju/Sounds And Music/Voicy_Sekiro - Shinobi Execution.mp3
  artifactKey: Guid(a9856198c5a333b48b6c730c2a6f0ec4) Importer(2089858483,b0f066a214c2f5e87bad3c948f4d605d)
Start importing Assets/Import/Lahmadju/Sounds And Music/Voicy_Sekiro - Shinobi Execution.mp3 using Guid(a9856198c5a333b48b6c730c2a6f0ec4) Importer(2089858483,b0f066a214c2f5e87bad3c948f4d605d) (ScriptedImporter) -> (artifact id: '6ba0fbd74a2fe96798a5f9468a2812be') in 0.116744 seconds
Number of updated asset objects reloaded before import = 0Number of asset objects unloaded after import = 1

========================================================================
Received Import Request.
  Time since last request: 0.000031 seconds.
  path: Assets/Import/Lahmadju/ImportedModels/Spacecraft_Control_Terminal_Console_ORANGE/textures/Material.005_1001_1001_baseColor_18.png
  artifactKey: Guid(17f50cb822bed394782c4e446708154f) Importer(2089858483,b0f066a214c2f5e87bad3c948f4d605d)
Start importing Assets/Import/Lahmadju/ImportedModels/Spacecraft_Control_Terminal_Console_ORANGE/textures/Material.005_1001_1001_baseColor_18.png using Guid(17f50cb822bed394782c4e446708154f) Importer(2089858483,b0f066a214c2f5e87bad3c948f4d605d) (ScriptedImporter) -> (artifact id: 'bd4d95263363c847fbae557c536795b7') in 0.0251559 seconds
Number of updated asset objects reloaded before import = 0Number of asset objects unloaded after import = 1

========================================================================
Received Import Request.
  Time since last request: 0.000046 seconds.
  path: Assets/Import/Lahmadju/ImportedModels/Space_core_-_from_portal_2_(original)/materials/personality_sphere_light_damaged_2.mat
  artifactKey: Guid(0e7f27a8aaa79414287cda39a2426eb5) Importer(2089858483,b0f066a214c2f5e87bad3c948f4d605d)
Start importing Assets/Import/Lahmadju/ImportedModels/Space_core_-_from_portal_2_(original)/materials/personality_sphere_light_damaged_2.mat using Guid(0e7f27a8aaa79414287cda39a2426eb5) Importer(2089858483,b0f066a214c2f5e87bad3c948f4d605d) (ScriptedImporter) -> (artifact id: '3bd718e5c504be9fd41b10bd9b888cb3') in 0.0166793 seconds
Number of updated asset objects reloaded before import = 0Number of asset objects unloaded after import = 3

========================================================================
Received Import Request.
  Time since last request: 0.000035 seconds.
  path: Assets/Import/Lahmadju/ImportedModels/Space_Plant/textures/Bulbs_baseColor_3.png
  artifactKey: Guid(4cb4b2c828fa12e44a70ce0226822a73) Importer(2089858483,b0f066a214c2f5e87bad3c948f4d605d)
Start importing Assets/Import/Lahmadju/ImportedModels/Space_Plant/textures/Bulbs_baseColor_3.png using Guid(4cb4b2c828fa12e44a70ce0226822a73) Importer(2089858483,b0f066a214c2f5e87bad3c948f4d605d) (ScriptedImporter) -> (artifact id: '9a760c9ae9ec1c36727cb5d0b217e399') in 0.0373272 seconds
Number of updated asset objects reloaded before import = 0Number of asset objects unloaded after import = 1

========================================================================
Received Import Request.
  Time since last request: 0.000027 seconds.
  path: Assets/Import/Lahmadju/ImportedModels/Spacecraft_Control_Terminal_Console_ORANGE/materials/Material.044_1001_54.mat
  artifactKey: Guid(e120fbb86410e1f43baf5ae430a4e828) Importer(2089858483,b0f066a214c2f5e87bad3c948f4d605d)
Start importing Assets/Import/Lahmadju/ImportedModels/Spacecraft_Control_Terminal_Console_ORANGE/materials/Material.044_1001_54.mat using Guid(e120fbb86410e1f43baf5ae430a4e828) Importer(2089858483,b0f066a214c2f5e87bad3c948f4d605d) (ScriptedImporter) -> (artifact id: 'baeb349aec2c007c2395112e35319c4e') in 0.1919475 seconds
Number of updated asset objects reloaded before import = 0Number of asset objects unloaded after import = 6

========================================================================
Received Import Request.
  Time since last request: 0.000042 seconds.
  path: Assets/Import/Lahmadju/ImportedModels/Space_container_-_Mars_mission/meshes/MarsBox_hand_hands_low_UV_0_5_0.asset
  artifactKey: Guid(42260af87bdb0584390d01fd0648b657) Importer(2089858483,b0f066a214c2f5e87bad3c948f4d605d)
Start importing Assets/Import/Lahmadju/ImportedModels/Space_container_-_Mars_mission/meshes/MarsBox_hand_hands_low_UV_0_5_0.asset using Guid(42260af87bdb0584390d01fd0648b657) Importer(2089858483,b0f066a214c2f5e87bad3c948f4d605d) (ScriptedImporter) -> (artifact id: '5c56fe0cdeacafe2bf80b15b5715f7cd') in 0.0125797 seconds
Number of updated asset objects reloaded before import = 0Number of asset objects unloaded after import = 1

========================================================================
Received Import Request.
  Time since last request: 0.000030 seconds.
  path: Assets/Import/Lahmadju/Prefabs/DODONPA/Sci-Fi_Space_Station__Rotor_Nexus/meshes/SupportStructure_Beam2_SpaceStation_Parts_0_7_0.asset
  artifactKey: Guid(cf0b29f8c4472384eb221e9993dca284) Importer(2089858483,b0f066a214c2f5e87bad3c948f4d605d)
Start importing Assets/Import/Lahmadju/Prefabs/DODONPA/Sci-Fi_Space_Station__Rotor_Nexus/meshes/SupportStructure_Beam2_SpaceStation_Parts_0_7_0.asset using Guid(cf0b29f8c4472384eb221e9993dca284) Importer(2089858483,b0f066a214c2f5e87bad3c948f4d605d) (ScriptedImporter) -> (artifact id: '109cbe137849c5fce291115a76bbd6f7') in 0.0105753 seconds
Number of updated asset objects reloaded before import = 0Number of asset objects unloaded after import = 1

========================================================================
Received Import Request.
  Time since last request: 0.000030 seconds.
  path: Assets/Import/Lahmadju/ImportedModels/Spacecraft_Control_Terminal_Console_ORANGE/meshes/Object_32_32_0.asset
  artifactKey: Guid(068677f8683d0104eb6d9f26715bd6e1) Importer(2089858483,b0f066a214c2f5e87bad3c948f4d605d)
Start importing Assets/Import/Lahmadju/ImportedModels/Spacecraft_Control_Terminal_Console_ORANGE/meshes/Object_32_32_0.asset using Guid(068677f8683d0104eb6d9f26715bd6e1) Importer(2089858483,b0f066a214c2f5e87bad3c948f4d605d) (ScriptedImporter) -> (artifact id: '6a6803f07e35edb3e9722232a7da4e89') in 0.0110899 seconds
Number of updated asset objects reloaded before import = 0Number of asset objects unloaded after import = 1

========================================================================
Received Import Request.
  Time since last request: 0.000027 seconds.
  path: Assets/Import/Lahmadju/Scripts/Boss/Boss Animator.cs
  artifactKey: Guid(db1e1309b0938664fbadece485559547) Importer(2089858483,b0f066a214c2f5e87bad3c948f4d605d)
Start importing Assets/Import/Lahmadju/Scripts/Boss/Boss Animator.cs using Guid(db1e1309b0938664fbadece485559547) Importer(2089858483,b0f066a214c2f5e87bad3c948f4d605d) (ScriptedImporter) -> (artifact id: 'e91a90660a740fd8caf9368dc15a6c6f') in 0.0103064 seconds
Number of updated asset objects reloaded before import = 0Number of asset objects unloaded after import = 0

========================================================================
Received Import Request.
  Time since last request: 0.000035 seconds.
  path: Assets/Import/Lahmadju/AstarPathfindingProject/Core/Misc/BinaryHeap.cs
  artifactKey: Guid(eb4299e8747f44ad2b4e086752108ea3) Importer(2089858483,b0f066a214c2f5e87bad3c948f4d605d)
Start importing Assets/Import/Lahmadju/AstarPathfindingProject/Core/Misc/BinaryHeap.cs using Guid(eb4299e8747f44ad2b4e086752108ea3) Importer(2089858483,b0f066a214c2f5e87bad3c948f4d605d) (ScriptedImporter) -> (artifact id: '0d19f3637386713827ff8d84ff84f5c6') in 0.0095945 seconds
Number of updated asset objects reloaded before import = 0Number of asset objects unloaded after import = 0

========================================================================
Received Import Request.
  Time since last request: 0.000041 seconds.
  path: Assets/Import/Lahmadju/ImportedModels/Computer_[X]_Terminal-II/meshes/Object_3_3_0.asset
  artifactKey: Guid(b487bef8be9bb23488e517304955ea2b) Importer(2089858483,b0f066a214c2f5e87bad3c948f4d605d)
Start importing Assets/Import/Lahmadju/ImportedModels/Computer_[X]_Terminal-II/meshes/Object_3_3_0.asset using Guid(b487bef8be9bb23488e517304955ea2b) Importer(2089858483,b0f066a214c2f5e87bad3c948f4d605d) (ScriptedImporter) -> (artifact id: '43d01721c6b22361c16e120fe676929e') in 0.1476762 seconds
Number of updated asset objects reloaded before import = 0Number of asset objects unloaded after import = 1

========================================================================
Received Import Request.
  Time since last request: 0.000024 seconds.
  path: Assets/Import/Lahmadju/ImportedModels/Spacecraft_Control_Terminal_Console_ORANGE/textures/Material.011_1001_metallicRoughness_60_occlusion.png
  artifactKey: Guid(dcca844918aae2b45bd3e6e98369d91c) Importer(2089858483,b0f066a214c2f5e87bad3c948f4d605d)
Start importing Assets/Import/Lahmadju/ImportedModels/Spacecraft_Control_Terminal_Console_ORANGE/textures/Material.011_1001_metallicRoughness_60_occlusion.png using Guid(dcca844918aae2b45bd3e6e98369d91c) Importer(2089858483,b0f066a214c2f5e87bad3c948f4d605d) (ScriptedImporter) -> (artifact id: '5d0e0e60cb5ac39e67a55a8e3ab2ebab') in 0.0283498 seconds
Number of updated asset objects reloaded before import = 0Number of asset objects unloaded after import = 1

========================================================================
Received Import Request.
  Time since last request: 0.000033 seconds.
  path: Assets/Import/Lahmadju/ImportedModels/Spacecraft_Control_Terminal_Console_ORANGE/textures/8_1001_metallicRoughness_120_metal.png
  artifactKey: Guid(70a85b5944b10de41a147b80aef96c2a) Importer(2089858483,b0f066a214c2f5e87bad3c948f4d605d)
Start importing Assets/Import/Lahmadju/ImportedModels/Spacecraft_Control_Terminal_Console_ORANGE/textures/8_1001_metallicRoughness_120_metal.png using Guid(70a85b5944b10de41a147b80aef96c2a) Importer(2089858483,b0f066a214c2f5e87bad3c948f4d605d) (ScriptedImporter) -> (artifact id: '7da8ea0ac681854df23ed59aa81200b8') in 0.0303037 seconds
Number of updated asset objects reloaded before import = 0Number of asset objects unloaded after import = 1

========================================================================
Received Import Request.
  Time since last request: 0.000023 seconds.
  path: Assets/Import/Lahmadju/ImportedModels/Spacecraft_Control_Terminal_Console_ORANGE/textures/ctrl_1_1001_normal_187.png
  artifactKey: Guid(76f54539b5586cc428803b72d24b87c3) Importer(2089858483,b0f066a214c2f5e87bad3c948f4d605d)
Start importing Assets/Import/Lahmadju/ImportedModels/Spacecraft_Control_Terminal_Console_ORANGE/textures/ctrl_1_1001_normal_187.png using Guid(76f54539b5586cc428803b72d24b87c3) Importer(2089858483,b0f066a214c2f5e87bad3c948f4d605d) (ScriptedImporter) -> (artifact id: '67f509ebb7742134283da70162e06824') in 0.0229901 seconds
Number of updated asset objects reloaded before import = 0Number of asset objects unloaded after import = 1

========================================================================
Received Import Request.
  Time since last request: 0.000031 seconds.
  path: Assets/Import/Lahmadju/ImportedModels/Spacecraft_Control_Terminal_Console_ORANGE/meshes/Object_69_69_0.asset
  artifactKey: Guid(cd3b8b69a65e0f04da5214e52c84c30f) Importer(2089858483,b0f066a214c2f5e87bad3c948f4d605d)
Start importing Assets/Import/Lahmadju/ImportedModels/Spacecraft_Control_Terminal_Console_ORANGE/meshes/Object_69_69_0.asset using Guid(cd3b8b69a65e0f04da5214e52c84c30f) Importer(2089858483,b0f066a214c2f5e87bad3c948f4d605d) (ScriptedImporter) -> (artifact id: '4bd0cfeecc609c281eb1b1078b858d7f') in 0.0097172 seconds
Number of updated asset objects reloaded before import = 0Number of asset objects unloaded after import = 1

========================================================================
Received Import Request.
  Time since last request: 0.000058 seconds.
  path: Assets/Import/Lahmadju/ImportedModels/Spacecraft_Control_Terminal_Console_ORANGE/meshes/Object_67_67_0.asset
  artifactKey: Guid(48796069dcb734b4cad5de19bf4a8820) Importer(2089858483,b0f066a214c2f5e87bad3c948f4d605d)
Start importing Assets/Import/Lahmadju/ImportedModels/Spacecraft_Control_Terminal_Console_ORANGE/meshes/Object_67_67_0.asset using Guid(48796069dcb734b4cad5de19bf4a8820) Importer(2089858483,b0f066a214c2f5e87bad3c948f4d605d) (ScriptedImporter) -> (artifact id: '1d62b13d16d8f304845763ee01243c8a') in 0.0102757 seconds
Number of updated asset objects reloaded before import = 0Number of asset objects unloaded after import = 1

========================================================================
Received Import Request.
  Time since last request: 0.000024 seconds.
  path: Assets/Import/Lahmadju/ImportedModels/Dark_rock_with_lava/textures/defaultMat_normal_3.png
  artifactKey: Guid(1b4f435887974e1499dedae5ed50bba4) Importer(2089858483,b0f066a214c2f5e87bad3c948f4d605d)
Start importing Assets/Import/Lahmadju/ImportedModels/Dark_rock_with_lava/textures/defaultMat_normal_3.png using Guid(1b4f435887974e1499dedae5ed50bba4) Importer(2089858483,b0f066a214c2f5e87bad3c948f4d605d) (ScriptedImporter) -> (artifact id: '52022cc727f6ffe8fc6b44857f0da92d') in 0.0361198 seconds
Number of updated asset objects reloaded before import = 0Number of asset objects unloaded after import = 1

========================================================================
Received Import Request.
  Time since last request: 0.000035 seconds.
  path: Assets/Import/Lahmadju/Sounds And Music/Abandoned_Spaceship_Full.wav
  artifactKey: Guid(56f8ca732cfca49d3b379f4aa575c786) Importer(2089858483,b0f066a214c2f5e87bad3c948f4d605d)
Start importing Assets/Import/Lahmadju/Sounds And Music/Abandoned_Spaceship_Full.wav using Guid(56f8ca732cfca49d3b379f4aa575c786) Importer(2089858483,b0f066a214c2f5e87bad3c948f4d605d) (ScriptedImporter) -> (artifact id: '4d73aa86b21ec399f07b4da1bb24658c') in 0.1681566 seconds
Number of updated asset objects reloaded before import = 0Number of asset objects unloaded after import = 1

========================================================================
Received Import Request.
  Time since last request: 0.000042 seconds.
  path: Assets/Import/Lahmadju/ImportedModels/Spaceship_-_Evil_(Gravity)/textures/Engine_metallicRoughness_5.png
  artifactKey: Guid(f55cead975177e341988bb2d0c6aa748) Importer(2089858483,b0f066a214c2f5e87bad3c948f4d605d)
Start importing Assets/Import/Lahmadju/ImportedModels/Spaceship_-_Evil_(Gravity)/textures/Engine_metallicRoughness_5.png using Guid(f55cead975177e341988bb2d0c6aa748) Importer(2089858483,b0f066a214c2f5e87bad3c948f4d605d) (ScriptedImporter) -> (artifact id: '7685242ba457ce6addac16ac7d2028f8') in 0.0354154 seconds
Number of updated asset objects reloaded before import = 0Number of asset objects unloaded after import = 1

========================================================================
Received Import Request.
  Time since last request: 0.000025 seconds.
  path: Assets/Import/Lahmadju/ImportedModels/Spacecraft_Control_Terminal_Console_ORANGE/meshes/Object_61_61_0.asset
  artifactKey: Guid(db6e838910db4c447a4476cb9626ac12) Importer(2089858483,b0f066a214c2f5e87bad3c948f4d605d)
Start importing Assets/Import/Lahmadju/ImportedModels/Spacecraft_Control_Terminal_Console_ORANGE/meshes/Object_61_61_0.asset using Guid(db6e838910db4c447a4476cb9626ac12) Importer(2089858483,b0f066a214c2f5e87bad3c948f4d605d) (ScriptedImporter) -> (artifact id: '1fa524cfb3a8067d9bd66d82b427888a') in 0.1156641 seconds
Number of updated asset objects reloaded before import = 0Number of asset objects unloaded after import = 1

========================================================================
Received Import Request.
  Time since last request: 0.000037 seconds.
  path: Assets/Import/Lahmadju/Prefabs/DODONPA/Sci-Fi_Space_Station__Rotor_Nexus/meshes/SurfaceBraces_Short1_4_SpaceStation_Parts_0_19_0.asset
  artifactKey: Guid(b7effd99668f42b4d9b5461faba219c0) Importer(2089858483,b0f066a214c2f5e87bad3c948f4d605d)
Start importing Assets/Import/Lahmadju/Prefabs/DODONPA/Sci-Fi_Space_Station__Rotor_Nexus/meshes/SurfaceBraces_Short1_4_SpaceStation_Parts_0_19_0.asset using Guid(b7effd99668f42b4d9b5461faba219c0) Importer(2089858483,b0f066a214c2f5e87bad3c948f4d605d) (ScriptedImporter) -> (artifact id: 'db2aa92dcbc5321e6a391989d55b71d8') in 0.0153457 seconds
Number of updated asset objects reloaded before import = 0Number of asset objects unloaded after import = 1

========================================================================
Received Import Request.
  Time since last request: 0.000042 seconds.
  path: Assets/Import/Lahmadju/ImportedModels/Space_Bottle/meshes/Cylinder_Material.005_0_0_0.asset
  artifactKey: Guid(4e80cac90a482984a956c7ca4d060161) Importer(2089858483,b0f066a214c2f5e87bad3c948f4d605d)
Start importing Assets/Import/Lahmadju/ImportedModels/Space_Bottle/meshes/Cylinder_Material.005_0_0_0.asset using Guid(4e80cac90a482984a956c7ca4d060161) Importer(2089858483,b0f066a214c2f5e87bad3c948f4d605d) (ScriptedImporter) -> (artifact id: 'baa7a98191e68f3f7060bc7b06ab736f') in 0.0222336 seconds
Number of updated asset objects reloaded before import = 0Number of asset objects unloaded after import = 1

========================================================================
Received Import Request.
  Time since last request: 0.000027 seconds.
  path: Assets/Import/Lahmadju/Materials/Ice BFS.mat
  artifactKey: Guid(ce22a8f95dd8e8b42bd1d496990ff0c4) Importer(2089858483,b0f066a214c2f5e87bad3c948f4d605d)
Start importing Assets/Import/Lahmadju/Materials/Ice BFS.mat using Guid(ce22a8f95dd8e8b42bd1d496990ff0c4) Importer(2089858483,b0f066a214c2f5e87bad3c948f4d605d) (ScriptedImporter) -> (artifact id: 'c9850bf7b7f073abea0d7ccd40190498') in 0.0133298 seconds
Number of updated asset objects reloaded before import = 0Number of asset objects unloaded after import = 1

========================================================================
Received Import Request.
  Time since last request: 0.000025 seconds.
  path: Assets/Import/Lahmadju/ImportedModels/Arcade_Game_-_Space_Invaders/materials/CR_videogamecoins_2.mat
  artifactKey: Guid(33ab8f2a5755753419d12aa89c779b1a) Importer(2089858483,b0f066a214c2f5e87bad3c948f4d605d)
Start importing Assets/Import/Lahmadju/ImportedModels/Arcade_Game_-_Space_Invaders/materials/CR_videogamecoins_2.mat using Guid(33ab8f2a5755753419d12aa89c779b1a) Importer(2089858483,b0f066a214c2f5e87bad3c948f4d605d) (ScriptedImporter) -> (artifact id: 'ff0c2d9f9baf8b780018aeb84f52ae2f') in 0.0160504 seconds
Number of updated asset objects reloaded before import = 0Number of asset objects unloaded after import = 3

========================================================================
Received Import Request.
  Time since last request: 0.000050 seconds.
  path: Assets/Import/Lahmadju/ImportedModels/Spacecraft_Control_Terminal_Console_ORANGE/materials/Material.001_1001_9.mat
  artifactKey: Guid(76b62eb903c176147ad746b68c9aca9a) Importer(2089858483,b0f066a214c2f5e87bad3c948f4d605d)
Start importing Assets/Import/Lahmadju/ImportedModels/Spacecraft_Control_Terminal_Console_ORANGE/materials/Material.001_1001_9.mat using Guid(76b62eb903c176147ad746b68c9aca9a) Importer(2089858483,b0f066a214c2f5e87bad3c948f4d605d) (ScriptedImporter) -> (artifact id: 'd208b91b6132d87f93e22e5ab0b4a3b2') in 0.022133 seconds
Number of updated asset objects reloaded before import = 0Number of asset objects unloaded after import = 6

========================================================================
Received Import Request.
  Time since last request: 0.000198 seconds.
  path: Assets/Import/Lahmadju/ImportedModels/Spacecraft_Control_Terminal_Console_ORANGE/textures/7_1001_baseColor_116.png
  artifactKey: Guid(98737f894d168a645b9b899dbb21c0ea) Importer(2089858483,b0f066a214c2f5e87bad3c948f4d605d)
Start importing Assets/Import/Lahmadju/ImportedModels/Spacecraft_Control_Terminal_Console_ORANGE/textures/7_1001_baseColor_116.png using Guid(98737f894d168a645b9b899dbb21c0ea) Importer(2089858483,b0f066a214c2f5e87bad3c948f4d605d) (ScriptedImporter) -> (artifact id: '503bac6d8077acd1ae1063ead59be612') in 0.0343838 seconds
Number of updated asset objects reloaded before import = 0Number of asset objects unloaded after import = 1

========================================================================
Received Import Request.
  Time since last request: 0.000028 seconds.
  path: Assets/Import/Lahmadju/AstarPathfindingProject/Editor/AIBaseEditor.cs
  artifactKey: Guid(ab4eeab9df88a4d069163baf60aad496) Importer(2089858483,b0f066a214c2f5e87bad3c948f4d605d)
Start importing Assets/Import/Lahmadju/AstarPathfindingProject/Editor/AIBaseEditor.cs using Guid(ab4eeab9df88a4d069163baf60aad496) Importer(2089858483,b0f066a214c2f5e87bad3c948f4d605d) (ScriptedImporter) -> (artifact id: '94879c1bf5023a7f73bad33cf69b9191') in 0.0113523 seconds
Number of updated asset objects reloaded before import = 0Number of asset objects unloaded after import = 0

========================================================================
Received Import Request.
  Time since last request: 0.000057 seconds.
  path: Assets/Import/Lahmadju/ImportedModels/Spacecraft_Control_Terminal_Console_ORANGE/textures/S_1001_baseColor_140.png
  artifactKey: Guid(d37781f9cd409d349a36cbe667327317) Importer(2089858483,b0f066a214c2f5e87bad3c948f4d605d)
Start importing Assets/Import/Lahmadju/ImportedModels/Spacecraft_Control_Terminal_Console_ORANGE/textures/S_1001_baseColor_140.png using Guid(d37781f9cd409d349a36cbe667327317) Importer(2089858483,b0f066a214c2f5e87bad3c948f4d605d) (ScriptedImporter) -> (artifact id: '9560780254c3cb0ee8f3c0a0c8ce9ddd') in 0.0469806 seconds
Number of updated asset objects reloaded before import = 0Number of asset objects unloaded after import = 1

========================================================================
Received Import Request.
  Time since last request: 0.000041 seconds.
  path: Assets/Import/Lahmadju/Scripts/Player And Weapons/Animate Hands 2.cs
  artifactKey: Guid(808e405ab77ab7448bdbac1b592be3cc) Importer(2089858483,b0f066a214c2f5e87bad3c948f4d605d)
Start importing Assets/Import/Lahmadju/Scripts/Player And Weapons/Animate Hands 2.cs using Guid(808e405ab77ab7448bdbac1b592be3cc) Importer(2089858483,b0f066a214c2f5e87bad3c948f4d605d) (ScriptedImporter) -> (artifact id: 'bf48fa7ec23a0e8a203c1695c28057ec') in 0.1884853 seconds
Number of updated asset objects reloaded before import = 0Number of asset objects unloaded after import = 0

========================================================================
Received Import Request.
  Time since last request: 0.000044 seconds.
  path: Assets/Import/Lahmadju/ImportedModels/Spacecraft_Control_Terminal_Console_ORANGE/meshes/Object_47_47_0.asset
  artifactKey: Guid(1733147a9be4bd04a9b6188e4a203d62) Importer(2089858483,b0f066a214c2f5e87bad3c948f4d605d)
Start importing Assets/Import/Lahmadju/ImportedModels/Spacecraft_Control_Terminal_Console_ORANGE/meshes/Object_47_47_0.asset using Guid(1733147a9be4bd04a9b6188e4a203d62) Importer(2089858483,b0f066a214c2f5e87bad3c948f4d605d) (ScriptedImporter) -> (artifact id: '2ad2c8f0a032a70db5f8f21dc2339c10') in 0.0134603 seconds
Number of updated asset objects reloaded before import = 0Number of asset objects unloaded after import = 1

========================================================================
Received Import Request.
  Time since last request: 0.000028 seconds.
  path: Assets/Import/Lahmadju/ImportedModels/Spacecraft_Control_Terminal_Console_ORANGE/materials/F7_1001_28.mat
  artifactKey: Guid(b782cc7a9cca82d40ba2100b4a37a11e) Importer(2089858483,b0f066a214c2f5e87bad3c948f4d605d)
Start importing Assets/Import/Lahmadju/ImportedModels/Spacecraft_Control_Terminal_Console_ORANGE/materials/F7_1001_28.mat using Guid(b782cc7a9cca82d40ba2100b4a37a11e) Importer(2089858483,b0f066a214c2f5e87bad3c948f4d605d) (ScriptedImporter) -> (artifact id: 'de7587f4b5f9c36ca86bd5782fd70f97') in 0.1154707 seconds
Number of updated asset objects reloaded before import = 0Number of asset objects unloaded after import = 6

========================================================================
Received Import Request.
  Time since last request: 0.000034 seconds.
  path: Assets/Import/Lahmadju/ImportedModels/Space_Plant/textures/Tree_baseColor_0.png
  artifactKey: Guid(f204ab6ab3e4f2d4f8b4332869b4c86f) Importer(2089858483,b0f066a214c2f5e87bad3c948f4d605d)
Start importing Assets/Import/Lahmadju/ImportedModels/Space_Plant/textures/Tree_baseColor_0.png using Guid(f204ab6ab3e4f2d4f8b4332869b4c86f) Importer(2089858483,b0f066a214c2f5e87bad3c948f4d605d) (ScriptedImporter) -> (artifact id: '81a6b0e4321bf970bcbef9831edfdb69') in 0.0327306 seconds
Number of updated asset objects reloaded before import = 0Number of asset objects unloaded after import = 1

========================================================================
Received Import Request.
  Time since last request: 0.000049 seconds.
  path: Assets/Import/Lahmadju/ImportedModels/Spacecraft_Control_Terminal_Console_ORANGE/textures/Material.007_1001_baseColor_47.png
  artifactKey: Guid(b518db5a60b132b4ca28fef8d89a08e8) Importer(2089858483,b0f066a214c2f5e87bad3c948f4d605d)
Start importing Assets/Import/Lahmadju/ImportedModels/Spacecraft_Control_Terminal_Console_ORANGE/textures/Material.007_1001_baseColor_47.png using Guid(b518db5a60b132b4ca28fef8d89a08e8) Importer(2089858483,b0f066a214c2f5e87bad3c948f4d605d) (ScriptedImporter) -> (artifact id: '188c78e9a40e91d71812aa86ee821d7a') in 0.0357381 seconds
Number of updated asset objects reloaded before import = 0Number of asset objects unloaded after import = 1

========================================================================
Received Import Request.
  Time since last request: 0.000022 seconds.
  path: Assets/Import/Lahmadju/Imported Models/_Barking_Dog/3D Free Modular Kit/_Meshes/Roof_Angle_01.FBX
  artifactKey: Guid(a335669a69f934699847642d88414623) Importer(2089858483,b0f066a214c2f5e87bad3c948f4d605d)
Start importing Assets/Import/Lahmadju/Imported Models/_Barking_Dog/3D Free Modular Kit/_Meshes/Roof_Angle_01.FBX using Guid(a335669a69f934699847642d88414623) Importer(2089858483,b0f066a214c2f5e87bad3c948f4d605d) (ScriptedImporter) -> (artifact id: '0555b9674ec36578a73494b3b08fe204') in 0.0367495 seconds
Number of updated asset objects reloaded before import = 0Number of asset objects unloaded after import = 8

========================================================================
Received Import Request.
  Time since last request: 0.000027 seconds.
  path: Assets/Import/Lahmadju/AstarPathfindingProject/Generators/Utilities/RecastMeshGatherer.cs
  artifactKey: Guid(6eafb2bafadcd40cab49fa79908ee5f1) Importer(2089858483,b0f066a214c2f5e87bad3c948f4d605d)
Start importing Assets/Import/Lahmadju/AstarPathfindingProject/Generators/Utilities/RecastMeshGatherer.cs using Guid(6eafb2bafadcd40cab49fa79908ee5f1) Importer(2089858483,b0f066a214c2f5e87bad3c948f4d605d) (ScriptedImporter) -> (artifact id: '9208ff7e4cc9a6b405a29477a8c11298') in 0.0129232 seconds
Number of updated asset objects reloaded before import = 0Number of asset objects unloaded after import = 0

========================================================================
Received Import Request.
  Time since last request: 0.000037 seconds.
  path: Assets/Import/Lahmadju/ImportedModels/AZURION_MK-V_Pulse_Blaster/AZURION_MK-V_Pulse_Blaster.prefab
  artifactKey: Guid(ca4ccb7ac7386a84fbc2483000df25a0) Importer(2089858483,b0f066a214c2f5e87bad3c948f4d605d)
Start importing Assets/Import/Lahmadju/ImportedModels/AZURION_MK-V_Pulse_Blaster/AZURION_MK-V_Pulse_Blaster.prefab using Guid(ca4ccb7ac7386a84fbc2483000df25a0) Importer(2089858483,b0f066a214c2f5e87bad3c948f4d605d) (ScriptedImporter) -> (artifact id: '79ccf5a45b28b9ce2da34f669b683558') in 0.0334188 seconds
Number of updated asset objects reloaded before import = 0Number of asset objects unloaded after import = 17

========================================================================
Received Import Request.
  Time since last request: 0.000027 seconds.
  path: Assets/Import/Lahmadju/ImportedModels/Spacecraft_Control_Terminal_Console_ORANGE/textures/S_1001_metallicRoughness_141_occlusion.png
  artifactKey: Guid(145cd58aa6be3b147accf86261169e06) Importer(2089858483,b0f066a214c2f5e87bad3c948f4d605d)
Start importing Assets/Import/Lahmadju/ImportedModels/Spacecraft_Control_Terminal_Console_ORANGE/textures/S_1001_metallicRoughness_141_occlusion.png using Guid(145cd58aa6be3b147accf86261169e06) Importer(2089858483,b0f066a214c2f5e87bad3c948f4d605d) (ScriptedImporter) -> (artifact id: '0121971ae73b2956ffd63fa74fa11aba') in 0.0336373 seconds
Number of updated asset objects reloaded before import = 0Number of asset objects unloaded after import = 1

========================================================================
Received Import Request.
  Time since last request: 0.000033 seconds.
  path: Assets/Import/Lahmadju/ImportedModels/Spacecraft_Control_Terminal_Console_ORANGE/textures/F7_1001_metallicRoughness_87_occlusion.png
  artifactKey: Guid(08b7d03a6653f8249a17f768c5c5c0ff) Importer(2089858483,b0f066a214c2f5e87bad3c948f4d605d)
Start importing Assets/Import/Lahmadju/ImportedModels/Spacecraft_Control_Terminal_Console_ORANGE/textures/F7_1001_metallicRoughness_87_occlusion.png using Guid(08b7d03a6653f8249a17f768c5c5c0ff) Importer(2089858483,b0f066a214c2f5e87bad3c948f4d605d) (ScriptedImporter) -> (artifact id: 'aacbe10334273e17973a616c3bcf6fea') in 0.0304881 seconds
Number of updated asset objects reloaded before import = 0Number of asset objects unloaded after import = 1

========================================================================
Received Import Request.
  Time since last request: 0.000054 seconds.
  path: Assets/Import/Lahmadju/ImportedModels/Spacecraft_Control_Terminal_Console_ORANGE/textures/P_1001_metallicRoughness_168_metal.png
  artifactKey: Guid(c98469cab2742cf4192f3ab77797c9cb) Importer(2089858483,b0f066a214c2f5e87bad3c948f4d605d)
Start importing Assets/Import/Lahmadju/ImportedModels/Spacecraft_Control_Terminal_Console_ORANGE/textures/P_1001_metallicRoughness_168_metal.png using Guid(c98469cab2742cf4192f3ab77797c9cb) Importer(2089858483,b0f066a214c2f5e87bad3c948f4d605d) (ScriptedImporter) -> (artifact id: '7c8f5b841fff0718e3bc0521f9c05013') in 0.0302474 seconds
Number of updated asset objects reloaded before import = 0Number of asset objects unloaded after import = 1

========================================================================
Received Import Request.
  Time since last request: 0.000032 seconds.
  path: Assets/Import/Lahmadju/Scripts/Boss/Boss Sword Handler.cs
  artifactKey: Guid(70864eca56d58c041a6e7b3fb6b8e53a) Importer(2089858483,b0f066a214c2f5e87bad3c948f4d605d)
Start importing Assets/Import/Lahmadju/Scripts/Boss/Boss Sword Handler.cs using Guid(70864eca56d58c041a6e7b3fb6b8e53a) Importer(2089858483,b0f066a214c2f5e87bad3c948f4d605d) (ScriptedImporter) -> (artifact id: 'cf753c7c1cb437d36778631bce55cf23') in 0.0095041 seconds
Number of updated asset objects reloaded before import = 0Number of asset objects unloaded after import = 0

========================================================================
Received Import Request.
  Time since last request: 0.000028 seconds.
  path: Assets/Import/Lahmadju/Imported Models/Scifi-Gun/ReadMe.cs
  artifactKey: Guid(201baeca1d806244584e6f8c4cba54e1) Importer(2089858483,b0f066a214c2f5e87bad3c948f4d605d)
Start importing Assets/Import/Lahmadju/Imported Models/Scifi-Gun/ReadMe.cs using Guid(201baeca1d806244584e6f8c4cba54e1) Importer(2089858483,b0f066a214c2f5e87bad3c948f4d605d) (ScriptedImporter) -> (artifact id: 'de3a60966828b7da48b26a81f4b6f492') in 0.017117 seconds
Number of updated asset objects reloaded before import = 0Number of asset objects unloaded after import = 0

========================================================================
Received Import Request.
  Time since last request: 0.000062 seconds.
  path: Assets/Import/Lahmadju/ImportedModels/Spacecraft_Control_Terminal_Console_ORANGE/meshes/Object_28_28_0.asset
  artifactKey: Guid(910454ca97a938a4fb33e908dd0ceb22) Importer(2089858483,b0f066a214c2f5e87bad3c948f4d605d)
Start importing Assets/Import/Lahmadju/ImportedModels/Spacecraft_Control_Terminal_Console_ORANGE/meshes/Object_28_28_0.asset using Guid(910454ca97a938a4fb33e908dd0ceb22) Importer(2089858483,b0f066a214c2f5e87bad3c948f4d605d) (ScriptedImporter) -> (artifact id: 'c20218f64f3b171efe0d57a3a0efba0a') in 0.0099009 seconds
Number of updated asset objects reloaded before import = 0Number of asset objects unloaded after import = 1

========================================================================
Received Import Request.
  Time since last request: 0.000022 seconds.
  path: Assets/Import/Lahmadju/ImportedModels/Spacecraft_Control_Terminal_Console_ORANGE/textures/H_1001_normal_223.png
  artifactKey: Guid(c82dd0ea6c9942b4daa1a5c789c2c01f) Importer(2089858483,b0f066a214c2f5e87bad3c948f4d605d)
Start importing Assets/Import/Lahmadju/ImportedModels/Spacecraft_Control_Terminal_Console_ORANGE/textures/H_1001_normal_223.png using Guid(c82dd0ea6c9942b4daa1a5c789c2c01f) Importer(2089858483,b0f066a214c2f5e87bad3c948f4d605d) (ScriptedImporter) -> (artifact id: '7aa888784ac43dbeb843e82e3920bbe5') in 0.0237356 seconds
Number of updated asset objects reloaded before import = 0Number of asset objects unloaded after import = 1

========================================================================
Received Import Request.
  Time since last request: 0.000023 seconds.
  path: Assets/Import/Lahmadju/AstarPathfindingProject/ExampleScenes/ExampleScripts/SnapToNode.cs
  artifactKey: Guid(c0acfdba178b145239678a03b9df938a) Importer(2089858483,b0f066a214c2f5e87bad3c948f4d605d)
Start importing Assets/Import/Lahmadju/AstarPathfindingProject/ExampleScenes/ExampleScripts/SnapToNode.cs using Guid(c0acfdba178b145239678a03b9df938a) Importer(2089858483,b0f066a214c2f5e87bad3c948f4d605d) (ScriptedImporter) -> (artifact id: '782569004c352e008706d1c4fae26c3a') in 0.0128263 seconds
Number of updated asset objects reloaded before import = 0Number of asset objects unloaded after import = 0

========================================================================
Received Import Request.
  Time since last request: 0.000034 seconds.
  path: Assets/Import/Lahmadju/AstarPathfindingProject/Legacy/LegacyRichAI.cs
  artifactKey: Guid(1f789196df654477383806c1ab239336) Importer(2089858483,b0f066a214c2f5e87bad3c948f4d605d)
Start importing Assets/Import/Lahmadju/AstarPathfindingProject/Legacy/LegacyRichAI.cs using Guid(1f789196df654477383806c1ab239336) Importer(2089858483,b0f066a214c2f5e87bad3c948f4d605d) (ScriptedImporter) -> (artifact id: 'd15eee511d43de2911bf00e0b8e62e64') in 0.0089401 seconds
Number of updated asset objects reloaded before import = 0Number of asset objects unloaded after import = 0

========================================================================
Received Import Request.
  Time since last request: 0.000038 seconds.
  path: Assets/Import/Lahmadju/AstarPathfindingProject/ExampleScenes/Example14_TurnBased_Hexagon/Astar3DButton.cs
  artifactKey: Guid(8bdafa1bb4d574966b14ed3f69dca5e9) Importer(2089858483,b0f066a214c2f5e87bad3c948f4d605d)
Start importing Assets/Import/Lahmadju/AstarPathfindingProject/ExampleScenes/Example14_TurnBased_Hexagon/Astar3DButton.cs using Guid(8bdafa1bb4d574966b14ed3f69dca5e9) Importer(2089858483,b0f066a214c2f5e87bad3c948f4d605d) (ScriptedImporter) -> (artifact id: 'a0b30d04fac1045f5764a4403dde376a') in 0.0094709 seconds
Number of updated asset objects reloaded before import = 0Number of asset objects unloaded after import = 0

========================================================================
Received Import Request.
  Time since last request: 0.000021 seconds.
  path: Assets/Import/Lahmadju/Scripts/Boss/Player Speed Controller.cs
  artifactKey: Guid(05357f2bb43b3ce42a15978a3afe9e0a) Importer(2089858483,b0f066a214c2f5e87bad3c948f4d605d)
Start importing Assets/Import/Lahmadju/Scripts/Boss/Player Speed Controller.cs using Guid(05357f2bb43b3ce42a15978a3afe9e0a) Importer(2089858483,b0f066a214c2f5e87bad3c948f4d605d) (ScriptedImporter) -> (artifact id: 'f7a21aaae710df2acd143d4193294fe7') in 0.0091215 seconds
Number of updated asset objects reloaded before import = 0Number of asset objects unloaded after import = 0

========================================================================
Received Import Request.
  Time since last request: 0.000023 seconds.
  path: Assets/Import/Lahmadju/ImportedModels/Spacecraft_Control_Terminal_Console_ORANGE/materials/Material.014_1001_21.mat
  artifactKey: Guid(2ddbd62bc40c0ac488c517341fa60902) Importer(2089858483,b0f066a214c2f5e87bad3c948f4d605d)
Start importing Assets/Import/Lahmadju/ImportedModels/Spacecraft_Control_Terminal_Console_ORANGE/materials/Material.014_1001_21.mat using Guid(2ddbd62bc40c0ac488c517341fa60902) Importer(2089858483,b0f066a214c2f5e87bad3c948f4d605d) (ScriptedImporter) -> (artifact id: '003e62d17c8559fb2acf2b711c8a38ba') in 0.0265594 seconds
Number of updated asset objects reloaded before import = 0Number of asset objects unloaded after import = 6

========================================================================
Received Import Request.
  Time since last request: 0.000025 seconds.
  path: Assets/Import/Lahmadju/ImportedModels/Spacecraft_Control_Terminal_Console_ORANGE/textures/P_1001_metallicRoughness_168_occlusion.png
  artifactKey: Guid(98b8d2fa64b230848a6e7160ba116ac6) Importer(2089858483,b0f066a214c2f5e87bad3c948f4d605d)
Start importing Assets/Import/Lahmadju/ImportedModels/Spacecraft_Control_Terminal_Console_ORANGE/textures/P_1001_metallicRoughness_168_occlusion.png using Guid(98b8d2fa64b230848a6e7160ba116ac6) Importer(2089858483,b0f066a214c2f5e87bad3c948f4d605d) (ScriptedImporter) -> (artifact id: '34c1cacb43cab3c74ebb419ff908feb1') in 0.0253402 seconds
Number of updated asset objects reloaded before import = 0Number of asset objects unloaded after import = 1

========================================================================
Received Import Request.
  Time since last request: 0.000045 seconds.
  path: Assets/Import/Lahmadju/AstarPathfindingProject/Core/astarclasses.cs
  artifactKey: Guid(f499b0552bded40b6a9d474dfb94343a) Importer(2089858483,b0f066a214c2f5e87bad3c948f4d605d)
Start importing Assets/Import/Lahmadju/AstarPathfindingProject/Core/astarclasses.cs using Guid(f499b0552bded40b6a9d474dfb94343a) Importer(2089858483,b0f066a214c2f5e87bad3c948f4d605d) (ScriptedImporter) -> (artifact id: '94e7519642ae6d89dc665d9b1d360c3d') in 0.0105296 seconds
Number of updated asset objects reloaded before import = 0Number of asset objects unloaded after import = 0

========================================================================
Received Import Request.
  Time since last request: 0.000028 seconds.
  path: Assets/Import/Lahmadju/ImportedModels/Spacecraft_Control_Terminal_Console_ORANGE/materials/J_1001_74.mat
  artifactKey: Guid(612c84d98db0c7742847354510f88a50) Importer(2089858483,b0f066a214c2f5e87bad3c948f4d605d)
Start importing Assets/Import/Lahmadju/ImportedModels/Spacecraft_Control_Terminal_Console_ORANGE/materials/J_1001_74.mat using Guid(612c84d98db0c7742847354510f88a50) Importer(2089858483,b0f066a214c2f5e87bad3c948f4d605d) (ScriptedImporter) -> (artifact id: '6f40825210e01a0cc6596e0ed378f151') in 0.0206394 seconds
Number of updated asset objects reloaded before import = 0Number of asset objects unloaded after import = 6

========================================================================
Received Import Request.
  Time since last request: 0.000042 seconds.
  path: Assets/Import/Lahmadju/AstarPathfindingProject/Core/Misc/ArrayPool.cs
  artifactKey: Guid(787a564bf2d894ee09284b775074864c) Importer(2089858483,b0f066a214c2f5e87bad3c948f4d605d)
Start importing Assets/Import/Lahmadju/AstarPathfindingProject/Core/Misc/ArrayPool.cs using Guid(787a564bf2d894ee09284b775074864c) Importer(2089858483,b0f066a214c2f5e87bad3c948f4d605d) (ScriptedImporter) -> (artifact id: 'd1f8960f3e2354106aa422f30e333c11') in 0.011497 seconds
Number of updated asset objects reloaded before import = 0Number of asset objects unloaded after import = 0

========================================================================
Received Import Request.
  Time since last request: 0.000034 seconds.
  path: Assets/Import/Lahmadju/ImportedModels/Spacecraft_Control_Terminal_Console_ORANGE/textures/YZ_1001_normal_55.png
  artifactKey: Guid(3b96956bdd2a3244997b43ea49144809) Importer(2089858483,b0f066a214c2f5e87bad3c948f4d605d)
Start importing Assets/Import/Lahmadju/ImportedModels/Spacecraft_Control_Terminal_Console_ORANGE/textures/YZ_1001_normal_55.png using Guid(3b96956bdd2a3244997b43ea49144809) Importer(2089858483,b0f066a214c2f5e87bad3c948f4d605d) (ScriptedImporter) -> (artifact id: '3a69239a5ed611a637ed4467ce281122') in 0.0282563 seconds
Number of updated asset objects reloaded before import = 0Number of asset objects unloaded after import = 1

========================================================================
Received Import Request.
  Time since last request: 0.000025 seconds.
  path: Assets/Import/Lahmadju/ImportedModels/Spacecraft_Control_Terminal_Console_ORANGE/textures/Material.013_1001_normal_70.png
  artifactKey: Guid(0ad3503bb6f58214b97ea83a2b95ffa1) Importer(2089858483,b0f066a214c2f5e87bad3c948f4d605d)
Start importing Assets/Import/Lahmadju/ImportedModels/Spacecraft_Control_Terminal_Console_ORANGE/textures/Material.013_1001_normal_70.png using Guid(0ad3503bb6f58214b97ea83a2b95ffa1) Importer(2089858483,b0f066a214c2f5e87bad3c948f4d605d) (ScriptedImporter) -> (artifact id: 'a1dd39fe679a8c944750105bf6dbeee3') in 0.0283447 seconds
Number of updated asset objects reloaded before import = 0Number of asset objects unloaded after import = 1

========================================================================
Received Import Request.
  Time since last request: 0.000028 seconds.
  path: Assets/Import/Lahmadju/ImportedModels/Spacecraft_Control_Terminal_Console_ORANGE/textures/alt_1001_metallicRoughness_195_occlusion.png
  artifactKey: Guid(1e56ab7b93dccc340a425e58b74072d9) Importer(2089858483,b0f066a214c2f5e87bad3c948f4d605d)
Start importing Assets/Import/Lahmadju/ImportedModels/Spacecraft_Control_Terminal_Console_ORANGE/textures/alt_1001_metallicRoughness_195_occlusion.png using Guid(1e56ab7b93dccc340a425e58b74072d9) Importer(2089858483,b0f066a214c2f5e87bad3c948f4d605d) (ScriptedImporter) -> (artifact id: '8e3c5642571304fb749e19f91cac7683') in 0.0306508 seconds
Number of updated asset objects reloaded before import = 0Number of asset objects unloaded after import = 1

========================================================================
Received Import Request.
  Time since last request: 0.000034 seconds.
  path: Assets/Import/Lahmadju/AstarPathfindingProject/ExampleScenes/ExampleScripts/MineBotAI.cs
  artifactKey: Guid(3f35b84b127b849e38b74966118e7e0f) Importer(2089858483,b0f066a214c2f5e87bad3c948f4d605d)
Start importing Assets/Import/Lahmadju/AstarPathfindingProject/ExampleScenes/ExampleScripts/MineBotAI.cs using Guid(3f35b84b127b849e38b74966118e7e0f) Importer(2089858483,b0f066a214c2f5e87bad3c948f4d605d) (ScriptedImporter) -> (artifact id: 'e902f67966b3b45a88c0f19299b5177f') in 0.0102292 seconds
Number of updated asset objects reloaded before import = 0Number of asset objects unloaded after import = 0

========================================================================
Received Import Request.
  Time since last request: 0.000024 seconds.
  path: Assets/Import/Lahmadju/ImportedModels/Spacecraft_Control_Terminal_Console_ORANGE/meshes/Object_16_16_0.asset
  artifactKey: Guid(9d57776ab02f65c4493bc6abaec264d5) Importer(2089858483,b0f066a214c2f5e87bad3c948f4d605d)
Start importing Assets/Import/Lahmadju/ImportedModels/Spacecraft_Control_Terminal_Console_ORANGE/meshes/Object_16_16_0.asset using Guid(9d57776ab02f65c4493bc6abaec264d5) Importer(2089858483,b0f066a214c2f5e87bad3c948f4d605d) (ScriptedImporter) -> (artifact id: '0b4268dedd80d9cbf0f992ca4ae4df97') in 0.0104105 seconds
Number of updated asset objects reloaded before import = 0Number of asset objects unloaded after import = 1

========================================================================
Received Import Request.
  Time since last request: 0.000021 seconds.
  path: Assets/Import/Lahmadju/ImportedModels/Space_Music!/meshes/Plane.001_main_0_5_0.asset
  artifactKey: Guid(72e4ac9b3f3176842bda7afe78e7e288) Importer(2089858483,b0f066a214c2f5e87bad3c948f4d605d)
Start importing Assets/Import/Lahmadju/ImportedModels/Space_Music!/meshes/Plane.001_main_0_5_0.asset using Guid(72e4ac9b3f3176842bda7afe78e7e288) Importer(2089858483,b0f066a214c2f5e87bad3c948f4d605d) (ScriptedImporter) -> (artifact id: 'fb6af7c4a3c83a7beb9d5a34436c30b5') in 0.0109582 seconds
Number of updated asset objects reloaded before import = 0Number of asset objects unloaded after import = 1

========================================================================
Received Import Request.
  Time since last request: 0.000024 seconds.
  path: Assets/Import/Lahmadju/ImportedModels/Spacecraft_Control_Terminal_Console_ORANGE/textures/tab_1001_normal_37.png
  artifactKey: Guid(c157049bfa304fe45bbe80e3cb344181) Importer(2089858483,b0f066a214c2f5e87bad3c948f4d605d)
Start importing Assets/Import/Lahmadju/ImportedModels/Spacecraft_Control_Terminal_Console_ORANGE/textures/tab_1001_normal_37.png using Guid(c157049bfa304fe45bbe80e3cb344181) Importer(2089858483,b0f066a214c2f5e87bad3c948f4d605d) (ScriptedImporter) -> (artifact id: '755413e4f2006c4ed7aa9fbc0b3dd2bb') in 0.0286685 seconds
Number of updated asset objects reloaded before import = 0Number of asset objects unloaded after import = 1

========================================================================
Received Import Request.
  Time since last request: 0.000042 seconds.
  path: Assets/Import/Lahmadju/ImportedModels/Spacecraft_Control_Terminal_Console_ORANGE/textures/3_1001_baseColor_104.png
  artifactKey: Guid(3ab2c0ab6b111f544816ff95a347a813) Importer(2089858483,b0f066a214c2f5e87bad3c948f4d605d)
Start importing Assets/Import/Lahmadju/ImportedModels/Spacecraft_Control_Terminal_Console_ORANGE/textures/3_1001_baseColor_104.png using Guid(3ab2c0ab6b111f544816ff95a347a813) Importer(2089858483,b0f066a214c2f5e87bad3c948f4d605d) (ScriptedImporter) -> (artifact id: 'da08518ba90f3b705fa61be6b4d3e947') in 0.0272504 seconds
Number of updated asset objects reloaded before import = 0Number of asset objects unloaded after import = 1

========================================================================
Received Import Request.
  Time since last request: 0.000021 seconds.
  path: Assets/Import/Lahmadju/ImportedModels/Space_Bottle/Space_Bottle.prefab
  artifactKey: Guid(e7d03fbb5b394434794258fa1b1165b9) Importer(2089858483,b0f066a214c2f5e87bad3c948f4d605d)
Start importing Assets/Import/Lahmadju/ImportedModels/Space_Bottle/Space_Bottle.prefab using Guid(e7d03fbb5b394434794258fa1b1165b9) Importer(2089858483,b0f066a214c2f5e87bad3c948f4d605d) (ScriptedImporter) -> (artifact id: 'ab277940c346720d7efb2aab94966b7e') in 0.037296 seconds
Number of updated asset objects reloaded before import = 0Number of asset objects unloaded after import = 94

========================================================================
Received Import Request.
  Time since last request: 0.000032 seconds.
  path: Assets/Import/Lahmadju/ImportedModels/Spacecraft_Control_Terminal_Console_ORANGE/materials/I_1001_53.mat
  artifactKey: Guid(8860c49bf1b750d41a82f65139176af0) Importer(2089858483,b0f066a214c2f5e87bad3c948f4d605d)
Start importing Assets/Import/Lahmadju/ImportedModels/Spacecraft_Control_Terminal_Console_ORANGE/materials/I_1001_53.mat using Guid(8860c49bf1b750d41a82f65139176af0) Importer(2089858483,b0f066a214c2f5e87bad3c948f4d605d) (ScriptedImporter) -> (artifact id: '62da6b1c4f0348f31cfda110a8feef0c') in 0.0182212 seconds
Number of updated asset objects reloaded before import = 0Number of asset objects unloaded after import = 6

========================================================================
Received Import Request.
  Time since last request: 0.000035 seconds.
  path: Assets/Import/Lahmadju/ImportedModels/Space_Bottle/materials/Material.005_1.mat
  artifactKey: Guid(f68a82eba38905f47b29e5e2de239e06) Importer(2089858483,b0f066a214c2f5e87bad3c948f4d605d)
Start importing Assets/Import/Lahmadju/ImportedModels/Space_Bottle/materials/Material.005_1.mat using Guid(f68a82eba38905f47b29e5e2de239e06) Importer(2089858483,b0f066a214c2f5e87bad3c948f4d605d) (ScriptedImporter) -> (artifact id: 'f0efbc2210f80360e47d6850fd1066dd') in 0.0130976 seconds
Number of updated asset objects reloaded before import = 0Number of asset objects unloaded after import = 2

========================================================================
Received Import Request.
  Time since last request: 0.000028 seconds.
  path: Assets/Import/Lahmadju/AstarPathfindingProject/ExampleScenes/Example13_Moving/BezierMover.cs
  artifactKey: Guid(0763f4ebc1f4946a1a250c08ae8f1cb0) Importer(2089858483,b0f066a214c2f5e87bad3c948f4d605d)
Start importing Assets/Import/Lahmadju/AstarPathfindingProject/ExampleScenes/Example13_Moving/BezierMover.cs using Guid(0763f4ebc1f4946a1a250c08ae8f1cb0) Importer(2089858483,b0f066a214c2f5e87bad3c948f4d605d) (ScriptedImporter) -> (artifact id: 'e1cb3f33cede2bf7eddad003f9110298') in 0.0088499 seconds
Number of updated asset objects reloaded before import = 0Number of asset objects unloaded after import = 0

========================================================================
Received Import Request.
  Time since last request: 0.000027 seconds.
  path: Assets/Import/Lahmadju/AstarPathfindingProject/ExampleScenes/ExampleScripts/TargetMover.cs
  artifactKey: Guid(f903c2eb621d8418d88f8dad81b13dc6) Importer(2089858483,b0f066a214c2f5e87bad3c948f4d605d)
Start importing Assets/Import/Lahmadju/AstarPathfindingProject/ExampleScenes/ExampleScripts/TargetMover.cs using Guid(f903c2eb621d8418d88f8dad81b13dc6) Importer(2089858483,b0f066a214c2f5e87bad3c948f4d605d) (ScriptedImporter) -> (artifact id: '44d80e317a43e575561ee0758f8467f2') in 0.0086774 seconds
Number of updated asset objects reloaded before import = 0Number of asset objects unloaded after import = 0

========================================================================
Received Import Request.
  Time since last request: 0.000030 seconds.
  path: Assets/Import/Lahmadju/AstarPathfindingProject/Generators/Utilities/BBTree.cs
  artifactKey: Guid(3a20480c673fd40a5bd2a4cc2206dbc4) Importer(2089858483,b0f066a214c2f5e87bad3c948f4d605d)
Start importing Assets/Import/Lahmadju/AstarPathfindingProject/Generators/Utilities/BBTree.cs using Guid(3a20480c673fd40a5bd2a4cc2206dbc4) Importer(2089858483,b0f066a214c2f5e87bad3c948f4d605d) (ScriptedImporter) -> (artifact id: '152f528116ec7d9f8091be8abc2bcbd3') in 0.0091067 seconds
Number of updated asset objects reloaded before import = 0Number of asset objects unloaded after import = 0

========================================================================
Received Import Request.
  Time since last request: 0.000040 seconds.
  path: Assets/Import/Lahmadju/ImportedModels/Spacecraft_Control_Terminal_Console_ORANGE/textures/T_1001_normal_154.png
  artifactKey: Guid(f129cfa658e8ba048882f3cc398a4b2c) Importer(2089858483,b0f066a214c2f5e87bad3c948f4d605d)
Start importing Assets/Import/Lahmadju/ImportedModels/Spacecraft_Control_Terminal_Console_ORANGE/textures/T_1001_normal_154.png using Guid(f129cfa658e8ba048882f3cc398a4b2c) Importer(2089858483,b0f066a214c2f5e87bad3c948f4d605d) (ScriptedImporter) -> (artifact id: '473a3ede848fa9241aa55615da20ff46') in 0.03139 seconds
Number of updated asset objects reloaded before import = 0Number of asset objects unloaded after import = 1

========================================================================
Received Import Request.
  Time since last request: 0.000025 seconds.
  path: Assets/Import/Lahmadju/ImportedModels/Spacecraft_Control_Terminal_Console_ORANGE/textures/F11_1001_baseColor_95.png
  artifactKey: Guid(a96513079157b5a43942010563584459) Importer(2089858483,b0f066a214c2f5e87bad3c948f4d605d)
Start importing Assets/Import/Lahmadju/ImportedModels/Spacecraft_Control_Terminal_Console_ORANGE/textures/F11_1001_baseColor_95.png using Guid(a96513079157b5a43942010563584459) Importer(2089858483,b0f066a214c2f5e87bad3c948f4d605d) (ScriptedImporter) -> (artifact id: '059b46e5e882e89ea8da6268a6c8ffa8') in 0.0326004 seconds
Number of updated asset objects reloaded before import = 0Number of asset objects unloaded after import = 1

========================================================================
Received Import Request.
  Time since last request: 0.000021 seconds.
  path: Assets/Import/Lahmadju/AstarPathfindingProject/Pathfinders/FleePath.cs
  artifactKey: Guid(7dbd923c08b724d578abb732392cebdf) Importer(2089858483,b0f066a214c2f5e87bad3c948f4d605d)
Start importing Assets/Import/Lahmadju/AstarPathfindingProject/Pathfinders/FleePath.cs using Guid(7dbd923c08b724d578abb732392cebdf) Importer(2089858483,b0f066a214c2f5e87bad3c948f4d605d) (ScriptedImporter) -> (artifact id: '6da4e24645c2f5b6d591569c0a3d0b83') in 0.0098197 seconds
Number of updated asset objects reloaded before import = 0Number of asset objects unloaded after import = 0

========================================================================
Received Import Request.
  Time since last request: 0.000036 seconds.
  path: Assets/Import/Lahmadju/ImportedModels/Spacecraft_Control_Terminal_Console_ORANGE/textures/Bok1_1001_1001_metallicRoughness_4_occlusion.png
  artifactKey: Guid(3c05b44c0ab7b8d4ba23e83dda34396f) Importer(2089858483,b0f066a214c2f5e87bad3c948f4d605d)
Start importing Assets/Import/Lahmadju/ImportedModels/Spacecraft_Control_Terminal_Console_ORANGE/textures/Bok1_1001_1001_metallicRoughness_4_occlusion.png using Guid(3c05b44c0ab7b8d4ba23e83dda34396f) Importer(2089858483,b0f066a214c2f5e87bad3c948f4d605d) (ScriptedImporter) -> (artifact id: '02f92b4d092870917248d9f4cae4c98c') in 0.031009 seconds
Number of updated asset objects reloaded before import = 0Number of asset objects unloaded after import = 1

========================================================================
Received Import Request.
  Time since last request: 0.000029 seconds.
  path: Assets/Import/Lahmadju/ImportedModels/Spacecraft_Control_Terminal_Console_ORANGE/textures/F5_1001_metallicRoughness_81_occlusion.png
  artifactKey: Guid(ea87326cf6ab25c48a29e4f840fb8baa) Importer(2089858483,b0f066a214c2f5e87bad3c948f4d605d)
Start importing Assets/Import/Lahmadju/ImportedModels/Spacecraft_Control_Terminal_Console_ORANGE/textures/F5_1001_metallicRoughness_81_occlusion.png using Guid(ea87326cf6ab25c48a29e4f840fb8baa) Importer(2089858483,b0f066a214c2f5e87bad3c948f4d605d) (ScriptedImporter) -> (artifact id: 'd7c547aa9e307bcc47fccd3758d25cfe') in 0.0327512 seconds
Number of updated asset objects reloaded before import = 0Number of asset objects unloaded after import = 1

========================================================================
Received Import Request.
  Time since last request: 0.000028 seconds.
  path: Assets/Import/Lahmadju/ImportedModels/Spacecraft_Control_Terminal_Console_ORANGE/materials/U_1001_52.mat
  artifactKey: Guid(b2ee9b6ce55dab44e8cafe2600bfd145) Importer(2089858483,b0f066a214c2f5e87bad3c948f4d605d)
Start importing Assets/Import/Lahmadju/ImportedModels/Spacecraft_Control_Terminal_Console_ORANGE/materials/U_1001_52.mat using Guid(b2ee9b6ce55dab44e8cafe2600bfd145) Importer(2089858483,b0f066a214c2f5e87bad3c948f4d605d) (ScriptedImporter) -> (artifact id: 'e040bff48ac0528b0325433c1fde14d9') in 0.0313041 seconds
Number of updated asset objects reloaded before import = 0Number of asset objects unloaded after import = 6

========================================================================
Received Import Request.
  Time since last request: 0.000048 seconds.
  path: Assets/Import/Lahmadju/ImportedModels/Spacecraft_Control_Terminal_Console_ORANGE/meshes/Object_73_73_0.asset
  artifactKey: Guid(ea439a05c0f118d4c9a278c3c1be94c4) Importer(2089858483,b0f066a214c2f5e87bad3c948f4d605d)
Start importing Assets/Import/Lahmadju/ImportedModels/Spacecraft_Control_Terminal_Console_ORANGE/meshes/Object_73_73_0.asset using Guid(ea439a05c0f118d4c9a278c3c1be94c4) Importer(2089858483,b0f066a214c2f5e87bad3c948f4d605d) (ScriptedImporter) -> (artifact id: '7afe9926db82332407af2e9a7652858d') in 0.0140516 seconds
Number of updated asset objects reloaded before import = 0Number of asset objects unloaded after import = 1

========================================================================
Received Import Request.
  Time since last request: 0.000023 seconds.
  path: Assets/Import/Lahmadju/ImportedModels/Sci-Fi_Table/meshes/Object_4_4_0.asset
  artifactKey: Guid(bb1d5c8cd7578b5469d1794c4c591e42) Importer(2089858483,b0f066a214c2f5e87bad3c948f4d605d)
Start importing Assets/Import/Lahmadju/ImportedModels/Sci-Fi_Table/meshes/Object_4_4_0.asset using Guid(bb1d5c8cd7578b5469d1794c4c591e42) Importer(2089858483,b0f066a214c2f5e87bad3c948f4d605d) (ScriptedImporter) -> (artifact id: 'e7dcd8169ce85ee2266518fdb054a49d') in 0.0120914 seconds
Number of updated asset objects reloaded before import = 0Number of asset objects unloaded after import = 1

========================================================================
Received Import Request.
  Time since last request: 0.000027 seconds.
  path: Assets/Import/Lahmadju/ImportedModels/Free_Sci_Fi_Helmet/textures/Material.006_normal_10.png
  artifactKey: Guid(05a943bc87bbd77469838346b0623a24) Importer(2089858483,b0f066a214c2f5e87bad3c948f4d605d)
Start importing Assets/Import/Lahmadju/ImportedModels/Free_Sci_Fi_Helmet/textures/Material.006_normal_10.png using Guid(05a943bc87bbd77469838346b0623a24) Importer(2089858483,b0f066a214c2f5e87bad3c948f4d605d) (ScriptedImporter) -> (artifact id: 'dfa76bbfd3b7fed4ab77fe0ade75012a') in 0.0319021 seconds
Number of updated asset objects reloaded before import = 0Number of asset objects unloaded after import = 1

========================================================================
Received Import Request.
  Time since last request: 0.000026 seconds.
  path: Assets/Import/Lahmadju/ImportedModels/Spacecraft_Control_Terminal_Console_ORANGE/textures/F3_1001_metallicRoughness_75_occlusion.png
  artifactKey: Guid(24ff458c9a65c8849ab86eecb768c0e5) Importer(2089858483,b0f066a214c2f5e87bad3c948f4d605d)
Start importing Assets/Import/Lahmadju/ImportedModels/Spacecraft_Control_Terminal_Console_ORANGE/textures/F3_1001_metallicRoughness_75_occlusion.png using Guid(24ff458c9a65c8849ab86eecb768c0e5) Importer(2089858483,b0f066a214c2f5e87bad3c948f4d605d) (ScriptedImporter) -> (artifact id: '1f5927aec9df2e9c8f9a40aa507f4140') in 0.0261291 seconds
Number of updated asset objects reloaded before import = 0Number of asset objects unloaded after import = 1

========================================================================
Received Import Request.
  Time since last request: 0.000054 seconds.
  path: Assets/Import/Lahmadju/Scripts/ProjectileLaunch.cs
  artifactKey: Guid(69c60fac3e377c94bbfe68708379a4fd) Importer(2089858483,b0f066a214c2f5e87bad3c948f4d605d)
Start importing Assets/Import/Lahmadju/Scripts/ProjectileLaunch.cs using Guid(69c60fac3e377c94bbfe68708379a4fd) Importer(2089858483,b0f066a214c2f5e87bad3c948f4d605d) (ScriptedImporter) -> (artifact id: '91d178011151a5aa7834952bd3f4763b') in 0.0103334 seconds
Number of updated asset objects reloaded before import = 0Number of asset objects unloaded after import = 0

========================================================================
Received Import Request.
  Time since last request: 0.000027 seconds.
  path: Assets/Import/Lahmadju/ImportedModels/Spacecraft_Control_Terminal_Console_ORANGE/textures/ctrl_1001_baseColor_191.png
  artifactKey: Guid(5e40e8ac122f3d74c921147edf24ae53) Importer(2089858483,b0f066a214c2f5e87bad3c948f4d605d)
Start importing Assets/Import/Lahmadju/ImportedModels/Spacecraft_Control_Terminal_Console_ORANGE/textures/ctrl_1001_baseColor_191.png using Guid(5e40e8ac122f3d74c921147edf24ae53) Importer(2089858483,b0f066a214c2f5e87bad3c948f4d605d) (ScriptedImporter) -> (artifact id: '858b7b9b61b592260a4374a6ccb467ac') in 0.0315907 seconds
Number of updated asset objects reloaded before import = 0Number of asset objects unloaded after import = 1

========================================================================
Received Import Request.
  Time since last request: 0.000023 seconds.
  path: Assets/Import/Lahmadju/AstarPathfindingProject/Utilities/GraphGizmoHelper.cs
  artifactKey: Guid(20ed0bf48b2a14d78b8aa2ebe33f0069) Importer(2089858483,b0f066a214c2f5e87bad3c948f4d605d)
Start importing Assets/Import/Lahmadju/AstarPathfindingProject/Utilities/GraphGizmoHelper.cs using Guid(20ed0bf48b2a14d78b8aa2ebe33f0069) Importer(2089858483,b0f066a214c2f5e87bad3c948f4d605d) (ScriptedImporter) -> (artifact id: '81573875bbe5a50c05dd5b47ee2635af') in 0.0091141 seconds
Number of updated asset objects reloaded before import = 0Number of asset objects unloaded after import = 0

========================================================================
Received Import Request.
  Time since last request: 0.000047 seconds.
  path: Assets/Import/Lahmadju/AstarPathfindingProject/Core/RVO/RVOCoreSimulator.cs
  artifactKey: Guid(f373cccc6991444b0b8b6e8c512842db) Importer(2089858483,b0f066a214c2f5e87bad3c948f4d605d)
Start importing Assets/Import/Lahmadju/AstarPathfindingProject/Core/RVO/RVOCoreSimulator.cs using Guid(f373cccc6991444b0b8b6e8c512842db) Importer(2089858483,b0f066a214c2f5e87bad3c948f4d605d) (ScriptedImporter) -> (artifact id: 'd5db93e0a4b2aeb226b1e2dd86d9b1ce') in 0.0133864 seconds
Number of updated asset objects reloaded before import = 0Number of asset objects unloaded after import = 0

========================================================================
Received Import Request.
  Time since last request: 0.000023 seconds.
  path: Assets/Import/Lahmadju/Prefabs/DODONPA/Sci-Fi_Space_Station__Rotor_Nexus/meshes/SurfaceBraces_Short3_2_SpaceStation_Parts_0_11_0.asset
  artifactKey: Guid(b3a5c6dcc3c3a1842b21222db049f3aa) Importer(2089858483,b0f066a214c2f5e87bad3c948f4d605d)
Start importing Assets/Import/Lahmadju/Prefabs/DODONPA/Sci-Fi_Space_Station__Rotor_Nexus/meshes/SurfaceBraces_Short3_2_SpaceStation_Parts_0_11_0.asset using Guid(b3a5c6dcc3c3a1842b21222db049f3aa) Importer(2089858483,b0f066a214c2f5e87bad3c948f4d605d) (ScriptedImporter) -> (artifact id: '425099536e745a6cd8769641ef1e88a4') in 0.0122242 seconds
Number of updated asset objects reloaded before import = 0Number of asset objects unloaded after import = 1

========================================================================
Received Import Request.
  Time since last request: 0.000025 seconds.
  path: Assets/Import/Lahmadju/AstarPathfindingProject/Core/Misc/NodeLink3.cs
  artifactKey: Guid(3850d0dc2bead45568e6b5bbcc011606) Importer(2089858483,b0f066a214c2f5e87bad3c948f4d605d)
Start importing Assets/Import/Lahmadju/AstarPathfindingProject/Core/Misc/NodeLink3.cs using Guid(3850d0dc2bead45568e6b5bbcc011606) Importer(2089858483,b0f066a214c2f5e87bad3c948f4d605d) (ScriptedImporter) -> (artifact id: 'b1f3e03979e632335300afd73363b85e') in 0.0108487 seconds
Number of updated asset objects reloaded before import = 0Number of asset objects unloaded after import = 0

========================================================================
Received Import Request.
  Time since last request: 0.000033 seconds.
  path: Assets/Import/Lahmadju/ImportedModels/Spacecraft_Control_Terminal_Console_ORANGE/textures/Space_1001_metallicRoughness_198_occlusion.png
  artifactKey: Guid(b91a30dc4cd7b5f46ac65bbfc052a36a) Importer(2089858483,b0f066a214c2f5e87bad3c948f4d605d)
Start importing Assets/Import/Lahmadju/ImportedModels/Spacecraft_Control_Terminal_Console_ORANGE/textures/Space_1001_metallicRoughness_198_occlusion.png using Guid(b91a30dc4cd7b5f46ac65bbfc052a36a) Importer(2089858483,b0f066a214c2f5e87bad3c948f4d605d) (ScriptedImporter) -> (artifact id: 'f0f95e14038afa4d97de73788dbdba60') in 0.0265079 seconds
Number of updated asset objects reloaded before import = 0Number of asset objects unloaded after import = 1

========================================================================
Received Import Request.
  Time since last request: 0.000024 seconds.
  path: Assets/Import/Lahmadju/ImportedModels/Spacecraft_Control_Terminal_Console_ORANGE/textures/Material.012_1001_normal_64.png
  artifactKey: Guid(23de9e3760fe2e14cb955c6e467e2a61) Importer(2089858483,b0f066a214c2f5e87bad3c948f4d605d)
Start importing Assets/Import/Lahmadju/ImportedModels/Spacecraft_Control_Terminal_Console_ORANGE/textures/Material.012_1001_normal_64.png using Guid(23de9e3760fe2e14cb955c6e467e2a61) Importer(2089858483,b0f066a214c2f5e87bad3c948f4d605d) (ScriptedImporter) -> (artifact id: '36a80561189380841df513c252ede874') in 0.0261448 seconds
Number of updated asset objects reloaded before import = 0Number of asset objects unloaded after import = 1

========================================================================
Received Import Request.
  Time since last request: 0.000028 seconds.
  path: Assets/Import/Lahmadju/Scripts/MS Scripts/Menu Buttons Controller.cs
  artifactKey: Guid(086ca91d2c56d88478fb0afcc5ece5cc) Importer(2089858483,b0f066a214c2f5e87bad3c948f4d605d)
Start importing Assets/Import/Lahmadju/Scripts/MS Scripts/Menu Buttons Controller.cs using Guid(086ca91d2c56d88478fb0afcc5ece5cc) Importer(2089858483,b0f066a214c2f5e87bad3c948f4d605d) (ScriptedImporter) -> (artifact id: 'b0c37aae7ac745e052de37d8176be607') in 0.0139554 seconds
Number of updated asset objects reloaded before import = 0Number of asset objects unloaded after import = 0

========================================================================
Received Import Request.
  Time since last request: 0.000036 seconds.
  path: Assets/Import/Lahmadju/ImportedModels/Space_Bottle/meshes/Cube_Material.004_0_2_0.asset
  artifactKey: Guid(69168f4d8bb052a4b875dbb14c07ec51) Importer(2089858483,b0f066a214c2f5e87bad3c948f4d605d)
Start importing Assets/Import/Lahmadju/ImportedModels/Space_Bottle/meshes/Cube_Material.004_0_2_0.asset using Guid(69168f4d8bb052a4b875dbb14c07ec51) Importer(2089858483,b0f066a214c2f5e87bad3c948f4d605d) (ScriptedImporter) -> (artifact id: 'ebbcf3e1751c627ae6187d410a61e598') in 0.0098312 seconds
Number of updated asset objects reloaded before import = 0Number of asset objects unloaded after import = 1

========================================================================
Received Import Request.
  Time since last request: 0.000023 seconds.
  path: Assets/Import/Lahmadju/ImportedModels/Scifi_Chair_Concept/meshes/Plane.013_Material_0_1_0.asset
  artifactKey: Guid(b8c9c86d1d160e54fa38702714d436fd) Importer(2089858483,b0f066a214c2f5e87bad3c948f4d605d)
Start importing Assets/Import/Lahmadju/ImportedModels/Scifi_Chair_Concept/meshes/Plane.013_Material_0_1_0.asset using Guid(b8c9c86d1d160e54fa38702714d436fd) Importer(2089858483,b0f066a214c2f5e87bad3c948f4d605d) (ScriptedImporter) -> (artifact id: '64923071ff74e356ebfc607825270c42') in 0.1317518 seconds
Number of updated asset objects reloaded before import = 0Number of asset objects unloaded after import = 1

========================================================================
Received Import Request.
  Time since last request: 0.000033 seconds.
  path: Assets/Import/Lahmadju/AstarPathfindingProject/Editor/Legacy/LegacyEditorHelper2.cs
  artifactKey: Guid(a97cec2d4f06c4d0eb0068c24cb47ca1) Importer(2089858483,b0f066a214c2f5e87bad3c948f4d605d)
Start importing Assets/Import/Lahmadju/AstarPathfindingProject/Editor/Legacy/LegacyEditorHelper2.cs using Guid(a97cec2d4f06c4d0eb0068c24cb47ca1) Importer(2089858483,b0f066a214c2f5e87bad3c948f4d605d) (ScriptedImporter) -> (artifact id: '6bf3208b9400e58ddc2b2b0cf930fe9d') in 0.0087018 seconds
Number of updated asset objects reloaded before import = 0Number of asset objects unloaded after import = 0

========================================================================
Received Import Request.
  Time since last request: 0.000041 seconds.
  path: Assets/Import/Lahmadju/ImportedModels/Spacecraft_Control_Terminal_Console_ORANGE/textures/Material.067_1001_normal_244.png
  artifactKey: Guid(620b63c06795d6a45b2b99d3bea6642a) Importer(2089858483,b0f066a214c2f5e87bad3c948f4d605d)
Start importing Assets/Import/Lahmadju/ImportedModels/Spacecraft_Control_Terminal_Console_ORANGE/textures/Material.067_1001_normal_244.png using Guid(620b63c06795d6a45b2b99d3bea6642a) Importer(2089858483,b0f066a214c2f5e87bad3c948f4d605d) (ScriptedImporter) -> (artifact id: '40cba9186ec48fa122fa557bb7ba5d8d') in 0.0303184 seconds
Number of updated asset objects reloaded before import = 0Number of asset objects unloaded after import = 1

========================================================================
Received Import Request.
  Time since last request: 0.000032 seconds.
  path: Assets/Import/Lahmadju/ImportedModels/Free_Sci_Fi_Helmet/textures/Material.006_baseColor_8.png
  artifactKey: Guid(438c3c8da04d2de43849baa90e2b8cee) Importer(2089858483,b0f066a214c2f5e87bad3c948f4d605d)
Start importing Assets/Import/Lahmadju/ImportedModels/Free_Sci_Fi_Helmet/textures/Material.006_baseColor_8.png using Guid(438c3c8da04d2de43849baa90e2b8cee) Importer(2089858483,b0f066a214c2f5e87bad3c948f4d605d) (ScriptedImporter) -> (artifact id: 'b35992620af540a0c735da7164691f61') in 0.0268496 seconds
Number of updated asset objects reloaded before import = 0Number of asset objects unloaded after import = 1

========================================================================
Received Import Request.
  Time since last request: 0.000028 seconds.
  path: Assets/Import/Lahmadju/ImportedModels/Spacecraft_Control_Terminal_Console_ORANGE/textures/B_1001_baseColor_209.png
  artifactKey: Guid(797b4a9ddbdf2b64ab6f5777018e6a83) Importer(2089858483,b0f066a214c2f5e87bad3c948f4d605d)
Start importing Assets/Import/Lahmadju/ImportedModels/Spacecraft_Control_Terminal_Console_ORANGE/textures/B_1001_baseColor_209.png using Guid(797b4a9ddbdf2b64ab6f5777018e6a83) Importer(2089858483,b0f066a214c2f5e87bad3c948f4d605d) (ScriptedImporter) -> (artifact id: '6aa178ba5ca1ba6e3e9823551e17ffb9') in 0.0274929 seconds
Number of updated asset objects reloaded before import = 0Number of asset objects unloaded after import = 1

========================================================================
Received Import Request.
  Time since last request: 0.000049 seconds.
  path: Assets/Import/Lahmadju/Scripts/Sound System/Table Sounds.cs
  artifactKey: Guid(b5c73d9d3a45c7942b0e29cf7e773b2d) Importer(2089858483,b0f066a214c2f5e87bad3c948f4d605d)
Start importing Assets/Import/Lahmadju/Scripts/Sound System/Table Sounds.cs using Guid(b5c73d9d3a45c7942b0e29cf7e773b2d) Importer(2089858483,b0f066a214c2f5e87bad3c948f4d605d) (ScriptedImporter) -> (artifact id: 'a3c4ba6d9fd75606008795bea6d3169b') in 0.0105754 seconds
Number of updated asset objects reloaded before import = 0Number of asset objects unloaded after import = 0

========================================================================
Received Import Request.
  Time since last request: 0.000023 seconds.
  path: Assets/Import/Lahmadju/ImportedModels/Spacecraft_Control_Terminal_Console_ORANGE/materials/Bok2_1001_1001_0.mat
  artifactKey: Guid(b2083f9d94172cb48ae26b54df7c9a7a) Importer(2089858483,b0f066a214c2f5e87bad3c948f4d605d)
Start importing Assets/Import/Lahmadju/ImportedModels/Spacecraft_Control_Terminal_Console_ORANGE/materials/Bok2_1001_1001_0.mat using Guid(b2083f9d94172cb48ae26b54df7c9a7a) Importer(2089858483,b0f066a214c2f5e87bad3c948f4d605d) (ScriptedImporter) -> (artifact id: '9617d66e02cde0e90b7bd02422c6fc10') in 0.0205509 seconds
Number of updated asset objects reloaded before import = 0Number of asset objects unloaded after import = 6

========================================================================
Received Import Request.
  Time since last request: 0.000028 seconds.
  path: Assets/Import/Lahmadju/ImportedModels/Free_Sci_Fi_Helmet/materials/Material.005_3.mat
  artifactKey: Guid(a79593ad8e412164295d21a6172ab43c) Importer(2089858483,b0f066a214c2f5e87bad3c948f4d605d)
Start importing Assets/Import/Lahmadju/ImportedModels/Free_Sci_Fi_Helmet/materials/Material.005_3.mat using Guid(a79593ad8e412164295d21a6172ab43c) Importer(2089858483,b0f066a214c2f5e87bad3c948f4d605d) (ScriptedImporter) -> (artifact id: '498acb4a01685f0335b308627c466d66') in 0.0215235 seconds
Number of updated asset objects reloaded before import = 0Number of asset objects unloaded after import = 4

========================================================================
Received Import Request.
  Time since last request: 0.000035 seconds.
  path: Assets/Import/Lahmadju/ImportedModels/Spacecraft_Control_Terminal_Console_ORANGE/textures/Y_1001_normal_157.png
  artifactKey: Guid(c6311c663d7cbdb479d90d136fa1d542) Importer(2089858483,b0f066a214c2f5e87bad3c948f4d605d)
Start importing Assets/Import/Lahmadju/ImportedModels/Spacecraft_Control_Terminal_Console_ORANGE/textures/Y_1001_normal_157.png using Guid(c6311c663d7cbdb479d90d136fa1d542) Importer(2089858483,b0f066a214c2f5e87bad3c948f4d605d) (ScriptedImporter) -> (artifact id: '0fe63097a17175af6df28336d2dec869') in 0.0307617 seconds
Number of updated asset objects reloaded before import = 0Number of asset objects unloaded after import = 1

========================================================================
Received Import Request.
  Time since last request: 0.000049 seconds.
  path: Assets/Import/Lahmadju/ImportedModels/Arcade_Game_-_Space_Invaders/materials/CR_videogame_door_0.mat
  artifactKey: Guid(4b5e19bd9b115334cbe935f1f010a95d) Importer(2089858483,b0f066a214c2f5e87bad3c948f4d605d)
Start importing Assets/Import/Lahmadju/ImportedModels/Arcade_Game_-_Space_Invaders/materials/CR_videogame_door_0.mat using Guid(4b5e19bd9b115334cbe935f1f010a95d) Importer(2089858483,b0f066a214c2f5e87bad3c948f4d605d) (ScriptedImporter) -> (artifact id: '12b4f862a3b0fdb86d568de45d02940e') in 0.0257299 seconds
Number of updated asset objects reloaded before import = 0Number of asset objects unloaded after import = 5

========================================================================
Received Import Request.
  Time since last request: 0.000026 seconds.
  path: Assets/Import/Lahmadju/Imported Models/_Barking_Dog/3D Free Modular Kit/_Meshes/Roof_Door_01.FBX
  artifactKey: Guid(7387acdd6d3eb4b1d80e5da2645047c4) Importer(2089858483,b0f066a214c2f5e87bad3c948f4d605d)
Start importing Assets/Import/Lahmadju/Imported Models/_Barking_Dog/3D Free Modular Kit/_Meshes/Roof_Door_01.FBX using Guid(7387acdd6d3eb4b1d80e5da2645047c4) Importer(2089858483,b0f066a214c2f5e87bad3c948f4d605d) (ScriptedImporter) -> (artifact id: 'c723bee32f91068af1edc39c8f979d46') in 0.0365037 seconds
Number of updated asset objects reloaded before import = 0Number of asset objects unloaded after import = 8

========================================================================
Received Import Request.
  Time since last request: 0.000027 seconds.
  path: Assets/Import/Lahmadju/Prefabs/2 Pop Planets.prefab
  artifactKey: Guid(4496ccbd2f6693849be486c333f1d9e7) Importer(2089858483,b0f066a214c2f5e87bad3c948f4d605d)
Start importing Assets/Import/Lahmadju/Prefabs/2 Pop Planets.prefab using Guid(4496ccbd2f6693849be486c333f1d9e7) Importer(2089858483,b0f066a214c2f5e87bad3c948f4d605d) (ScriptedImporter) -> (artifact id: 'd0b8343f93ce348c61308722de8d8cc2') in 0.0133827 seconds
Number of updated asset objects reloaded before import = 0Number of asset objects unloaded after import = 14

========================================================================
Received Import Request.
  Time since last request: 0.000045 seconds.
  path: Assets/Import/Lahmadju/ImportedModels/Spacecraft_Control_Terminal_Console_ORANGE/textures/Material.066_1001_normal_247.png
  artifactKey: Guid(50344fadd6f946544aec4899523a7cea) Importer(2089858483,b0f066a214c2f5e87bad3c948f4d605d)
Start importing Assets/Import/Lahmadju/ImportedModels/Spacecraft_Control_Terminal_Console_ORANGE/textures/Material.066_1001_normal_247.png using Guid(50344fadd6f946544aec4899523a7cea) Importer(2089858483,b0f066a214c2f5e87bad3c948f4d605d) (ScriptedImporter) -> (artifact id: 'dee666c2caf5dce81d6f8a90d8bd84a0') in 0.0265753 seconds
Number of updated asset objects reloaded before import = 0Number of asset objects unloaded after import = 1

========================================================================
Received Import Request.
  Time since last request: 0.000021 seconds.
  path: Assets/Import/Lahmadju/Materials/Platform Color.mat
  artifactKey: Guid(d2eff564f4312e84289a813e355fe0d6) Importer(2089858483,b0f066a214c2f5e87bad3c948f4d605d)
Start importing Assets/Import/Lahmadju/Materials/Platform Color.mat using Guid(d2eff564f4312e84289a813e355fe0d6) Importer(2089858483,b0f066a214c2f5e87bad3c948f4d605d) (ScriptedImporter) -> (artifact id: '71db8e65ad8c77462ded7f5c388f3557') in 0.018462 seconds
Number of updated asset objects reloaded before import = 0Number of asset objects unloaded after import = 3

========================================================================
Received Import Request.
  Time since last request: 0.000027 seconds.
  path: Assets/Import/Lahmadju/Imported Models/Scifi-Gun/Baked Textures/Gun_Sci-Fi_1_pbr_emission.png
  artifactKey: Guid(eea1140191a312043af9d55adab51541) Importer(2089858483,b0f066a214c2f5e87bad3c948f4d605d)
Start importing Assets/Import/Lahmadju/Imported Models/Scifi-Gun/Baked Textures/Gun_Sci-Fi_1_pbr_emission.png using Guid(eea1140191a312043af9d55adab51541) Importer(2089858483,b0f066a214c2f5e87bad3c948f4d605d) (ScriptedImporter) -> (artifact id: '9de15de08ce757885299e7df2dade043') in 0.0301233 seconds
Number of updated asset objects reloaded before import = 0Number of asset objects unloaded after import = 1

========================================================================
Received Import Request.
  Time since last request: 0.000045 seconds.
  path: Assets/Import/Lahmadju/Imported Models/_Barking_Dog/3D Free Modular Kit/_Meshes/Wall_Arc_90_02.FBX
  artifactKey: Guid(638f44b41e0a6471486ec2c4e9ca96fd) Importer(2089858483,b0f066a214c2f5e87bad3c948f4d605d)
Start importing Assets/Import/Lahmadju/Imported Models/_Barking_Dog/3D Free Modular Kit/_Meshes/Wall_Arc_90_02.FBX using Guid(638f44b41e0a6471486ec2c4e9ca96fd) Importer(2089858483,b0f066a214c2f5e87bad3c948f4d605d) (ScriptedImporter) -> (artifact id: '65e2100cfa62e6618f8ea3b6c04b6b9c') in 0.0661423 seconds
Number of updated asset objects reloaded before import = 0Number of asset objects unloaded after import = 9

========================================================================
Received Import Request.
  Time since last request: 0.000025 seconds.
  path: Assets/Import/Lahmadju/ImportedModels/Spacecraft_Control_Terminal_Console_ORANGE/materials/1001_59_59.mat
  artifactKey: Guid(5ab91e4b46609e441a8a2867f58d0de6) Importer(2089858483,b0f066a214c2f5e87bad3c948f4d605d)
Start importing Assets/Import/Lahmadju/ImportedModels/Spacecraft_Control_Terminal_Console_ORANGE/materials/1001_59_59.mat using Guid(5ab91e4b46609e441a8a2867f58d0de6) Importer(2089858483,b0f066a214c2f5e87bad3c948f4d605d) (ScriptedImporter) -> (artifact id: '01822ee5c838298cafea879fe16870a3') in 0.0183844 seconds
Number of updated asset objects reloaded before import = 0Number of asset objects unloaded after import = 6

========================================================================
Received Import Request.
  Time since last request: 0.000027 seconds.
  path: Assets/Import/Lahmadju/ImportedModels/Arcade_Game_-_Space_Invaders/textures/CR_videogame_machine_metallicRoughness_4_metal.png
  artifactKey: Guid(43582d5d477aa6f4ab75ffbe501a1983) Importer(2089858483,b0f066a214c2f5e87bad3c948f4d605d)
Start importing Assets/Import/Lahmadju/ImportedModels/Arcade_Game_-_Space_Invaders/textures/CR_videogame_machine_metallicRoughness_4_metal.png using Guid(43582d5d477aa6f4ab75ffbe501a1983) Importer(2089858483,b0f066a214c2f5e87bad3c948f4d605d) (ScriptedImporter) -> (artifact id: 'fea6dbc686205ba5a6657852187a29c9') in 0.1065561 seconds
Number of updated asset objects reloaded before import = 0Number of asset objects unloaded after import = 1

========================================================================
Received Import Request.
  Time since last request: 0.000029 seconds.
  path: Assets/Import/Lahmadju/ImportedModels/Spacecraft_Control_Terminal_Console_ORANGE/textures/Material.055_1001_normal_229.png
  artifactKey: Guid(8e7aa58b326b4964091fdbf80322e398) Importer(2089858483,b0f066a214c2f5e87bad3c948f4d605d)
Start importing Assets/Import/Lahmadju/ImportedModels/Spacecraft_Control_Terminal_Console_ORANGE/textures/Material.055_1001_normal_229.png using Guid(8e7aa58b326b4964091fdbf80322e398) Importer(2089858483,b0f066a214c2f5e87bad3c948f4d605d) (ScriptedImporter) -> (artifact id: 'dee40c9d2199c4a633c58cdc10eb7d62') in 0.026279 seconds
Number of updated asset objects reloaded before import = 0Number of asset objects unloaded after import = 1

========================================================================
Received Import Request.
  Time since last request: 0.000036 seconds.
  path: Assets/Import/Lahmadju/ImportedModels/Spacecraft_Control_Terminal_Console_ORANGE/meshes/Object_66_66_0.asset
  artifactKey: Guid(cad34289f7176ad4e97f6744bb4ef9a9) Importer(2089858483,b0f066a214c2f5e87bad3c948f4d605d)
Start importing Assets/Import/Lahmadju/ImportedModels/Spacecraft_Control_Terminal_Console_ORANGE/meshes/Object_66_66_0.asset using Guid(cad34289f7176ad4e97f6744bb4ef9a9) Importer(2089858483,b0f066a214c2f5e87bad3c948f4d605d) (ScriptedImporter) -> (artifact id: 'ecbd7209939384c71a6f5551158ff40c') in 0.1881632 seconds
Number of updated asset objects reloaded before import = 0Number of asset objects unloaded after import = 1

========================================================================
Received Import Request.
  Time since last request: 0.000043 seconds.
  path: Assets/Import/Lahmadju/ImportedModels/Space_core_-_from_portal_2_(original)/materials/personality_sphere_glass_1.mat
  artifactKey: Guid(70d028f6d184ecd498737f2af22da692) Importer(2089858483,b0f066a214c2f5e87bad3c948f4d605d)
Start importing Assets/Import/Lahmadju/ImportedModels/Space_core_-_from_portal_2_(original)/materials/personality_sphere_glass_1.mat using Guid(70d028f6d184ecd498737f2af22da692) Importer(2089858483,b0f066a214c2f5e87bad3c948f4d605d) (ScriptedImporter) -> (artifact id: 'd20fa8f4a6a6dbd621d078b3ae173d4b') in 0.0113297 seconds
Number of updated asset objects reloaded before import = 0Number of asset objects unloaded after import = 2

========================================================================
Received Import Request.
  Time since last request: 0.000017 seconds.
  path: Assets/Import/Lahmadju/ImportedModels/Lava_planet/textures/planet_metallicRoughness_1_metal.png
  artifactKey: Guid(6d26ecf8f5addea45a83a82ccb52bbc1) Importer(2089858483,b0f066a214c2f5e87bad3c948f4d605d)
Start importing Assets/Import/Lahmadju/ImportedModels/Lava_planet/textures/planet_metallicRoughness_1_metal.png using Guid(6d26ecf8f5addea45a83a82ccb52bbc1) Importer(2089858483,b0f066a214c2f5e87bad3c948f4d605d) (ScriptedImporter) -> (artifact id: '9c1fc634eb34b096c49c61394539f96d') in 0.0256254 seconds
Number of updated asset objects reloaded before import = 0Number of asset objects unloaded after import = 1

========================================================================
Received Import Request.
  Time since last request: 0.000021 seconds.
  path: Assets/Import/Lahmadju/ImportedModels/Sci-Fi_Sword/materials/Material.004_3.mat
  artifactKey: Guid(bd62ea2562bdcb145a927d162173b871) Importer(2089858483,b0f066a214c2f5e87bad3c948f4d605d)
Start importing Assets/Import/Lahmadju/ImportedModels/Sci-Fi_Sword/materials/Material.004_3.mat using Guid(bd62ea2562bdcb145a927d162173b871) Importer(2089858483,b0f066a214c2f5e87bad3c948f4d605d) (ScriptedImporter) -> (artifact id: '6fb37dcdaf15b21c971f873ff38fc319') in 0.0107766 seconds
Number of updated asset objects reloaded before import = 0Number of asset objects unloaded after import = 2

========================================================================
Received Import Request.
  Time since last request: 0.000027 seconds.
  path: Assets/Import/Lahmadju/ImportedModels/Spacecraft_Control_Terminal_Console_ORANGE/textures/1001_baseColor_32.png
  artifactKey: Guid(3590ca0db32503e4cb7ef199bf6e4791) Importer(2089858483,b0f066a214c2f5e87bad3c948f4d605d)
Start importing Assets/Import/Lahmadju/ImportedModels/Spacecraft_Control_Terminal_Console_ORANGE/textures/1001_baseColor_32.png using Guid(3590ca0db32503e4cb7ef199bf6e4791) Importer(2089858483,b0f066a214c2f5e87bad3c948f4d605d) (ScriptedImporter) -> (artifact id: '9138391652be9cf281fd902de78fbdbe') in 0.0264751 seconds
Number of updated asset objects reloaded before import = 0Number of asset objects unloaded after import = 1

========================================================================
Received Import Request.
  Time since last request: 0.000034 seconds.
  path: Assets/Import/Lahmadju/ImportedModels/Sci-Fi_Sword/meshes/Object_2_2_0.asset
  artifactKey: Guid(b67377cc2cd94ce43960381aedcce10d) Importer(2089858483,b0f066a214c2f5e87bad3c948f4d605d)
Start importing Assets/Import/Lahmadju/ImportedModels/Sci-Fi_Sword/meshes/Object_2_2_0.asset using Guid(b67377cc2cd94ce43960381aedcce10d) Importer(2089858483,b0f066a214c2f5e87bad3c948f4d605d) (ScriptedImporter) -> (artifact id: '468ef4aa93f8c5efbcdc76de33928ed1') in 0.0088684 seconds
Number of updated asset objects reloaded before import = 0Number of asset objects unloaded after import = 1

========================================================================
Received Import Request.
  Time since last request: 0.000030 seconds.
  path: Assets/Import/Lahmadju/ImportedModels/Space_Plant/textures/Bulbs_metallicRoughness_4_metal.png
  artifactKey: Guid(0ce3d893b8aa7cd438916d2a178d779e) Importer(2089858483,b0f066a214c2f5e87bad3c948f4d605d)
Start importing Assets/Import/Lahmadju/ImportedModels/Space_Plant/textures/Bulbs_metallicRoughness_4_metal.png using Guid(0ce3d893b8aa7cd438916d2a178d779e) Importer(2089858483,b0f066a214c2f5e87bad3c948f4d605d) (ScriptedImporter) -> (artifact id: 'b91f53aa4c9e79ce9ae99550f367985e') in 0.0284677 seconds
Number of updated asset objects reloaded before import = 0Number of asset objects unloaded after import = 1

========================================================================
Received Import Request.
  Time since last request: 0.000027 seconds.
  path: Assets/Import/Lahmadju/ImportedModels/Spacecraft_Control_Terminal_Console_ORANGE/materials/enter_1001_58.mat
  artifactKey: Guid(7db41ab5bb8a05846aec11bafe8eed00) Importer(2089858483,b0f066a214c2f5e87bad3c948f4d605d)
Start importing Assets/Import/Lahmadju/ImportedModels/Spacecraft_Control_Terminal_Console_ORANGE/materials/enter_1001_58.mat using Guid(7db41ab5bb8a05846aec11bafe8eed00) Importer(2089858483,b0f066a214c2f5e87bad3c948f4d605d) (ScriptedImporter) -> (artifact id: '77cc605dce2bb77e9ec0c3451460b020') in 0.0208139 seconds
Number of updated asset objects reloaded before import = 0Number of asset objects unloaded after import = 6

========================================================================
Received Import Request.
  Time since last request: 0.000028 seconds.
  path: Assets/Import/Lahmadju/ImportedModels/Planet_Afroditi/textures/Material.002_metallicRoughness_2_metal.png
  artifactKey: Guid(9035fd37a6ae7034486c5540fac47855) Importer(2089858483,b0f066a214c2f5e87bad3c948f4d605d)
Start importing Assets/Import/Lahmadju/ImportedModels/Planet_Afroditi/textures/Material.002_metallicRoughness_2_metal.png using Guid(9035fd37a6ae7034486c5540fac47855) Importer(2089858483,b0f066a214c2f5e87bad3c948f4d605d) (ScriptedImporter) -> (artifact id: '9f7fb26154a93e9ccbfb117e9bdc61b2') in 0.0299933 seconds
Number of updated asset objects reloaded before import = 0Number of asset objects unloaded after import = 1

========================================================================
Received Import Request.
  Time since last request: 0.000043 seconds.
  path: Assets/Import/Lahmadju/ImportedModels/Spacecraft_Control_Terminal_Console_ORANGE/materials/4_1001_35.mat
  artifactKey: Guid(b9ebd0dd0d4209645a7455d09428fdee) Importer(2089858483,b0f066a214c2f5e87bad3c948f4d605d)
Start importing Assets/Import/Lahmadju/ImportedModels/Spacecraft_Control_Terminal_Console_ORANGE/materials/4_1001_35.mat using Guid(b9ebd0dd0d4209645a7455d09428fdee) Importer(2089858483,b0f066a214c2f5e87bad3c948f4d605d) (ScriptedImporter) -> (artifact id: '76a1580e9bd06512de081e99bac47c9a') in 0.0219188 seconds
Number of updated asset objects reloaded before import = 0Number of asset objects unloaded after import = 6

========================================================================
Received Import Request.
  Time since last request: 0.000023 seconds.
  path: Assets/Import/Lahmadju/ImportedModels/Lava_planet/textures/clouds_baseColor_4.png
  artifactKey: Guid(1301b4218dd243e4e9f2f17c5d0f071c) Importer(2089858483,b0f066a214c2f5e87bad3c948f4d605d)
Start importing Assets/Import/Lahmadju/ImportedModels/Lava_planet/textures/clouds_baseColor_4.png using Guid(1301b4218dd243e4e9f2f17c5d0f071c) Importer(2089858483,b0f066a214c2f5e87bad3c948f4d605d) (ScriptedImporter) -> (artifact id: '47291c91c9d79aa353a461f46b2364d3') in 0.0282213 seconds
Number of updated asset objects reloaded before import = 0Number of asset objects unloaded after import = 1

========================================================================
Received Import Request.
  Time since last request: 0.000027 seconds.
  path: Assets/Import/Lahmadju/ImportedModels/Spacecraft_Control_Terminal_Console_ORANGE/materials/Material.015_1001_23.mat
  artifactKey: Guid(299c3bc1980ba014c8f02ff5d20b1202) Importer(2089858483,b0f066a214c2f5e87bad3c948f4d605d)
Start importing Assets/Import/Lahmadju/ImportedModels/Spacecraft_Control_Terminal_Console_ORANGE/materials/Material.015_1001_23.mat using Guid(299c3bc1980ba014c8f02ff5d20b1202) Importer(2089858483,b0f066a214c2f5e87bad3c948f4d605d) (ScriptedImporter) -> (artifact id: '785d1c3be2f9f093cc5dbae096f600ab') in 0.0521554 seconds
Number of updated asset objects reloaded before import = 0Number of asset objects unloaded after import = 6

========================================================================
Received Import Request.
  Time since last request: 0.000068 seconds.
  path: Assets/Import/Lahmadju/ImportedModels/Spacecraft_Control_Terminal_Console_ORANGE/textures/F4_1001_metallicRoughness_78_metal.png
  artifactKey: Guid(43f0496ce42c0be49b487cac987c6976) Importer(2089858483,b0f066a214c2f5e87bad3c948f4d605d)
Start importing Assets/Import/Lahmadju/ImportedModels/Spacecraft_Control_Terminal_Console_ORANGE/textures/F4_1001_metallicRoughness_78_metal.png using Guid(43f0496ce42c0be49b487cac987c6976) Importer(2089858483,b0f066a214c2f5e87bad3c948f4d605d) (ScriptedImporter) -> (artifact id: 'cd653a30df5aeb58c28f23f3b85b6d4c') in 0.0282433 seconds
Number of updated asset objects reloaded before import = 0Number of asset objects unloaded after import = 1

========================================================================
Received Import Request.
  Time since last request: 0.000029 seconds.
  path: Assets/Import/Lahmadju/ImportedModels/Sci-fi_Single_Chair/textures/sci-fi_chair_3_arms_normal_11.png
  artifactKey: Guid(386729eae7b21a24d8225808e67e8164) Importer(2089858483,b0f066a214c2f5e87bad3c948f4d605d)
Start importing Assets/Import/Lahmadju/ImportedModels/Sci-fi_Single_Chair/textures/sci-fi_chair_3_arms_normal_11.png using Guid(386729eae7b21a24d8225808e67e8164) Importer(2089858483,b0f066a214c2f5e87bad3c948f4d605d) (ScriptedImporter) -> (artifact id: 'bbd33af5d92719b394111e1153f109f8') in 0.0359926 seconds
Number of updated asset objects reloaded before import = 0Number of asset objects unloaded after import = 1

========================================================================
Received Import Request.
  Time since last request: 0.000025 seconds.
  path: Assets/Import/Lahmadju/ImportedModels/Spacecraft_Control_Terminal_Console_ORANGE/textures/caps_1001_metallicRoughness_39_metal.png
  artifactKey: Guid(96979ac6dba38954b926097c8d6fd68c) Importer(2089858483,b0f066a214c2f5e87bad3c948f4d605d)
Start importing Assets/Import/Lahmadju/ImportedModels/Spacecraft_Control_Terminal_Console_ORANGE/textures/caps_1001_metallicRoughness_39_metal.png using Guid(96979ac6dba38954b926097c8d6fd68c) Importer(2089858483,b0f066a214c2f5e87bad3c948f4d605d) (ScriptedImporter) -> (artifact id: 'adc303e89c87d905c74b1ff29e28bbec') in 0.2189442 seconds
Number of updated asset objects reloaded before import = 0Number of asset objects unloaded after import = 1

========================================================================
Received Import Request.
  Time since last request: 0.000037 seconds.
  path: Assets/Import/Lahmadju/ImportedModels/Spacecraft_Control_Terminal_Console_ORANGE/materials/7_1001_38.mat
  artifactKey: Guid(12a2fd7b2d370cf40aeabbaf24218a2d) Importer(2089858483,b0f066a214c2f5e87bad3c948f4d605d)
Start importing Assets/Import/Lahmadju/ImportedModels/Spacecraft_Control_Terminal_Console_ORANGE/materials/7_1001_38.mat using Guid(12a2fd7b2d370cf40aeabbaf24218a2d) Importer(2089858483,b0f066a214c2f5e87bad3c948f4d605d) (ScriptedImporter) -> (artifact id: 'd7e3a5e2c6ba12d653769c6bbf896dac') in 0.0175997 seconds
Number of updated asset objects reloaded before import = 0Number of asset objects unloaded after import = 6

========================================================================
Received Import Request.
  Time since last request: 0.000027 seconds.
  path: Assets/Import/Lahmadju/ImportedModels/Spacecraft_Control_Terminal_Console_ORANGE/textures/tab_1001_metallicRoughness_36_occlusion.png
  artifactKey: Guid(cc4c6aa4a4fd0184e915321b2965cb3c) Importer(2089858483,b0f066a214c2f5e87bad3c948f4d605d)
Start importing Assets/Import/Lahmadju/ImportedModels/Spacecraft_Control_Terminal_Console_ORANGE/textures/tab_1001_metallicRoughness_36_occlusion.png using Guid(cc4c6aa4a4fd0184e915321b2965cb3c) Importer(2089858483,b0f066a214c2f5e87bad3c948f4d605d) (ScriptedImporter) -> (artifact id: '673d079569359c2153b7735790677730') in 0.0314701 seconds
Number of updated asset objects reloaded before import = 0Number of asset objects unloaded after import = 1

========================================================================
Received Import Request.
  Time since last request: 0.000029 seconds.
  path: Assets/Import/Lahmadju/ImportedModels/Spacecraft_Control_Terminal_Console_ORANGE/materials/Material.066_1001_81.mat
  artifactKey: Guid(b7451a0d24334694f90db776d7cadfdf) Importer(2089858483,b0f066a214c2f5e87bad3c948f4d605d)
Start importing Assets/Import/Lahmadju/ImportedModels/Spacecraft_Control_Terminal_Console_ORANGE/materials/Material.066_1001_81.mat using Guid(b7451a0d24334694f90db776d7cadfdf) Importer(2089858483,b0f066a214c2f5e87bad3c948f4d605d) (ScriptedImporter) -> (artifact id: '2b572077449a833586570d2a19fc7d88') in 0.0323361 seconds
Number of updated asset objects reloaded before import = 0Number of asset objects unloaded after import = 6

========================================================================
Received Import Request.
  Time since last request: 0.000044 seconds.
  path: Assets/Import/Lahmadju/ImportedModels/Spacecraft_Control_Terminal_Console_ORANGE/textures/Material.012_1001_baseColor_62.png
  artifactKey: Guid(72b442e670b4cd146a79b0d568786bcc) Importer(2089858483,b0f066a214c2f5e87bad3c948f4d605d)
Start importing Assets/Import/Lahmadju/ImportedModels/Spacecraft_Control_Terminal_Console_ORANGE/textures/Material.012_1001_baseColor_62.png using Guid(72b442e670b4cd146a79b0d568786bcc) Importer(2089858483,b0f066a214c2f5e87bad3c948f4d605d) (ScriptedImporter) -> (artifact id: '528f0b661c898a0a8085b6909077923f') in 0.0311152 seconds
Number of updated asset objects reloaded before import = 0Number of asset objects unloaded after import = 1

========================================================================
Received Import Request.
  Time since last request: 0.000025 seconds.
  path: Assets/Import/Lahmadju/ImportedModels/Spacecraft_Control_Terminal_Console_ORANGE/textures/Material.075_1001_metallicRoughness_27_occlusion.png
  artifactKey: Guid(e8fc040b2f0abd14c854babdc4e301ae) Importer(2089858483,b0f066a214c2f5e87bad3c948f4d605d)
Start importing Assets/Import/Lahmadju/ImportedModels/Spacecraft_Control_Terminal_Console_ORANGE/textures/Material.075_1001_metallicRoughness_27_occlusion.png using Guid(e8fc040b2f0abd14c854babdc4e301ae) Importer(2089858483,b0f066a214c2f5e87bad3c948f4d605d) (ScriptedImporter) -> (artifact id: 'a7c291f21bc519324b4b0f6359f09e57') in 0.0293832 seconds
Number of updated asset objects reloaded before import = 0Number of asset objects unloaded after import = 1

========================================================================
Received Import Request.
  Time since last request: 0.000026 seconds.
  path: Assets/Import/Lahmadju/ImportedModels/Spacecraft_Control_Terminal_Console_ORANGE/textures/-_1001_metallicRoughness_129_occlusion.png
  artifactKey: Guid(da636922705871142b55e52039071ee0) Importer(2089858483,b0f066a214c2f5e87bad3c948f4d605d)
Start importing Assets/Import/Lahmadju/ImportedModels/Spacecraft_Control_Terminal_Console_ORANGE/textures/-_1001_metallicRoughness_129_occlusion.png using Guid(da636922705871142b55e52039071ee0) Importer(2089858483,b0f066a214c2f5e87bad3c948f4d605d) (ScriptedImporter) -> (artifact id: '773e6ee5936a7af1b2ace110aca4d487') in 0.0250658 seconds
Number of updated asset objects reloaded before import = 0Number of asset objects unloaded after import = 1

========================================================================
Received Import Request.
  Time since last request: 0.000037 seconds.
  path: Assets/Import/Lahmadju/ImportedModels/Spacecraft_Control_Terminal_Console_ORANGE/textures/F5_1001_metallicRoughness_81_metal.png
  artifactKey: Guid(38b5116c72284b146a8822b80b82c69f) Importer(2089858483,b0f066a214c2f5e87bad3c948f4d605d)
Start importing Assets/Import/Lahmadju/ImportedModels/Spacecraft_Control_Terminal_Console_ORANGE/textures/F5_1001_metallicRoughness_81_metal.png using Guid(38b5116c72284b146a8822b80b82c69f) Importer(2089858483,b0f066a214c2f5e87bad3c948f4d605d) (ScriptedImporter) -> (artifact id: '8f2b45f4c02ccfc23b74435cd953626f') in 0.0261504 seconds
Number of updated asset objects reloaded before import = 0Number of asset objects unloaded after import = 1

========================================================================
Received Import Request.
  Time since last request: 0.000023 seconds.
  path: Assets/Import/Lahmadju/ImportedModels/AZURION_MK-V_Pulse_Blaster/materials/Material.001_0.mat
  artifactKey: Guid(fd221f929c56aa948b1a8c2d6e103e88) Importer(2089858483,b0f066a214c2f5e87bad3c948f4d605d)
Start importing Assets/Import/Lahmadju/ImportedModels/AZURION_MK-V_Pulse_Blaster/materials/Material.001_0.mat using Guid(fd221f929c56aa948b1a8c2d6e103e88) Importer(2089858483,b0f066a214c2f5e87bad3c948f4d605d) (ScriptedImporter) -> (artifact id: '395e1f146ae46b1c05e5d37489bc5cee') in 0.0208574 seconds
Number of updated asset objects reloaded before import = 0Number of asset objects unloaded after import = 3

========================================================================
Received Import Request.
  Time since last request: 0.000025 seconds.
  path: Assets/Import/Lahmadju/ImportedModels/Space_Music!/meshes/Cube_main_0_0_0.asset
  artifactKey: Guid(1de029a4274c49f419333c22210e3a71) Importer(2089858483,b0f066a214c2f5e87bad3c948f4d605d)
Start importing Assets/Import/Lahmadju/ImportedModels/Space_Music!/meshes/Cube_main_0_0_0.asset using Guid(1de029a4274c49f419333c22210e3a71) Importer(2089858483,b0f066a214c2f5e87bad3c948f4d605d) (ScriptedImporter) -> (artifact id: '6bb87147b3fdd577b045a8ade6fe65e8') in 0.0109108 seconds
Number of updated asset objects reloaded before import = 0Number of asset objects unloaded after import = 1

========================================================================
Received Import Request.
  Time since last request: 0.000036 seconds.
  path: Assets/Import/Lahmadju/ImportedModels/Spacecraft_Control_Terminal_Console_ORANGE/textures/Material.067_1001_metallicRoughness_243_occlusion.png
  artifactKey: Guid(79746d34f4d4b14428e542b2c94079d4) Importer(2089858483,b0f066a214c2f5e87bad3c948f4d605d)
Start importing Assets/Import/Lahmadju/ImportedModels/Spacecraft_Control_Terminal_Console_ORANGE/textures/Material.067_1001_metallicRoughness_243_occlusion.png using Guid(79746d34f4d4b14428e542b2c94079d4) Importer(2089858483,b0f066a214c2f5e87bad3c948f4d605d) (ScriptedImporter) -> (artifact id: '6fafb28900319d71347fff1839530b4a') in 0.0275485 seconds
Number of updated asset objects reloaded before import = 0Number of asset objects unloaded after import = 1

========================================================================
Received Import Request.
  Time since last request: 0.000022 seconds.
  path: Assets/Import/Lahmadju/ImportedModels/Spacecraft_Control_Terminal_Console_ORANGE/meshes/Object_46_46_0.asset
  artifactKey: Guid(3fae3d912b9015b4492710966b942087) Importer(2089858483,b0f066a214c2f5e87bad3c948f4d605d)
Start importing Assets/Import/Lahmadju/ImportedModels/Spacecraft_Control_Terminal_Console_ORANGE/meshes/Object_46_46_0.asset using Guid(3fae3d912b9015b4492710966b942087) Importer(2089858483,b0f066a214c2f5e87bad3c948f4d605d) (ScriptedImporter) -> (artifact id: '33401bbcc763b56a722402883d5fe3e0') in 0.0087815 seconds
Number of updated asset objects reloaded before import = 0Number of asset objects unloaded after import = 1

========================================================================
Received Import Request.
  Time since last request: 0.000022 seconds.
  path: Assets/Import/Lahmadju/ImportedModels/Spacecraft_Control_Terminal_Console_ORANGE/textures/Material.075_1001_baseColor_26.png
  artifactKey: Guid(bd9e77e8bf2a6754d908ca1f5b174597) Importer(2089858483,b0f066a214c2f5e87bad3c948f4d605d)
Start importing Assets/Import/Lahmadju/ImportedModels/Spacecraft_Control_Terminal_Console_ORANGE/textures/Material.075_1001_baseColor_26.png using Guid(bd9e77e8bf2a6754d908ca1f5b174597) Importer(2089858483,b0f066a214c2f5e87bad3c948f4d605d) (ScriptedImporter) -> (artifact id: 'f578adf4eec0e2038f9e9a8b17b31c22') in 0.0225532 seconds
Number of updated asset objects reloaded before import = 0Number of asset objects unloaded after import = 1

========================================================================
Received Import Request.
  Time since last request: 2.627425 seconds.
  path: Assets/Import/Lahmadju/ImportedModels/Spacecraft_Control_Terminal_Console_ORANGE/textures/YZ_1001_metallicRoughness_54_metal.png
  artifactKey: Guid(b3331bed76627a8489eb7b8b6db6b8c3) Importer(2089858483,b0f066a214c2f5e87bad3c948f4d605d)
Start importing Assets/Import/Lahmadju/ImportedModels/Spacecraft_Control_Terminal_Console_ORANGE/textures/YZ_1001_metallicRoughness_54_metal.png using Guid(b3331bed76627a8489eb7b8b6db6b8c3) Importer(2089858483,b0f066a214c2f5e87bad3c948f4d605d) (ScriptedImporter) -> (artifact id: '3a0cdf903814f3b9628f2147a15735b4') in 0.0266519 seconds
Number of updated asset objects reloaded before import = 0Number of asset objects unloaded after import = 1

========================================================================
Received Import Request.
  Time since last request: 0.000019 seconds.
  path: Assets/Import/Lahmadju/ImportedModels/Control-Device_X_II/meshes/Object_4_4_0.asset
  artifactKey: Guid(c1c5de8e5c54ac343a24ee21b1f1cd66) Importer(2089858483,b0f066a214c2f5e87bad3c948f4d605d)
Start importing Assets/Import/Lahmadju/ImportedModels/Control-Device_X_II/meshes/Object_4_4_0.asset using Guid(c1c5de8e5c54ac343a24ee21b1f1cd66) Importer(2089858483,b0f066a214c2f5e87bad3c948f4d605d) (ScriptedImporter) -> (artifact id: '16461396e371d64440313310e9a9cac7') in 0.0555009 seconds
Number of updated asset objects reloaded before import = 0Number of asset objects unloaded after import = 1

========================================================================
Received Import Request.
  Time since last request: 0.000037 seconds.
  path: Assets/Import/Lahmadju/ImportedModels/Free_Sci_Fi_Helmet/textures/base01_normal_19.png
  artifactKey: Guid(185e5a6e80613a447907767a6c93bcb9) Importer(2089858483,b0f066a214c2f5e87bad3c948f4d605d)
Start importing Assets/Import/Lahmadju/ImportedModels/Free_Sci_Fi_Helmet/textures/base01_normal_19.png using Guid(185e5a6e80613a447907767a6c93bcb9) Importer(2089858483,b0f066a214c2f5e87bad3c948f4d605d) (ScriptedImporter) -> (artifact id: '5f4d3fd8061cd332b27267b925bbd671') in 0.0341336 seconds
Number of updated asset objects reloaded before import = 0Number of asset objects unloaded after import = 1

========================================================================
Received Import Request.
  Time since last request: 0.000025 seconds.
  path: Assets/Import/Lahmadju/AstarPathfindingProject/ExampleScenes/Example16_RVO 2D/ExampleMover.cs
  artifactKey: Guid(d26cf94ed562448e59249505a524cf93) Importer(2089858483,b0f066a214c2f5e87bad3c948f4d605d)
Start importing Assets/Import/Lahmadju/AstarPathfindingProject/ExampleScenes/Example16_RVO 2D/ExampleMover.cs using Guid(d26cf94ed562448e59249505a524cf93) Importer(2089858483,b0f066a214c2f5e87bad3c948f4d605d) (ScriptedImporter) -> (artifact id: '7048367be62bc6345521d6fc98f4b486') in 0.0097835 seconds
Number of updated asset objects reloaded before import = 0Number of asset objects unloaded after import = 0

========================================================================
Received Import Request.
  Time since last request: 0.000027 seconds.
  path: Assets/Import/Lahmadju/ImportedModels/Spacecraft_Control_Terminal_Console_ORANGE/meshes/Object_34_34_0.asset
  artifactKey: Guid(4e80d8df78f3a864dae3f7d27fe2c39c) Importer(2089858483,b0f066a214c2f5e87bad3c948f4d605d)
Start importing Assets/Import/Lahmadju/ImportedModels/Spacecraft_Control_Terminal_Console_ORANGE/meshes/Object_34_34_0.asset using Guid(4e80d8df78f3a864dae3f7d27fe2c39c) Importer(2089858483,b0f066a214c2f5e87bad3c948f4d605d) (ScriptedImporter) -> (artifact id: '474950978460b540d80cbba19df685ed') in 0.0116318 seconds
Number of updated asset objects reloaded before import = 0Number of asset objects unloaded after import = 1

========================================================================
Received Import Request.
  Time since last request: 0.000042 seconds.
  path: Assets/Import/Lahmadju/ImportedModels/Spacecraft_Control_Terminal_Console_ORANGE/textures/Material.055_1001_metallicRoughness_228_occlusion.png
  artifactKey: Guid(6969aa5eeb9f66c4abe447332b9e3acd) Importer(2089858483,b0f066a214c2f5e87bad3c948f4d605d)
Start importing Assets/Import/Lahmadju/ImportedModels/Spacecraft_Control_Terminal_Console_ORANGE/textures/Material.055_1001_metallicRoughness_228_occlusion.png using Guid(6969aa5eeb9f66c4abe447332b9e3acd) Importer(2089858483,b0f066a214c2f5e87bad3c948f4d605d) (ScriptedImporter) -> (artifact id: '54f5ff6ee8b9d80d1a3ee3a4851987c4') in 0.0826774 seconds
Number of updated asset objects reloaded before import = 0Number of asset objects unloaded after import = 1

========================================================================
Received Import Request.
  Time since last request: 0.000027 seconds.
  path: Assets/Import/Lahmadju/ImportedModels/Spacecraft_Control_Terminal_Console_ORANGE/textures/Material.011_1001_metallicRoughness_60_metal.png
  artifactKey: Guid(1bf243aedead1084cadd7ea54634b361) Importer(2089858483,b0f066a214c2f5e87bad3c948f4d605d)
Start importing Assets/Import/Lahmadju/ImportedModels/Spacecraft_Control_Terminal_Console_ORANGE/textures/Material.011_1001_metallicRoughness_60_metal.png using Guid(1bf243aedead1084cadd7ea54634b361) Importer(2089858483,b0f066a214c2f5e87bad3c948f4d605d) (ScriptedImporter) -> (artifact id: 'c89d973564e5df759d4fbbb701ea8420') in 0.0878224 seconds
Number of updated asset objects reloaded before import = 0Number of asset objects unloaded after import = 1

========================================================================
Received Import Request.
  Time since last request: 0.000026 seconds.
  path: Assets/Import/Lahmadju/Hovl Studio/Magic effects pack/Textures/Circle.png
  artifactKey: Guid(c4cf9c9f7cf52f6409ef75a08a4357ac) Importer(2089858483,b0f066a214c2f5e87bad3c948f4d605d)
Start importing Assets/Import/Lahmadju/Hovl Studio/Magic effects pack/Textures/Circle.png using Guid(c4cf9c9f7cf52f6409ef75a08a4357ac) Importer(2089858483,b0f066a214c2f5e87bad3c948f4d605d) (ScriptedImporter) -> (artifact id: '896c06ce5578be10bba44f386e3c4d2b') in 0.0288984 seconds
Number of updated asset objects reloaded before import = 0Number of asset objects unloaded after import = 1

========================================================================
Received Import Request.
  Time since last request: 0.000035 seconds.
  path: Assets/Import/Lahmadju/ImportedModels/Spacecraft_Control_Terminal_Console_ORANGE/textures/E_1001_normal_148.png
  artifactKey: Guid(423c062ed3f3ba045a0ab19d7153d4bc) Importer(2089858483,b0f066a214c2f5e87bad3c948f4d605d)
Start importing Assets/Import/Lahmadju/ImportedModels/Spacecraft_Control_Terminal_Console_ORANGE/textures/E_1001_normal_148.png using Guid(423c062ed3f3ba045a0ab19d7153d4bc) Importer(2089858483,b0f066a214c2f5e87bad3c948f4d605d) (ScriptedImporter) -> (artifact id: '2c63542afb80c7b792d31fc9b3a18ba9') in 0.0278602 seconds
Number of updated asset objects reloaded before import = 0Number of asset objects unloaded after import = 1

========================================================================
Received Import Request.
  Time since last request: 0.000023 seconds.
  path: Assets/Import/Lahmadju/ImportedModels/Space_container_-_Mars_mission/meshes/MarsBox_text_panel_low_UV_0_6_0.asset
  artifactKey: Guid(bc3ad0affd5453240a8aa2c30804c5e4) Importer(2089858483,b0f066a214c2f5e87bad3c948f4d605d)
Start importing Assets/Import/Lahmadju/ImportedModels/Space_container_-_Mars_mission/meshes/MarsBox_text_panel_low_UV_0_6_0.asset using Guid(bc3ad0affd5453240a8aa2c30804c5e4) Importer(2089858483,b0f066a214c2f5e87bad3c948f4d605d) (ScriptedImporter) -> (artifact id: '4d3da46c4e84304850a32b92dafa36cc') in 0.0100311 seconds
Number of updated asset objects reloaded before import = 0Number of asset objects unloaded after import = 1

========================================================================
Received Import Request.
  Time since last request: 0.000023 seconds.
  path: Assets/Import/Lahmadju/ImportedModels/Space_Bottle/materials/Material.006_5.mat
  artifactKey: Guid(ee13230f5c1fe3f4f89eb0fc4548e027) Importer(2089858483,b0f066a214c2f5e87bad3c948f4d605d)
Start importing Assets/Import/Lahmadju/ImportedModels/Space_Bottle/materials/Material.006_5.mat using Guid(ee13230f5c1fe3f4f89eb0fc4548e027) Importer(2089858483,b0f066a214c2f5e87bad3c948f4d605d) (ScriptedImporter) -> (artifact id: '00f770900b9949d3a7574a545c0737bd') in 0.0130635 seconds
Number of updated asset objects reloaded before import = 0Number of asset objects unloaded after import = 2

========================================================================
Received Import Request.
  Time since last request: 0.000030 seconds.
  path: Assets/Import/Lahmadju/ImportedModels/Spacecraft_Control_Terminal_Console_ORANGE/textures/Material.007_1001_metallicRoughness_48_occlusion.png
  artifactKey: Guid(7db3846fa593e2c4e8a088aaaf1ae232) Importer(2089858483,b0f066a214c2f5e87bad3c948f4d605d)
Start importing Assets/Import/Lahmadju/ImportedModels/Spacecraft_Control_Terminal_Console_ORANGE/textures/Material.007_1001_metallicRoughness_48_occlusion.png using Guid(7db3846fa593e2c4e8a088aaaf1ae232) Importer(2089858483,b0f066a214c2f5e87bad3c948f4d605d) (ScriptedImporter) -> (artifact id: '7c28c2451174c9ae95dc1b761742ebd3') in 0.0283214 seconds
Number of updated asset objects reloaded before import = 0Number of asset objects unloaded after import = 1

========================================================================
Received Import Request.
  Time since last request: 0.000050 seconds.
  path: Assets/Import/Lahmadju/AstarPathfindingProject/Core/Serialization/TinyJson.cs
  artifactKey: Guid(761fd44fdff0b40648c9b7ce7763a06f) Importer(2089858483,b0f066a214c2f5e87bad3c948f4d605d)
Start importing Assets/Import/Lahmadju/AstarPathfindingProject/Core/Serialization/TinyJson.cs using Guid(761fd44fdff0b40648c9b7ce7763a06f) Importer(2089858483,b0f066a214c2f5e87bad3c948f4d605d) (ScriptedImporter) -> (artifact id: 'f58b7075fef5b52eb73f8a0ac6c0b684') in 0.0097431 seconds
Number of updated asset objects reloaded before import = 0Number of asset objects unloaded after import = 0

========================================================================
Received Import Request.
  Time since last request: 0.000041 seconds.
  path: Assets/Import/Lahmadju/ImportedModels/Spacecraft_Control_Terminal_Console_ORANGE/textures/T_1001_metallicRoughness_153_metal.png
  artifactKey: Guid(d76d858ec0e962f4f8029c3f211eaf83) Importer(2089858483,b0f066a214c2f5e87bad3c948f4d605d)
Start importing Assets/Import/Lahmadju/ImportedModels/Spacecraft_Control_Terminal_Console_ORANGE/textures/T_1001_metallicRoughness_153_metal.png using Guid(d76d858ec0e962f4f8029c3f211eaf83) Importer(2089858483,b0f066a214c2f5e87bad3c948f4d605d) (ScriptedImporter) -> (artifact id: 'a904374611f7062d230bc816412c49c6') in 0.077526 seconds
Number of updated asset objects reloaded before import = 0Number of asset objects unloaded after import = 1

========================================================================
Received Import Request.
  Time since last request: 0.000026 seconds.
  path: Assets/Import/Lahmadju/ImportedModels/Spacecraft_Control_Terminal_Console_ORANGE/textures/T_1001_metallicRoughness_153_occlusion.png
  artifactKey: Guid(27a6a59f7e278f94ea380019fa043530) Importer(2089858483,b0f066a214c2f5e87bad3c948f4d605d)
Start importing Assets/Import/Lahmadju/ImportedModels/Spacecraft_Control_Terminal_Console_ORANGE/textures/T_1001_metallicRoughness_153_occlusion.png using Guid(27a6a59f7e278f94ea380019fa043530) Importer(2089858483,b0f066a214c2f5e87bad3c948f4d605d) (ScriptedImporter) -> (artifact id: 'a9c740064d03447e544eeb838605e6ff') in 0.036381 seconds
Number of updated asset objects reloaded before import = 0Number of asset objects unloaded after import = 1

========================================================================
Received Import Request.
  Time since last request: 0.000036 seconds.
  path: Assets/Import/Lahmadju/AstarPathfindingProject/Pathfinders/RandomPath.cs
  artifactKey: Guid(2006bb8ffadf54c04ac4550f47be20b2) Importer(2089858483,b0f066a214c2f5e87bad3c948f4d605d)
Start importing Assets/Import/Lahmadju/AstarPathfindingProject/Pathfinders/RandomPath.cs using Guid(2006bb8ffadf54c04ac4550f47be20b2) Importer(2089858483,b0f066a214c2f5e87bad3c948f4d605d) (ScriptedImporter) -> (artifact id: '3415e25f6b07c1898f3590b303602ffe') in 0.0101351 seconds
Number of updated asset objects reloaded before import = 0Number of asset objects unloaded after import = 0

========================================================================
Received Import Request.
  Time since last request: 0.000021 seconds.
  path: Assets/Import/Lahmadju/Prefabs/3 Planets.prefab
  artifactKey: Guid(ef54f11e800cac946b6130637ee24b07) Importer(2089858483,b0f066a214c2f5e87bad3c948f4d605d)
Start importing Assets/Import/Lahmadju/Prefabs/3 Planets.prefab using Guid(ef54f11e800cac946b6130637ee24b07) Importer(2089858483,b0f066a214c2f5e87bad3c948f4d605d) (ScriptedImporter) -> (artifact id: 'f8cd52f28574c229b19059503a186082') in 0.0101142 seconds
Number of updated asset objects reloaded before import = 0Number of asset objects unloaded after import = 24

========================================================================
Received Import Request.
  Time since last request: 0.000024 seconds.
  path: Assets/Import/Lahmadju/ImportedModels/Spacecraft_Control_Terminal_Console_ORANGE/textures/4_1001_metallicRoughness_108_occlusion.png
  artifactKey: Guid(3dd9cc3e6fe9b1f4395c881b9c0ff45b) Importer(2089858483,b0f066a214c2f5e87bad3c948f4d605d)
Start importing Assets/Import/Lahmadju/ImportedModels/Spacecraft_Control_Terminal_Console_ORANGE/textures/4_1001_metallicRoughness_108_occlusion.png using Guid(3dd9cc3e6fe9b1f4395c881b9c0ff45b) Importer(2089858483,b0f066a214c2f5e87bad3c948f4d605d) (ScriptedImporter) -> (artifact id: 'a7b814b93c2a62d80d0dc7ba33de45fc') in 0.0301798 seconds
Number of updated asset objects reloaded before import = 0Number of asset objects unloaded after import = 1

========================================================================
Received Import Request.
  Time since last request: 0.000029 seconds.
  path: Assets/Import/Lahmadju/AstarPathfindingProject/Editor/RVONavmeshEditor.cs
  artifactKey: Guid(4eff877e8158f41ae99f5cf271cb7646) Importer(2089858483,b0f066a214c2f5e87bad3c948f4d605d)
Start importing Assets/Import/Lahmadju/AstarPathfindingProject/Editor/RVONavmeshEditor.cs using Guid(4eff877e8158f41ae99f5cf271cb7646) Importer(2089858483,b0f066a214c2f5e87bad3c948f4d605d) (ScriptedImporter) -> (artifact id: '967d4ed72c423ad785e7706537c21dc4') in 0.0090149 seconds
Number of updated asset objects reloaded before import = 0Number of asset objects unloaded after import = 0

========================================================================
Received Import Request.
  Time since last request: 0.000036 seconds.
  path: Assets/Import/Lahmadju/Prefabs/Below Platform/platform_defaultMat_normal.jpeg
  artifactKey: Guid(ceca646eda15592428cf449a249c5738) Importer(2089858483,b0f066a214c2f5e87bad3c948f4d605d)
Start importing Assets/Import/Lahmadju/Prefabs/Below Platform/platform_defaultMat_normal.jpeg using Guid(ceca646eda15592428cf449a249c5738) Importer(2089858483,b0f066a214c2f5e87bad3c948f4d605d) (ScriptedImporter) -> (artifact id: 'c17b3806fc278e99b4183a2774dc039f') in 0.0254829 seconds
Number of updated asset objects reloaded before import = 0Number of asset objects unloaded after import = 1

========================================================================
Received Import Request.
  Time since last request: 0.000024 seconds.
  path: Assets/Import/Lahmadju/ImportedModels/Spacecraft_Control_Terminal_Console_ORANGE/materials/S_1001_46.mat
  artifactKey: Guid(5375df5f63a300449b367bf981608a85) Importer(2089858483,b0f066a214c2f5e87bad3c948f4d605d)
Start importing Assets/Import/Lahmadju/ImportedModels/Spacecraft_Control_Terminal_Console_ORANGE/materials/S_1001_46.mat using Guid(5375df5f63a300449b367bf981608a85) Importer(2089858483,b0f066a214c2f5e87bad3c948f4d605d) (ScriptedImporter) -> (artifact id: '544e0a53a433548eeeca27fae37fa7e5') in 0.0166796 seconds
Number of updated asset objects reloaded before import = 0Number of asset objects unloaded after import = 6

========================================================================
Received Import Request.
  Time since last request: 0.000029 seconds.
  path: Assets/Import/Lahmadju/Animations/Right Attack.anim
  artifactKey: Guid(7baa1dde0e3cff94782dfd01e5f18143) Importer(2089858483,b0f066a214c2f5e87bad3c948f4d605d)
Start importing Assets/Import/Lahmadju/Animations/Right Attack.anim using Guid(7baa1dde0e3cff94782dfd01e5f18143) Importer(2089858483,b0f066a214c2f5e87bad3c948f4d605d) (ScriptedImporter) -> (artifact id: '522481d64f8457a6871905b20dee8af1') in 0.0776144 seconds
Number of updated asset objects reloaded before import = 0Number of asset objects unloaded after import = 1

========================================================================
Received Import Request.
  Time since last request: 0.000035 seconds.
  path: Assets/Import/Lahmadju/ImportedModels/Lava_planet/Lava_planet.prefab
  artifactKey: Guid(116da88fca5b3a349a474210ae39de59) Importer(2089858483,b0f066a214c2f5e87bad3c948f4d605d)
Start importing Assets/Import/Lahmadju/ImportedModels/Lava_planet/Lava_planet.prefab using Guid(116da88fca5b3a349a474210ae39de59) Importer(2089858483,b0f066a214c2f5e87bad3c948f4d605d) (ScriptedImporter) -> (artifact id: '0ea5102f154115b11439b315c3cde242') in 0.0195417 seconds
Number of updated asset objects reloaded before import = 0Number of asset objects unloaded after import = 26

========================================================================
Received Import Request.
  Time since last request: 0.000045 seconds.
  path: Assets/Import/Lahmadju/ImportedModels/Alien_Planet/materials/Planet_0.mat
  artifactKey: Guid(42d18c9ff5fb67c46bad77ff96dc5089) Importer(2089858483,b0f066a214c2f5e87bad3c948f4d605d)
Start importing Assets/Import/Lahmadju/ImportedModels/Alien_Planet/materials/Planet_0.mat using Guid(42d18c9ff5fb67c46bad77ff96dc5089) Importer(2089858483,b0f066a214c2f5e87bad3c948f4d605d) (ScriptedImporter) -> (artifact id: '9fdc750178bb9f270df35f1fa8014ba9') in 0.0280903 seconds
Number of updated asset objects reloaded before import = 0Number of asset objects unloaded after import = 4

========================================================================
Received Import Request.
  Time since last request: 0.000024 seconds.
  path: Assets/Import/Lahmadju/Sci-FI_Trooper_Man_v.3/Materials/M_Top.mat
  artifactKey: Guid(f6c4fcaea8404a94a87b2205da5208a9) Importer(2089858483,b0f066a214c2f5e87bad3c948f4d605d)
Start importing Assets/Import/Lahmadju/Sci-FI_Trooper_Man_v.3/Materials/M_Top.mat using Guid(f6c4fcaea8404a94a87b2205da5208a9) Importer(2089858483,b0f066a214c2f5e87bad3c948f4d605d) (ScriptedImporter) -> (artifact id: '3cd6927bdd7de56cddf42f1bb49452d0') in 0.2221474 seconds
Number of updated asset objects reloaded before import = 0Number of asset objects unloaded after import = 5

========================================================================
Received Import Request.
  Time since last request: 0.000031 seconds.
  path: Assets/Import/Lahmadju/ImportedModels/Spaceship_(EZNO)/meshes/Hatch_Spaceship_1_0_1_0.asset
  artifactKey: Guid(0945f4bf1feb1f14483827f59e28b0b5) Importer(2089858483,b0f066a214c2f5e87bad3c948f4d605d)
Start importing Assets/Import/Lahmadju/ImportedModels/Spaceship_(EZNO)/meshes/Hatch_Spaceship_1_0_1_0.asset using Guid(0945f4bf1feb1f14483827f59e28b0b5) Importer(2089858483,b0f066a214c2f5e87bad3c948f4d605d) (ScriptedImporter) -> (artifact id: 'caa2701b75b3ee250f33a666f6fcd184') in 0.0154616 seconds
Number of updated asset objects reloaded before import = 0Number of asset objects unloaded after import = 1

========================================================================
Received Import Request.
  Time since last request: 0.000041 seconds.
  path: Assets/Import/Lahmadju/ImportedModels/Spacecraft_Control_Terminal_Console_ORANGE/textures/8_1001_normal_121.png
  artifactKey: Guid(1b871e7e0607e6c48a3d4afb13419d38) Importer(2089858483,b0f066a214c2f5e87bad3c948f4d605d)
Start importing Assets/Import/Lahmadju/ImportedModels/Spacecraft_Control_Terminal_Console_ORANGE/textures/8_1001_normal_121.png using Guid(1b871e7e0607e6c48a3d4afb13419d38) Importer(2089858483,b0f066a214c2f5e87bad3c948f4d605d) (ScriptedImporter) -> (artifact id: 'a21c50d8fd626608aad33f8d1890e248') in 0.1171684 seconds
Number of updated asset objects reloaded before import = 0Number of asset objects unloaded after import = 1

========================================================================
Received Import Request.
  Time since last request: 0.000024 seconds.
  path: Assets/Import/Lahmadju/ImportedModels/Spacecraft_Control_Terminal_Console_ORANGE/meshes/Object_10_10_0.asset
  artifactKey: Guid(24c93a1e85070034796f0311ca39200d) Importer(2089858483,b0f066a214c2f5e87bad3c948f4d605d)
Start importing Assets/Import/Lahmadju/ImportedModels/Spacecraft_Control_Terminal_Console_ORANGE/meshes/Object_10_10_0.asset using Guid(24c93a1e85070034796f0311ca39200d) Importer(2089858483,b0f066a214c2f5e87bad3c948f4d605d) (ScriptedImporter) -> (artifact id: 'e53c2d944f99d6184bec6da587151520') in 0.2340435 seconds
Number of updated asset objects reloaded before import = 0Number of asset objects unloaded after import = 1

========================================================================
Received Import Request.
  Time since last request: 0.000034 seconds.
  path: Assets/Import/Lahmadju/ImportedModels/Spacecraft_Control_Terminal_Console_ORANGE/textures/Material.007_1001_normal_49.png
  artifactKey: Guid(c181347eacfc7c044be41b08888ad7ed) Importer(2089858483,b0f066a214c2f5e87bad3c948f4d605d)
Start importing Assets/Import/Lahmadju/ImportedModels/Spacecraft_Control_Terminal_Console_ORANGE/textures/Material.007_1001_normal_49.png using Guid(c181347eacfc7c044be41b08888ad7ed) Importer(2089858483,b0f066a214c2f5e87bad3c948f4d605d) (ScriptedImporter) -> (artifact id: '7998a1bc1d2d6a6c6d9c435919f462fc') in 0.0329543 seconds
Number of updated asset objects reloaded before import = 0Number of asset objects unloaded after import = 1

========================================================================
Received Import Request.
  Time since last request: 0.000021 seconds.
  path: Assets/Import/Lahmadju/ImportedModels/Spacecraft_Control_Terminal_Console_ORANGE/materials/N_1001_70.mat
  artifactKey: Guid(e4b370be35a38b5469e93892c8f96be3) Importer(2089858483,b0f066a214c2f5e87bad3c948f4d605d)
Start importing Assets/Import/Lahmadju/ImportedModels/Spacecraft_Control_Terminal_Console_ORANGE/materials/N_1001_70.mat using Guid(e4b370be35a38b5469e93892c8f96be3) Importer(2089858483,b0f066a214c2f5e87bad3c948f4d605d) (ScriptedImporter) -> (artifact id: '080d1b79d45f54dcde7faa8a97488c6c') in 0.0220617 seconds
Number of updated asset objects reloaded before import = 0Number of asset objects unloaded after import = 6

========================================================================
Received Import Request.
  Time since last request: 0.000030 seconds.
  path: Assets/Import/Lahmadju/ImportedModels/Spacecraft_Control_Terminal_Console_ORANGE/textures/X_1001_normal_202.png
  artifactKey: Guid(d534785e66df3224aac889f143f1d9a4) Importer(2089858483,b0f066a214c2f5e87bad3c948f4d605d)
Start importing Assets/Import/Lahmadju/ImportedModels/Spacecraft_Control_Terminal_Console_ORANGE/textures/X_1001_normal_202.png using Guid(d534785e66df3224aac889f143f1d9a4) Importer(2089858483,b0f066a214c2f5e87bad3c948f4d605d) (ScriptedImporter) -> (artifact id: 'f7c868743569edea5425d71f3b52efbc') in 0.0280386 seconds
Number of updated asset objects reloaded before import = 0Number of asset objects unloaded after import = 1

========================================================================
Received Import Request.
  Time since last request: 0.000038 seconds.
  path: Assets/Import/Lahmadju/ImportedModels/Spaceship_-_Evil_(Gravity)/textures/Engine_baseColor_4.png
  artifactKey: Guid(59e6d70e4a716004bb89ef10d99232f5) Importer(2089858483,b0f066a214c2f5e87bad3c948f4d605d)
Start importing Assets/Import/Lahmadju/ImportedModels/Spaceship_-_Evil_(Gravity)/textures/Engine_baseColor_4.png using Guid(59e6d70e4a716004bb89ef10d99232f5) Importer(2089858483,b0f066a214c2f5e87bad3c948f4d605d) (ScriptedImporter) -> (artifact id: '4b8014b911e3a70f0b2fc03f7148f957') in 0.0386835 seconds
Number of updated asset objects reloaded before import = 0Number of asset objects unloaded after import = 1

========================================================================
Received Import Request.
  Time since last request: 0.000035 seconds.
  path: Assets/Import/Lahmadju/ImportedModels/Spacecraft_Control_Terminal_Console_ORANGE/textures/Delete_1001_metallicRoughness_102_metal.png
  artifactKey: Guid(13604deeb87bc5b47bf0d652aab63abc) Importer(2089858483,b0f066a214c2f5e87bad3c948f4d605d)
Start importing Assets/Import/Lahmadju/ImportedModels/Spacecraft_Control_Terminal_Console_ORANGE/textures/Delete_1001_metallicRoughness_102_metal.png using Guid(13604deeb87bc5b47bf0d652aab63abc) Importer(2089858483,b0f066a214c2f5e87bad3c948f4d605d) (ScriptedImporter) -> (artifact id: '4f15dce580ad356d4130c5479321f211') in 0.0295344 seconds
Number of updated asset objects reloaded before import = 0Number of asset objects unloaded after import = 1

========================================================================
Received Import Request.
  Time since last request: 0.000041 seconds.
  path: Assets/Import/Lahmadju/ImportedModels/Free_Sci_Fi_Helmet/meshes/Object_0_0_0.asset
  artifactKey: Guid(a2b4283f6de2c9544afad77bc52bebf5) Importer(2089858483,b0f066a214c2f5e87bad3c948f4d605d)
Start importing Assets/Import/Lahmadju/ImportedModels/Free_Sci_Fi_Helmet/meshes/Object_0_0_0.asset using Guid(a2b4283f6de2c9544afad77bc52bebf5) Importer(2089858483,b0f066a214c2f5e87bad3c948f4d605d) (ScriptedImporter) -> (artifact id: 'cd64ecbd22bd5a7f55e4d97e6144b6e4') in 0.014006 seconds
Number of updated asset objects reloaded before import = 0Number of asset objects unloaded after import = 1

========================================================================
Received Import Request.
  Time since last request: 0.000041 seconds.
  path: Assets/Import/Lahmadju/ImportedModels/Space_container_-_Mars_mission/textures/material_metallicRoughness_1_metal.png
  artifactKey: Guid(22e0246ec94818e45beceeede4c64a3b) Importer(2089858483,b0f066a214c2f5e87bad3c948f4d605d)
Start importing Assets/Import/Lahmadju/ImportedModels/Space_container_-_Mars_mission/textures/material_metallicRoughness_1_metal.png using Guid(22e0246ec94818e45beceeede4c64a3b) Importer(2089858483,b0f066a214c2f5e87bad3c948f4d605d) (ScriptedImporter) -> (artifact id: '0db7b20940694465cc8ede23d35df5af') in 0.032507 seconds
Number of updated asset objects reloaded before import = 0Number of asset objects unloaded after import = 1

========================================================================
Received Import Request.
  Time since last request: 0.000022 seconds.
  path: Assets/Import/Lahmadju/ImportedModels/Free_Sci_Fi_Helmet/meshes/Object_2_2_0.asset
  artifactKey: Guid(a069cd0e00421354a982b0218b07bc20) Importer(2089858483,b0f066a214c2f5e87bad3c948f4d605d)
Start importing Assets/Import/Lahmadju/ImportedModels/Free_Sci_Fi_Helmet/meshes/Object_2_2_0.asset using Guid(a069cd0e00421354a982b0218b07bc20) Importer(2089858483,b0f066a214c2f5e87bad3c948f4d605d) (ScriptedImporter) -> (artifact id: '06f24a5dc335a3c77675e81cc96abb1d') in 0.0105696 seconds
Number of updated asset objects reloaded before import = 0Number of asset objects unloaded after import = 1

========================================================================
Received Import Request.
  Time since last request: 12.876719 seconds.
  path: Assets/Import/Lahmadju/ImportedModels/Spacecraft_Control_Terminal_Console_ORANGE/textures/G_1001_metallicRoughness_219_metal.png
  artifactKey: Guid(4bdabbdf4bf17c248a3285282a9eda39) Importer(2089858483,b0f066a214c2f5e87bad3c948f4d605d)
Start importing Assets/Import/Lahmadju/ImportedModels/Spacecraft_Control_Terminal_Console_ORANGE/textures/G_1001_metallicRoughness_219_metal.png using Guid(4bdabbdf4bf17c248a3285282a9eda39) Importer(2089858483,b0f066a214c2f5e87bad3c948f4d605d) (ScriptedImporter) -> (artifact id: '18e5bf2b8f5e826f31ca44a0206d4060') in 0.0251813 seconds
Number of updated asset objects reloaded before import = 0Number of asset objects unloaded after import = 1

========================================================================
Received Import Request.
  Time since last request: 0.000021 seconds.
  path: Assets/Import/Lahmadju/ImportedModels/Spacecraft_Control_Terminal_Console_ORANGE/materials/M_1001_82.mat
  artifactKey: Guid(7c84f9efda411ab46b6d21a89c0c3a67) Importer(2089858483,b0f066a214c2f5e87bad3c948f4d605d)
Start importing Assets/Import/Lahmadju/ImportedModels/Spacecraft_Control_Terminal_Console_ORANGE/materials/M_1001_82.mat using Guid(7c84f9efda411ab46b6d21a89c0c3a67) Importer(2089858483,b0f066a214c2f5e87bad3c948f4d605d) (ScriptedImporter) -> (artifact id: '50e1c327344ed091ac00638dc3611243') in 0.0321297 seconds
Number of updated asset objects reloaded before import = 0Number of asset objects unloaded after import = 6

========================================================================
Received Import Request.
  Time since last request: 4.256635 seconds.
  path: Assets/Import/Lahmadju/Scenes/Bossfight Scene
  artifactKey: Guid(cc9507a494be0af41bdc5625a5db8027) Importer(2089858483,b0f066a214c2f5e87bad3c948f4d605d)
Start importing Assets/Import/Lahmadju/Scenes/Bossfight Scene using Guid(cc9507a494be0af41bdc5625a5db8027) Importer(2089858483,b0f066a214c2f5e87bad3c948f4d605d) (ScriptedImporter) -> (artifact id: '3ea14154b51dfa944d3d7ec6cd1388a5') in 0.0081149 seconds
Number of updated asset objects reloaded before import = 0Number of asset objects unloaded after import = 1

Editor requested this worker to shutdown with reason: Scaling down because of idle timeout
AssetImportWorker is now disconnected from the server
Process exiting
Exiting without the bug reporter. Application will terminate with return code 0