[Licensing::Module] Trying to connect to existing licensing client channel...
Built from '6000.3/staging' branch; Version is '6000.3.9f1 (7a9955a4f2fa) revision 8034645'; Using compiler version '194234433'; Build Type 'Release'
[Licensing::IpcConnector] Successfully connected to: "LicenseClient-Дмитрий" at "2026-05-26T15:57:31.5028649Z"
OS: 'Windows 10  (10.0.19045) 64bit CoreSingleLanguage' Language: 'ru' Physical Memory: 16318 MB
BatchMode: 1, IsHumanControllingUs: 0, StartBugReporterOnCrash: 0, Is64bit: 1
System  architecture: x64
Process architecture: x64
Date: 2026-05-26T15:57:31Z

COMMAND LINE ARGUMENTS:
S:\UNITY\Unity Editor\6000.3.9f1\Editor\Unity.exe
-adb2
-batchMode
-noUpm
-name
AssetImportWorker6
-projectPath
S:/UNITY/UNITY BACKUP/SPIKE/SPIKE_UNITY
-logFile
Logs/AssetImportWorker6.log
-srvPort
56903
-licensingIpc
LicenseClient-Дмитрий
-job-worker-count
7
-background-job-worker-count
8
-gc-helper-count
1
-name
AssetImport
Successfully changed project path to: S:/UNITY/UNITY BACKUP/SPIKE/SPIKE_UNITY
S:/UNITY/UNITY BACKUP/SPIKE/SPIKE_UNITY
[UnityMemory] Configuration Parameters - Can be set up in boot.config
    "memorysetup-temp-allocator-size-nav-mesh-worker=65536"
    "memorysetup-temp-allocator-size-audio-worker=65536"
    "memorysetup-temp-allocator-size-gfx=262144"
    "memorysetup-allocator-temp-initial-block-size-main=262144"
    "memorysetup-allocator-temp-initial-block-size-worker=262144"
    "memorysetup-temp-allocator-size-background-worker=32768"
    "memorysetup-temp-allocator-size-job-worker=262144"
    "memorysetup-temp-allocator-size-preload-manager=33554432"
    "memorysetup-temp-allocator-size-gi-baking-worker=262144"
    "memorysetup-temp-allocator-size-gi-baking-worker=262144"
    "memorysetup-temp-allocator-size-gi-baking-worker=262144"
    "memorysetup-temp-allocator-size-gi-baking-worker=262144"
    "memorysetup-temp-allocator-size-gi-baking-worker=262144"
    "memorysetup-bucket-allocator-granularity=16"
    "memorysetup-bucket-allocator-bucket-count=8"
    "memorysetup-bucket-allocator-block-size=33554432"
    "memorysetup-bucket-allocator-block-count=8"
    "memorysetup-main-allocator-block-size=16777216"
    "memorysetup-thread-allocator-block-size=16777216"
    "memorysetup-gfx-main-allocator-block-size=16777216"
    "memorysetup-gfx-thread-allocator-block-size=16777216"
    "memorysetup-cache-allocator-block-size=4194304"
    "memorysetup-typetree-allocator-block-size=2097152"
    "memorysetup-profiler-bucket-allocator-granularity=16"
    "memorysetup-profiler-bucket-allocator-bucket-count=8"
    "memorysetup-profiler-bucket-allocator-block-size=33554432"
    "memorysetup-profiler-bucket-allocator-block-count=8"
    "memorysetup-profiler-allocator-block-size=16777216"
    "memorysetup-profiler-editor-allocator-block-size=1048576"
    "memorysetup-temp-allocator-size-main=16777216"
    "memorysetup-job-temp-allocator-block-size=2097152"
    "memorysetup-job-temp-allocator-block-size-background=1048576"
    "memorysetup-job-temp-allocator-reduction-small-platforms=262144"
    "memorysetup-temp-allocator-size-cloud-worker=32768"
Player connection [25892]  Target information:

Player connection [25892]  * "[IP] 192.168.1.39 [Port] 0 [Flags] 2 [Guid] 720029111 [EditorId] 720029111 [Version] 1048832 [Id] WindowsEditor(7,DESKTOP-KK1P2OH) [Debug] 1 [PackageName] WindowsEditor [ProjectName] Editor" 

Player connection [25892] Host joined multi-casting on [225.0.0.222:54997]...
Player connection [25892] Host joined alternative multi-casting on [225.0.0.222:34997]...
JobSystem: Creating JobQueue using job-worker-count value 7
Input System module state changed to: Initialized.
[Physics::Module] Initialized fallback backend.
[Physics::Module] Id: 0xdecafbad
Library Redirect Path: Library/
[Physics::Module] Selected backend.
[Physics::Module] Name: PhysX
[Physics::Module] Id: 0xf2b8ea05
[Physics::Module] SDK Version: 4.1.2
[Physics::Module] Integration Version: 1.0.0
[Physics::Module] Threading Mode: Multi-Threaded
Refreshing native plugins compatible for Editor in 6.87 ms, found 3 plugins.
Preloading 0 native plugins for Editor in 0.00 ms.
Initialize engine version: 6000.3.9f1 (7a9955a4f2fa)
[Subsystems] Discovering subsystems at path S:/UNITY/Unity Editor/6000.3.9f1/Editor/Data/Resources/UnitySubsystems
[Subsystems] Discovering subsystems at path S:/UNITY/UNITY BACKUP/SPIKE/SPIKE_UNITY/Assets
GfxDevice: creating device client; kGfxThreadingModeNonThreaded
Direct3D:
    Version:  Direct3D 11.0 [level 11.1]
    Renderer: NVIDIA GeForce GTX 1060 6GB (ID=0x1c03)
    Vendor:   NVIDIA
    VRAM:     6029 MB
    Driver:   32.0.15.8228
Initialize mono
Mono path[0] = 'S:/UNITY/Unity Editor/6000.3.9f1/Editor/Data/Managed'
Mono path[1] = 'S:/UNITY/Unity Editor/6000.3.9f1/Editor/Data/MonoBleedingEdge/lib/mono/unityjit-win32'
Mono config path = 'S:/UNITY/Unity Editor/6000.3.9f1/Editor/Data/MonoBleedingEdge/etc'
Using monoOptions --debugger-agent=transport=dt_socket,embedding=1,server=y,suspend=n,address=127.0.0.1:56556
Begin MonoManager ReloadAssembly
Registering precompiled unity dll's ...
Register platform support module: S:/UNITY/Unity Editor/6000.3.9f1/Editor/Data/PlaybackEngines/WindowsStandaloneSupport/UnityEditor.WindowsStandalone.Extensions.dll
[Licensing::Module] Licensing is not yet initialized.
[Licensing::Client] Handshaking with LicensingClient:
  Version:                 1.17.4+4293ba1
  Session Id:              dc8e39c867d24f9fbbb3a0095a8dba8b
  Correlation Id:          345cebae4e350154a1226049a9a3c6cb
  External correlation Id: 6980118252511271800
  Machine Id:              BSinU4MsdP07HGNxKH7k4gB1okk=
[Licensing::Module] Successfully connected to LicensingClient on channel: "LicenseClient-Дмитрий" (connect: 0.00s, validation: 0.00s, handshake: 2.83s)
[Licensing::IpcConnector] Successfully connected to: "LicenseClient-Дмитрий-notifications" at "2026-05-26T15:57:34.3357799Z"
[Licensing::Module] Licensing Background thread has ended after 2.83s
[Licensing::Module] Licensing is initialized (took 0.62s).
[Licensing::Client] Successfully resolved entitlement details
[Licensing::Module] License group:
  Id: F4-C7SA-D7MS-282S-YHFX-XXXX
  Product: Unity Personal
  Type: ULF
  Expiration: Unlimited
[Licensing::Module] License group:
  Id: 10170697332008-UnityPersXXXX
  Product: Unity Personal
  Type: Assigned
  Expiration: Unlimited
Register platform support module: S:/UNITY/Unity Editor/6000.3.9f1/Editor/Data/PlaybackEngines/MetroSupport/UnityEditor.UWP.Extensions.dll
Registered in 0.651123 seconds.
- Loaded All Assemblies, in  1.453 seconds
Native extension for UWP target not found
Native extension for WindowsStandalone target not found
ScheduleIndexationOnStartup MainProcess:False IndexOnStartup:True
Mono: successfully reloaded assembly
- Finished resetting the current domain, in  0.726 seconds
Domain Reload Profiling: 2177ms
	BeginReloadAssembly (284ms)
		ExecutionOrderSort (0ms)
		DisableScriptedObjects (0ms)
		BackupInstance (0ms)
		ReleaseScriptingObjects (0ms)
		CreateAndSetChildDomain (1ms)
	RebuildCommonClasses (70ms)
	RebuildNativeTypeToScriptingClass (25ms)
	initialDomainReloadingComplete (734ms)
	LoadAllAssembliesAndSetupDomain (338ms)
		LoadAssemblies (284ms)
		RebuildTransferFunctionScriptingTraits (0ms)
		AnalyzeDomain (330ms)
			TypeCache.Refresh (327ms)
				TypeCache.ScanAssembly (304ms)
			BuildScriptInfoCaches (0ms)
			ResolveRequiredComponents (1ms)
	FinalizeReload (727ms)
		ReleaseScriptCaches (0ms)
		RebuildScriptCaches (0ms)
		SetupLoadedEditorAssemblies (648ms)
			LogAssemblyErrors (0ms)
			InitializePlatformSupportModulesInManaged (75ms)
			SetLoadedEditorAssemblies (8ms)
			BeforeProcessingInitializeOnLoad (164ms)
			ProcessInitializeOnLoadAttributes (259ms)
			ProcessInitializeOnLoadMethodAttributes (141ms)
			AfterProcessingInitializeOnLoad (0ms)
			EditorAssembliesLoaded (0ms)
		ExecutionOrderSort2 (0ms)
		AwakeInstancesAfterBackupRestoration (0ms)
Assembly reference Packages/com.unity.cinemachine/Editor/Samples/ExposeHDRPInternals/HDRP-Editor-ref.asmref has no target assembly definition
========================================================================
Worker process is ready to serve import requests
Import Worker Mode flag is 0x00
Assembly reference Packages/com.unity.cinemachine/Editor/Samples/ExposeHDRPInternals/HDRP-Editor-ref.asmref has no target assembly definition
Assembly reference Packages/com.unity.cinemachine/Editor/Samples/ExposeHDRPInternals/HDRP-Editor-ref.asmref has no target assembly definition
Begin MonoManager ReloadAssembly
[Licensing::Client] Successfully resolved entitlement details
[Licensing::Module] License group:
  Id: F4-C7SA-D7MS-282S-YHFX-XXXX
  Product: Unity Personal
  Type: ULF
  Expiration: Unlimited
[Licensing::Module] License group:
  Id: 10170697332008-UnityPersXXXX
  Product: Unity Personal
  Type: Assigned
  Expiration: Unlimited
Duplicate assembly 'System.Collections.Immutable.FSR.dll' with different versions detected, using 'Assets/FastScriptReload/Plugins/Roslyn/2021+/System.Collections.Immutable.FSR.dll, AssemblyName=System.Collections.Immutable, Version=7.0.0.0, Culture=neutral, PublicKeyToken=b03f5f7f11d50a3a' and ignoring 'Assets/FastScriptReload/Plugins/Roslyn/System.Collections.Immutable.dll, AssemblyName=System.Collections.Immutable, Version=1.2.3.0, Culture=neutral, PublicKeyToken=b03f5f7f11d50a3a'.Duplicate assembly 'System.Collections.Immutable.FSR.dll' with different versions detected, using 'Assets/FastScriptReload/Plugins/Roslyn/2021+/System.Collections.Immutable.FSR.dll, AssemblyName=System.Collections.Immutable, Version=7.0.0.0, Culture=neutral, PublicKeyToken=b03f5f7f11d50a3a' and ignoring 'Assets/FastScriptReload/Plugins/Roslyn/2021+/System.Collections.Immutable.dll, AssemblyName=System.Collections.Immutable, Version=1.2.3.0, Culture=neutral, PublicKeyToken=b03f5f7f11d50a3a'.Duplicate assembly 'Microsoft.CodeAnalysis.CSharp.dll' with different versions detected, using 'Assets/FastScriptReload/Plugins/Roslyn/2021+/Microsoft.CodeAnalysis.CSharp.dll, AssemblyName=Microsoft.CodeAnalysis.CSharp, Version=4.6.0.0, Culture=neutral, PublicKeyToken=31bf3856ad364e35' and ignoring 'Assets/FastScriptReload/Plugins/Roslyn/Microsoft.CodeAnalysis.CSharp.dll, AssemblyName=Microsoft.CodeAnalysis.CSharp, Version=2.10.0.0, Culture=neutral, PublicKeyToken=31bf3856ad364e35'.Duplicate assembly 'System.Reflection.Metadata.dll' with different versions detected, using 'Assets/FastScriptReload/Plugins/Roslyn/2021+/System.Reflection.Metadata.dll, AssemblyName=System.Reflection.Metadata, Version=7.0.0.0, Culture=neutral, PublicKeyToken=b03f5f7f11d50a3a' and ignoring 'Assets/FastScriptReload/Plugins/Roslyn/System.Reflection.Metadata.dll, AssemblyName=System.Reflection.Metadata, Version=1.4.3.0, Culture=neutral, PublicKeyToken=b03f5f7f11d50a3a'.Duplicate assembly 'Microsoft.CodeAnalysis.dll' with different versions detected, using 'Assets/FastScriptReload/Plugins/Roslyn/2021+/Microsoft.CodeAnalysis.dll, AssemblyName=Microsoft.CodeAnalysis, Version=4.6.0.0, Culture=neutral, PublicKeyToken=31bf3856ad364e35' and ignoring 'Assets/FastScriptReload/Plugins/Roslyn/Microsoft.CodeAnalysis.dll, AssemblyName=Microsoft.CodeAnalysis, Version=2.10.0.0, Culture=neutral, PublicKeyToken=31bf3856ad364e35'.- Loaded All Assemblies, in  1.893 seconds
Assembly reference Packages/com.unity.cinemachine/Editor/Samples/ExposeHDRPInternals/HDRP-Editor-ref.asmref has no target assembly definition
'Packages/com.unity.cinemachine/Editor/Obsolete/CinemachineVirtualCameraBaseEditor.cs' contains partial class of Unity.Object, exactly 1 of the partial classes needs to be in a file with the same filename. This is to know the one that can be referenced from ie. GameObjects
'Packages/com.unity.cinemachine/Editor/Editors/CinemachineVirtualCameraBaseEditor.cs' contains partial class of Unity.Object, exactly 1 of the partial classes needs to be in a file with the same filename. This is to know the one that can be referenced from ie. GameObjects
Refreshing native plugins compatible for Editor in 1.78 ms, found 3 plugins.
Native extension for UWP target not found
Native extension for WindowsStandalone target not found
Assembly reference Packages/com.unity.cinemachine/Editor/Samples/ExposeHDRPInternals/HDRP-Editor-ref.asmref has no target assembly definition
FSR: Shader does not exist: Object reference not set to an instance of an object
UnityEngine.Debug:ExtractStackTraceNoAlloc (byte*,int,string)
UnityEngine.StackTraceUtility:ExtractStackTrace ()
UnityEngine.DebugLogHandler:Internal_Log (UnityEngine.LogType,UnityEngine.LogOption,string,UnityEngine.Object)
UnityEngine.DebugLogHandler:LogFormat (UnityEngine.LogType,UnityEngine.Object,string,object[])
UnityEngine.Logger:Log (UnityEngine.LogType,object)
ImmersiveVrToolsCommon.Runtime.Logging.LoggerScoped:LogInternal (UnityEngine.LogType,object)
ImmersiveVrToolsCommon.Runtime.Logging.LoggerScoped:LogWarning (object)
FastScriptReload.Editor.FastScriptReloadPreference:SetCommonMaterialsShader (FastScriptReload.Editor.FastScriptReloadPreference/ShadersMode) (at Assets/FastScriptReload/Scripts/Editor/FastScriptReloadWelcomeScreen.cs:863)
FastScriptReload.Editor.FastScriptReloadWelcomeScreenInitializer:AutoDetectAndSetShaderMode () (at Assets/FastScriptReload/Scripts/Editor/FastScriptReloadWelcomeScreen.cs:1089)
FastScriptReload.Editor.FastScriptReloadWelcomeScreenInitializer:InitCommon () (at Assets/FastScriptReload/Scripts/Editor/FastScriptReloadWelcomeScreen.cs:971)
FastScriptReload.Editor.FastScriptReloadWelcomeScreenInitializer:.cctor () (at Assets/FastScriptReload/Scripts/Editor/FastScriptReloadWelcomeScreen.cs:939)
System.Runtime.CompilerServices.RuntimeHelpers:RunClassConstructor (System.RuntimeTypeHandle)
UnityEditor.EditorAssemblies:ProcessInitializeOnLoadAttributes (System.Type[])

(Filename: Assets/FastScriptReload/Scripts/Editor/FastScriptReloadWelcomeScreen.cs Line: 863)

Package Manager log level set to [2]
[Package Manager] Failed to launch server process. Reason: Unity was launched with the -noUpm command-line argument
[Package Manager] Unable to send message (not connected to server process).
[Package Manager] Cannot connect to Unity Package Manager local server
[Package Manager] Failed to launch server process. Reason: Unity was launched with the -noUpm command-line argument
[Package Manager] Unable to send message (not connected to server process).
[Package Manager] Cannot connect to Unity Package Manager local server
ScheduleIndexationOnStartup MainProcess:False IndexOnStartup:True
Mono: successfully reloaded assembly
- Finished resetting the current domain, in  6.983 seconds
Domain Reload Profiling: 8874ms
	BeginReloadAssembly (342ms)
		ExecutionOrderSort (0ms)
		DisableScriptedObjects (10ms)
		BackupInstance (0ms)
		ReleaseScriptingObjects (0ms)
		CreateAndSetChildDomain (48ms)
	RebuildCommonClasses (63ms)
	RebuildNativeTypeToScriptingClass (24ms)
	initialDomainReloadingComplete (121ms)
	LoadAllAssembliesAndSetupDomain (1339ms)
		LoadAssemblies (945ms)
		RebuildTransferFunctionScriptingTraits (0ms)
		AnalyzeDomain (607ms)
			TypeCache.Refresh (465ms)
				TypeCache.ScanAssembly (441ms)
			BuildScriptInfoCaches (114ms)
			ResolveRequiredComponents (22ms)
	FinalizeReload (6984ms)
		ReleaseScriptCaches (0ms)
		RebuildScriptCaches (0ms)
		SetupLoadedEditorAssemblies (6456ms)
			LogAssemblyErrors (0ms)
			InitializePlatformSupportModulesInManaged (3ms)
			SetLoadedEditorAssemblies (11ms)
			BeforeProcessingInitializeOnLoad (409ms)
			ProcessInitializeOnLoadAttributes (5907ms)
			ProcessInitializeOnLoadMethodAttributes (121ms)
			AfterProcessingInitializeOnLoad (4ms)
			EditorAssembliesLoaded (0ms)
		ExecutionOrderSort2 (0ms)
		AwakeInstancesAfterBackupRestoration (11ms)
Launched and connected shader compiler UnityShaderCompiler.exe after 0.06 seconds
Refreshing native plugins compatible for Editor in 2.60 ms, found 3 plugins.
Preloading 0 native plugins for Editor in 0.00 ms.
Unloading 17 Unused Serialized files (Serialized files now loaded: 0)
Unloading 6857 unused Assets / (6.4 MB). Loaded Objects now: 7700.
Memory consumption went from 157.2 MB to 150.8 MB.
Total: 17.318100 ms (FindLiveObjects: 1.181900 ms CreateObjectMapping: 0.944300 ms MarkObjects: 8.859500 ms  DeleteObjects: 6.330800 ms)

========================================================================
Received Prepare
'Packages/com.unity.cinemachine/Editor/Obsolete/CinemachineVirtualCameraBaseEditor.cs' contains partial class of Unity.Object, exactly 1 of the partial classes needs to be in a file with the same filename. This is to know the one that can be referenced from ie. GameObjects
'Packages/com.unity.cinemachine/Editor/Editors/CinemachineVirtualCameraBaseEditor.cs' contains partial class of Unity.Object, exactly 1 of the partial classes needs to be in a file with the same filename. This is to know the one that can be referenced from ie. GameObjects
Refreshing native plugins compatible for Editor in 1.80 ms, found 3 plugins.
Preloading 0 native plugins for Editor in 0.00 ms.
Unloading 17 Unused Serialized files (Serialized files now loaded: 0)
Unloading 6848 unused Assets / (4.2 MB). Loaded Objects now: 7700.
Memory consumption went from 154.5 MB to 150.3 MB.
Total: 18.407700 ms (FindLiveObjects: 1.304200 ms CreateObjectMapping: 1.471000 ms MarkObjects: 12.290100 ms  DeleteObjects: 3.340400 ms)

Prepare: number of updated asset objects reloaded= 0
========================================================================
Received Prepare
Assembly reference Packages/com.unity.cinemachine/Editor/Samples/ExposeHDRPInternals/HDRP-Editor-ref.asmref has no target assembly definition
Assembly reference Packages/com.unity.cinemachine/Editor/Samples/ExposeHDRPInternals/HDRP-Editor-ref.asmref has no target assembly definition
Begin MonoManager ReloadAssembly
Duplicate assembly 'System.Collections.Immutable.FSR.dll' with different versions detected, using 'Assets/FastScriptReload/Plugins/Roslyn/2021+/System.Collections.Immutable.FSR.dll, AssemblyName=System.Collections.Immutable, Version=7.0.0.0, Culture=neutral, PublicKeyToken=b03f5f7f11d50a3a' and ignoring 'Assets/FastScriptReload/Plugins/Roslyn/System.Collections.Immutable.dll, AssemblyName=System.Collections.Immutable, Version=1.2.3.0, Culture=neutral, PublicKeyToken=b03f5f7f11d50a3a'.Duplicate assembly 'System.Collections.Immutable.FSR.dll' with different versions detected, using 'Assets/FastScriptReload/Plugins/Roslyn/2021+/System.Collections.Immutable.FSR.dll, AssemblyName=System.Collections.Immutable, Version=7.0.0.0, Culture=neutral, PublicKeyToken=b03f5f7f11d50a3a' and ignoring 'Assets/FastScriptReload/Plugins/Roslyn/2021+/System.Collections.Immutable.dll, AssemblyName=System.Collections.Immutable, Version=1.2.3.0, Culture=neutral, PublicKeyToken=b03f5f7f11d50a3a'.Duplicate assembly 'Microsoft.CodeAnalysis.CSharp.dll' with different versions detected, using 'Assets/FastScriptReload/Plugins/Roslyn/2021+/Microsoft.CodeAnalysis.CSharp.dll, AssemblyName=Microsoft.CodeAnalysis.CSharp, Version=4.6.0.0, Culture=neutral, PublicKeyToken=31bf3856ad364e35' and ignoring 'Assets/FastScriptReload/Plugins/Roslyn/Microsoft.CodeAnalysis.CSharp.dll, AssemblyName=Microsoft.CodeAnalysis.CSharp, Version=2.10.0.0, Culture=neutral, PublicKeyToken=31bf3856ad364e35'.Duplicate assembly 'System.Reflection.Metadata.dll' with different versions detected, using 'Assets/FastScriptReload/Plugins/Roslyn/2021+/System.Reflection.Metadata.dll, AssemblyName=System.Reflection.Metadata, Version=7.0.0.0, Culture=neutral, PublicKeyToken=b03f5f7f11d50a3a' and ignoring 'Assets/FastScriptReload/Plugins/Roslyn/System.Reflection.Metadata.dll, AssemblyName=System.Reflection.Metadata, Version=1.4.3.0, Culture=neutral, PublicKeyToken=b03f5f7f11d50a3a'.Duplicate assembly 'Microsoft.CodeAnalysis.dll' with different versions detected, using 'Assets/FastScriptReload/Plugins/Roslyn/2021+/Microsoft.CodeAnalysis.dll, AssemblyName=Microsoft.CodeAnalysis, Version=4.6.0.0, Culture=neutral, PublicKeyToken=31bf3856ad364e35' and ignoring 'Assets/FastScriptReload/Plugins/Roslyn/Microsoft.CodeAnalysis.dll, AssemblyName=Microsoft.CodeAnalysis, Version=2.10.0.0, Culture=neutral, PublicKeyToken=31bf3856ad364e35'.- Loaded All Assemblies, in  1.781 seconds
Assembly reference Packages/com.unity.cinemachine/Editor/Samples/ExposeHDRPInternals/HDRP-Editor-ref.asmref has no target assembly definition
'Packages/com.unity.cinemachine/Editor/Obsolete/CinemachineVirtualCameraBaseEditor.cs' contains partial class of Unity.Object, exactly 1 of the partial classes needs to be in a file with the same filename. This is to know the one that can be referenced from ie. GameObjects
'Packages/com.unity.cinemachine/Editor/Editors/CinemachineVirtualCameraBaseEditor.cs' contains partial class of Unity.Object, exactly 1 of the partial classes needs to be in a file with the same filename. This is to know the one that can be referenced from ie. GameObjects
Refreshing native plugins compatible for Editor in 1.60 ms, found 3 plugins.
Native extension for UWP target not found
Native extension for WindowsStandalone target not found
Assembly reference Packages/com.unity.cinemachine/Editor/Samples/ExposeHDRPInternals/HDRP-Editor-ref.asmref has no target assembly definition
[Package Manager] Failed to launch server process. Reason: Unity was launched with the -noUpm command-line argument
[Package Manager] Unable to send message (not connected to server process).
[Package Manager] Cannot connect to Unity Package Manager local server
[Package Manager] Failed to launch server process. Reason: Unity was launched with the -noUpm command-line argument
[Package Manager] Unable to send message (not connected to server process).
[Package Manager] Cannot connect to Unity Package Manager local server
ScheduleIndexationOnStartup MainProcess:False IndexOnStartup:True
Mono: successfully reloaded assembly
- Finished resetting the current domain, in  2.218 seconds
Domain Reload Profiling: 4001ms
	BeginReloadAssembly (432ms)
		ExecutionOrderSort (0ms)
		DisableScriptedObjects (14ms)
		BackupInstance (0ms)
		ReleaseScriptingObjects (0ms)
		CreateAndSetChildDomain (99ms)
	RebuildCommonClasses (65ms)
	RebuildNativeTypeToScriptingClass (26ms)
	initialDomainReloadingComplete (95ms)
	LoadAllAssembliesAndSetupDomain (1164ms)
		LoadAssemblies (892ms)
		RebuildTransferFunctionScriptingTraits (0ms)
		AnalyzeDomain (502ms)
			TypeCache.Refresh (21ms)
				TypeCache.ScanAssembly (4ms)
			BuildScriptInfoCaches (452ms)
			ResolveRequiredComponents (22ms)
	FinalizeReload (2219ms)
		ReleaseScriptCaches (0ms)
		RebuildScriptCaches (0ms)
		SetupLoadedEditorAssemblies (1889ms)
			LogAssemblyErrors (0ms)
			InitializePlatformSupportModulesInManaged (3ms)
			SetLoadedEditorAssemblies (13ms)
			BeforeProcessingInitializeOnLoad (416ms)
			ProcessInitializeOnLoadAttributes (1317ms)
			ProcessInitializeOnLoadMethodAttributes (134ms)
			AfterProcessingInitializeOnLoad (5ms)
			EditorAssembliesLoaded (1ms)
		ExecutionOrderSort2 (0ms)
		AwakeInstancesAfterBackupRestoration (29ms)
Refreshing native plugins compatible for Editor in 1.85 ms, found 3 plugins.
Preloading 0 native plugins for Editor in 0.00 ms.
Unloading 17 Unused Serialized files (Serialized files now loaded: 0)
Unloading 6857 unused Assets / (5.4 MB). Loaded Objects now: 7716.
Memory consumption went from 161.5 MB to 156.0 MB.
Total: 14.694900 ms (FindLiveObjects: 1.176600 ms CreateObjectMapping: 0.675400 ms MarkObjects: 8.555500 ms  DeleteObjects: 4.285900 ms)

Prepare: number of updated asset objects reloaded= 0
========================================================================
Received Prepare
'Packages/com.unity.cinemachine/Editor/Obsolete/CinemachineVirtualCameraBaseEditor.cs' contains partial class of Unity.Object, exactly 1 of the partial classes needs to be in a file with the same filename. This is to know the one that can be referenced from ie. GameObjects
'Packages/com.unity.cinemachine/Editor/Editors/CinemachineVirtualCameraBaseEditor.cs' contains partial class of Unity.Object, exactly 1 of the partial classes needs to be in a file with the same filename. This is to know the one that can be referenced from ie. GameObjects
Refreshing native plugins compatible for Editor in 1.64 ms, found 3 plugins.
Preloading 0 native plugins for Editor in 0.00 ms.
Unloading 17 Unused Serialized files (Serialized files now loaded: 0)
Unloading 6849 unused Assets / (4.7 MB). Loaded Objects now: 7717.
Memory consumption went from 161.3 MB to 156.5 MB.
Total: 16.849900 ms (FindLiveObjects: 1.238200 ms CreateObjectMapping: 1.477600 ms MarkObjects: 10.124600 ms  DeleteObjects: 4.007400 ms)

Prepare: number of updated asset objects reloaded= 0
========================================================================
Received Prepare
'Packages/com.unity.cinemachine/Editor/Obsolete/CinemachineVirtualCameraBaseEditor.cs' contains partial class of Unity.Object, exactly 1 of the partial classes needs to be in a file with the same filename. This is to know the one that can be referenced from ie. GameObjects
'Packages/com.unity.cinemachine/Editor/Editors/CinemachineVirtualCameraBaseEditor.cs' contains partial class of Unity.Object, exactly 1 of the partial classes needs to be in a file with the same filename. This is to know the one that can be referenced from ie. GameObjects
Refreshing native plugins compatible for Editor in 1.51 ms, found 3 plugins.
Preloading 0 native plugins for Editor in 0.00 ms.
Unloading 17 Unused Serialized files (Serialized files now loaded: 0)
Unloading 6850 unused Assets / (4.4 MB). Loaded Objects now: 7718.
Memory consumption went from 160.9 MB to 156.6 MB.
Total: 12.475300 ms (FindLiveObjects: 1.014700 ms CreateObjectMapping: 0.567000 ms MarkObjects: 7.846300 ms  DeleteObjects: 3.046100 ms)

Prepare: number of updated asset objects reloaded= 0
========================================================================
Received Prepare
'Packages/com.unity.cinemachine/Editor/Obsolete/CinemachineVirtualCameraBaseEditor.cs' contains partial class of Unity.Object, exactly 1 of the partial classes needs to be in a file with the same filename. This is to know the one that can be referenced from ie. GameObjects
'Packages/com.unity.cinemachine/Editor/Editors/CinemachineVirtualCameraBaseEditor.cs' contains partial class of Unity.Object, exactly 1 of the partial classes needs to be in a file with the same filename. This is to know the one that can be referenced from ie. GameObjects
Refreshing native plugins compatible for Editor in 1.70 ms, found 3 plugins.
Preloading 0 native plugins for Editor in 0.00 ms.
Unloading 17 Unused Serialized files (Serialized files now loaded: 0)
Unloading 6851 unused Assets / (4.9 MB). Loaded Objects now: 7719.
Memory consumption went from 160.9 MB to 156.1 MB.
Total: 13.956500 ms (FindLiveObjects: 1.045700 ms CreateObjectMapping: 0.577800 ms MarkObjects: 7.832000 ms  DeleteObjects: 4.498600 ms)

Prepare: number of updated asset objects reloaded= 0
========================================================================
Received Prepare
'Packages/com.unity.cinemachine/Editor/Obsolete/CinemachineVirtualCameraBaseEditor.cs' contains partial class of Unity.Object, exactly 1 of the partial classes needs to be in a file with the same filename. This is to know the one that can be referenced from ie. GameObjects
'Packages/com.unity.cinemachine/Editor/Editors/CinemachineVirtualCameraBaseEditor.cs' contains partial class of Unity.Object, exactly 1 of the partial classes needs to be in a file with the same filename. This is to know the one that can be referenced from ie. GameObjects
Refreshing native plugins compatible for Editor in 1.71 ms, found 3 plugins.
Preloading 0 native plugins for Editor in 0.00 ms.
Unloading 17 Unused Serialized files (Serialized files now loaded: 0)
Unloading 6852 unused Assets / (4.4 MB). Loaded Objects now: 7720.
Memory consumption went from 160.9 MB to 156.6 MB.
Total: 12.056700 ms (FindLiveObjects: 1.052400 ms CreateObjectMapping: 0.554200 ms MarkObjects: 7.727600 ms  DeleteObjects: 2.720900 ms)

Prepare: number of updated asset objects reloaded= 0
========================================================================
Received Prepare
'Packages/com.unity.cinemachine/Editor/Obsolete/CinemachineVirtualCameraBaseEditor.cs' contains partial class of Unity.Object, exactly 1 of the partial classes needs to be in a file with the same filename. This is to know the one that can be referenced from ie. GameObjects
'Packages/com.unity.cinemachine/Editor/Editors/CinemachineVirtualCameraBaseEditor.cs' contains partial class of Unity.Object, exactly 1 of the partial classes needs to be in a file with the same filename. This is to know the one that can be referenced from ie. GameObjects
Refreshing native plugins compatible for Editor in 2.06 ms, found 3 plugins.
Preloading 0 native plugins for Editor in 0.00 ms.
Unloading 17 Unused Serialized files (Serialized files now loaded: 0)
Unloading 6853 unused Assets / (4.3 MB). Loaded Objects now: 7721.
Memory consumption went from 161.0 MB to 156.7 MB.
Total: 13.796300 ms (FindLiveObjects: 1.190700 ms CreateObjectMapping: 1.346500 ms MarkObjects: 8.282700 ms  DeleteObjects: 2.974800 ms)

Prepare: number of updated asset objects reloaded= 0
========================================================================
Received Prepare
'Packages/com.unity.cinemachine/Editor/Obsolete/CinemachineVirtualCameraBaseEditor.cs' contains partial class of Unity.Object, exactly 1 of the partial classes needs to be in a file with the same filename. This is to know the one that can be referenced from ie. GameObjects
'Packages/com.unity.cinemachine/Editor/Editors/CinemachineVirtualCameraBaseEditor.cs' contains partial class of Unity.Object, exactly 1 of the partial classes needs to be in a file with the same filename. This is to know the one that can be referenced from ie. GameObjects
Refreshing native plugins compatible for Editor in 18.83 ms, found 3 plugins.
Preloading 0 native plugins for Editor in 0.00 ms.
Unloading 17 Unused Serialized files (Serialized files now loaded: 0)
Unloading 6854 unused Assets / (4.5 MB). Loaded Objects now: 7722.
Memory consumption went from 161.0 MB to 156.5 MB.
Total: 13.192200 ms (FindLiveObjects: 1.049800 ms CreateObjectMapping: 0.823700 ms MarkObjects: 8.379100 ms  DeleteObjects: 2.938200 ms)

Prepare: number of updated asset objects reloaded= 0
========================================================================
Received Prepare
'Packages/com.unity.cinemachine/Editor/Obsolete/CinemachineVirtualCameraBaseEditor.cs' contains partial class of Unity.Object, exactly 1 of the partial classes needs to be in a file with the same filename. This is to know the one that can be referenced from ie. GameObjects
'Packages/com.unity.cinemachine/Editor/Editors/CinemachineVirtualCameraBaseEditor.cs' contains partial class of Unity.Object, exactly 1 of the partial classes needs to be in a file with the same filename. This is to know the one that can be referenced from ie. GameObjects
Refreshing native plugins compatible for Editor in 1.70 ms, found 3 plugins.
Preloading 0 native plugins for Editor in 0.00 ms.
Unloading 17 Unused Serialized files (Serialized files now loaded: 0)
Unloading 6855 unused Assets / (4.0 MB). Loaded Objects now: 7723.
Memory consumption went from 161.0 MB to 157.0 MB.
Total: 13.445800 ms (FindLiveObjects: 1.096800 ms CreateObjectMapping: 0.898100 ms MarkObjects: 8.430900 ms  DeleteObjects: 3.018500 ms)

Prepare: number of updated asset objects reloaded= 0
========================================================================
Received Prepare
'Packages/com.unity.cinemachine/Editor/Obsolete/CinemachineVirtualCameraBaseEditor.cs' contains partial class of Unity.Object, exactly 1 of the partial classes needs to be in a file with the same filename. This is to know the one that can be referenced from ie. GameObjects
'Packages/com.unity.cinemachine/Editor/Editors/CinemachineVirtualCameraBaseEditor.cs' contains partial class of Unity.Object, exactly 1 of the partial classes needs to be in a file with the same filename. This is to know the one that can be referenced from ie. GameObjects
Refreshing native plugins compatible for Editor in 1.65 ms, found 3 plugins.
Preloading 0 native plugins for Editor in 0.00 ms.
Unloading 17 Unused Serialized files (Serialized files now loaded: 0)
Unloading 6856 unused Assets / (4.4 MB). Loaded Objects now: 7724.
Memory consumption went from 161.0 MB to 156.5 MB.
Total: 13.315300 ms (FindLiveObjects: 1.045600 ms CreateObjectMapping: 0.574600 ms MarkObjects: 8.210400 ms  DeleteObjects: 3.483000 ms)

Prepare: number of updated asset objects reloaded= 0
========================================================================
Received Prepare
'Packages/com.unity.cinemachine/Editor/Obsolete/CinemachineVirtualCameraBaseEditor.cs' contains partial class of Unity.Object, exactly 1 of the partial classes needs to be in a file with the same filename. This is to know the one that can be referenced from ie. GameObjects
'Packages/com.unity.cinemachine/Editor/Editors/CinemachineVirtualCameraBaseEditor.cs' contains partial class of Unity.Object, exactly 1 of the partial classes needs to be in a file with the same filename. This is to know the one that can be referenced from ie. GameObjects
Refreshing native plugins compatible for Editor in 1.55 ms, found 3 plugins.
Preloading 0 native plugins for Editor in 0.00 ms.
Unloading 17 Unused Serialized files (Serialized files now loaded: 0)
Unloading 6857 unused Assets / (5.1 MB). Loaded Objects now: 7725.
Memory consumption went from 161.0 MB to 155.9 MB.
Total: 14.014200 ms (FindLiveObjects: 1.076600 ms CreateObjectMapping: 0.865800 ms MarkObjects: 8.034200 ms  DeleteObjects: 4.035900 ms)

Prepare: number of updated asset objects reloaded= 0
========================================================================
Received Prepare
'Packages/com.unity.cinemachine/Editor/Obsolete/CinemachineVirtualCameraBaseEditor.cs' contains partial class of Unity.Object, exactly 1 of the partial classes needs to be in a file with the same filename. This is to know the one that can be referenced from ie. GameObjects
'Packages/com.unity.cinemachine/Editor/Editors/CinemachineVirtualCameraBaseEditor.cs' contains partial class of Unity.Object, exactly 1 of the partial classes needs to be in a file with the same filename. This is to know the one that can be referenced from ie. GameObjects
Refreshing native plugins compatible for Editor in 1.47 ms, found 3 plugins.
Preloading 0 native plugins for Editor in 0.00 ms.
Unloading 17 Unused Serialized files (Serialized files now loaded: 0)
Unloading 6858 unused Assets / (4.3 MB). Loaded Objects now: 7726.
Memory consumption went from 161.0 MB to 156.6 MB.
Total: 12.645300 ms (FindLiveObjects: 1.083400 ms CreateObjectMapping: 0.578700 ms MarkObjects: 8.084300 ms  DeleteObjects: 2.897500 ms)

Prepare: number of updated asset objects reloaded= 0
========================================================================
Received Prepare
'Packages/com.unity.cinemachine/Editor/Obsolete/CinemachineVirtualCameraBaseEditor.cs' contains partial class of Unity.Object, exactly 1 of the partial classes needs to be in a file with the same filename. This is to know the one that can be referenced from ie. GameObjects
'Packages/com.unity.cinemachine/Editor/Editors/CinemachineVirtualCameraBaseEditor.cs' contains partial class of Unity.Object, exactly 1 of the partial classes needs to be in a file with the same filename. This is to know the one that can be referenced from ie. GameObjects
Refreshing native plugins compatible for Editor in 1.66 ms, found 3 plugins.
Preloading 0 native plugins for Editor in 0.00 ms.
Unloading 17 Unused Serialized files (Serialized files now loaded: 0)
Unloading 6859 unused Assets / (4.6 MB). Loaded Objects now: 7727.
Memory consumption went from 161.0 MB to 156.3 MB.
Total: 13.656500 ms (FindLiveObjects: 1.050600 ms CreateObjectMapping: 1.240700 ms MarkObjects: 8.170200 ms  DeleteObjects: 3.193800 ms)

Prepare: number of updated asset objects reloaded= 0
========================================================================
Received Prepare
'Packages/com.unity.cinemachine/Editor/Obsolete/CinemachineVirtualCameraBaseEditor.cs' contains partial class of Unity.Object, exactly 1 of the partial classes needs to be in a file with the same filename. This is to know the one that can be referenced from ie. GameObjects
'Packages/com.unity.cinemachine/Editor/Editors/CinemachineVirtualCameraBaseEditor.cs' contains partial class of Unity.Object, exactly 1 of the partial classes needs to be in a file with the same filename. This is to know the one that can be referenced from ie. GameObjects
Refreshing native plugins compatible for Editor in 1.56 ms, found 3 plugins.
Preloading 0 native plugins for Editor in 0.00 ms.
Unloading 17 Unused Serialized files (Serialized files now loaded: 0)
Unloading 6860 unused Assets / (4.1 MB). Loaded Objects now: 7728.
Memory consumption went from 161.0 MB to 156.8 MB.
Total: 12.697300 ms (FindLiveObjects: 1.065300 ms CreateObjectMapping: 0.546800 ms MarkObjects: 8.012500 ms  DeleteObjects: 3.071200 ms)

Prepare: number of updated asset objects reloaded= 0
========================================================================
Received Prepare
'Packages/com.unity.cinemachine/Editor/Obsolete/CinemachineVirtualCameraBaseEditor.cs' contains partial class of Unity.Object, exactly 1 of the partial classes needs to be in a file with the same filename. This is to know the one that can be referenced from ie. GameObjects
'Packages/com.unity.cinemachine/Editor/Editors/CinemachineVirtualCameraBaseEditor.cs' contains partial class of Unity.Object, exactly 1 of the partial classes needs to be in a file with the same filename. This is to know the one that can be referenced from ie. GameObjects
Refreshing native plugins compatible for Editor in 2.02 ms, found 3 plugins.
Preloading 0 native plugins for Editor in 0.00 ms.
Unloading 17 Unused Serialized files (Serialized files now loaded: 0)
Unloading 6861 unused Assets / (4.7 MB). Loaded Objects now: 7729.
Memory consumption went from 161.0 MB to 156.3 MB.
Total: 15.517700 ms (FindLiveObjects: 1.064600 ms CreateObjectMapping: 0.854200 ms MarkObjects: 9.317000 ms  DeleteObjects: 4.280300 ms)

Prepare: number of updated asset objects reloaded= 0
========================================================================
Received Prepare
'Packages/com.unity.cinemachine/Editor/Obsolete/CinemachineVirtualCameraBaseEditor.cs' contains partial class of Unity.Object, exactly 1 of the partial classes needs to be in a file with the same filename. This is to know the one that can be referenced from ie. GameObjects
'Packages/com.unity.cinemachine/Editor/Editors/CinemachineVirtualCameraBaseEditor.cs' contains partial class of Unity.Object, exactly 1 of the partial classes needs to be in a file with the same filename. This is to know the one that can be referenced from ie. GameObjects
Refreshing native plugins compatible for Editor in 1.55 ms, found 3 plugins.
Preloading 0 native plugins for Editor in 0.00 ms.
Unloading 17 Unused Serialized files (Serialized files now loaded: 0)
Unloading 6862 unused Assets / (4.4 MB). Loaded Objects now: 7730.
Memory consumption went from 161.0 MB to 156.5 MB.
Total: 12.546500 ms (FindLiveObjects: 1.133500 ms CreateObjectMapping: 0.597800 ms MarkObjects: 7.893900 ms  DeleteObjects: 2.919600 ms)

Prepare: number of updated asset objects reloaded= 0
========================================================================
Received Prepare
'Packages/com.unity.cinemachine/Editor/Obsolete/CinemachineVirtualCameraBaseEditor.cs' contains partial class of Unity.Object, exactly 1 of the partial classes needs to be in a file with the same filename. This is to know the one that can be referenced from ie. GameObjects
'Packages/com.unity.cinemachine/Editor/Editors/CinemachineVirtualCameraBaseEditor.cs' contains partial class of Unity.Object, exactly 1 of the partial classes needs to be in a file with the same filename. This is to know the one that can be referenced from ie. GameObjects
Refreshing native plugins compatible for Editor in 1.72 ms, found 3 plugins.
Preloading 0 native plugins for Editor in 0.00 ms.
Unloading 17 Unused Serialized files (Serialized files now loaded: 0)
Unloading 6863 unused Assets / (3.9 MB). Loaded Objects now: 7731.
Memory consumption went from 161.0 MB to 157.0 MB.
Total: 12.951200 ms (FindLiveObjects: 1.204000 ms CreateObjectMapping: 0.900900 ms MarkObjects: 8.029300 ms  DeleteObjects: 2.815300 ms)

Prepare: number of updated asset objects reloaded= 0
========================================================================
Received Prepare
'Packages/com.unity.cinemachine/Editor/Obsolete/CinemachineVirtualCameraBaseEditor.cs' contains partial class of Unity.Object, exactly 1 of the partial classes needs to be in a file with the same filename. This is to know the one that can be referenced from ie. GameObjects
'Packages/com.unity.cinemachine/Editor/Editors/CinemachineVirtualCameraBaseEditor.cs' contains partial class of Unity.Object, exactly 1 of the partial classes needs to be in a file with the same filename. This is to know the one that can be referenced from ie. GameObjects
Refreshing native plugins compatible for Editor in 1.84 ms, found 3 plugins.
Preloading 0 native plugins for Editor in 0.00 ms.
Unloading 17 Unused Serialized files (Serialized files now loaded: 0)
Unloading 6864 unused Assets / (4.2 MB). Loaded Objects now: 7732.
Memory consumption went from 161.0 MB to 156.8 MB.
Total: 13.008800 ms (FindLiveObjects: 1.147600 ms CreateObjectMapping: 0.670300 ms MarkObjects: 8.275500 ms  DeleteObjects: 2.913900 ms)

Prepare: number of updated asset objects reloaded= 0
========================================================================
Received Prepare
'Packages/com.unity.cinemachine/Editor/Obsolete/CinemachineVirtualCameraBaseEditor.cs' contains partial class of Unity.Object, exactly 1 of the partial classes needs to be in a file with the same filename. This is to know the one that can be referenced from ie. GameObjects
'Packages/com.unity.cinemachine/Editor/Editors/CinemachineVirtualCameraBaseEditor.cs' contains partial class of Unity.Object, exactly 1 of the partial classes needs to be in a file with the same filename. This is to know the one that can be referenced from ie. GameObjects
Refreshing native plugins compatible for Editor in 1.54 ms, found 3 plugins.
Preloading 0 native plugins for Editor in 0.00 ms.
Unloading 17 Unused Serialized files (Serialized files now loaded: 0)
Unloading 6865 unused Assets / (4.1 MB). Loaded Objects now: 7733.
Memory consumption went from 161.0 MB to 156.9 MB.
Total: 13.822200 ms (FindLiveObjects: 1.046700 ms CreateObjectMapping: 1.088900 ms MarkObjects: 8.346700 ms  DeleteObjects: 3.338500 ms)

Prepare: number of updated asset objects reloaded= 0
========================================================================
Received Prepare
'Packages/com.unity.cinemachine/Editor/Obsolete/CinemachineVirtualCameraBaseEditor.cs' contains partial class of Unity.Object, exactly 1 of the partial classes needs to be in a file with the same filename. This is to know the one that can be referenced from ie. GameObjects
'Packages/com.unity.cinemachine/Editor/Editors/CinemachineVirtualCameraBaseEditor.cs' contains partial class of Unity.Object, exactly 1 of the partial classes needs to be in a file with the same filename. This is to know the one that can be referenced from ie. GameObjects
Refreshing native plugins compatible for Editor in 1.49 ms, found 3 plugins.
Preloading 0 native plugins for Editor in 0.00 ms.
Unloading 17 Unused Serialized files (Serialized files now loaded: 0)
Unloading 6866 unused Assets / (4.5 MB). Loaded Objects now: 7734.
Memory consumption went from 161.0 MB to 156.5 MB.
Total: 13.496500 ms (FindLiveObjects: 1.137100 ms CreateObjectMapping: 0.606800 ms MarkObjects: 8.081600 ms  DeleteObjects: 3.669600 ms)

Prepare: number of updated asset objects reloaded= 0
========================================================================
Received Prepare
'Packages/com.unity.cinemachine/Editor/Obsolete/CinemachineVirtualCameraBaseEditor.cs' contains partial class of Unity.Object, exactly 1 of the partial classes needs to be in a file with the same filename. This is to know the one that can be referenced from ie. GameObjects
'Packages/com.unity.cinemachine/Editor/Editors/CinemachineVirtualCameraBaseEditor.cs' contains partial class of Unity.Object, exactly 1 of the partial classes needs to be in a file with the same filename. This is to know the one that can be referenced from ie. GameObjects
Refreshing native plugins compatible for Editor in 1.52 ms, found 3 plugins.
Preloading 0 native plugins for Editor in 0.00 ms.
Unloading 17 Unused Serialized files (Serialized files now loaded: 0)
Unloading 6867 unused Assets / (4.4 MB). Loaded Objects now: 7735.
Memory consumption went from 161.0 MB to 156.6 MB.
Total: 13.494500 ms (FindLiveObjects: 1.045200 ms CreateObjectMapping: 0.592400 ms MarkObjects: 8.204400 ms  DeleteObjects: 3.651000 ms)

Prepare: number of updated asset objects reloaded= 0
========================================================================
Received Prepare
'Packages/com.unity.cinemachine/Editor/Obsolete/CinemachineVirtualCameraBaseEditor.cs' contains partial class of Unity.Object, exactly 1 of the partial classes needs to be in a file with the same filename. This is to know the one that can be referenced from ie. GameObjects
'Packages/com.unity.cinemachine/Editor/Editors/CinemachineVirtualCameraBaseEditor.cs' contains partial class of Unity.Object, exactly 1 of the partial classes needs to be in a file with the same filename. This is to know the one that can be referenced from ie. GameObjects
Refreshing native plugins compatible for Editor in 1.54 ms, found 3 plugins.
Preloading 0 native plugins for Editor in 0.00 ms.
Unloading 17 Unused Serialized files (Serialized files now loaded: 0)
Unloading 6868 unused Assets / (4.3 MB). Loaded Objects now: 7736.
Memory consumption went from 161.0 MB to 156.7 MB.
Total: 12.645000 ms (FindLiveObjects: 1.058800 ms CreateObjectMapping: 0.668500 ms MarkObjects: 8.293000 ms  DeleteObjects: 2.623100 ms)

Prepare: number of updated asset objects reloaded= 0
========================================================================
Received Prepare
'Packages/com.unity.cinemachine/Editor/Obsolete/CinemachineVirtualCameraBaseEditor.cs' contains partial class of Unity.Object, exactly 1 of the partial classes needs to be in a file with the same filename. This is to know the one that can be referenced from ie. GameObjects
'Packages/com.unity.cinemachine/Editor/Editors/CinemachineVirtualCameraBaseEditor.cs' contains partial class of Unity.Object, exactly 1 of the partial classes needs to be in a file with the same filename. This is to know the one that can be referenced from ie. GameObjects
Refreshing native plugins compatible for Editor in 1.57 ms, found 3 plugins.
Preloading 0 native plugins for Editor in 0.00 ms.
Unloading 17 Unused Serialized files (Serialized files now loaded: 0)
Unloading 6869 unused Assets / (4.1 MB). Loaded Objects now: 7737.
Memory consumption went from 161.0 MB to 156.9 MB.
Total: 12.957600 ms (FindLiveObjects: 1.091200 ms CreateObjectMapping: 0.825900 ms MarkObjects: 8.137500 ms  DeleteObjects: 2.901400 ms)

Prepare: number of updated asset objects reloaded= 0
========================================================================
Received Prepare
'Packages/com.unity.cinemachine/Editor/Obsolete/CinemachineVirtualCameraBaseEditor.cs' contains partial class of Unity.Object, exactly 1 of the partial classes needs to be in a file with the same filename. This is to know the one that can be referenced from ie. GameObjects
'Packages/com.unity.cinemachine/Editor/Editors/CinemachineVirtualCameraBaseEditor.cs' contains partial class of Unity.Object, exactly 1 of the partial classes needs to be in a file with the same filename. This is to know the one that can be referenced from ie. GameObjects
Refreshing native plugins compatible for Editor in 1.72 ms, found 3 plugins.
Preloading 0 native plugins for Editor in 0.00 ms.
Unloading 17 Unused Serialized files (Serialized files now loaded: 0)
Unloading 6870 unused Assets / (4.4 MB). Loaded Objects now: 7738.
Memory consumption went from 161.0 MB to 156.6 MB.
Total: 14.085500 ms (FindLiveObjects: 1.233600 ms CreateObjectMapping: 1.336800 ms MarkObjects: 8.526400 ms  DeleteObjects: 2.987000 ms)

Prepare: number of updated asset objects reloaded= 0
========================================================================
Received Prepare
'Packages/com.unity.cinemachine/Editor/Obsolete/CinemachineVirtualCameraBaseEditor.cs' contains partial class of Unity.Object, exactly 1 of the partial classes needs to be in a file with the same filename. This is to know the one that can be referenced from ie. GameObjects
'Packages/com.unity.cinemachine/Editor/Editors/CinemachineVirtualCameraBaseEditor.cs' contains partial class of Unity.Object, exactly 1 of the partial classes needs to be in a file with the same filename. This is to know the one that can be referenced from ie. GameObjects
Refreshing native plugins compatible for Editor in 1.52 ms, found 3 plugins.
Preloading 0 native plugins for Editor in 0.00 ms.
Unloading 17 Unused Serialized files (Serialized files now loaded: 0)
Unloading 6871 unused Assets / (4.4 MB). Loaded Objects now: 7739.
Memory consumption went from 161.0 MB to 156.6 MB.
Total: 12.917000 ms (FindLiveObjects: 1.089400 ms CreateObjectMapping: 0.728900 ms MarkObjects: 8.164600 ms  DeleteObjects: 2.932800 ms)

Prepare: number of updated asset objects reloaded= 0
========================================================================
Received Prepare
'Packages/com.unity.cinemachine/Editor/Obsolete/CinemachineVirtualCameraBaseEditor.cs' contains partial class of Unity.Object, exactly 1 of the partial classes needs to be in a file with the same filename. This is to know the one that can be referenced from ie. GameObjects
'Packages/com.unity.cinemachine/Editor/Editors/CinemachineVirtualCameraBaseEditor.cs' contains partial class of Unity.Object, exactly 1 of the partial classes needs to be in a file with the same filename. This is to know the one that can be referenced from ie. GameObjects
Refreshing native plugins compatible for Editor in 1.58 ms, found 3 plugins.
Preloading 0 native plugins for Editor in 0.00 ms.
Unloading 17 Unused Serialized files (Serialized files now loaded: 0)
Unloading 6872 unused Assets / (4.3 MB). Loaded Objects now: 7740.
Memory consumption went from 161.0 MB to 156.7 MB.
Total: 12.355700 ms (FindLiveObjects: 1.070200 ms CreateObjectMapping: 0.604500 ms MarkObjects: 7.924400 ms  DeleteObjects: 2.755000 ms)

Prepare: number of updated asset objects reloaded= 0
========================================================================
Received Prepare
'Packages/com.unity.cinemachine/Editor/Obsolete/CinemachineVirtualCameraBaseEditor.cs' contains partial class of Unity.Object, exactly 1 of the partial classes needs to be in a file with the same filename. This is to know the one that can be referenced from ie. GameObjects
'Packages/com.unity.cinemachine/Editor/Editors/CinemachineVirtualCameraBaseEditor.cs' contains partial class of Unity.Object, exactly 1 of the partial classes needs to be in a file with the same filename. This is to know the one that can be referenced from ie. GameObjects
Refreshing native plugins compatible for Editor in 1.54 ms, found 3 plugins.
Preloading 0 native plugins for Editor in 0.00 ms.
Unloading 17 Unused Serialized files (Serialized files now loaded: 0)
Unloading 6873 unused Assets / (4.0 MB). Loaded Objects now: 7741.
Memory consumption went from 161.0 MB to 157.0 MB.
Total: 12.818900 ms (FindLiveObjects: 1.214100 ms CreateObjectMapping: 0.816100 ms MarkObjects: 7.970000 ms  DeleteObjects: 2.817000 ms)

Prepare: number of updated asset objects reloaded= 0
========================================================================
Received Prepare
'Packages/com.unity.cinemachine/Editor/Obsolete/CinemachineVirtualCameraBaseEditor.cs' contains partial class of Unity.Object, exactly 1 of the partial classes needs to be in a file with the same filename. This is to know the one that can be referenced from ie. GameObjects
'Packages/com.unity.cinemachine/Editor/Editors/CinemachineVirtualCameraBaseEditor.cs' contains partial class of Unity.Object, exactly 1 of the partial classes needs to be in a file with the same filename. This is to know the one that can be referenced from ie. GameObjects
Refreshing native plugins compatible for Editor in 1.66 ms, found 3 plugins.
Preloading 0 native plugins for Editor in 0.00 ms.
Unloading 17 Unused Serialized files (Serialized files now loaded: 0)
Unloading 6874 unused Assets / (4.1 MB). Loaded Objects now: 7742.
Memory consumption went from 161.0 MB to 156.9 MB.
Total: 13.596500 ms (FindLiveObjects: 1.040600 ms CreateObjectMapping: 0.547400 ms MarkObjects: 9.035400 ms  DeleteObjects: 2.971600 ms)

Prepare: number of updated asset objects reloaded= 0
========================================================================
Received Prepare
'Packages/com.unity.cinemachine/Editor/Obsolete/CinemachineVirtualCameraBaseEditor.cs' contains partial class of Unity.Object, exactly 1 of the partial classes needs to be in a file with the same filename. This is to know the one that can be referenced from ie. GameObjects
'Packages/com.unity.cinemachine/Editor/Editors/CinemachineVirtualCameraBaseEditor.cs' contains partial class of Unity.Object, exactly 1 of the partial classes needs to be in a file with the same filename. This is to know the one that can be referenced from ie. GameObjects
Refreshing native plugins compatible for Editor in 1.64 ms, found 3 plugins.
Preloading 0 native plugins for Editor in 0.00 ms.
Unloading 17 Unused Serialized files (Serialized files now loaded: 0)
Unloading 6875 unused Assets / (4.3 MB). Loaded Objects now: 7743.
Memory consumption went from 161.0 MB to 156.6 MB.
Total: 15.196000 ms (FindLiveObjects: 1.191300 ms CreateObjectMapping: 0.745300 ms MarkObjects: 9.175600 ms  DeleteObjects: 4.081900 ms)

Prepare: number of updated asset objects reloaded= 0
========================================================================
Received Prepare
'Packages/com.unity.cinemachine/Editor/Obsolete/CinemachineVirtualCameraBaseEditor.cs' contains partial class of Unity.Object, exactly 1 of the partial classes needs to be in a file with the same filename. This is to know the one that can be referenced from ie. GameObjects
'Packages/com.unity.cinemachine/Editor/Editors/CinemachineVirtualCameraBaseEditor.cs' contains partial class of Unity.Object, exactly 1 of the partial classes needs to be in a file with the same filename. This is to know the one that can be referenced from ie. GameObjects
Refreshing native plugins compatible for Editor in 1.71 ms, found 3 plugins.
Preloading 0 native plugins for Editor in 0.00 ms.
Unloading 17 Unused Serialized files (Serialized files now loaded: 0)
Unloading 6876 unused Assets / (4.2 MB). Loaded Objects now: 7744.
Memory consumption went from 161.0 MB to 156.8 MB.
Total: 14.455100 ms (FindLiveObjects: 1.147700 ms CreateObjectMapping: 0.885500 ms MarkObjects: 9.320100 ms  DeleteObjects: 3.100000 ms)

Prepare: number of updated asset objects reloaded= 0
========================================================================
Received Prepare
'Packages/com.unity.cinemachine/Editor/Obsolete/CinemachineVirtualCameraBaseEditor.cs' contains partial class of Unity.Object, exactly 1 of the partial classes needs to be in a file with the same filename. This is to know the one that can be referenced from ie. GameObjects
'Packages/com.unity.cinemachine/Editor/Editors/CinemachineVirtualCameraBaseEditor.cs' contains partial class of Unity.Object, exactly 1 of the partial classes needs to be in a file with the same filename. This is to know the one that can be referenced from ie. GameObjects
Refreshing native plugins compatible for Editor in 2.19 ms, found 3 plugins.
Preloading 0 native plugins for Editor in 0.00 ms.
Unloading 17 Unused Serialized files (Serialized files now loaded: 0)
Unloading 6876 unused Assets / (4.6 MB). Loaded Objects now: 7744.
Memory consumption went from 161.0 MB to 156.4 MB.
Total: 14.754100 ms (FindLiveObjects: 1.064000 ms CreateObjectMapping: 0.798800 ms MarkObjects: 9.065200 ms  DeleteObjects: 3.824700 ms)

Prepare: number of updated asset objects reloaded= 0
========================================================================
Received Prepare
'Packages/com.unity.cinemachine/Editor/Obsolete/CinemachineVirtualCameraBaseEditor.cs' contains partial class of Unity.Object, exactly 1 of the partial classes needs to be in a file with the same filename. This is to know the one that can be referenced from ie. GameObjects
'Packages/com.unity.cinemachine/Editor/Editors/CinemachineVirtualCameraBaseEditor.cs' contains partial class of Unity.Object, exactly 1 of the partial classes needs to be in a file with the same filename. This is to know the one that can be referenced from ie. GameObjects
Refreshing native plugins compatible for Editor in 1.66 ms, found 3 plugins.
Preloading 0 native plugins for Editor in 0.00 ms.
Unloading 17 Unused Serialized files (Serialized files now loaded: 0)
Unloading 6876 unused Assets / (4.2 MB). Loaded Objects now: 7744.
Memory consumption went from 161.0 MB to 156.8 MB.
Total: 12.066900 ms (FindLiveObjects: 1.057600 ms CreateObjectMapping: 0.536100 ms MarkObjects: 7.709300 ms  DeleteObjects: 2.762700 ms)

Prepare: number of updated asset objects reloaded= 0
========================================================================
Received Prepare
'Packages/com.unity.cinemachine/Editor/Obsolete/CinemachineVirtualCameraBaseEditor.cs' contains partial class of Unity.Object, exactly 1 of the partial classes needs to be in a file with the same filename. This is to know the one that can be referenced from ie. GameObjects
'Packages/com.unity.cinemachine/Editor/Editors/CinemachineVirtualCameraBaseEditor.cs' contains partial class of Unity.Object, exactly 1 of the partial classes needs to be in a file with the same filename. This is to know the one that can be referenced from ie. GameObjects
Refreshing native plugins compatible for Editor in 1.52 ms, found 3 plugins.
Preloading 0 native plugins for Editor in 0.00 ms.
Unloading 17 Unused Serialized files (Serialized files now loaded: 0)
Unloading 6876 unused Assets / (3.8 MB). Loaded Objects now: 7744.
Memory consumption went from 161.0 MB to 157.2 MB.
Total: 12.402500 ms (FindLiveObjects: 1.096000 ms CreateObjectMapping: 0.608100 ms MarkObjects: 7.614500 ms  DeleteObjects: 3.082400 ms)

Prepare: number of updated asset objects reloaded= 0
========================================================================
Received Prepare
'Packages/com.unity.cinemachine/Editor/Obsolete/CinemachineVirtualCameraBaseEditor.cs' contains partial class of Unity.Object, exactly 1 of the partial classes needs to be in a file with the same filename. This is to know the one that can be referenced from ie. GameObjects
'Packages/com.unity.cinemachine/Editor/Editors/CinemachineVirtualCameraBaseEditor.cs' contains partial class of Unity.Object, exactly 1 of the partial classes needs to be in a file with the same filename. This is to know the one that can be referenced from ie. GameObjects
Refreshing native plugins compatible for Editor in 1.66 ms, found 3 plugins.
Preloading 0 native plugins for Editor in 0.00 ms.
Unloading 17 Unused Serialized files (Serialized files now loaded: 0)
Unloading 6876 unused Assets / (4.6 MB). Loaded Objects now: 7744.
Memory consumption went from 161.0 MB to 156.4 MB.
Total: 13.887400 ms (FindLiveObjects: 1.096200 ms CreateObjectMapping: 0.963700 ms MarkObjects: 8.145200 ms  DeleteObjects: 3.681200 ms)

Prepare: number of updated asset objects reloaded= 0
========================================================================
Received Prepare
'Packages/com.unity.cinemachine/Editor/Obsolete/CinemachineVirtualCameraBaseEditor.cs' contains partial class of Unity.Object, exactly 1 of the partial classes needs to be in a file with the same filename. This is to know the one that can be referenced from ie. GameObjects
'Packages/com.unity.cinemachine/Editor/Editors/CinemachineVirtualCameraBaseEditor.cs' contains partial class of Unity.Object, exactly 1 of the partial classes needs to be in a file with the same filename. This is to know the one that can be referenced from ie. GameObjects
Refreshing native plugins compatible for Editor in 1.74 ms, found 3 plugins.
Preloading 0 native plugins for Editor in 0.00 ms.
Unloading 17 Unused Serialized files (Serialized files now loaded: 0)
Unloading 6876 unused Assets / (3.8 MB). Loaded Objects now: 7744.
Memory consumption went from 161.0 MB to 157.1 MB.
Total: 13.703700 ms (FindLiveObjects: 1.059900 ms CreateObjectMapping: 0.543600 ms MarkObjects: 9.030700 ms  DeleteObjects: 3.067800 ms)

Prepare: number of updated asset objects reloaded= 0
========================================================================
Received Prepare
'Packages/com.unity.cinemachine/Editor/Obsolete/CinemachineVirtualCameraBaseEditor.cs' contains partial class of Unity.Object, exactly 1 of the partial classes needs to be in a file with the same filename. This is to know the one that can be referenced from ie. GameObjects
'Packages/com.unity.cinemachine/Editor/Editors/CinemachineVirtualCameraBaseEditor.cs' contains partial class of Unity.Object, exactly 1 of the partial classes needs to be in a file with the same filename. This is to know the one that can be referenced from ie. GameObjects
Refreshing native plugins compatible for Editor in 1.51 ms, found 3 plugins.
Preloading 0 native plugins for Editor in 0.00 ms.
Unloading 17 Unused Serialized files (Serialized files now loaded: 0)
Unloading 6876 unused Assets / (4.4 MB). Loaded Objects now: 7744.
Memory consumption went from 161.0 MB to 156.6 MB.
Total: 13.937900 ms (FindLiveObjects: 1.191400 ms CreateObjectMapping: 0.731100 ms MarkObjects: 8.500000 ms  DeleteObjects: 3.514100 ms)

Prepare: number of updated asset objects reloaded= 0
========================================================================
Received Prepare
'Packages/com.unity.cinemachine/Editor/Obsolete/CinemachineVirtualCameraBaseEditor.cs' contains partial class of Unity.Object, exactly 1 of the partial classes needs to be in a file with the same filename. This is to know the one that can be referenced from ie. GameObjects
'Packages/com.unity.cinemachine/Editor/Editors/CinemachineVirtualCameraBaseEditor.cs' contains partial class of Unity.Object, exactly 1 of the partial classes needs to be in a file with the same filename. This is to know the one that can be referenced from ie. GameObjects
Refreshing native plugins compatible for Editor in 1.60 ms, found 3 plugins.
Preloading 0 native plugins for Editor in 0.00 ms.
Unloading 17 Unused Serialized files (Serialized files now loaded: 0)
Unloading 6876 unused Assets / (4.3 MB). Loaded Objects now: 7744.
Memory consumption went from 161.0 MB to 156.7 MB.
Total: 12.786500 ms (FindLiveObjects: 1.126300 ms CreateObjectMapping: 0.548700 ms MarkObjects: 7.940400 ms  DeleteObjects: 3.169700 ms)

Prepare: number of updated asset objects reloaded= 0
========================================================================
Received Prepare
'Packages/com.unity.cinemachine/Editor/Obsolete/CinemachineVirtualCameraBaseEditor.cs' contains partial class of Unity.Object, exactly 1 of the partial classes needs to be in a file with the same filename. This is to know the one that can be referenced from ie. GameObjects
'Packages/com.unity.cinemachine/Editor/Editors/CinemachineVirtualCameraBaseEditor.cs' contains partial class of Unity.Object, exactly 1 of the partial classes needs to be in a file with the same filename. This is to know the one that can be referenced from ie. GameObjects
Refreshing native plugins compatible for Editor in 1.69 ms, found 3 plugins.
Preloading 0 native plugins for Editor in 0.00 ms.
Unloading 17 Unused Serialized files (Serialized files now loaded: 0)
Unloading 6876 unused Assets / (4.4 MB). Loaded Objects now: 7744.
Memory consumption went from 161.0 MB to 156.6 MB.
Total: 14.653200 ms (FindLiveObjects: 1.170000 ms CreateObjectMapping: 1.320000 ms MarkObjects: 8.740100 ms  DeleteObjects: 3.421500 ms)

Prepare: number of updated asset objects reloaded= 0
========================================================================
Received Prepare
'Packages/com.unity.cinemachine/Editor/Obsolete/CinemachineVirtualCameraBaseEditor.cs' contains partial class of Unity.Object, exactly 1 of the partial classes needs to be in a file with the same filename. This is to know the one that can be referenced from ie. GameObjects
'Packages/com.unity.cinemachine/Editor/Editors/CinemachineVirtualCameraBaseEditor.cs' contains partial class of Unity.Object, exactly 1 of the partial classes needs to be in a file with the same filename. This is to know the one that can be referenced from ie. GameObjects
Refreshing native plugins compatible for Editor in 1.62 ms, found 3 plugins.
Preloading 0 native plugins for Editor in 0.00 ms.
Unloading 17 Unused Serialized files (Serialized files now loaded: 0)
Unloading 6876 unused Assets / (4.2 MB). Loaded Objects now: 7744.
Memory consumption went from 161.0 MB to 156.8 MB.
Total: 12.808100 ms (FindLiveObjects: 1.063400 ms CreateObjectMapping: 0.605900 ms MarkObjects: 8.385000 ms  DeleteObjects: 2.752300 ms)

Prepare: number of updated asset objects reloaded= 0
========================================================================
Received Prepare
'Packages/com.unity.cinemachine/Editor/Obsolete/CinemachineVirtualCameraBaseEditor.cs' contains partial class of Unity.Object, exactly 1 of the partial classes needs to be in a file with the same filename. This is to know the one that can be referenced from ie. GameObjects
'Packages/com.unity.cinemachine/Editor/Editors/CinemachineVirtualCameraBaseEditor.cs' contains partial class of Unity.Object, exactly 1 of the partial classes needs to be in a file with the same filename. This is to know the one that can be referenced from ie. GameObjects
Refreshing native plugins compatible for Editor in 1.63 ms, found 3 plugins.
Preloading 0 native plugins for Editor in 0.00 ms.
Unloading 17 Unused Serialized files (Serialized files now loaded: 0)
Unloading 6876 unused Assets / (4.4 MB). Loaded Objects now: 7744.
Memory consumption went from 161.0 MB to 156.6 MB.
Total: 12.619200 ms (FindLiveObjects: 1.177100 ms CreateObjectMapping: 0.789700 ms MarkObjects: 7.806900 ms  DeleteObjects: 2.844100 ms)

Prepare: number of updated asset objects reloaded= 0
========================================================================
Received Prepare
'Packages/com.unity.cinemachine/Editor/Obsolete/CinemachineVirtualCameraBaseEditor.cs' contains partial class of Unity.Object, exactly 1 of the partial classes needs to be in a file with the same filename. This is to know the one that can be referenced from ie. GameObjects
'Packages/com.unity.cinemachine/Editor/Editors/CinemachineVirtualCameraBaseEditor.cs' contains partial class of Unity.Object, exactly 1 of the partial classes needs to be in a file with the same filename. This is to know the one that can be referenced from ie. GameObjects
Refreshing native plugins compatible for Editor in 1.61 ms, found 3 plugins.
Preloading 0 native plugins for Editor in 0.00 ms.
Unloading 17 Unused Serialized files (Serialized files now loaded: 0)
Unloading 6876 unused Assets / (4.1 MB). Loaded Objects now: 7744.
Memory consumption went from 161.0 MB to 156.9 MB.
Total: 12.623700 ms (FindLiveObjects: 1.075500 ms CreateObjectMapping: 0.581100 ms MarkObjects: 8.065700 ms  DeleteObjects: 2.900000 ms)

Prepare: number of updated asset objects reloaded= 0
========================================================================
Received Prepare
'Packages/com.unity.cinemachine/Editor/Obsolete/CinemachineVirtualCameraBaseEditor.cs' contains partial class of Unity.Object, exactly 1 of the partial classes needs to be in a file with the same filename. This is to know the one that can be referenced from ie. GameObjects
'Packages/com.unity.cinemachine/Editor/Editors/CinemachineVirtualCameraBaseEditor.cs' contains partial class of Unity.Object, exactly 1 of the partial classes needs to be in a file with the same filename. This is to know the one that can be referenced from ie. GameObjects
Refreshing native plugins compatible for Editor in 1.62 ms, found 3 plugins.
Preloading 0 native plugins for Editor in 0.00 ms.
Unloading 17 Unused Serialized files (Serialized files now loaded: 0)
Unloading 6876 unused Assets / (4.7 MB). Loaded Objects now: 7744.
Memory consumption went from 161.0 MB to 156.3 MB.
Total: 14.080400 ms (FindLiveObjects: 1.094000 ms CreateObjectMapping: 0.685200 ms MarkObjects: 8.616300 ms  DeleteObjects: 3.683500 ms)

Prepare: number of updated asset objects reloaded= 0
========================================================================
Received Prepare
'Packages/com.unity.cinemachine/Editor/Obsolete/CinemachineVirtualCameraBaseEditor.cs' contains partial class of Unity.Object, exactly 1 of the partial classes needs to be in a file with the same filename. This is to know the one that can be referenced from ie. GameObjects
'Packages/com.unity.cinemachine/Editor/Editors/CinemachineVirtualCameraBaseEditor.cs' contains partial class of Unity.Object, exactly 1 of the partial classes needs to be in a file with the same filename. This is to know the one that can be referenced from ie. GameObjects
Refreshing native plugins compatible for Editor in 1.58 ms, found 3 plugins.
Preloading 0 native plugins for Editor in 0.00 ms.
Unloading 17 Unused Serialized files (Serialized files now loaded: 0)
Unloading 6876 unused Assets / (4.5 MB). Loaded Objects now: 7744.
Memory consumption went from 161.0 MB to 156.5 MB.
Total: 13.540500 ms (FindLiveObjects: 1.125600 ms CreateObjectMapping: 0.932600 ms MarkObjects: 8.208600 ms  DeleteObjects: 3.271800 ms)

Prepare: number of updated asset objects reloaded= 0
========================================================================
Received Prepare
'Packages/com.unity.cinemachine/Editor/Obsolete/CinemachineVirtualCameraBaseEditor.cs' contains partial class of Unity.Object, exactly 1 of the partial classes needs to be in a file with the same filename. This is to know the one that can be referenced from ie. GameObjects
'Packages/com.unity.cinemachine/Editor/Editors/CinemachineVirtualCameraBaseEditor.cs' contains partial class of Unity.Object, exactly 1 of the partial classes needs to be in a file with the same filename. This is to know the one that can be referenced from ie. GameObjects
Refreshing native plugins compatible for Editor in 1.64 ms, found 3 plugins.
Preloading 0 native plugins for Editor in 0.00 ms.
Unloading 17 Unused Serialized files (Serialized files now loaded: 0)
Unloading 6876 unused Assets / (4.3 MB). Loaded Objects now: 7744.
Memory consumption went from 161.0 MB to 156.7 MB.
Total: 13.898800 ms (FindLiveObjects: 1.229400 ms CreateObjectMapping: 1.189100 ms MarkObjects: 8.468800 ms  DeleteObjects: 3.010100 ms)

Prepare: number of updated asset objects reloaded= 0
========================================================================
Received Prepare
'Packages/com.unity.cinemachine/Editor/Obsolete/CinemachineVirtualCameraBaseEditor.cs' contains partial class of Unity.Object, exactly 1 of the partial classes needs to be in a file with the same filename. This is to know the one that can be referenced from ie. GameObjects
'Packages/com.unity.cinemachine/Editor/Editors/CinemachineVirtualCameraBaseEditor.cs' contains partial class of Unity.Object, exactly 1 of the partial classes needs to be in a file with the same filename. This is to know the one that can be referenced from ie. GameObjects
Refreshing native plugins compatible for Editor in 1.97 ms, found 3 plugins.
Preloading 0 native plugins for Editor in 0.00 ms.
Unloading 17 Unused Serialized files (Serialized files now loaded: 0)
Unloading 6876 unused Assets / (4.5 MB). Loaded Objects now: 7744.
Memory consumption went from 161.0 MB to 156.5 MB.
Total: 14.037500 ms (FindLiveObjects: 1.228700 ms CreateObjectMapping: 1.300200 ms MarkObjects: 8.212400 ms  DeleteObjects: 3.294800 ms)

Prepare: number of updated asset objects reloaded= 0
========================================================================
Received Prepare
'Packages/com.unity.cinemachine/Editor/Obsolete/CinemachineVirtualCameraBaseEditor.cs' contains partial class of Unity.Object, exactly 1 of the partial classes needs to be in a file with the same filename. This is to know the one that can be referenced from ie. GameObjects
'Packages/com.unity.cinemachine/Editor/Editors/CinemachineVirtualCameraBaseEditor.cs' contains partial class of Unity.Object, exactly 1 of the partial classes needs to be in a file with the same filename. This is to know the one that can be referenced from ie. GameObjects
Refreshing native plugins compatible for Editor in 2.02 ms, found 3 plugins.
Preloading 0 native plugins for Editor in 0.00 ms.
Unloading 17 Unused Serialized files (Serialized files now loaded: 0)
Unloading 6876 unused Assets / (4.8 MB). Loaded Objects now: 7744.
Memory consumption went from 161.0 MB to 156.1 MB.
Total: 16.351800 ms (FindLiveObjects: 1.051100 ms CreateObjectMapping: 0.603300 ms MarkObjects: 9.310600 ms  DeleteObjects: 5.384600 ms)

Prepare: number of updated asset objects reloaded= 0
========================================================================
Received Prepare
'Packages/com.unity.cinemachine/Editor/Obsolete/CinemachineVirtualCameraBaseEditor.cs' contains partial class of Unity.Object, exactly 1 of the partial classes needs to be in a file with the same filename. This is to know the one that can be referenced from ie. GameObjects
'Packages/com.unity.cinemachine/Editor/Editors/CinemachineVirtualCameraBaseEditor.cs' contains partial class of Unity.Object, exactly 1 of the partial classes needs to be in a file with the same filename. This is to know the one that can be referenced from ie. GameObjects
Refreshing native plugins compatible for Editor in 1.56 ms, found 3 plugins.
Preloading 0 native plugins for Editor in 0.00 ms.
Unloading 17 Unused Serialized files (Serialized files now loaded: 0)
Unloading 6876 unused Assets / (4.3 MB). Loaded Objects now: 7744.
Memory consumption went from 161.0 MB to 156.7 MB.
Total: 12.838000 ms (FindLiveObjects: 1.057900 ms CreateObjectMapping: 0.617200 ms MarkObjects: 8.175000 ms  DeleteObjects: 2.986300 ms)

Prepare: number of updated asset objects reloaded= 0
========================================================================
Received Prepare
'Packages/com.unity.cinemachine/Editor/Obsolete/CinemachineVirtualCameraBaseEditor.cs' contains partial class of Unity.Object, exactly 1 of the partial classes needs to be in a file with the same filename. This is to know the one that can be referenced from ie. GameObjects
'Packages/com.unity.cinemachine/Editor/Editors/CinemachineVirtualCameraBaseEditor.cs' contains partial class of Unity.Object, exactly 1 of the partial classes needs to be in a file with the same filename. This is to know the one that can be referenced from ie. GameObjects
Refreshing native plugins compatible for Editor in 1.62 ms, found 3 plugins.
Preloading 0 native plugins for Editor in 0.00 ms.
Unloading 17 Unused Serialized files (Serialized files now loaded: 0)
Unloading 6876 unused Assets / (4.3 MB). Loaded Objects now: 7744.
Memory consumption went from 161.0 MB to 156.7 MB.
Total: 14.205100 ms (FindLiveObjects: 1.088300 ms CreateObjectMapping: 0.973100 ms MarkObjects: 8.878100 ms  DeleteObjects: 3.264100 ms)

Prepare: number of updated asset objects reloaded= 0
========================================================================
Received Prepare
'Packages/com.unity.cinemachine/Editor/Obsolete/CinemachineVirtualCameraBaseEditor.cs' contains partial class of Unity.Object, exactly 1 of the partial classes needs to be in a file with the same filename. This is to know the one that can be referenced from ie. GameObjects
'Packages/com.unity.cinemachine/Editor/Editors/CinemachineVirtualCameraBaseEditor.cs' contains partial class of Unity.Object, exactly 1 of the partial classes needs to be in a file with the same filename. This is to know the one that can be referenced from ie. GameObjects
Refreshing native plugins compatible for Editor in 1.54 ms, found 3 plugins.
Preloading 0 native plugins for Editor in 0.00 ms.
Unloading 17 Unused Serialized files (Serialized files now loaded: 0)
Unloading 6876 unused Assets / (4.1 MB). Loaded Objects now: 7744.
Memory consumption went from 161.0 MB to 156.9 MB.
Total: 12.733300 ms (FindLiveObjects: 1.081100 ms CreateObjectMapping: 0.606100 ms MarkObjects: 7.994000 ms  DeleteObjects: 3.050400 ms)

Prepare: number of updated asset objects reloaded= 0
========================================================================
Received Prepare
'Packages/com.unity.cinemachine/Editor/Obsolete/CinemachineVirtualCameraBaseEditor.cs' contains partial class of Unity.Object, exactly 1 of the partial classes needs to be in a file with the same filename. This is to know the one that can be referenced from ie. GameObjects
'Packages/com.unity.cinemachine/Editor/Editors/CinemachineVirtualCameraBaseEditor.cs' contains partial class of Unity.Object, exactly 1 of the partial classes needs to be in a file with the same filename. This is to know the one that can be referenced from ie. GameObjects
Refreshing native plugins compatible for Editor in 1.55 ms, found 3 plugins.
Preloading 0 native plugins for Editor in 0.00 ms.
Unloading 17 Unused Serialized files (Serialized files now loaded: 0)
Unloading 6876 unused Assets / (4.6 MB). Loaded Objects now: 7744.
Memory consumption went from 161.0 MB to 156.4 MB.
Total: 14.848300 ms (FindLiveObjects: 1.070300 ms CreateObjectMapping: 0.540000 ms MarkObjects: 8.819600 ms  DeleteObjects: 4.416400 ms)

Prepare: number of updated asset objects reloaded= 0
========================================================================
Received Prepare
'Packages/com.unity.cinemachine/Editor/Obsolete/CinemachineVirtualCameraBaseEditor.cs' contains partial class of Unity.Object, exactly 1 of the partial classes needs to be in a file with the same filename. This is to know the one that can be referenced from ie. GameObjects
'Packages/com.unity.cinemachine/Editor/Editors/CinemachineVirtualCameraBaseEditor.cs' contains partial class of Unity.Object, exactly 1 of the partial classes needs to be in a file with the same filename. This is to know the one that can be referenced from ie. GameObjects
Refreshing native plugins compatible for Editor in 1.60 ms, found 3 plugins.
Preloading 0 native plugins for Editor in 0.00 ms.
Unloading 17 Unused Serialized files (Serialized files now loaded: 0)
Unloading 6876 unused Assets / (4.0 MB). Loaded Objects now: 7744.
Memory consumption went from 161.0 MB to 157.0 MB.
Total: 12.829100 ms (FindLiveObjects: 1.085700 ms CreateObjectMapping: 0.644800 ms MarkObjects: 8.376000 ms  DeleteObjects: 2.721300 ms)

Prepare: number of updated asset objects reloaded= 0
========================================================================
Received Prepare
'Packages/com.unity.cinemachine/Editor/Obsolete/CinemachineVirtualCameraBaseEditor.cs' contains partial class of Unity.Object, exactly 1 of the partial classes needs to be in a file with the same filename. This is to know the one that can be referenced from ie. GameObjects
'Packages/com.unity.cinemachine/Editor/Editors/CinemachineVirtualCameraBaseEditor.cs' contains partial class of Unity.Object, exactly 1 of the partial classes needs to be in a file with the same filename. This is to know the one that can be referenced from ie. GameObjects
Refreshing native plugins compatible for Editor in 1.59 ms, found 3 plugins.
Preloading 0 native plugins for Editor in 0.00 ms.
Unloading 17 Unused Serialized files (Serialized files now loaded: 0)
Unloading 6876 unused Assets / (4.4 MB). Loaded Objects now: 7744.
Memory consumption went from 161.0 MB to 156.7 MB.
Total: 13.989900 ms (FindLiveObjects: 1.390300 ms CreateObjectMapping: 1.042600 ms MarkObjects: 8.368100 ms  DeleteObjects: 3.187300 ms)

Prepare: number of updated asset objects reloaded= 0
========================================================================
Received Prepare
'Packages/com.unity.cinemachine/Editor/Obsolete/CinemachineVirtualCameraBaseEditor.cs' contains partial class of Unity.Object, exactly 1 of the partial classes needs to be in a file with the same filename. This is to know the one that can be referenced from ie. GameObjects
'Packages/com.unity.cinemachine/Editor/Editors/CinemachineVirtualCameraBaseEditor.cs' contains partial class of Unity.Object, exactly 1 of the partial classes needs to be in a file with the same filename. This is to know the one that can be referenced from ie. GameObjects
Refreshing native plugins compatible for Editor in 1.61 ms, found 3 plugins.
Preloading 0 native plugins for Editor in 0.00 ms.
Unloading 17 Unused Serialized files (Serialized files now loaded: 0)
Unloading 6876 unused Assets / (4.2 MB). Loaded Objects now: 7744.
Memory consumption went from 161.0 MB to 156.8 MB.
Total: 14.747200 ms (FindLiveObjects: 1.078200 ms CreateObjectMapping: 0.711600 ms MarkObjects: 10.155700 ms  DeleteObjects: 2.800300 ms)

Prepare: number of updated asset objects reloaded= 0
========================================================================
Received Prepare
'Packages/com.unity.cinemachine/Editor/Obsolete/CinemachineVirtualCameraBaseEditor.cs' contains partial class of Unity.Object, exactly 1 of the partial classes needs to be in a file with the same filename. This is to know the one that can be referenced from ie. GameObjects
'Packages/com.unity.cinemachine/Editor/Editors/CinemachineVirtualCameraBaseEditor.cs' contains partial class of Unity.Object, exactly 1 of the partial classes needs to be in a file with the same filename. This is to know the one that can be referenced from ie. GameObjects
Refreshing native plugins compatible for Editor in 1.65 ms, found 3 plugins.
Preloading 0 native plugins for Editor in 0.00 ms.
Unloading 17 Unused Serialized files (Serialized files now loaded: 0)
Unloading 6875 unused Assets / (4.5 MB). Loaded Objects now: 7743.
Memory consumption went from 161.0 MB to 156.5 MB.
Total: 15.066800 ms (FindLiveObjects: 1.087200 ms CreateObjectMapping: 0.879900 ms MarkObjects: 9.109500 ms  DeleteObjects: 3.988400 ms)

Prepare: number of updated asset objects reloaded= 0
========================================================================
Received Prepare
'Packages/com.unity.cinemachine/Editor/Obsolete/CinemachineVirtualCameraBaseEditor.cs' contains partial class of Unity.Object, exactly 1 of the partial classes needs to be in a file with the same filename. This is to know the one that can be referenced from ie. GameObjects
'Packages/com.unity.cinemachine/Editor/Editors/CinemachineVirtualCameraBaseEditor.cs' contains partial class of Unity.Object, exactly 1 of the partial classes needs to be in a file with the same filename. This is to know the one that can be referenced from ie. GameObjects
Refreshing native plugins compatible for Editor in 1.63 ms, found 3 plugins.
Preloading 0 native plugins for Editor in 0.00 ms.
Unloading 17 Unused Serialized files (Serialized files now loaded: 0)
Unloading 6875 unused Assets / (4.3 MB). Loaded Objects now: 7743.
Memory consumption went from 161.0 MB to 156.7 MB.
Total: 12.197400 ms (FindLiveObjects: 1.036900 ms CreateObjectMapping: 0.514700 ms MarkObjects: 8.068300 ms  DeleteObjects: 2.575900 ms)

Prepare: number of updated asset objects reloaded= 0
========================================================================
Received Prepare
'Packages/com.unity.cinemachine/Editor/Obsolete/CinemachineVirtualCameraBaseEditor.cs' contains partial class of Unity.Object, exactly 1 of the partial classes needs to be in a file with the same filename. This is to know the one that can be referenced from ie. GameObjects
'Packages/com.unity.cinemachine/Editor/Editors/CinemachineVirtualCameraBaseEditor.cs' contains partial class of Unity.Object, exactly 1 of the partial classes needs to be in a file with the same filename. This is to know the one that can be referenced from ie. GameObjects
Refreshing native plugins compatible for Editor in 1.58 ms, found 3 plugins.
Preloading 0 native plugins for Editor in 0.00 ms.
Unloading 17 Unused Serialized files (Serialized files now loaded: 0)
Unloading 6875 unused Assets / (4.2 MB). Loaded Objects now: 7743.
Memory consumption went from 161.0 MB to 156.8 MB.
Total: 12.923300 ms (FindLiveObjects: 1.076700 ms CreateObjectMapping: 0.562000 ms MarkObjects: 7.433800 ms  DeleteObjects: 3.849300 ms)

Prepare: number of updated asset objects reloaded= 0
========================================================================
Received Prepare
'Packages/com.unity.cinemachine/Editor/Obsolete/CinemachineVirtualCameraBaseEditor.cs' contains partial class of Unity.Object, exactly 1 of the partial classes needs to be in a file with the same filename. This is to know the one that can be referenced from ie. GameObjects
'Packages/com.unity.cinemachine/Editor/Editors/CinemachineVirtualCameraBaseEditor.cs' contains partial class of Unity.Object, exactly 1 of the partial classes needs to be in a file with the same filename. This is to know the one that can be referenced from ie. GameObjects
Refreshing native plugins compatible for Editor in 1.54 ms, found 3 plugins.
Preloading 0 native plugins for Editor in 0.00 ms.
Unloading 17 Unused Serialized files (Serialized files now loaded: 0)
Unloading 6875 unused Assets / (4.2 MB). Loaded Objects now: 7743.
Memory consumption went from 161.0 MB to 156.8 MB.
Total: 12.825500 ms (FindLiveObjects: 1.053300 ms CreateObjectMapping: 0.650200 ms MarkObjects: 8.007100 ms  DeleteObjects: 3.113400 ms)

Prepare: number of updated asset objects reloaded= 0
========================================================================
Received Prepare
'Packages/com.unity.cinemachine/Editor/Obsolete/CinemachineVirtualCameraBaseEditor.cs' contains partial class of Unity.Object, exactly 1 of the partial classes needs to be in a file with the same filename. This is to know the one that can be referenced from ie. GameObjects
'Packages/com.unity.cinemachine/Editor/Editors/CinemachineVirtualCameraBaseEditor.cs' contains partial class of Unity.Object, exactly 1 of the partial classes needs to be in a file with the same filename. This is to know the one that can be referenced from ie. GameObjects
Refreshing native plugins compatible for Editor in 2.08 ms, found 3 plugins.
Preloading 0 native plugins for Editor in 0.00 ms.
Unloading 17 Unused Serialized files (Serialized files now loaded: 0)
Unloading 6875 unused Assets / (5.0 MB). Loaded Objects now: 7743.
Memory consumption went from 161.0 MB to 156.0 MB.
Total: 14.570900 ms (FindLiveObjects: 1.094900 ms CreateObjectMapping: 0.773000 ms MarkObjects: 8.597700 ms  DeleteObjects: 4.103400 ms)

Prepare: number of updated asset objects reloaded= 0
========================================================================
Received Prepare
'Packages/com.unity.cinemachine/Editor/Obsolete/CinemachineVirtualCameraBaseEditor.cs' contains partial class of Unity.Object, exactly 1 of the partial classes needs to be in a file with the same filename. This is to know the one that can be referenced from ie. GameObjects
'Packages/com.unity.cinemachine/Editor/Editors/CinemachineVirtualCameraBaseEditor.cs' contains partial class of Unity.Object, exactly 1 of the partial classes needs to be in a file with the same filename. This is to know the one that can be referenced from ie. GameObjects
Refreshing native plugins compatible for Editor in 1.63 ms, found 3 plugins.
Preloading 0 native plugins for Editor in 0.00 ms.
Unloading 17 Unused Serialized files (Serialized files now loaded: 0)
Unloading 6875 unused Assets / (4.4 MB). Loaded Objects now: 7743.
Memory consumption went from 161.0 MB to 156.6 MB.
Total: 13.133300 ms (FindLiveObjects: 1.105400 ms CreateObjectMapping: 0.740000 ms MarkObjects: 8.434600 ms  DeleteObjects: 2.851700 ms)

Prepare: number of updated asset objects reloaded= 0
========================================================================
Received Prepare
'Packages/com.unity.cinemachine/Editor/Obsolete/CinemachineVirtualCameraBaseEditor.cs' contains partial class of Unity.Object, exactly 1 of the partial classes needs to be in a file with the same filename. This is to know the one that can be referenced from ie. GameObjects
'Packages/com.unity.cinemachine/Editor/Editors/CinemachineVirtualCameraBaseEditor.cs' contains partial class of Unity.Object, exactly 1 of the partial classes needs to be in a file with the same filename. This is to know the one that can be referenced from ie. GameObjects
Refreshing native plugins compatible for Editor in 1.59 ms, found 3 plugins.
Preloading 0 native plugins for Editor in 0.00 ms.
Unloading 17 Unused Serialized files (Serialized files now loaded: 0)
Unloading 6875 unused Assets / (4.4 MB). Loaded Objects now: 7743.
Memory consumption went from 161.0 MB to 156.6 MB.
Total: 13.458500 ms (FindLiveObjects: 1.101600 ms CreateObjectMapping: 0.635400 ms MarkObjects: 8.775700 ms  DeleteObjects: 2.943700 ms)

Prepare: number of updated asset objects reloaded= 0
========================================================================
Received Prepare
'Packages/com.unity.cinemachine/Editor/Obsolete/CinemachineVirtualCameraBaseEditor.cs' contains partial class of Unity.Object, exactly 1 of the partial classes needs to be in a file with the same filename. This is to know the one that can be referenced from ie. GameObjects
'Packages/com.unity.cinemachine/Editor/Editors/CinemachineVirtualCameraBaseEditor.cs' contains partial class of Unity.Object, exactly 1 of the partial classes needs to be in a file with the same filename. This is to know the one that can be referenced from ie. GameObjects
Refreshing native plugins compatible for Editor in 1.53 ms, found 3 plugins.
Preloading 0 native plugins for Editor in 0.00 ms.
Unloading 17 Unused Serialized files (Serialized files now loaded: 0)
Unloading 6875 unused Assets / (4.5 MB). Loaded Objects now: 7743.
Memory consumption went from 161.0 MB to 156.5 MB.
Total: 13.420000 ms (FindLiveObjects: 1.043200 ms CreateObjectMapping: 0.646100 ms MarkObjects: 8.321000 ms  DeleteObjects: 3.408300 ms)

Prepare: number of updated asset objects reloaded= 0
========================================================================
Received Prepare
'Packages/com.unity.cinemachine/Editor/Obsolete/CinemachineVirtualCameraBaseEditor.cs' contains partial class of Unity.Object, exactly 1 of the partial classes needs to be in a file with the same filename. This is to know the one that can be referenced from ie. GameObjects
'Packages/com.unity.cinemachine/Editor/Editors/CinemachineVirtualCameraBaseEditor.cs' contains partial class of Unity.Object, exactly 1 of the partial classes needs to be in a file with the same filename. This is to know the one that can be referenced from ie. GameObjects
Refreshing native plugins compatible for Editor in 1.66 ms, found 3 plugins.
Preloading 0 native plugins for Editor in 0.00 ms.
Unloading 17 Unused Serialized files (Serialized files now loaded: 0)
Unloading 6875 unused Assets / (4.0 MB). Loaded Objects now: 7743.
Memory consumption went from 161.0 MB to 157.1 MB.
Total: 13.124500 ms (FindLiveObjects: 1.132100 ms CreateObjectMapping: 0.613400 ms MarkObjects: 8.463400 ms  DeleteObjects: 2.914600 ms)

Prepare: number of updated asset objects reloaded= 0
========================================================================
Received Prepare
'Packages/com.unity.cinemachine/Editor/Obsolete/CinemachineVirtualCameraBaseEditor.cs' contains partial class of Unity.Object, exactly 1 of the partial classes needs to be in a file with the same filename. This is to know the one that can be referenced from ie. GameObjects
'Packages/com.unity.cinemachine/Editor/Editors/CinemachineVirtualCameraBaseEditor.cs' contains partial class of Unity.Object, exactly 1 of the partial classes needs to be in a file with the same filename. This is to know the one that can be referenced from ie. GameObjects
Refreshing native plugins compatible for Editor in 1.55 ms, found 3 plugins.
Preloading 0 native plugins for Editor in 0.00 ms.
Unloading 17 Unused Serialized files (Serialized files now loaded: 0)
Unloading 6875 unused Assets / (4.1 MB). Loaded Objects now: 7743.
Memory consumption went from 161.0 MB to 156.9 MB.
Total: 12.080400 ms (FindLiveObjects: 1.067200 ms CreateObjectMapping: 0.552000 ms MarkObjects: 7.682800 ms  DeleteObjects: 2.776900 ms)

Prepare: number of updated asset objects reloaded= 0
========================================================================
Received Prepare
'Packages/com.unity.cinemachine/Editor/Obsolete/CinemachineVirtualCameraBaseEditor.cs' contains partial class of Unity.Object, exactly 1 of the partial classes needs to be in a file with the same filename. This is to know the one that can be referenced from ie. GameObjects
'Packages/com.unity.cinemachine/Editor/Editors/CinemachineVirtualCameraBaseEditor.cs' contains partial class of Unity.Object, exactly 1 of the partial classes needs to be in a file with the same filename. This is to know the one that can be referenced from ie. GameObjects
Refreshing native plugins compatible for Editor in 1.74 ms, found 3 plugins.
Preloading 0 native plugins for Editor in 0.00 ms.
Unloading 17 Unused Serialized files (Serialized files now loaded: 0)
Unloading 6875 unused Assets / (5.1 MB). Loaded Objects now: 7743.
Memory consumption went from 161.0 MB to 155.9 MB.
Total: 15.800300 ms (FindLiveObjects: 1.200400 ms CreateObjectMapping: 0.681000 ms MarkObjects: 9.290000 ms  DeleteObjects: 4.627400 ms)

Prepare: number of updated asset objects reloaded= 0
========================================================================
Received Prepare
'Packages/com.unity.cinemachine/Editor/Obsolete/CinemachineVirtualCameraBaseEditor.cs' contains partial class of Unity.Object, exactly 1 of the partial classes needs to be in a file with the same filename. This is to know the one that can be referenced from ie. GameObjects
'Packages/com.unity.cinemachine/Editor/Editors/CinemachineVirtualCameraBaseEditor.cs' contains partial class of Unity.Object, exactly 1 of the partial classes needs to be in a file with the same filename. This is to know the one that can be referenced from ie. GameObjects
Refreshing native plugins compatible for Editor in 1.89 ms, found 3 plugins.
Preloading 0 native plugins for Editor in 0.00 ms.
Unloading 17 Unused Serialized files (Serialized files now loaded: 0)
Unloading 6875 unused Assets / (4.6 MB). Loaded Objects now: 7743.
Memory consumption went from 161.0 MB to 156.5 MB.
Total: 15.675900 ms (FindLiveObjects: 1.138900 ms CreateObjectMapping: 1.379100 ms MarkObjects: 9.251100 ms  DeleteObjects: 3.905100 ms)

Prepare: number of updated asset objects reloaded= 0
========================================================================
Received Prepare
'Packages/com.unity.cinemachine/Editor/Obsolete/CinemachineVirtualCameraBaseEditor.cs' contains partial class of Unity.Object, exactly 1 of the partial classes needs to be in a file with the same filename. This is to know the one that can be referenced from ie. GameObjects
'Packages/com.unity.cinemachine/Editor/Editors/CinemachineVirtualCameraBaseEditor.cs' contains partial class of Unity.Object, exactly 1 of the partial classes needs to be in a file with the same filename. This is to know the one that can be referenced from ie. GameObjects
Refreshing native plugins compatible for Editor in 1.57 ms, found 3 plugins.
Preloading 0 native plugins for Editor in 0.00 ms.
Unloading 17 Unused Serialized files (Serialized files now loaded: 0)
Unloading 6875 unused Assets / (4.6 MB). Loaded Objects now: 7743.
Memory consumption went from 161.0 MB to 156.4 MB.
Total: 14.388700 ms (FindLiveObjects: 1.092800 ms CreateObjectMapping: 0.731400 ms MarkObjects: 8.617000 ms  DeleteObjects: 3.946000 ms)

Prepare: number of updated asset objects reloaded= 0
========================================================================
Received Prepare
'Packages/com.unity.cinemachine/Editor/Obsolete/CinemachineVirtualCameraBaseEditor.cs' contains partial class of Unity.Object, exactly 1 of the partial classes needs to be in a file with the same filename. This is to know the one that can be referenced from ie. GameObjects
'Packages/com.unity.cinemachine/Editor/Editors/CinemachineVirtualCameraBaseEditor.cs' contains partial class of Unity.Object, exactly 1 of the partial classes needs to be in a file with the same filename. This is to know the one that can be referenced from ie. GameObjects
Refreshing native plugins compatible for Editor in 1.69 ms, found 3 plugins.
Preloading 0 native plugins for Editor in 0.00 ms.
Unloading 17 Unused Serialized files (Serialized files now loaded: 0)
Unloading 6875 unused Assets / (5.1 MB). Loaded Objects now: 7743.
Memory consumption went from 161.0 MB to 155.9 MB.
Total: 17.834000 ms (FindLiveObjects: 1.378900 ms CreateObjectMapping: 0.957500 ms MarkObjects: 10.361000 ms  DeleteObjects: 5.135000 ms)

Prepare: number of updated asset objects reloaded= 0
========================================================================
Received Prepare
'Packages/com.unity.cinemachine/Editor/Obsolete/CinemachineVirtualCameraBaseEditor.cs' contains partial class of Unity.Object, exactly 1 of the partial classes needs to be in a file with the same filename. This is to know the one that can be referenced from ie. GameObjects
'Packages/com.unity.cinemachine/Editor/Editors/CinemachineVirtualCameraBaseEditor.cs' contains partial class of Unity.Object, exactly 1 of the partial classes needs to be in a file with the same filename. This is to know the one that can be referenced from ie. GameObjects
Refreshing native plugins compatible for Editor in 1.78 ms, found 3 plugins.
Preloading 0 native plugins for Editor in 0.00 ms.
Unloading 17 Unused Serialized files (Serialized files now loaded: 0)
Unloading 6875 unused Assets / (4.2 MB). Loaded Objects now: 7743.
Memory consumption went from 161.0 MB to 156.8 MB.
Total: 13.211900 ms (FindLiveObjects: 1.087500 ms CreateObjectMapping: 0.962500 ms MarkObjects: 8.280600 ms  DeleteObjects: 2.880000 ms)

Prepare: number of updated asset objects reloaded= 0
========================================================================
Received Prepare
'Packages/com.unity.cinemachine/Editor/Obsolete/CinemachineVirtualCameraBaseEditor.cs' contains partial class of Unity.Object, exactly 1 of the partial classes needs to be in a file with the same filename. This is to know the one that can be referenced from ie. GameObjects
'Packages/com.unity.cinemachine/Editor/Editors/CinemachineVirtualCameraBaseEditor.cs' contains partial class of Unity.Object, exactly 1 of the partial classes needs to be in a file with the same filename. This is to know the one that can be referenced from ie. GameObjects
Refreshing native plugins compatible for Editor in 1.59 ms, found 3 plugins.
Preloading 0 native plugins for Editor in 0.00 ms.
Unloading 17 Unused Serialized files (Serialized files now loaded: 0)
Unloading 6875 unused Assets / (4.3 MB). Loaded Objects now: 7743.
Memory consumption went from 161.0 MB to 156.7 MB.
Total: 14.811000 ms (FindLiveObjects: 1.111700 ms CreateObjectMapping: 0.915600 ms MarkObjects: 9.099800 ms  DeleteObjects: 3.682200 ms)

Prepare: number of updated asset objects reloaded= 0
========================================================================
Received Prepare
'Packages/com.unity.cinemachine/Editor/Obsolete/CinemachineVirtualCameraBaseEditor.cs' contains partial class of Unity.Object, exactly 1 of the partial classes needs to be in a file with the same filename. This is to know the one that can be referenced from ie. GameObjects
'Packages/com.unity.cinemachine/Editor/Editors/CinemachineVirtualCameraBaseEditor.cs' contains partial class of Unity.Object, exactly 1 of the partial classes needs to be in a file with the same filename. This is to know the one that can be referenced from ie. GameObjects
Refreshing native plugins compatible for Editor in 1.52 ms, found 3 plugins.
Preloading 0 native plugins for Editor in 0.00 ms.
Unloading 17 Unused Serialized files (Serialized files now loaded: 0)
Unloading 6875 unused Assets / (4.6 MB). Loaded Objects now: 7743.
Memory consumption went from 161.0 MB to 156.5 MB.
Total: 13.530100 ms (FindLiveObjects: 1.064700 ms CreateObjectMapping: 0.562900 ms MarkObjects: 8.612000 ms  DeleteObjects: 3.288900 ms)

Prepare: number of updated asset objects reloaded= 0
========================================================================
Received Prepare
'Packages/com.unity.cinemachine/Editor/Obsolete/CinemachineVirtualCameraBaseEditor.cs' contains partial class of Unity.Object, exactly 1 of the partial classes needs to be in a file with the same filename. This is to know the one that can be referenced from ie. GameObjects
'Packages/com.unity.cinemachine/Editor/Editors/CinemachineVirtualCameraBaseEditor.cs' contains partial class of Unity.Object, exactly 1 of the partial classes needs to be in a file with the same filename. This is to know the one that can be referenced from ie. GameObjects
Refreshing native plugins compatible for Editor in 1.68 ms, found 3 plugins.
Preloading 0 native plugins for Editor in 0.00 ms.
Unloading 17 Unused Serialized files (Serialized files now loaded: 0)
Unloading 6875 unused Assets / (5.1 MB). Loaded Objects now: 7743.
Memory consumption went from 161.0 MB to 156.0 MB.
Total: 15.580200 ms (FindLiveObjects: 1.146500 ms CreateObjectMapping: 1.226200 ms MarkObjects: 9.240500 ms  DeleteObjects: 3.965300 ms)

Prepare: number of updated asset objects reloaded= 0
========================================================================
Received Prepare
'Packages/com.unity.cinemachine/Editor/Obsolete/CinemachineVirtualCameraBaseEditor.cs' contains partial class of Unity.Object, exactly 1 of the partial classes needs to be in a file with the same filename. This is to know the one that can be referenced from ie. GameObjects
'Packages/com.unity.cinemachine/Editor/Editors/CinemachineVirtualCameraBaseEditor.cs' contains partial class of Unity.Object, exactly 1 of the partial classes needs to be in a file with the same filename. This is to know the one that can be referenced from ie. GameObjects
Refreshing native plugins compatible for Editor in 1.60 ms, found 3 plugins.
Preloading 0 native plugins for Editor in 0.00 ms.
Unloading 17 Unused Serialized files (Serialized files now loaded: 0)
Unloading 6875 unused Assets / (4.4 MB). Loaded Objects now: 7743.
Memory consumption went from 161.0 MB to 156.6 MB.
Total: 12.635200 ms (FindLiveObjects: 1.126100 ms CreateObjectMapping: 0.540400 ms MarkObjects: 8.157400 ms  DeleteObjects: 2.810100 ms)

Prepare: number of updated asset objects reloaded= 0
========================================================================
Received Prepare
'Packages/com.unity.cinemachine/Editor/Obsolete/CinemachineVirtualCameraBaseEditor.cs' contains partial class of Unity.Object, exactly 1 of the partial classes needs to be in a file with the same filename. This is to know the one that can be referenced from ie. GameObjects
'Packages/com.unity.cinemachine/Editor/Editors/CinemachineVirtualCameraBaseEditor.cs' contains partial class of Unity.Object, exactly 1 of the partial classes needs to be in a file with the same filename. This is to know the one that can be referenced from ie. GameObjects
Refreshing native plugins compatible for Editor in 1.82 ms, found 3 plugins.
Preloading 0 native plugins for Editor in 0.00 ms.
Unloading 17 Unused Serialized files (Serialized files now loaded: 0)
Unloading 6875 unused Assets / (4.4 MB). Loaded Objects now: 7743.
Memory consumption went from 161.0 MB to 156.6 MB.
Total: 12.622600 ms (FindLiveObjects: 1.102500 ms CreateObjectMapping: 0.538900 ms MarkObjects: 7.727100 ms  DeleteObjects: 3.252500 ms)

Prepare: number of updated asset objects reloaded= 0
========================================================================
Received Prepare
'Packages/com.unity.cinemachine/Editor/Obsolete/CinemachineVirtualCameraBaseEditor.cs' contains partial class of Unity.Object, exactly 1 of the partial classes needs to be in a file with the same filename. This is to know the one that can be referenced from ie. GameObjects
'Packages/com.unity.cinemachine/Editor/Editors/CinemachineVirtualCameraBaseEditor.cs' contains partial class of Unity.Object, exactly 1 of the partial classes needs to be in a file with the same filename. This is to know the one that can be referenced from ie. GameObjects
Refreshing native plugins compatible for Editor in 1.74 ms, found 3 plugins.
Preloading 0 native plugins for Editor in 0.00 ms.
Unloading 17 Unused Serialized files (Serialized files now loaded: 0)
Unloading 6875 unused Assets / (4.0 MB). Loaded Objects now: 7743.
Memory consumption went from 161.0 MB to 157.0 MB.
Total: 12.315900 ms (FindLiveObjects: 1.072900 ms CreateObjectMapping: 0.540200 ms MarkObjects: 7.851300 ms  DeleteObjects: 2.850400 ms)

Prepare: number of updated asset objects reloaded= 0
========================================================================
Received Prepare
'Packages/com.unity.cinemachine/Editor/Obsolete/CinemachineVirtualCameraBaseEditor.cs' contains partial class of Unity.Object, exactly 1 of the partial classes needs to be in a file with the same filename. This is to know the one that can be referenced from ie. GameObjects
'Packages/com.unity.cinemachine/Editor/Editors/CinemachineVirtualCameraBaseEditor.cs' contains partial class of Unity.Object, exactly 1 of the partial classes needs to be in a file with the same filename. This is to know the one that can be referenced from ie. GameObjects
Refreshing native plugins compatible for Editor in 1.53 ms, found 3 plugins.
Preloading 0 native plugins for Editor in 0.00 ms.
Unloading 17 Unused Serialized files (Serialized files now loaded: 0)
Unloading 6875 unused Assets / (5.1 MB). Loaded Objects now: 7743.
Memory consumption went from 161.0 MB to 155.9 MB.
Total: 14.062500 ms (FindLiveObjects: 1.041100 ms CreateObjectMapping: 0.569100 ms MarkObjects: 7.671900 ms  DeleteObjects: 4.779100 ms)

Prepare: number of updated asset objects reloaded= 0
========================================================================
Received Prepare
'Packages/com.unity.cinemachine/Editor/Obsolete/CinemachineVirtualCameraBaseEditor.cs' contains partial class of Unity.Object, exactly 1 of the partial classes needs to be in a file with the same filename. This is to know the one that can be referenced from ie. GameObjects
'Packages/com.unity.cinemachine/Editor/Editors/CinemachineVirtualCameraBaseEditor.cs' contains partial class of Unity.Object, exactly 1 of the partial classes needs to be in a file with the same filename. This is to know the one that can be referenced from ie. GameObjects
Refreshing native plugins compatible for Editor in 1.67 ms, found 3 plugins.
Preloading 0 native plugins for Editor in 0.00 ms.
Unloading 17 Unused Serialized files (Serialized files now loaded: 0)
Unloading 6875 unused Assets / (4.1 MB). Loaded Objects now: 7743.
Memory consumption went from 161.0 MB to 156.9 MB.
Total: 12.183800 ms (FindLiveObjects: 1.077600 ms CreateObjectMapping: 0.608600 ms MarkObjects: 7.601700 ms  DeleteObjects: 2.894100 ms)

Prepare: number of updated asset objects reloaded= 0
========================================================================
Received Prepare
'Packages/com.unity.cinemachine/Editor/Obsolete/CinemachineVirtualCameraBaseEditor.cs' contains partial class of Unity.Object, exactly 1 of the partial classes needs to be in a file with the same filename. This is to know the one that can be referenced from ie. GameObjects
'Packages/com.unity.cinemachine/Editor/Editors/CinemachineVirtualCameraBaseEditor.cs' contains partial class of Unity.Object, exactly 1 of the partial classes needs to be in a file with the same filename. This is to know the one that can be referenced from ie. GameObjects
Refreshing native plugins compatible for Editor in 1.51 ms, found 3 plugins.
Preloading 0 native plugins for Editor in 0.00 ms.
Unloading 17 Unused Serialized files (Serialized files now loaded: 0)
Unloading 6875 unused Assets / (4.5 MB). Loaded Objects now: 7743.
Memory consumption went from 161.0 MB to 156.5 MB.
Total: 14.413300 ms (FindLiveObjects: 1.066700 ms CreateObjectMapping: 0.531100 ms MarkObjects: 9.273500 ms  DeleteObjects: 3.540600 ms)

Prepare: number of updated asset objects reloaded= 0
========================================================================
Received Prepare
'Packages/com.unity.cinemachine/Editor/Obsolete/CinemachineVirtualCameraBaseEditor.cs' contains partial class of Unity.Object, exactly 1 of the partial classes needs to be in a file with the same filename. This is to know the one that can be referenced from ie. GameObjects
'Packages/com.unity.cinemachine/Editor/Editors/CinemachineVirtualCameraBaseEditor.cs' contains partial class of Unity.Object, exactly 1 of the partial classes needs to be in a file with the same filename. This is to know the one that can be referenced from ie. GameObjects
Refreshing native plugins compatible for Editor in 1.69 ms, found 3 plugins.
Preloading 0 native plugins for Editor in 0.00 ms.
Unloading 17 Unused Serialized files (Serialized files now loaded: 0)
Unloading 6875 unused Assets / (4.9 MB). Loaded Objects now: 7743.
Memory consumption went from 161.0 MB to 156.1 MB.
Total: 14.478200 ms (FindLiveObjects: 1.125800 ms CreateObjectMapping: 0.748300 ms MarkObjects: 8.677600 ms  DeleteObjects: 3.924900 ms)

Prepare: number of updated asset objects reloaded= 0
========================================================================
Received Prepare
'Packages/com.unity.cinemachine/Editor/Obsolete/CinemachineVirtualCameraBaseEditor.cs' contains partial class of Unity.Object, exactly 1 of the partial classes needs to be in a file with the same filename. This is to know the one that can be referenced from ie. GameObjects
'Packages/com.unity.cinemachine/Editor/Editors/CinemachineVirtualCameraBaseEditor.cs' contains partial class of Unity.Object, exactly 1 of the partial classes needs to be in a file with the same filename. This is to know the one that can be referenced from ie. GameObjects
Refreshing native plugins compatible for Editor in 2.40 ms, found 3 plugins.
Preloading 0 native plugins for Editor in 0.00 ms.
Unloading 17 Unused Serialized files (Serialized files now loaded: 0)
Unloading 6875 unused Assets / (3.9 MB). Loaded Objects now: 7743.
Memory consumption went from 161.0 MB to 157.1 MB.
Total: 14.326100 ms (FindLiveObjects: 1.178000 ms CreateObjectMapping: 1.134400 ms MarkObjects: 8.663400 ms  DeleteObjects: 3.348800 ms)

Prepare: number of updated asset objects reloaded= 0
========================================================================
Received Prepare
'Packages/com.unity.cinemachine/Editor/Obsolete/CinemachineVirtualCameraBaseEditor.cs' contains partial class of Unity.Object, exactly 1 of the partial classes needs to be in a file with the same filename. This is to know the one that can be referenced from ie. GameObjects
'Packages/com.unity.cinemachine/Editor/Editors/CinemachineVirtualCameraBaseEditor.cs' contains partial class of Unity.Object, exactly 1 of the partial classes needs to be in a file with the same filename. This is to know the one that can be referenced from ie. GameObjects
Refreshing native plugins compatible for Editor in 1.59 ms, found 3 plugins.
Preloading 0 native plugins for Editor in 0.00 ms.
Unloading 17 Unused Serialized files (Serialized files now loaded: 0)
Unloading 6875 unused Assets / (4.2 MB). Loaded Objects now: 7743.
Memory consumption went from 161.0 MB to 156.8 MB.
Total: 13.303100 ms (FindLiveObjects: 1.161600 ms CreateObjectMapping: 0.664200 ms MarkObjects: 8.134400 ms  DeleteObjects: 3.340900 ms)

Prepare: number of updated asset objects reloaded= 0
========================================================================
Received Prepare
'Packages/com.unity.cinemachine/Editor/Obsolete/CinemachineVirtualCameraBaseEditor.cs' contains partial class of Unity.Object, exactly 1 of the partial classes needs to be in a file with the same filename. This is to know the one that can be referenced from ie. GameObjects
'Packages/com.unity.cinemachine/Editor/Editors/CinemachineVirtualCameraBaseEditor.cs' contains partial class of Unity.Object, exactly 1 of the partial classes needs to be in a file with the same filename. This is to know the one that can be referenced from ie. GameObjects
Refreshing native plugins compatible for Editor in 1.67 ms, found 3 plugins.
Preloading 0 native plugins for Editor in 0.00 ms.
Unloading 17 Unused Serialized files (Serialized files now loaded: 0)
Unloading 6875 unused Assets / (4.9 MB). Loaded Objects now: 7743.
Memory consumption went from 161.0 MB to 156.1 MB.
Total: 15.017900 ms (FindLiveObjects: 1.028000 ms CreateObjectMapping: 0.499100 ms MarkObjects: 9.825800 ms  DeleteObjects: 3.663600 ms)

Prepare: number of updated asset objects reloaded= 0
========================================================================
Received Prepare
'Packages/com.unity.cinemachine/Editor/Obsolete/CinemachineVirtualCameraBaseEditor.cs' contains partial class of Unity.Object, exactly 1 of the partial classes needs to be in a file with the same filename. This is to know the one that can be referenced from ie. GameObjects
'Packages/com.unity.cinemachine/Editor/Editors/CinemachineVirtualCameraBaseEditor.cs' contains partial class of Unity.Object, exactly 1 of the partial classes needs to be in a file with the same filename. This is to know the one that can be referenced from ie. GameObjects
Refreshing native plugins compatible for Editor in 1.77 ms, found 3 plugins.
Preloading 0 native plugins for Editor in 0.00 ms.
Unloading 17 Unused Serialized files (Serialized files now loaded: 0)
Unloading 6875 unused Assets / (4.2 MB). Loaded Objects now: 7743.
Memory consumption went from 161.0 MB to 156.8 MB.
Total: 13.790300 ms (FindLiveObjects: 1.158900 ms CreateObjectMapping: 0.959400 ms MarkObjects: 8.501800 ms  DeleteObjects: 3.168600 ms)

Prepare: number of updated asset objects reloaded= 0
========================================================================
Received Prepare
'Packages/com.unity.cinemachine/Editor/Obsolete/CinemachineVirtualCameraBaseEditor.cs' contains partial class of Unity.Object, exactly 1 of the partial classes needs to be in a file with the same filename. This is to know the one that can be referenced from ie. GameObjects
'Packages/com.unity.cinemachine/Editor/Editors/CinemachineVirtualCameraBaseEditor.cs' contains partial class of Unity.Object, exactly 1 of the partial classes needs to be in a file with the same filename. This is to know the one that can be referenced from ie. GameObjects
Refreshing native plugins compatible for Editor in 2.02 ms, found 3 plugins.
Preloading 0 native plugins for Editor in 0.00 ms.
Unloading 17 Unused Serialized files (Serialized files now loaded: 0)
Unloading 6875 unused Assets / (4.8 MB). Loaded Objects now: 7743.
Memory consumption went from 161.0 MB to 156.2 MB.
Total: 14.472500 ms (FindLiveObjects: 1.115000 ms CreateObjectMapping: 1.050300 ms MarkObjects: 8.445600 ms  DeleteObjects: 3.860100 ms)

Prepare: number of updated asset objects reloaded= 0
========================================================================
Received Prepare
'Packages/com.unity.cinemachine/Editor/Obsolete/CinemachineVirtualCameraBaseEditor.cs' contains partial class of Unity.Object, exactly 1 of the partial classes needs to be in a file with the same filename. This is to know the one that can be referenced from ie. GameObjects
'Packages/com.unity.cinemachine/Editor/Editors/CinemachineVirtualCameraBaseEditor.cs' contains partial class of Unity.Object, exactly 1 of the partial classes needs to be in a file with the same filename. This is to know the one that can be referenced from ie. GameObjects
Refreshing native plugins compatible for Editor in 1.59 ms, found 3 plugins.
Preloading 0 native plugins for Editor in 0.00 ms.
Unloading 17 Unused Serialized files (Serialized files now loaded: 0)
Unloading 6875 unused Assets / (4.2 MB). Loaded Objects now: 7743.
Memory consumption went from 161.0 MB to 156.8 MB.
Total: 13.920400 ms (FindLiveObjects: 1.129000 ms CreateObjectMapping: 0.748900 ms MarkObjects: 8.685600 ms  DeleteObjects: 3.355100 ms)

Prepare: number of updated asset objects reloaded= 0
========================================================================
Received Prepare
'Packages/com.unity.cinemachine/Editor/Obsolete/CinemachineVirtualCameraBaseEditor.cs' contains partial class of Unity.Object, exactly 1 of the partial classes needs to be in a file with the same filename. This is to know the one that can be referenced from ie. GameObjects
'Packages/com.unity.cinemachine/Editor/Editors/CinemachineVirtualCameraBaseEditor.cs' contains partial class of Unity.Object, exactly 1 of the partial classes needs to be in a file with the same filename. This is to know the one that can be referenced from ie. GameObjects
Refreshing native plugins compatible for Editor in 1.66 ms, found 3 plugins.
Preloading 0 native plugins for Editor in 0.00 ms.
Unloading 17 Unused Serialized files (Serialized files now loaded: 0)
Unloading 6875 unused Assets / (4.2 MB). Loaded Objects now: 7743.
Memory consumption went from 161.0 MB to 156.8 MB.
Total: 14.818600 ms (FindLiveObjects: 1.188400 ms CreateObjectMapping: 0.987600 ms MarkObjects: 9.486800 ms  DeleteObjects: 3.153600 ms)

Prepare: number of updated asset objects reloaded= 0
========================================================================
Received Prepare
'Packages/com.unity.cinemachine/Editor/Obsolete/CinemachineVirtualCameraBaseEditor.cs' contains partial class of Unity.Object, exactly 1 of the partial classes needs to be in a file with the same filename. This is to know the one that can be referenced from ie. GameObjects
'Packages/com.unity.cinemachine/Editor/Editors/CinemachineVirtualCameraBaseEditor.cs' contains partial class of Unity.Object, exactly 1 of the partial classes needs to be in a file with the same filename. This is to know the one that can be referenced from ie. GameObjects
Refreshing native plugins compatible for Editor in 1.78 ms, found 3 plugins.
Preloading 0 native plugins for Editor in 0.00 ms.
Unloading 17 Unused Serialized files (Serialized files now loaded: 0)
Unloading 6875 unused Assets / (4.2 MB). Loaded Objects now: 7743.
Memory consumption went from 161.0 MB to 156.8 MB.
Total: 13.388400 ms (FindLiveObjects: 1.221300 ms CreateObjectMapping: 1.080000 ms MarkObjects: 8.140900 ms  DeleteObjects: 2.944900 ms)

Prepare: number of updated asset objects reloaded= 0
========================================================================
Received Prepare
'Packages/com.unity.cinemachine/Editor/Obsolete/CinemachineVirtualCameraBaseEditor.cs' contains partial class of Unity.Object, exactly 1 of the partial classes needs to be in a file with the same filename. This is to know the one that can be referenced from ie. GameObjects
'Packages/com.unity.cinemachine/Editor/Editors/CinemachineVirtualCameraBaseEditor.cs' contains partial class of Unity.Object, exactly 1 of the partial classes needs to be in a file with the same filename. This is to know the one that can be referenced from ie. GameObjects
Refreshing native plugins compatible for Editor in 1.75 ms, found 3 plugins.
Preloading 0 native plugins for Editor in 0.00 ms.
Unloading 17 Unused Serialized files (Serialized files now loaded: 0)
Unloading 6874 unused Assets / (4.3 MB). Loaded Objects now: 7742.
Memory consumption went from 161.0 MB to 156.8 MB.
Total: 14.047000 ms (FindLiveObjects: 1.198500 ms CreateObjectMapping: 1.089800 ms MarkObjects: 8.692200 ms  DeleteObjects: 3.065300 ms)

Prepare: number of updated asset objects reloaded= 0
========================================================================
Received Prepare
'Packages/com.unity.cinemachine/Editor/Obsolete/CinemachineVirtualCameraBaseEditor.cs' contains partial class of Unity.Object, exactly 1 of the partial classes needs to be in a file with the same filename. This is to know the one that can be referenced from ie. GameObjects
'Packages/com.unity.cinemachine/Editor/Editors/CinemachineVirtualCameraBaseEditor.cs' contains partial class of Unity.Object, exactly 1 of the partial classes needs to be in a file with the same filename. This is to know the one that can be referenced from ie. GameObjects
Refreshing native plugins compatible for Editor in 1.52 ms, found 3 plugins.
Preloading 0 native plugins for Editor in 0.00 ms.
Unloading 17 Unused Serialized files (Serialized files now loaded: 0)
Unloading 6874 unused Assets / (4.4 MB). Loaded Objects now: 7742.
Memory consumption went from 161.0 MB to 156.7 MB.
Total: 14.667200 ms (FindLiveObjects: 1.041400 ms CreateObjectMapping: 0.587800 ms MarkObjects: 9.175700 ms  DeleteObjects: 3.860100 ms)

Prepare: number of updated asset objects reloaded= 0
========================================================================
Received Prepare
'Packages/com.unity.cinemachine/Editor/Obsolete/CinemachineVirtualCameraBaseEditor.cs' contains partial class of Unity.Object, exactly 1 of the partial classes needs to be in a file with the same filename. This is to know the one that can be referenced from ie. GameObjects
'Packages/com.unity.cinemachine/Editor/Editors/CinemachineVirtualCameraBaseEditor.cs' contains partial class of Unity.Object, exactly 1 of the partial classes needs to be in a file with the same filename. This is to know the one that can be referenced from ie. GameObjects
Refreshing native plugins compatible for Editor in 1.61 ms, found 3 plugins.
Preloading 0 native plugins for Editor in 0.00 ms.
Unloading 17 Unused Serialized files (Serialized files now loaded: 0)
Unloading 6874 unused Assets / (4.5 MB). Loaded Objects now: 7742.
Memory consumption went from 161.0 MB to 156.5 MB.
Total: 14.524500 ms (FindLiveObjects: 1.184800 ms CreateObjectMapping: 0.725900 ms MarkObjects: 8.998200 ms  DeleteObjects: 3.613500 ms)

Prepare: number of updated asset objects reloaded= 0
========================================================================
Received Prepare
'Packages/com.unity.cinemachine/Editor/Obsolete/CinemachineVirtualCameraBaseEditor.cs' contains partial class of Unity.Object, exactly 1 of the partial classes needs to be in a file with the same filename. This is to know the one that can be referenced from ie. GameObjects
'Packages/com.unity.cinemachine/Editor/Editors/CinemachineVirtualCameraBaseEditor.cs' contains partial class of Unity.Object, exactly 1 of the partial classes needs to be in a file with the same filename. This is to know the one that can be referenced from ie. GameObjects
Refreshing native plugins compatible for Editor in 1.59 ms, found 3 plugins.
Preloading 0 native plugins for Editor in 0.00 ms.
Unloading 17 Unused Serialized files (Serialized files now loaded: 0)
Unloading 6874 unused Assets / (4.2 MB). Loaded Objects now: 7742.
Memory consumption went from 161.0 MB to 156.8 MB.
Total: 13.036200 ms (FindLiveObjects: 1.106700 ms CreateObjectMapping: 0.816600 ms MarkObjects: 8.159400 ms  DeleteObjects: 2.951600 ms)

Prepare: number of updated asset objects reloaded= 0
========================================================================
Received Prepare
'Packages/com.unity.cinemachine/Editor/Obsolete/CinemachineVirtualCameraBaseEditor.cs' contains partial class of Unity.Object, exactly 1 of the partial classes needs to be in a file with the same filename. This is to know the one that can be referenced from ie. GameObjects
'Packages/com.unity.cinemachine/Editor/Editors/CinemachineVirtualCameraBaseEditor.cs' contains partial class of Unity.Object, exactly 1 of the partial classes needs to be in a file with the same filename. This is to know the one that can be referenced from ie. GameObjects
Refreshing native plugins compatible for Editor in 1.78 ms, found 3 plugins.
Preloading 0 native plugins for Editor in 0.00 ms.
Unloading 17 Unused Serialized files (Serialized files now loaded: 0)
Unloading 6874 unused Assets / (4.5 MB). Loaded Objects now: 7742.
Memory consumption went from 161.0 MB to 156.5 MB.
Total: 16.389300 ms (FindLiveObjects: 1.339600 ms CreateObjectMapping: 1.213300 ms MarkObjects: 9.916600 ms  DeleteObjects: 3.918300 ms)

Prepare: number of updated asset objects reloaded= 0
========================================================================
Received Prepare
'Packages/com.unity.cinemachine/Editor/Obsolete/CinemachineVirtualCameraBaseEditor.cs' contains partial class of Unity.Object, exactly 1 of the partial classes needs to be in a file with the same filename. This is to know the one that can be referenced from ie. GameObjects
'Packages/com.unity.cinemachine/Editor/Editors/CinemachineVirtualCameraBaseEditor.cs' contains partial class of Unity.Object, exactly 1 of the partial classes needs to be in a file with the same filename. This is to know the one that can be referenced from ie. GameObjects
Refreshing native plugins compatible for Editor in 1.73 ms, found 3 plugins.
Preloading 0 native plugins for Editor in 0.00 ms.
Unloading 17 Unused Serialized files (Serialized files now loaded: 0)
Unloading 6874 unused Assets / (4.5 MB). Loaded Objects now: 7742.
Memory consumption went from 161.0 MB to 156.5 MB.
Total: 17.777400 ms (FindLiveObjects: 1.258600 ms CreateObjectMapping: 1.383900 ms MarkObjects: 11.576500 ms  DeleteObjects: 3.556900 ms)

Prepare: number of updated asset objects reloaded= 0
========================================================================
Received Prepare
'Packages/com.unity.cinemachine/Editor/Obsolete/CinemachineVirtualCameraBaseEditor.cs' contains partial class of Unity.Object, exactly 1 of the partial classes needs to be in a file with the same filename. This is to know the one that can be referenced from ie. GameObjects
'Packages/com.unity.cinemachine/Editor/Editors/CinemachineVirtualCameraBaseEditor.cs' contains partial class of Unity.Object, exactly 1 of the partial classes needs to be in a file with the same filename. This is to know the one that can be referenced from ie. GameObjects
Refreshing native plugins compatible for Editor in 1.76 ms, found 3 plugins.
Preloading 0 native plugins for Editor in 0.00 ms.
Unloading 17 Unused Serialized files (Serialized files now loaded: 0)
Unloading 6874 unused Assets / (4.2 MB). Loaded Objects now: 7742.
Memory consumption went from 161.0 MB to 156.8 MB.
Total: 13.436900 ms (FindLiveObjects: 1.083200 ms CreateObjectMapping: 0.681000 ms MarkObjects: 8.310200 ms  DeleteObjects: 3.361000 ms)

Prepare: number of updated asset objects reloaded= 0
========================================================================
Received Prepare
'Packages/com.unity.cinemachine/Editor/Obsolete/CinemachineVirtualCameraBaseEditor.cs' contains partial class of Unity.Object, exactly 1 of the partial classes needs to be in a file with the same filename. This is to know the one that can be referenced from ie. GameObjects
'Packages/com.unity.cinemachine/Editor/Editors/CinemachineVirtualCameraBaseEditor.cs' contains partial class of Unity.Object, exactly 1 of the partial classes needs to be in a file with the same filename. This is to know the one that can be referenced from ie. GameObjects
Refreshing native plugins compatible for Editor in 1.88 ms, found 3 plugins.
Preloading 0 native plugins for Editor in 0.00 ms.
Unloading 17 Unused Serialized files (Serialized files now loaded: 0)
Unloading 6874 unused Assets / (4.3 MB). Loaded Objects now: 7742.
Memory consumption went from 161.0 MB to 156.7 MB.
Total: 15.109400 ms (FindLiveObjects: 1.174500 ms CreateObjectMapping: 0.678400 ms MarkObjects: 9.195700 ms  DeleteObjects: 4.058900 ms)

Prepare: number of updated asset objects reloaded= 0
========================================================================
Received Prepare
'Packages/com.unity.cinemachine/Editor/Obsolete/CinemachineVirtualCameraBaseEditor.cs' contains partial class of Unity.Object, exactly 1 of the partial classes needs to be in a file with the same filename. This is to know the one that can be referenced from ie. GameObjects
'Packages/com.unity.cinemachine/Editor/Editors/CinemachineVirtualCameraBaseEditor.cs' contains partial class of Unity.Object, exactly 1 of the partial classes needs to be in a file with the same filename. This is to know the one that can be referenced from ie. GameObjects
Refreshing native plugins compatible for Editor in 1.61 ms, found 3 plugins.
Preloading 0 native plugins for Editor in 0.00 ms.
Unloading 17 Unused Serialized files (Serialized files now loaded: 0)
Unloading 6874 unused Assets / (4.7 MB). Loaded Objects now: 7742.
Memory consumption went from 161.0 MB to 156.3 MB.
Total: 16.925300 ms (FindLiveObjects: 1.247600 ms CreateObjectMapping: 0.874600 ms MarkObjects: 10.080200 ms  DeleteObjects: 4.721000 ms)

Prepare: number of updated asset objects reloaded= 0
========================================================================
Received Prepare
'Packages/com.unity.cinemachine/Editor/Obsolete/CinemachineVirtualCameraBaseEditor.cs' contains partial class of Unity.Object, exactly 1 of the partial classes needs to be in a file with the same filename. This is to know the one that can be referenced from ie. GameObjects
'Packages/com.unity.cinemachine/Editor/Editors/CinemachineVirtualCameraBaseEditor.cs' contains partial class of Unity.Object, exactly 1 of the partial classes needs to be in a file with the same filename. This is to know the one that can be referenced from ie. GameObjects
Refreshing native plugins compatible for Editor in 2.29 ms, found 3 plugins.
Preloading 0 native plugins for Editor in 0.00 ms.
Unloading 17 Unused Serialized files (Serialized files now loaded: 0)
Unloading 6874 unused Assets / (3.8 MB). Loaded Objects now: 7742.
Memory consumption went from 161.0 MB to 157.2 MB.
Total: 19.593100 ms (FindLiveObjects: 1.435400 ms CreateObjectMapping: 1.902700 ms MarkObjects: 11.637600 ms  DeleteObjects: 4.615300 ms)

Prepare: number of updated asset objects reloaded= 0
========================================================================
Received Prepare
'Packages/com.unity.cinemachine/Editor/Obsolete/CinemachineVirtualCameraBaseEditor.cs' contains partial class of Unity.Object, exactly 1 of the partial classes needs to be in a file with the same filename. This is to know the one that can be referenced from ie. GameObjects
'Packages/com.unity.cinemachine/Editor/Editors/CinemachineVirtualCameraBaseEditor.cs' contains partial class of Unity.Object, exactly 1 of the partial classes needs to be in a file with the same filename. This is to know the one that can be referenced from ie. GameObjects
Refreshing native plugins compatible for Editor in 2.07 ms, found 3 plugins.
Preloading 0 native plugins for Editor in 0.00 ms.
Unloading 17 Unused Serialized files (Serialized files now loaded: 0)
Unloading 6874 unused Assets / (4.3 MB). Loaded Objects now: 7742.
Memory consumption went from 161.0 MB to 156.7 MB.
Total: 16.535600 ms (FindLiveObjects: 1.177900 ms CreateObjectMapping: 1.537700 ms MarkObjects: 10.559400 ms  DeleteObjects: 3.258800 ms)

Prepare: number of updated asset objects reloaded= 0
========================================================================
Received Prepare
'Packages/com.unity.cinemachine/Editor/Obsolete/CinemachineVirtualCameraBaseEditor.cs' contains partial class of Unity.Object, exactly 1 of the partial classes needs to be in a file with the same filename. This is to know the one that can be referenced from ie. GameObjects
'Packages/com.unity.cinemachine/Editor/Editors/CinemachineVirtualCameraBaseEditor.cs' contains partial class of Unity.Object, exactly 1 of the partial classes needs to be in a file with the same filename. This is to know the one that can be referenced from ie. GameObjects
Refreshing native plugins compatible for Editor in 1.69 ms, found 3 plugins.
Preloading 0 native plugins for Editor in 0.00 ms.
Unloading 17 Unused Serialized files (Serialized files now loaded: 0)
Unloading 6874 unused Assets / (4.2 MB). Loaded Objects now: 7742.
Memory consumption went from 161.0 MB to 156.8 MB.
Total: 14.005500 ms (FindLiveObjects: 1.246100 ms CreateObjectMapping: 0.951200 ms MarkObjects: 8.635600 ms  DeleteObjects: 3.171100 ms)

Prepare: number of updated asset objects reloaded= 0
========================================================================
Received Prepare
Assembly reference Packages/com.unity.cinemachine/Editor/Samples/ExposeHDRPInternals/HDRP-Editor-ref.asmref has no target assembly definition
Assembly reference Packages/com.unity.cinemachine/Editor/Samples/ExposeHDRPInternals/HDRP-Editor-ref.asmref has no target assembly definition
Begin MonoManager ReloadAssembly
[Licensing::Client] Successfully resolved entitlement details
[Licensing::Module] License group:
  Id: F4-C7SA-D7MS-282S-YHFX-XXXX
  Product: Unity Personal
  Type: ULF
  Expiration: Unlimited
[Licensing::Module] License group:
  Id: 10170697332008-UnityPersXXXX
  Product: Unity Personal
  Type: Assigned
  Expiration: Unlimited
Duplicate assembly 'System.Collections.Immutable.FSR.dll' with different versions detected, using 'Assets/FastScriptReload/Plugins/Roslyn/2021+/System.Collections.Immutable.FSR.dll, AssemblyName=System.Collections.Immutable, Version=7.0.0.0, Culture=neutral, PublicKeyToken=b03f5f7f11d50a3a' and ignoring 'Assets/FastScriptReload/Plugins/Roslyn/System.Collections.Immutable.dll, AssemblyName=System.Collections.Immutable, Version=1.2.3.0, Culture=neutral, PublicKeyToken=b03f5f7f11d50a3a'.Duplicate assembly 'System.Collections.Immutable.FSR.dll' with different versions detected, using 'Assets/FastScriptReload/Plugins/Roslyn/2021+/System.Collections.Immutable.FSR.dll, AssemblyName=System.Collections.Immutable, Version=7.0.0.0, Culture=neutral, PublicKeyToken=b03f5f7f11d50a3a' and ignoring 'Assets/FastScriptReload/Plugins/Roslyn/2021+/System.Collections.Immutable.dll, AssemblyName=System.Collections.Immutable, Version=1.2.3.0, Culture=neutral, PublicKeyToken=b03f5f7f11d50a3a'.Duplicate assembly 'Microsoft.CodeAnalysis.CSharp.dll' with different versions detected, using 'Assets/FastScriptReload/Plugins/Roslyn/2021+/Microsoft.CodeAnalysis.CSharp.dll, AssemblyName=Microsoft.CodeAnalysis.CSharp, Version=4.6.0.0, Culture=neutral, PublicKeyToken=31bf3856ad364e35' and ignoring 'Assets/FastScriptReload/Plugins/Roslyn/Microsoft.CodeAnalysis.CSharp.dll, AssemblyName=Microsoft.CodeAnalysis.CSharp, Version=2.10.0.0, Culture=neutral, PublicKeyToken=31bf3856ad364e35'.Duplicate assembly 'System.Reflection.Metadata.dll' with different versions detected, using 'Assets/FastScriptReload/Plugins/Roslyn/2021+/System.Reflection.Metadata.dll, AssemblyName=System.Reflection.Metadata, Version=7.0.0.0, Culture=neutral, PublicKeyToken=b03f5f7f11d50a3a' and ignoring 'Assets/FastScriptReload/Plugins/Roslyn/System.Reflection.Metadata.dll, AssemblyName=System.Reflection.Metadata, Version=1.4.3.0, Culture=neutral, PublicKeyToken=b03f5f7f11d50a3a'.Duplicate assembly 'Microsoft.CodeAnalysis.dll' with different versions detected, using 'Assets/FastScriptReload/Plugins/Roslyn/2021+/Microsoft.CodeAnalysis.dll, AssemblyName=Microsoft.CodeAnalysis, Version=4.6.0.0, Culture=neutral, PublicKeyToken=31bf3856ad364e35' and ignoring 'Assets/FastScriptReload/Plugins/Roslyn/Microsoft.CodeAnalysis.dll, AssemblyName=Microsoft.CodeAnalysis, Version=2.10.0.0, Culture=neutral, PublicKeyToken=31bf3856ad364e35'.- Loaded All Assemblies, in 28.850 seconds
Assembly reference Packages/com.unity.cinemachine/Editor/Samples/ExposeHDRPInternals/HDRP-Editor-ref.asmref has no target assembly definition
'Packages/com.unity.cinemachine/Editor/Obsolete/CinemachineVirtualCameraBaseEditor.cs' contains partial class of Unity.Object, exactly 1 of the partial classes needs to be in a file with the same filename. This is to know the one that can be referenced from ie. GameObjects
'Packages/com.unity.cinemachine/Editor/Editors/CinemachineVirtualCameraBaseEditor.cs' contains partial class of Unity.Object, exactly 1 of the partial classes needs to be in a file with the same filename. This is to know the one that can be referenced from ie. GameObjects
Refreshing native plugins compatible for Editor in 2.45 ms, found 3 plugins.
Assertion failed on expression: 'pred(*previous, *i)'
Assertion failed on expression: 'pred(*previous, *i)'
Assertion failed on expression: 'pred(*previous, *i)'
Assertion failed on expression: 'pred(*previous, *i)'
Assertion failed on expression: 'pred(*previous, *i)'
Assertion failed on expression: 'pred(*previous, *i)'
Assertion failed on expression: 'pred(*previous, *i)'
Assertion failed on expression: 'pred(*previous, *i)'
Assertion failed on expression: 'pred(*previous, *i)'
Assertion failed on expression: 'pred(*previous, *i)'
Assertion failed on expression: 'pred(*previous, *i)'
Assertion failed on expression: 'pred(*previous, *i)'
Assertion failed on expression: 'pred(*previous, *i)'
Assertion failed on expression: 'pred(*previous, *i)'
Assertion failed on expression: 'pred(*previous, *i)'
Assertion failed on expression: 'pred(*previous, *i)'
Assertion failed on expression: 'pred(*previous, *i)'
Assertion failed on expression: 'pred(*previous, *i)'
Assertion failed on expression: 'pred(*previous, *i)'
Assertion failed on expression: 'pred(*previous, *i)'
Assertion failed on expression: 'pred(*previous, *i)'
Native extension for UWP target not found
Native extension for WindowsStandalone target not found
Assembly reference Packages/com.unity.cinemachine/Editor/Samples/ExposeHDRPInternals/HDRP-Editor-ref.asmref has no target assembly definition
[Package Manager] Failed to launch server process. Reason: Unity was launched with the -noUpm command-line argument
[Package Manager] Unable to send message (not connected to server process).
[Package Manager] Cannot connect to Unity Package Manager local server
[Package Manager] Failed to launch server process. Reason: Unity was launched with the -noUpm command-line argument
[Package Manager] Unable to send message (not connected to server process).
[Package Manager] Cannot connect to Unity Package Manager local server
ScheduleIndexationOnStartup MainProcess:False IndexOnStartup:True
Mono: successfully reloaded assembly
- Finished resetting the current domain, in 13.792 seconds
Domain Reload Profiling: 42645ms
	BeginReloadAssembly (12869ms)
		ExecutionOrderSort (0ms)
		DisableScriptedObjects (1753ms)
		BackupInstance (0ms)
		ReleaseScriptingObjects (87ms)
		CreateAndSetChildDomain (6017ms)
	RebuildCommonClasses (125ms)
	RebuildNativeTypeToScriptingClass (25ms)
	initialDomainReloadingComplete (592ms)
	LoadAllAssembliesAndSetupDomain (15242ms)
		LoadAssemblies (4059ms)
		RebuildTransferFunctionScriptingTraits (0ms)
		AnalyzeDomain (13258ms)
			TypeCache.Refresh (375ms)
				TypeCache.ScanAssembly (64ms)
			BuildScriptInfoCaches (9870ms)
			ResolveRequiredComponents (709ms)
	FinalizeReload (13793ms)
		ReleaseScriptCaches (0ms)
		RebuildScriptCaches (0ms)
		SetupLoadedEditorAssemblies (10354ms)
			LogAssemblyErrors (26ms)
			InitializePlatformSupportModulesInManaged (3ms)
			SetLoadedEditorAssemblies (12ms)
			BeforeProcessingInitializeOnLoad (2472ms)
			ProcessInitializeOnLoadAttributes (7684ms)
			ProcessInitializeOnLoadMethodAttributes (150ms)
			AfterProcessingInitializeOnLoad (7ms)
			EditorAssembliesLoaded (1ms)
		ExecutionOrderSort2 (0ms)
		AwakeInstancesAfterBackupRestoration (32ms)
Refreshing native plugins compatible for Editor in 1.74 ms, found 3 plugins.
Preloading 0 native plugins for Editor in 0.00 ms.
Unloading 17 Unused Serialized files (Serialized files now loaded: 0)
Unloading 6883 unused Assets / (4.8 MB). Loaded Objects now: 7746.
Memory consumption went from 161.6 MB to 156.8 MB.
Total: 30.134100 ms (FindLiveObjects: 2.712600 ms CreateObjectMapping: 3.027300 ms MarkObjects: 10.829100 ms  DeleteObjects: 13.561100 ms)

Prepare: number of updated asset objects reloaded= 0
========================================================================
Received Prepare
'Packages/com.unity.cinemachine/Editor/Obsolete/CinemachineVirtualCameraBaseEditor.cs' contains partial class of Unity.Object, exactly 1 of the partial classes needs to be in a file with the same filename. This is to know the one that can be referenced from ie. GameObjects
'Packages/com.unity.cinemachine/Editor/Editors/CinemachineVirtualCameraBaseEditor.cs' contains partial class of Unity.Object, exactly 1 of the partial classes needs to be in a file with the same filename. This is to know the one that can be referenced from ie. GameObjects
Refreshing native plugins compatible for Editor in 1.54 ms, found 3 plugins.
Preloading 0 native plugins for Editor in 0.00 ms.
Unloading 17 Unused Serialized files (Serialized files now loaded: 0)
Unloading 6874 unused Assets / (2.0 MB). Loaded Objects now: 7746.
Memory consumption went from 161.4 MB to 159.4 MB.
Total: 63.291400 ms (FindLiveObjects: 1.176500 ms CreateObjectMapping: 0.730600 ms MarkObjects: 59.291900 ms  DeleteObjects: 2.090800 ms)

Prepare: number of updated asset objects reloaded= 0
========================================================================
Received Prepare
'Packages/com.unity.cinemachine/Editor/Obsolete/CinemachineVirtualCameraBaseEditor.cs' contains partial class of Unity.Object, exactly 1 of the partial classes needs to be in a file with the same filename. This is to know the one that can be referenced from ie. GameObjects
'Packages/com.unity.cinemachine/Editor/Editors/CinemachineVirtualCameraBaseEditor.cs' contains partial class of Unity.Object, exactly 1 of the partial classes needs to be in a file with the same filename. This is to know the one that can be referenced from ie. GameObjects
Refreshing native plugins compatible for Editor in 2.31 ms, found 3 plugins.
Preloading 0 native plugins for Editor in 0.00 ms.
Unloading 17 Unused Serialized files (Serialized files now loaded: 0)
Unloading 6874 unused Assets / (4.2 MB). Loaded Objects now: 7746.
Memory consumption went from 161.0 MB to 156.8 MB.
Total: 17.776900 ms (FindLiveObjects: 1.226600 ms CreateObjectMapping: 1.403300 ms MarkObjects: 10.760500 ms  DeleteObjects: 4.384800 ms)

Prepare: number of updated asset objects reloaded= 0
========================================================================
Received Prepare
Assembly reference Packages/com.unity.cinemachine/Editor/Samples/ExposeHDRPInternals/HDRP-Editor-ref.asmref has no target assembly definition
Assembly reference Packages/com.unity.cinemachine/Editor/Samples/ExposeHDRPInternals/HDRP-Editor-ref.asmref has no target assembly definition
Begin MonoManager ReloadAssembly
[Licensing::Client] Successfully resolved entitlement details
[Licensing::Module] License group:
  Id: F4-C7SA-D7MS-282S-YHFX-XXXX
  Product: Unity Personal
  Type: ULF
  Expiration: Unlimited
[Licensing::Module] License group:
  Id: 10170697332008-UnityPersXXXX
  Product: Unity Personal
  Type: Assigned
  Expiration: Unlimited
Duplicate assembly 'System.Collections.Immutable.FSR.dll' with different versions detected, using 'Assets/FastScriptReload/Plugins/Roslyn/2021+/System.Collections.Immutable.FSR.dll, AssemblyName=System.Collections.Immutable, Version=7.0.0.0, Culture=neutral, PublicKeyToken=b03f5f7f11d50a3a' and ignoring 'Assets/FastScriptReload/Plugins/Roslyn/System.Collections.Immutable.dll, AssemblyName=System.Collections.Immutable, Version=1.2.3.0, Culture=neutral, PublicKeyToken=b03f5f7f11d50a3a'.Duplicate assembly 'System.Collections.Immutable.FSR.dll' with different versions detected, using 'Assets/FastScriptReload/Plugins/Roslyn/2021+/System.Collections.Immutable.FSR.dll, AssemblyName=System.Collections.Immutable, Version=7.0.0.0, Culture=neutral, PublicKeyToken=b03f5f7f11d50a3a' and ignoring 'Assets/FastScriptReload/Plugins/Roslyn/2021+/System.Collections.Immutable.dll, AssemblyName=System.Collections.Immutable, Version=1.2.3.0, Culture=neutral, PublicKeyToken=b03f5f7f11d50a3a'.Duplicate assembly 'Microsoft.CodeAnalysis.CSharp.dll' with different versions detected, using 'Assets/FastScriptReload/Plugins/Roslyn/2021+/Microsoft.CodeAnalysis.CSharp.dll, AssemblyName=Microsoft.CodeAnalysis.CSharp, Version=4.6.0.0, Culture=neutral, PublicKeyToken=31bf3856ad364e35' and ignoring 'Assets/FastScriptReload/Plugins/Roslyn/Microsoft.CodeAnalysis.CSharp.dll, AssemblyName=Microsoft.CodeAnalysis.CSharp, Version=2.10.0.0, Culture=neutral, PublicKeyToken=31bf3856ad364e35'.Duplicate assembly 'System.Reflection.Metadata.dll' with different versions detected, using 'Assets/FastScriptReload/Plugins/Roslyn/2021+/System.Reflection.Metadata.dll, AssemblyName=System.Reflection.Metadata, Version=7.0.0.0, Culture=neutral, PublicKeyToken=b03f5f7f11d50a3a' and ignoring 'Assets/FastScriptReload/Plugins/Roslyn/System.Reflection.Metadata.dll, AssemblyName=System.Reflection.Metadata, Version=1.4.3.0, Culture=neutral, PublicKeyToken=b03f5f7f11d50a3a'.Duplicate assembly 'Microsoft.CodeAnalysis.dll' with different versions detected, using 'Assets/FastScriptReload/Plugins/Roslyn/2021+/Microsoft.CodeAnalysis.dll, AssemblyName=Microsoft.CodeAnalysis, Version=4.6.0.0, Culture=neutral, PublicKeyToken=31bf3856ad364e35' and ignoring 'Assets/FastScriptReload/Plugins/Roslyn/Microsoft.CodeAnalysis.dll, AssemblyName=Microsoft.CodeAnalysis, Version=2.10.0.0, Culture=neutral, PublicKeyToken=31bf3856ad364e35'.- Loaded All Assemblies, in  3.586 seconds
Assembly reference Packages/com.unity.cinemachine/Editor/Samples/ExposeHDRPInternals/HDRP-Editor-ref.asmref has no target assembly definition
'Packages/com.unity.cinemachine/Editor/Obsolete/CinemachineVirtualCameraBaseEditor.cs' contains partial class of Unity.Object, exactly 1 of the partial classes needs to be in a file with the same filename. This is to know the one that can be referenced from ie. GameObjects
'Packages/com.unity.cinemachine/Editor/Editors/CinemachineVirtualCameraBaseEditor.cs' contains partial class of Unity.Object, exactly 1 of the partial classes needs to be in a file with the same filename. This is to know the one that can be referenced from ie. GameObjects
Refreshing native plugins compatible for Editor in 1.49 ms, found 3 plugins.
Assertion failed on expression: 'pred(*previous, *i)'
Assertion failed on expression: 'pred(*previous, *i)'
Assertion failed on expression: 'pred(*previous, *i)'
Assertion failed on expression: 'pred(*previous, *i)'
Assertion failed on expression: 'pred(*previous, *i)'
Assertion failed on expression: 'pred(*previous, *i)'
Assertion failed on expression: 'pred(*previous, *i)'
Assertion failed on expression: 'pred(*previous, *i)'
Assertion failed on expression: 'pred(*previous, *i)'
Assertion failed on expression: 'pred(*previous, *i)'
Assertion failed on expression: 'pred(*previous, *i)'
Assertion failed on expression: 'pred(*previous, *i)'
Assertion failed on expression: 'pred(*previous, *i)'
Assertion failed on expression: 'pred(*previous, *i)'
Assertion failed on expression: 'pred(*previous, *i)'
Assertion failed on expression: 'pred(*previous, *i)'
Assertion failed on expression: 'pred(*previous, *i)'
Assertion failed on expression: 'pred(*previous, *i)'
Assertion failed on expression: 'pred(*previous, *i)'
Assertion failed on expression: 'pred(*previous, *i)'
Assertion failed on expression: 'pred(*previous, *i)'
Native extension for UWP target not found
Native extension for WindowsStandalone target not found
Assembly reference Packages/com.unity.cinemachine/Editor/Samples/ExposeHDRPInternals/HDRP-Editor-ref.asmref has no target assembly definition
[Package Manager] Failed to launch server process. Reason: Unity was launched with the -noUpm command-line argument
[Package Manager] Unable to send message (not connected to server process).
[Package Manager] Cannot connect to Unity Package Manager local server
[Package Manager] Failed to launch server process. Reason: Unity was launched with the -noUpm command-line argument
[Package Manager] Unable to send message (not connected to server process).
[Package Manager] Cannot connect to Unity Package Manager local server
ScheduleIndexationOnStartup MainProcess:False IndexOnStartup:True
Mono: successfully reloaded assembly
- Finished resetting the current domain, in  2.688 seconds
Domain Reload Profiling: 6277ms
	BeginReloadAssembly (623ms)
		ExecutionOrderSort (0ms)
		DisableScriptedObjects (11ms)
		BackupInstance (0ms)
		ReleaseScriptingObjects (0ms)
		CreateAndSetChildDomain (133ms)
	RebuildCommonClasses (67ms)
	RebuildNativeTypeToScriptingClass (25ms)
	initialDomainReloadingComplete (151ms)
	LoadAllAssembliesAndSetupDomain (2722ms)
		LoadAssemblies (2075ms)
		RebuildTransferFunctionScriptingTraits (0ms)
		AnalyzeDomain (952ms)
			TypeCache.Refresh (16ms)
				TypeCache.ScanAssembly (3ms)
			BuildScriptInfoCaches (908ms)
			ResolveRequiredComponents (22ms)
	FinalizeReload (2689ms)
		ReleaseScriptCaches (0ms)
		RebuildScriptCaches (0ms)
		SetupLoadedEditorAssemblies (2256ms)
			LogAssemblyErrors (0ms)
			InitializePlatformSupportModulesInManaged (3ms)
			SetLoadedEditorAssemblies (11ms)
			BeforeProcessingInitializeOnLoad (424ms)
			ProcessInitializeOnLoadAttributes (1623ms)
			ProcessInitializeOnLoadMethodAttributes (189ms)
			AfterProcessingInitializeOnLoad (5ms)
			EditorAssembliesLoaded (1ms)
		ExecutionOrderSort2 (0ms)
		AwakeInstancesAfterBackupRestoration (28ms)
Refreshing native plugins compatible for Editor in 1.52 ms, found 3 plugins.
Preloading 0 native plugins for Editor in 0.00 ms.
Unloading 17 Unused Serialized files (Serialized files now loaded: 0)
Unloading 6883 unused Assets / (5.3 MB). Loaded Objects now: 7750.
Memory consumption went from 161.6 MB to 156.3 MB.
Total: 13.405500 ms (FindLiveObjects: 1.081200 ms CreateObjectMapping: 0.615500 ms MarkObjects: 8.051400 ms  DeleteObjects: 3.655800 ms)

Prepare: number of updated asset objects reloaded= 0
========================================================================
Received Import Request.
  Time since last request: 63513.889648 seconds.
  path: Assets/_GameFiles/Scripts/Character/Character.cs
  artifactKey: Guid(7383a3b9adf69c14993fd57e04155217) Importer(2089858483,b0f066a214c2f5e87bad3c948f4d605d)
Start importing Assets/_GameFiles/Scripts/Character/Character.cs using Guid(7383a3b9adf69c14993fd57e04155217) Importer(2089858483,b0f066a214c2f5e87bad3c948f4d605d) (ScriptedImporter) -> (artifact id: '00000000000000000000000000000000') in 307.45818250000002 seconds
Import Error Code:(4)
Message: Build asset version error: assets/_gamefiles/scripts/character/character.cs in SourceAssetDB has modification time of '2026-05-26T23:16:41.80663Z' while content on disk has modification time of '2026-05-26T23:28:06.5749944Z'
  ERROR: Build asset version error: assets/_gamefiles/scripts/character/character.cs in SourceAssetDB has modification time of '2026-05-26T23:16:41.80663Z' while content on disk has modification time of '2026-05-26T23:28:06.5749944Z'
Number of updated asset objects reloaded before import = 0Number of asset objects unloaded after import = 0

========================================================================
Received Prepare
Assembly reference Packages/com.unity.cinemachine/Editor/Samples/ExposeHDRPInternals/HDRP-Editor-ref.asmref has no target assembly definition
Assembly reference Packages/com.unity.cinemachine/Editor/Samples/ExposeHDRPInternals/HDRP-Editor-ref.asmref has no target assembly definition
Begin MonoManager ReloadAssembly
[Licensing::Client] Successfully resolved entitlement details
[Licensing::Module] License group:
  Id: F4-C7SA-D7MS-282S-YHFX-XXXX
  Product: Unity Personal
  Type: ULF
  Expiration: Unlimited
[Licensing::Module] License group:
  Id: 10170697332008-UnityPersXXXX
  Product: Unity Personal
  Type: Assigned
  Expiration: Unlimited
Duplicate assembly 'System.Collections.Immutable.FSR.dll' with different versions detected, using 'Assets/FastScriptReload/Plugins/Roslyn/2021+/System.Collections.Immutable.FSR.dll, AssemblyName=System.Collections.Immutable, Version=7.0.0.0, Culture=neutral, PublicKeyToken=b03f5f7f11d50a3a' and ignoring 'Assets/FastScriptReload/Plugins/Roslyn/System.Collections.Immutable.dll, AssemblyName=System.Collections.Immutable, Version=1.2.3.0, Culture=neutral, PublicKeyToken=b03f5f7f11d50a3a'.Duplicate assembly 'System.Collections.Immutable.FSR.dll' with different versions detected, using 'Assets/FastScriptReload/Plugins/Roslyn/2021+/System.Collections.Immutable.FSR.dll, AssemblyName=System.Collections.Immutable, Version=7.0.0.0, Culture=neutral, PublicKeyToken=b03f5f7f11d50a3a' and ignoring 'Assets/FastScriptReload/Plugins/Roslyn/2021+/System.Collections.Immutable.dll, AssemblyName=System.Collections.Immutable, Version=1.2.3.0, Culture=neutral, PublicKeyToken=b03f5f7f11d50a3a'.Duplicate assembly 'Microsoft.CodeAnalysis.CSharp.dll' with different versions detected, using 'Assets/FastScriptReload/Plugins/Roslyn/2021+/Microsoft.CodeAnalysis.CSharp.dll, AssemblyName=Microsoft.CodeAnalysis.CSharp, Version=4.6.0.0, Culture=neutral, PublicKeyToken=31bf3856ad364e35' and ignoring 'Assets/FastScriptReload/Plugins/Roslyn/Microsoft.CodeAnalysis.CSharp.dll, AssemblyName=Microsoft.CodeAnalysis.CSharp, Version=2.10.0.0, Culture=neutral, PublicKeyToken=31bf3856ad364e35'.Duplicate assembly 'System.Reflection.Metadata.dll' with different versions detected, using 'Assets/FastScriptReload/Plugins/Roslyn/2021+/System.Reflection.Metadata.dll, AssemblyName=System.Reflection.Metadata, Version=7.0.0.0, Culture=neutral, PublicKeyToken=b03f5f7f11d50a3a' and ignoring 'Assets/FastScriptReload/Plugins/Roslyn/System.Reflection.Metadata.dll, AssemblyName=System.Reflection.Metadata, Version=1.4.3.0, Culture=neutral, PublicKeyToken=b03f5f7f11d50a3a'.Duplicate assembly 'Microsoft.CodeAnalysis.dll' with different versions detected, using 'Assets/FastScriptReload/Plugins/Roslyn/2021+/Microsoft.CodeAnalysis.dll, AssemblyName=Microsoft.CodeAnalysis, Version=4.6.0.0, Culture=neutral, PublicKeyToken=31bf3856ad364e35' and ignoring 'Assets/FastScriptReload/Plugins/Roslyn/Microsoft.CodeAnalysis.dll, AssemblyName=Microsoft.CodeAnalysis, Version=2.10.0.0, Culture=neutral, PublicKeyToken=31bf3856ad364e35'.- Loaded All Assemblies, in  2.363 seconds
Assembly reference Packages/com.unity.cinemachine/Editor/Samples/ExposeHDRPInternals/HDRP-Editor-ref.asmref has no target assembly definition
'Packages/com.unity.cinemachine/Editor/Obsolete/CinemachineVirtualCameraBaseEditor.cs' contains partial class of Unity.Object, exactly 1 of the partial classes needs to be in a file with the same filename. This is to know the one that can be referenced from ie. GameObjects
'Packages/com.unity.cinemachine/Editor/Editors/CinemachineVirtualCameraBaseEditor.cs' contains partial class of Unity.Object, exactly 1 of the partial classes needs to be in a file with the same filename. This is to know the one that can be referenced from ie. GameObjects
Refreshing native plugins compatible for Editor in 6.04 ms, found 3 plugins.
Native extension for UWP target not found
Native extension for WindowsStandalone target not found
Assembly reference Packages/com.unity.cinemachine/Editor/Samples/ExposeHDRPInternals/HDRP-Editor-ref.asmref has no target assembly definition
[Package Manager] Failed to launch server process. Reason: Unity was launched with the -noUpm command-line argument
[Package Manager] Unable to send message (not connected to server process).
[Package Manager] Cannot connect to Unity Package Manager local server
[Package Manager] Failed to launch server process. Reason: Unity was launched with the -noUpm command-line argument
[Package Manager] Unable to send message (not connected to server process).
[Package Manager] Cannot connect to Unity Package Manager local server
ScheduleIndexationOnStartup MainProcess:False IndexOnStartup:True
Mono: successfully reloaded assembly
- Finished resetting the current domain, in  2.358 seconds
Domain Reload Profiling: 4723ms
	BeginReloadAssembly (778ms)
		ExecutionOrderSort (0ms)
		DisableScriptedObjects (44ms)
		BackupInstance (0ms)
		ReleaseScriptingObjects (0ms)
		CreateAndSetChildDomain (208ms)
	RebuildCommonClasses (91ms)
	RebuildNativeTypeToScriptingClass (25ms)
	initialDomainReloadingComplete (96ms)
	LoadAllAssembliesAndSetupDomain (1376ms)
		LoadAssemblies (1084ms)
		RebuildTransferFunctionScriptingTraits (0ms)
		AnalyzeDomain (678ms)
			TypeCache.Refresh (18ms)
				TypeCache.ScanAssembly (4ms)
			BuildScriptInfoCaches (579ms)
			ResolveRequiredComponents (23ms)
	FinalizeReload (2358ms)
		ReleaseScriptCaches (0ms)
		RebuildScriptCaches (0ms)
		SetupLoadedEditorAssemblies (2090ms)
			LogAssemblyErrors (0ms)
			InitializePlatformSupportModulesInManaged (3ms)
			SetLoadedEditorAssemblies (11ms)
			BeforeProcessingInitializeOnLoad (510ms)
			ProcessInitializeOnLoadAttributes (1427ms)
			ProcessInitializeOnLoadMethodAttributes (131ms)
			AfterProcessingInitializeOnLoad (7ms)
			EditorAssembliesLoaded (1ms)
		ExecutionOrderSort2 (0ms)
		AwakeInstancesAfterBackupRestoration (28ms)
Refreshing native plugins compatible for Editor in 1.54 ms, found 3 plugins.
Preloading 0 native plugins for Editor in 0.00 ms.
Unloading 17 Unused Serialized files (Serialized files now loaded: 0)
Unloading 6859 unused Assets / (3.8 MB). Loaded Objects now: 7732.
Memory consumption went from 162.4 MB to 158.6 MB.
Total: 40.251300 ms (FindLiveObjects: 1.063900 ms CreateObjectMapping: 0.537300 ms MarkObjects: 17.485700 ms  DeleteObjects: 21.162900 ms)

Prepare: number of updated asset objects reloaded= 0
========================================================================
Received Prepare
'Packages/com.unity.cinemachine/Editor/Obsolete/CinemachineVirtualCameraBaseEditor.cs' contains partial class of Unity.Object, exactly 1 of the partial classes needs to be in a file with the same filename. This is to know the one that can be referenced from ie. GameObjects
'Packages/com.unity.cinemachine/Editor/Editors/CinemachineVirtualCameraBaseEditor.cs' contains partial class of Unity.Object, exactly 1 of the partial classes needs to be in a file with the same filename. This is to know the one that can be referenced from ie. GameObjects
Refreshing native plugins compatible for Editor in 1.58 ms, found 3 plugins.
Preloading 0 native plugins for Editor in 0.00 ms.
Unloading 17 Unused Serialized files (Serialized files now loaded: 0)
Unloading 6850 unused Assets / (6.2 MB). Loaded Objects now: 7732.
Memory consumption went from 162.2 MB to 156.0 MB.
Total: 36.462400 ms (FindLiveObjects: 1.049900 ms CreateObjectMapping: 0.564600 ms MarkObjects: 8.326000 ms  DeleteObjects: 26.520800 ms)

Prepare: number of updated asset objects reloaded= 0
========================================================================
Received Prepare
'Packages/com.unity.cinemachine/Editor/Obsolete/CinemachineVirtualCameraBaseEditor.cs' contains partial class of Unity.Object, exactly 1 of the partial classes needs to be in a file with the same filename. This is to know the one that can be referenced from ie. GameObjects
'Packages/com.unity.cinemachine/Editor/Editors/CinemachineVirtualCameraBaseEditor.cs' contains partial class of Unity.Object, exactly 1 of the partial classes needs to be in a file with the same filename. This is to know the one that can be referenced from ie. GameObjects
Refreshing native plugins compatible for Editor in 1.93 ms, found 3 plugins.
Preloading 0 native plugins for Editor in 0.00 ms.
Unloading 17 Unused Serialized files (Serialized files now loaded: 0)
Unloading 6850 unused Assets / (7.1 MB). Loaded Objects now: 7732.
Memory consumption went from 161.8 MB to 154.8 MB.
Total: 70.841700 ms (FindLiveObjects: 1.206500 ms CreateObjectMapping: 1.126100 ms MarkObjects: 21.150200 ms  DeleteObjects: 47.356800 ms)

Prepare: number of updated asset objects reloaded= 0
========================================================================
Received Prepare
'Packages/com.unity.cinemachine/Editor/Obsolete/CinemachineVirtualCameraBaseEditor.cs' contains partial class of Unity.Object, exactly 1 of the partial classes needs to be in a file with the same filename. This is to know the one that can be referenced from ie. GameObjects
'Packages/com.unity.cinemachine/Editor/Editors/CinemachineVirtualCameraBaseEditor.cs' contains partial class of Unity.Object, exactly 1 of the partial classes needs to be in a file with the same filename. This is to know the one that can be referenced from ie. GameObjects
Refreshing native plugins compatible for Editor in 2.65 ms, found 3 plugins.
Preloading 0 native plugins for Editor in 0.00 ms.
Unloading 17 Unused Serialized files (Serialized files now loaded: 0)
Unloading 6850 unused Assets / (8.3 MB). Loaded Objects now: 7732.
Memory consumption went from 161.8 MB to 153.6 MB.
Total: 34.527300 ms (FindLiveObjects: 1.358500 ms CreateObjectMapping: 1.808200 ms MarkObjects: 12.955500 ms  DeleteObjects: 18.402900 ms)

Prepare: number of updated asset objects reloaded= 0
========================================================================
Received Prepare
Assembly reference Packages/com.unity.cinemachine/Editor/Samples/ExposeHDRPInternals/HDRP-Editor-ref.asmref has no target assembly definition
Assembly reference Packages/com.unity.cinemachine/Editor/Samples/ExposeHDRPInternals/HDRP-Editor-ref.asmref has no target assembly definition
Begin MonoManager ReloadAssembly
[Licensing::Client] Successfully resolved entitlement details
[Licensing::Module] License group:
  Id: F4-C7SA-D7MS-282S-YHFX-XXXX
  Product: Unity Personal
  Type: ULF
  Expiration: Unlimited
[Licensing::Module] License group:
  Id: 10170697332008-UnityPersXXXX
  Product: Unity Personal
  Type: Assigned
  Expiration: Unlimited
Duplicate assembly 'System.Collections.Immutable.FSR.dll' with different versions detected, using 'Assets/FastScriptReload/Plugins/Roslyn/2021+/System.Collections.Immutable.FSR.dll, AssemblyName=System.Collections.Immutable, Version=7.0.0.0, Culture=neutral, PublicKeyToken=b03f5f7f11d50a3a' and ignoring 'Assets/FastScriptReload/Plugins/Roslyn/System.Collections.Immutable.dll, AssemblyName=System.Collections.Immutable, Version=1.2.3.0, Culture=neutral, PublicKeyToken=b03f5f7f11d50a3a'.Duplicate assembly 'System.Collections.Immutable.FSR.dll' with different versions detected, using 'Assets/FastScriptReload/Plugins/Roslyn/2021+/System.Collections.Immutable.FSR.dll, AssemblyName=System.Collections.Immutable, Version=7.0.0.0, Culture=neutral, PublicKeyToken=b03f5f7f11d50a3a' and ignoring 'Assets/FastScriptReload/Plugins/Roslyn/2021+/System.Collections.Immutable.dll, AssemblyName=System.Collections.Immutable, Version=1.2.3.0, Culture=neutral, PublicKeyToken=b03f5f7f11d50a3a'.Duplicate assembly 'Microsoft.CodeAnalysis.CSharp.dll' with different versions detected, using 'Assets/FastScriptReload/Plugins/Roslyn/2021+/Microsoft.CodeAnalysis.CSharp.dll, AssemblyName=Microsoft.CodeAnalysis.CSharp, Version=4.6.0.0, Culture=neutral, PublicKeyToken=31bf3856ad364e35' and ignoring 'Assets/FastScriptReload/Plugins/Roslyn/Microsoft.CodeAnalysis.CSharp.dll, AssemblyName=Microsoft.CodeAnalysis.CSharp, Version=2.10.0.0, Culture=neutral, PublicKeyToken=31bf3856ad364e35'.Duplicate assembly 'System.Reflection.Metadata.dll' with different versions detected, using 'Assets/FastScriptReload/Plugins/Roslyn/2021+/System.Reflection.Metadata.dll, AssemblyName=System.Reflection.Metadata, Version=7.0.0.0, Culture=neutral, PublicKeyToken=b03f5f7f11d50a3a' and ignoring 'Assets/FastScriptReload/Plugins/Roslyn/System.Reflection.Metadata.dll, AssemblyName=System.Reflection.Metadata, Version=1.4.3.0, Culture=neutral, PublicKeyToken=b03f5f7f11d50a3a'.Duplicate assembly 'Microsoft.CodeAnalysis.dll' with different versions detected, using 'Assets/FastScriptReload/Plugins/Roslyn/2021+/Microsoft.CodeAnalysis.dll, AssemblyName=Microsoft.CodeAnalysis, Version=4.6.0.0, Culture=neutral, PublicKeyToken=31bf3856ad364e35' and ignoring 'Assets/FastScriptReload/Plugins/Roslyn/Microsoft.CodeAnalysis.dll, AssemblyName=Microsoft.CodeAnalysis, Version=2.10.0.0, Culture=neutral, PublicKeyToken=31bf3856ad364e35'.- Loaded All Assemblies, in  1.771 seconds
Assembly reference Packages/com.unity.cinemachine/Editor/Samples/ExposeHDRPInternals/HDRP-Editor-ref.asmref has no target assembly definition
'Packages/com.unity.cinemachine/Editor/Obsolete/CinemachineVirtualCameraBaseEditor.cs' contains partial class of Unity.Object, exactly 1 of the partial classes needs to be in a file with the same filename. This is to know the one that can be referenced from ie. GameObjects
'Packages/com.unity.cinemachine/Editor/Editors/CinemachineVirtualCameraBaseEditor.cs' contains partial class of Unity.Object, exactly 1 of the partial classes needs to be in a file with the same filename. This is to know the one that can be referenced from ie. GameObjects
Refreshing native plugins compatible for Editor in 1.59 ms, found 3 plugins.
Native extension for UWP target not found
Native extension for WindowsStandalone target not found
Assembly reference Packages/com.unity.cinemachine/Editor/Samples/ExposeHDRPInternals/HDRP-Editor-ref.asmref has no target assembly definition
[Package Manager] Failed to launch server process. Reason: Unity was launched with the -noUpm command-line argument
[Package Manager] Unable to send message (not connected to server process).
[Package Manager] Cannot connect to Unity Package Manager local server
[Package Manager] Failed to launch server process. Reason: Unity was launched with the -noUpm command-line argument
[Package Manager] Unable to send message (not connected to server process).
[Package Manager] Cannot connect to Unity Package Manager local server
ScheduleIndexationOnStartup MainProcess:False IndexOnStartup:True
Mono: successfully reloaded assembly
- Finished resetting the current domain, in  2.150 seconds
Domain Reload Profiling: 3924ms
	BeginReloadAssembly (457ms)
		ExecutionOrderSort (0ms)
		DisableScriptedObjects (12ms)
		BackupInstance (0ms)
		ReleaseScriptingObjects (0ms)
		CreateAndSetChildDomain (88ms)
	RebuildCommonClasses (68ms)
	RebuildNativeTypeToScriptingClass (25ms)
	initialDomainReloadingComplete (101ms)
	LoadAllAssembliesAndSetupDomain (1122ms)
		LoadAssemblies (899ms)
		RebuildTransferFunctionScriptingTraits (0ms)
		AnalyzeDomain (497ms)
			TypeCache.Refresh (18ms)
				TypeCache.ScanAssembly (3ms)
			BuildScriptInfoCaches (451ms)
			ResolveRequiredComponents (22ms)
	FinalizeReload (2151ms)
		ReleaseScriptCaches (0ms)
		RebuildScriptCaches (0ms)
		SetupLoadedEditorAssemblies (1857ms)
			LogAssemblyErrors (0ms)
			InitializePlatformSupportModulesInManaged (3ms)
			SetLoadedEditorAssemblies (12ms)
			BeforeProcessingInitializeOnLoad (390ms)
			ProcessInitializeOnLoadAttributes (1321ms)
			ProcessInitializeOnLoadMethodAttributes (126ms)
			AfterProcessingInitializeOnLoad (5ms)
			EditorAssembliesLoaded (1ms)
		ExecutionOrderSort2 (0ms)
		AwakeInstancesAfterBackupRestoration (30ms)
Refreshing native plugins compatible for Editor in 1.52 ms, found 3 plugins.
Preloading 0 native plugins for Editor in 0.00 ms.
Unloading 17 Unused Serialized files (Serialized files now loaded: 0)
Unloading 6859 unused Assets / (9.7 MB). Loaded Objects now: 7736.
Memory consumption went from 162.4 MB to 152.7 MB.
Total: 17.739600 ms (FindLiveObjects: 1.070300 ms CreateObjectMapping: 0.639400 ms MarkObjects: 8.112000 ms  DeleteObjects: 7.916700 ms)

Prepare: number of updated asset objects reloaded= 0
========================================================================
Received Prepare
'Packages/com.unity.cinemachine/Editor/Obsolete/CinemachineVirtualCameraBaseEditor.cs' contains partial class of Unity.Object, exactly 1 of the partial classes needs to be in a file with the same filename. This is to know the one that can be referenced from ie. GameObjects
'Packages/com.unity.cinemachine/Editor/Editors/CinemachineVirtualCameraBaseEditor.cs' contains partial class of Unity.Object, exactly 1 of the partial classes needs to be in a file with the same filename. This is to know the one that can be referenced from ie. GameObjects
Refreshing native plugins compatible for Editor in 1.66 ms, found 3 plugins.
Preloading 0 native plugins for Editor in 0.00 ms.
Unloading 17 Unused Serialized files (Serialized files now loaded: 0)
Unloading 6850 unused Assets / (4.4 MB). Loaded Objects now: 7736.
Memory consumption went from 162.2 MB to 157.8 MB.
Total: 16.047800 ms (FindLiveObjects: 1.097300 ms CreateObjectMapping: 1.009200 ms MarkObjects: 9.404900 ms  DeleteObjects: 4.534800 ms)

Prepare: number of updated asset objects reloaded= 0
========================================================================
Received Prepare
Assembly reference Packages/com.unity.cinemachine/Editor/Samples/ExposeHDRPInternals/HDRP-Editor-ref.asmref has no target assembly definition
Assembly reference Packages/com.unity.cinemachine/Editor/Samples/ExposeHDRPInternals/HDRP-Editor-ref.asmref has no target assembly definition
Begin MonoManager ReloadAssembly
[Licensing::Client] Successfully resolved entitlement details
[Licensing::Module] License group:
  Id: F4-C7SA-D7MS-282S-YHFX-XXXX
  Product: Unity Personal
  Type: ULF
  Expiration: Unlimited
[Licensing::Module] License group:
  Id: 10170697332008-UnityPersXXXX
  Product: Unity Personal
  Type: Assigned
  Expiration: Unlimited
Duplicate assembly 'System.Collections.Immutable.FSR.dll' with different versions detected, using 'Assets/FastScriptReload/Plugins/Roslyn/2021+/System.Collections.Immutable.FSR.dll, AssemblyName=System.Collections.Immutable, Version=7.0.0.0, Culture=neutral, PublicKeyToken=b03f5f7f11d50a3a' and ignoring 'Assets/FastScriptReload/Plugins/Roslyn/System.Collections.Immutable.dll, AssemblyName=System.Collections.Immutable, Version=1.2.3.0, Culture=neutral, PublicKeyToken=b03f5f7f11d50a3a'.Duplicate assembly 'System.Collections.Immutable.FSR.dll' with different versions detected, using 'Assets/FastScriptReload/Plugins/Roslyn/2021+/System.Collections.Immutable.FSR.dll, AssemblyName=System.Collections.Immutable, Version=7.0.0.0, Culture=neutral, PublicKeyToken=b03f5f7f11d50a3a' and ignoring 'Assets/FastScriptReload/Plugins/Roslyn/2021+/System.Collections.Immutable.dll, AssemblyName=System.Collections.Immutable, Version=1.2.3.0, Culture=neutral, PublicKeyToken=b03f5f7f11d50a3a'.Duplicate assembly 'Microsoft.CodeAnalysis.CSharp.dll' with different versions detected, using 'Assets/FastScriptReload/Plugins/Roslyn/2021+/Microsoft.CodeAnalysis.CSharp.dll, AssemblyName=Microsoft.CodeAnalysis.CSharp, Version=4.6.0.0, Culture=neutral, PublicKeyToken=31bf3856ad364e35' and ignoring 'Assets/FastScriptReload/Plugins/Roslyn/Microsoft.CodeAnalysis.CSharp.dll, AssemblyName=Microsoft.CodeAnalysis.CSharp, Version=2.10.0.0, Culture=neutral, PublicKeyToken=31bf3856ad364e35'.Duplicate assembly 'System.Reflection.Metadata.dll' with different versions detected, using 'Assets/FastScriptReload/Plugins/Roslyn/2021+/System.Reflection.Metadata.dll, AssemblyName=System.Reflection.Metadata, Version=7.0.0.0, Culture=neutral, PublicKeyToken=b03f5f7f11d50a3a' and ignoring 'Assets/FastScriptReload/Plugins/Roslyn/System.Reflection.Metadata.dll, AssemblyName=System.Reflection.Metadata, Version=1.4.3.0, Culture=neutral, PublicKeyToken=b03f5f7f11d50a3a'.Duplicate assembly 'Microsoft.CodeAnalysis.dll' with different versions detected, using 'Assets/FastScriptReload/Plugins/Roslyn/2021+/Microsoft.CodeAnalysis.dll, AssemblyName=Microsoft.CodeAnalysis, Version=4.6.0.0, Culture=neutral, PublicKeyToken=31bf3856ad364e35' and ignoring 'Assets/FastScriptReload/Plugins/Roslyn/Microsoft.CodeAnalysis.dll, AssemblyName=Microsoft.CodeAnalysis, Version=2.10.0.0, Culture=neutral, PublicKeyToken=31bf3856ad364e35'.- Loaded All Assemblies, in  1.687 seconds
Assembly reference Packages/com.unity.cinemachine/Editor/Samples/ExposeHDRPInternals/HDRP-Editor-ref.asmref has no target assembly definition
'Packages/com.unity.cinemachine/Editor/Obsolete/CinemachineVirtualCameraBaseEditor.cs' contains partial class of Unity.Object, exactly 1 of the partial classes needs to be in a file with the same filename. This is to know the one that can be referenced from ie. GameObjects
'Packages/com.unity.cinemachine/Editor/Editors/CinemachineVirtualCameraBaseEditor.cs' contains partial class of Unity.Object, exactly 1 of the partial classes needs to be in a file with the same filename. This is to know the one that can be referenced from ie. GameObjects
Refreshing native plugins compatible for Editor in 1.55 ms, found 3 plugins.
Native extension for UWP target not found
Native extension for WindowsStandalone target not found
Assembly reference Packages/com.unity.cinemachine/Editor/Samples/ExposeHDRPInternals/HDRP-Editor-ref.asmref has no target assembly definition
[Package Manager] Failed to launch server process. Reason: Unity was launched with the -noUpm command-line argument
[Package Manager] Unable to send message (not connected to server process).
[Package Manager] Cannot connect to Unity Package Manager local server
[Package Manager] Failed to launch server process. Reason: Unity was launched with the -noUpm command-line argument
[Package Manager] Unable to send message (not connected to server process).
[Package Manager] Cannot connect to Unity Package Manager local server
ScheduleIndexationOnStartup MainProcess:False IndexOnStartup:True
Mono: successfully reloaded assembly
- Finished resetting the current domain, in  2.101 seconds
Domain Reload Profiling: 3790ms
	BeginReloadAssembly (409ms)
		ExecutionOrderSort (0ms)
		DisableScriptedObjects (15ms)
		BackupInstance (0ms)
		ReleaseScriptingObjects (0ms)
		CreateAndSetChildDomain (85ms)
	RebuildCommonClasses (66ms)
	RebuildNativeTypeToScriptingClass (29ms)
	initialDomainReloadingComplete (93ms)
	LoadAllAssembliesAndSetupDomain (1091ms)
		LoadAssemblies (820ms)
		RebuildTransferFunctionScriptingTraits (0ms)
		AnalyzeDomain (491ms)
			TypeCache.Refresh (19ms)
				TypeCache.ScanAssembly (4ms)
			BuildScriptInfoCaches (442ms)
			ResolveRequiredComponents (23ms)
	FinalizeReload (2102ms)
		ReleaseScriptCaches (0ms)
		RebuildScriptCaches (0ms)
		SetupLoadedEditorAssemblies (1805ms)
			LogAssemblyErrors (0ms)
			InitializePlatformSupportModulesInManaged (3ms)
			SetLoadedEditorAssemblies (12ms)
			BeforeProcessingInitializeOnLoad (402ms)
			ProcessInitializeOnLoadAttributes (1257ms)
			ProcessInitializeOnLoadMethodAttributes (125ms)
			AfterProcessingInitializeOnLoad (5ms)
			EditorAssembliesLoaded (1ms)
		ExecutionOrderSort2 (0ms)
		AwakeInstancesAfterBackupRestoration (31ms)
Refreshing native plugins compatible for Editor in 1.53 ms, found 3 plugins.
Preloading 0 native plugins for Editor in 0.00 ms.
Unloading 17 Unused Serialized files (Serialized files now loaded: 0)
Unloading 6859 unused Assets / (5.4 MB). Loaded Objects now: 7740.
Memory consumption went from 162.5 MB to 157.1 MB.
Total: 23.540700 ms (FindLiveObjects: 1.086500 ms CreateObjectMapping: 0.575600 ms MarkObjects: 8.059000 ms  DeleteObjects: 13.817900 ms)

Prepare: number of updated asset objects reloaded= 0
========================================================================
Received Prepare
'Packages/com.unity.cinemachine/Editor/Obsolete/CinemachineVirtualCameraBaseEditor.cs' contains partial class of Unity.Object, exactly 1 of the partial classes needs to be in a file with the same filename. This is to know the one that can be referenced from ie. GameObjects
'Packages/com.unity.cinemachine/Editor/Editors/CinemachineVirtualCameraBaseEditor.cs' contains partial class of Unity.Object, exactly 1 of the partial classes needs to be in a file with the same filename. This is to know the one that can be referenced from ie. GameObjects
Refreshing native plugins compatible for Editor in 1.56 ms, found 3 plugins.
Preloading 0 native plugins for Editor in 0.00 ms.
Unloading 17 Unused Serialized files (Serialized files now loaded: 0)
Unloading 6850 unused Assets / (4.3 MB). Loaded Objects now: 7740.
Memory consumption went from 162.3 MB to 158.0 MB.
Total: 12.964400 ms (FindLiveObjects: 1.044100 ms CreateObjectMapping: 0.755800 ms MarkObjects: 8.123700 ms  DeleteObjects: 3.039100 ms)

Prepare: number of updated asset objects reloaded= 0
========================================================================
Received Prepare
'Packages/com.unity.cinemachine/Editor/Obsolete/CinemachineVirtualCameraBaseEditor.cs' contains partial class of Unity.Object, exactly 1 of the partial classes needs to be in a file with the same filename. This is to know the one that can be referenced from ie. GameObjects
'Packages/com.unity.cinemachine/Editor/Editors/CinemachineVirtualCameraBaseEditor.cs' contains partial class of Unity.Object, exactly 1 of the partial classes needs to be in a file with the same filename. This is to know the one that can be referenced from ie. GameObjects
Refreshing native plugins compatible for Editor in 1.78 ms, found 3 plugins.
Preloading 0 native plugins for Editor in 0.00 ms.
Unloading 17 Unused Serialized files (Serialized files now loaded: 0)
Unloading 6850 unused Assets / (4.9 MB). Loaded Objects now: 7740.
Memory consumption went from 161.9 MB to 157.1 MB.
Total: 15.414200 ms (FindLiveObjects: 1.085400 ms CreateObjectMapping: 0.822800 ms MarkObjects: 9.167700 ms  DeleteObjects: 4.336000 ms)

Prepare: number of updated asset objects reloaded= 0
========================================================================
Received Prepare
Assembly reference Packages/com.unity.cinemachine/Editor/Samples/ExposeHDRPInternals/HDRP-Editor-ref.asmref has no target assembly definition
Assembly reference Packages/com.unity.cinemachine/Editor/Samples/ExposeHDRPInternals/HDRP-Editor-ref.asmref has no target assembly definition
Begin MonoManager ReloadAssembly
[Licensing::Client] Successfully resolved entitlement details
[Licensing::Module] License group:
  Id: F4-C7SA-D7MS-282S-YHFX-XXXX
  Product: Unity Personal
  Type: ULF
  Expiration: Unlimited
[Licensing::Module] License group:
  Id: 10170697332008-UnityPersXXXX
  Product: Unity Personal
  Type: Assigned
  Expiration: Unlimited
Duplicate assembly 'System.Collections.Immutable.FSR.dll' with different versions detected, using 'Assets/FastScriptReload/Plugins/Roslyn/2021+/System.Collections.Immutable.FSR.dll, AssemblyName=System.Collections.Immutable, Version=7.0.0.0, Culture=neutral, PublicKeyToken=b03f5f7f11d50a3a' and ignoring 'Assets/FastScriptReload/Plugins/Roslyn/System.Collections.Immutable.dll, AssemblyName=System.Collections.Immutable, Version=1.2.3.0, Culture=neutral, PublicKeyToken=b03f5f7f11d50a3a'.Duplicate assembly 'System.Collections.Immutable.FSR.dll' with different versions detected, using 'Assets/FastScriptReload/Plugins/Roslyn/2021+/System.Collections.Immutable.FSR.dll, AssemblyName=System.Collections.Immutable, Version=7.0.0.0, Culture=neutral, PublicKeyToken=b03f5f7f11d50a3a' and ignoring 'Assets/FastScriptReload/Plugins/Roslyn/2021+/System.Collections.Immutable.dll, AssemblyName=System.Collections.Immutable, Version=1.2.3.0, Culture=neutral, PublicKeyToken=b03f5f7f11d50a3a'.Duplicate assembly 'Microsoft.CodeAnalysis.CSharp.dll' with different versions detected, using 'Assets/FastScriptReload/Plugins/Roslyn/2021+/Microsoft.CodeAnalysis.CSharp.dll, AssemblyName=Microsoft.CodeAnalysis.CSharp, Version=4.6.0.0, Culture=neutral, PublicKeyToken=31bf3856ad364e35' and ignoring 'Assets/FastScriptReload/Plugins/Roslyn/Microsoft.CodeAnalysis.CSharp.dll, AssemblyName=Microsoft.CodeAnalysis.CSharp, Version=2.10.0.0, Culture=neutral, PublicKeyToken=31bf3856ad364e35'.Duplicate assembly 'System.Reflection.Metadata.dll' with different versions detected, using 'Assets/FastScriptReload/Plugins/Roslyn/2021+/System.Reflection.Metadata.dll, AssemblyName=System.Reflection.Metadata, Version=7.0.0.0, Culture=neutral, PublicKeyToken=b03f5f7f11d50a3a' and ignoring 'Assets/FastScriptReload/Plugins/Roslyn/System.Reflection.Metadata.dll, AssemblyName=System.Reflection.Metadata, Version=1.4.3.0, Culture=neutral, PublicKeyToken=b03f5f7f11d50a3a'.Duplicate assembly 'Microsoft.CodeAnalysis.dll' with different versions detected, using 'Assets/FastScriptReload/Plugins/Roslyn/2021+/Microsoft.CodeAnalysis.dll, AssemblyName=Microsoft.CodeAnalysis, Version=4.6.0.0, Culture=neutral, PublicKeyToken=31bf3856ad364e35' and ignoring 'Assets/FastScriptReload/Plugins/Roslyn/Microsoft.CodeAnalysis.dll, AssemblyName=Microsoft.CodeAnalysis, Version=2.10.0.0, Culture=neutral, PublicKeyToken=31bf3856ad364e35'.- Loaded All Assemblies, in  1.639 seconds
Assembly reference Packages/com.unity.cinemachine/Editor/Samples/ExposeHDRPInternals/HDRP-Editor-ref.asmref has no target assembly definition
'Packages/com.unity.cinemachine/Editor/Obsolete/CinemachineVirtualCameraBaseEditor.cs' contains partial class of Unity.Object, exactly 1 of the partial classes needs to be in a file with the same filename. This is to know the one that can be referenced from ie. GameObjects
'Packages/com.unity.cinemachine/Editor/Editors/CinemachineVirtualCameraBaseEditor.cs' contains partial class of Unity.Object, exactly 1 of the partial classes needs to be in a file with the same filename. This is to know the one that can be referenced from ie. GameObjects
Refreshing native plugins compatible for Editor in 2.12 ms, found 3 plugins.
Native extension for UWP target not found
Native extension for WindowsStandalone target not found
Assembly reference Packages/com.unity.cinemachine/Editor/Samples/ExposeHDRPInternals/HDRP-Editor-ref.asmref has no target assembly definition
[Package Manager] Failed to launch server process. Reason: Unity was launched with the -noUpm command-line argument
[Package Manager] Unable to send message (not connected to server process).
[Package Manager] Cannot connect to Unity Package Manager local server
[Package Manager] Failed to launch server process. Reason: Unity was launched with the -noUpm command-line argument
[Package Manager] Unable to send message (not connected to server process).
[Package Manager] Cannot connect to Unity Package Manager local server
ScheduleIndexationOnStartup MainProcess:False IndexOnStartup:True
Mono: successfully reloaded assembly
- Finished resetting the current domain, in  2.166 seconds
Domain Reload Profiling: 3809ms
	BeginReloadAssembly (396ms)
		ExecutionOrderSort (0ms)
		DisableScriptedObjects (12ms)
		BackupInstance (0ms)
		ReleaseScriptingObjects (0ms)
		CreateAndSetChildDomain (85ms)
	RebuildCommonClasses (77ms)
	RebuildNativeTypeToScriptingClass (25ms)
	initialDomainReloadingComplete (90ms)
	LoadAllAssembliesAndSetupDomain (1054ms)
		LoadAssemblies (791ms)
		RebuildTransferFunctionScriptingTraits (0ms)
		AnalyzeDomain (462ms)
			TypeCache.Refresh (17ms)
				TypeCache.ScanAssembly (3ms)
			BuildScriptInfoCaches (417ms)
			ResolveRequiredComponents (22ms)
	FinalizeReload (2167ms)
		ReleaseScriptCaches (0ms)
		RebuildScriptCaches (0ms)
		SetupLoadedEditorAssemblies (1862ms)
			LogAssemblyErrors (0ms)
			InitializePlatformSupportModulesInManaged (3ms)
			SetLoadedEditorAssemblies (14ms)
			BeforeProcessingInitializeOnLoad (399ms)
			ProcessInitializeOnLoadAttributes (1309ms)
			ProcessInitializeOnLoadMethodAttributes (130ms)
			AfterProcessingInitializeOnLoad (7ms)
			EditorAssembliesLoaded (1ms)
		ExecutionOrderSort2 (0ms)
		AwakeInstancesAfterBackupRestoration (27ms)
Refreshing native plugins compatible for Editor in 1.54 ms, found 3 plugins.
Preloading 0 native plugins for Editor in 0.00 ms.
Unloading 17 Unused Serialized files (Serialized files now loaded: 0)
Unloading 6859 unused Assets / (5.0 MB). Loaded Objects now: 7744.
Memory consumption went from 162.5 MB to 157.5 MB.
Total: 13.789400 ms (FindLiveObjects: 1.049100 ms CreateObjectMapping: 0.755200 ms MarkObjects: 8.306100 ms  DeleteObjects: 3.677400 ms)

Prepare: number of updated asset objects reloaded= 0
========================================================================
Received Prepare
'Packages/com.unity.cinemachine/Editor/Obsolete/CinemachineVirtualCameraBaseEditor.cs' contains partial class of Unity.Object, exactly 1 of the partial classes needs to be in a file with the same filename. This is to know the one that can be referenced from ie. GameObjects
'Packages/com.unity.cinemachine/Editor/Editors/CinemachineVirtualCameraBaseEditor.cs' contains partial class of Unity.Object, exactly 1 of the partial classes needs to be in a file with the same filename. This is to know the one that can be referenced from ie. GameObjects
Refreshing native plugins compatible for Editor in 1.72 ms, found 3 plugins.
Preloading 0 native plugins for Editor in 0.00 ms.
Unloading 17 Unused Serialized files (Serialized files now loaded: 0)
Unloading 6850 unused Assets / (3.8 MB). Loaded Objects now: 7744.
Memory consumption went from 162.3 MB to 158.5 MB.
Total: 13.182100 ms (FindLiveObjects: 1.187900 ms CreateObjectMapping: 0.999500 ms MarkObjects: 7.926900 ms  DeleteObjects: 3.066400 ms)

Prepare: number of updated asset objects reloaded= 0
========================================================================
Received Prepare
'Packages/com.unity.cinemachine/Editor/Obsolete/CinemachineVirtualCameraBaseEditor.cs' contains partial class of Unity.Object, exactly 1 of the partial classes needs to be in a file with the same filename. This is to know the one that can be referenced from ie. GameObjects
'Packages/com.unity.cinemachine/Editor/Editors/CinemachineVirtualCameraBaseEditor.cs' contains partial class of Unity.Object, exactly 1 of the partial classes needs to be in a file with the same filename. This is to know the one that can be referenced from ie. GameObjects
Refreshing native plugins compatible for Editor in 1.97 ms, found 3 plugins.
Preloading 0 native plugins for Editor in 0.00 ms.
Unloading 17 Unused Serialized files (Serialized files now loaded: 0)
Unloading 6850 unused Assets / (5.1 MB). Loaded Objects now: 7744.
Memory consumption went from 162.0 MB to 156.9 MB.
Total: 16.614600 ms (FindLiveObjects: 1.211100 ms CreateObjectMapping: 1.690500 ms MarkObjects: 8.946800 ms  DeleteObjects: 4.763300 ms)

Prepare: number of updated asset objects reloaded= 0
========================================================================
Received Prepare
Assembly reference Packages/com.unity.cinemachine/Editor/Samples/ExposeHDRPInternals/HDRP-Editor-ref.asmref has no target assembly definition
Assembly reference Packages/com.unity.cinemachine/Editor/Samples/ExposeHDRPInternals/HDRP-Editor-ref.asmref has no target assembly definition
Begin MonoManager ReloadAssembly
[Licensing::Client] Successfully resolved entitlement details
[Licensing::Module] License group:
  Id: F4-C7SA-D7MS-282S-YHFX-XXXX
  Product: Unity Personal
  Type: ULF
  Expiration: Unlimited
[Licensing::Module] License group:
  Id: 10170697332008-UnityPersXXXX
  Product: Unity Personal
  Type: Assigned
  Expiration: Unlimited
Duplicate assembly 'System.Collections.Immutable.FSR.dll' with different versions detected, using 'Assets/FastScriptReload/Plugins/Roslyn/2021+/System.Collections.Immutable.FSR.dll, AssemblyName=System.Collections.Immutable, Version=7.0.0.0, Culture=neutral, PublicKeyToken=b03f5f7f11d50a3a' and ignoring 'Assets/FastScriptReload/Plugins/Roslyn/System.Collections.Immutable.dll, AssemblyName=System.Collections.Immutable, Version=1.2.3.0, Culture=neutral, PublicKeyToken=b03f5f7f11d50a3a'.Duplicate assembly 'System.Collections.Immutable.FSR.dll' with different versions detected, using 'Assets/FastScriptReload/Plugins/Roslyn/2021+/System.Collections.Immutable.FSR.dll, AssemblyName=System.Collections.Immutable, Version=7.0.0.0, Culture=neutral, PublicKeyToken=b03f5f7f11d50a3a' and ignoring 'Assets/FastScriptReload/Plugins/Roslyn/2021+/System.Collections.Immutable.dll, AssemblyName=System.Collections.Immutable, Version=1.2.3.0, Culture=neutral, PublicKeyToken=b03f5f7f11d50a3a'.Duplicate assembly 'Microsoft.CodeAnalysis.CSharp.dll' with different versions detected, using 'Assets/FastScriptReload/Plugins/Roslyn/2021+/Microsoft.CodeAnalysis.CSharp.dll, AssemblyName=Microsoft.CodeAnalysis.CSharp, Version=4.6.0.0, Culture=neutral, PublicKeyToken=31bf3856ad364e35' and ignoring 'Assets/FastScriptReload/Plugins/Roslyn/Microsoft.CodeAnalysis.CSharp.dll, AssemblyName=Microsoft.CodeAnalysis.CSharp, Version=2.10.0.0, Culture=neutral, PublicKeyToken=31bf3856ad364e35'.Duplicate assembly 'System.Reflection.Metadata.dll' with different versions detected, using 'Assets/FastScriptReload/Plugins/Roslyn/2021+/System.Reflection.Metadata.dll, AssemblyName=System.Reflection.Metadata, Version=7.0.0.0, Culture=neutral, PublicKeyToken=b03f5f7f11d50a3a' and ignoring 'Assets/FastScriptReload/Plugins/Roslyn/System.Reflection.Metadata.dll, AssemblyName=System.Reflection.Metadata, Version=1.4.3.0, Culture=neutral, PublicKeyToken=b03f5f7f11d50a3a'.Duplicate assembly 'Microsoft.CodeAnalysis.dll' with different versions detected, using 'Assets/FastScriptReload/Plugins/Roslyn/2021+/Microsoft.CodeAnalysis.dll, AssemblyName=Microsoft.CodeAnalysis, Version=4.6.0.0, Culture=neutral, PublicKeyToken=31bf3856ad364e35' and ignoring 'Assets/FastScriptReload/Plugins/Roslyn/Microsoft.CodeAnalysis.dll, AssemblyName=Microsoft.CodeAnalysis, Version=2.10.0.0, Culture=neutral, PublicKeyToken=31bf3856ad364e35'.- Loaded All Assemblies, in  1.646 seconds
Assembly reference Packages/com.unity.cinemachine/Editor/Samples/ExposeHDRPInternals/HDRP-Editor-ref.asmref has no target assembly definition
'Packages/com.unity.cinemachine/Editor/Obsolete/CinemachineVirtualCameraBaseEditor.cs' contains partial class of Unity.Object, exactly 1 of the partial classes needs to be in a file with the same filename. This is to know the one that can be referenced from ie. GameObjects
'Packages/com.unity.cinemachine/Editor/Editors/CinemachineVirtualCameraBaseEditor.cs' contains partial class of Unity.Object, exactly 1 of the partial classes needs to be in a file with the same filename. This is to know the one that can be referenced from ie. GameObjects
Refreshing native plugins compatible for Editor in 1.62 ms, found 3 plugins.
Native extension for UWP target not found
Native extension for WindowsStandalone target not found
Assembly reference Packages/com.unity.cinemachine/Editor/Samples/ExposeHDRPInternals/HDRP-Editor-ref.asmref has no target assembly definition
[Package Manager] Failed to launch server process. Reason: Unity was launched with the -noUpm command-line argument
[Package Manager] Unable to send message (not connected to server process).
[Package Manager] Cannot connect to Unity Package Manager local server
[Package Manager] Failed to launch server process. Reason: Unity was launched with the -noUpm command-line argument
[Package Manager] Unable to send message (not connected to server process).
[Package Manager] Cannot connect to Unity Package Manager local server
ScheduleIndexationOnStartup MainProcess:False IndexOnStartup:True
Mono: successfully reloaded assembly
- Finished resetting the current domain, in  2.091 seconds
Domain Reload Profiling: 3741ms
	BeginReloadAssembly (423ms)
		ExecutionOrderSort (0ms)
		DisableScriptedObjects (15ms)
		BackupInstance (0ms)
		ReleaseScriptingObjects (0ms)
		CreateAndSetChildDomain (95ms)
	RebuildCommonClasses (62ms)
	RebuildNativeTypeToScriptingClass (26ms)
	initialDomainReloadingComplete (87ms)
	LoadAllAssembliesAndSetupDomain (1051ms)
		LoadAssemblies (789ms)
		RebuildTransferFunctionScriptingTraits (0ms)
		AnalyzeDomain (481ms)
			TypeCache.Refresh (17ms)
				TypeCache.ScanAssembly (3ms)
			BuildScriptInfoCaches (436ms)
			ResolveRequiredComponents (22ms)
	FinalizeReload (2092ms)
		ReleaseScriptCaches (0ms)
		RebuildScriptCaches (0ms)
		SetupLoadedEditorAssemblies (1804ms)
			LogAssemblyErrors (0ms)
			InitializePlatformSupportModulesInManaged (3ms)
			SetLoadedEditorAssemblies (11ms)
			BeforeProcessingInitializeOnLoad (392ms)
			ProcessInitializeOnLoadAttributes (1265ms)
			ProcessInitializeOnLoadMethodAttributes (127ms)
			AfterProcessingInitializeOnLoad (5ms)
			EditorAssembliesLoaded (1ms)
		ExecutionOrderSort2 (0ms)
		AwakeInstancesAfterBackupRestoration (30ms)
Refreshing native plugins compatible for Editor in 1.58 ms, found 3 plugins.
Preloading 0 native plugins for Editor in 0.00 ms.
Unloading 17 Unused Serialized files (Serialized files now loaded: 0)
Unloading 6859 unused Assets / (5.3 MB). Loaded Objects now: 7748.
Memory consumption went from 162.6 MB to 157.3 MB.
Total: 14.686500 ms (FindLiveObjects: 1.111000 ms CreateObjectMapping: 0.902400 ms MarkObjects: 9.190600 ms  DeleteObjects: 3.481100 ms)

Prepare: number of updated asset objects reloaded= 0
========================================================================
Received Prepare
'Packages/com.unity.cinemachine/Editor/Obsolete/CinemachineVirtualCameraBaseEditor.cs' contains partial class of Unity.Object, exactly 1 of the partial classes needs to be in a file with the same filename. This is to know the one that can be referenced from ie. GameObjects
'Packages/com.unity.cinemachine/Editor/Editors/CinemachineVirtualCameraBaseEditor.cs' contains partial class of Unity.Object, exactly 1 of the partial classes needs to be in a file with the same filename. This is to know the one that can be referenced from ie. GameObjects
Refreshing native plugins compatible for Editor in 1.64 ms, found 3 plugins.
Preloading 0 native plugins for Editor in 0.00 ms.
Unloading 17 Unused Serialized files (Serialized files now loaded: 0)
Unloading 6850 unused Assets / (4.0 MB). Loaded Objects now: 7748.
Memory consumption went from 162.3 MB to 158.3 MB.
Total: 12.614600 ms (FindLiveObjects: 1.113500 ms CreateObjectMapping: 0.599800 ms MarkObjects: 8.046700 ms  DeleteObjects: 2.853000 ms)

Prepare: number of updated asset objects reloaded= 0
========================================================================
Received Prepare
Assembly reference Packages/com.unity.cinemachine/Editor/Samples/ExposeHDRPInternals/HDRP-Editor-ref.asmref has no target assembly definition
Assembly reference Packages/com.unity.cinemachine/Editor/Samples/ExposeHDRPInternals/HDRP-Editor-ref.asmref has no target assembly definition
Begin MonoManager ReloadAssembly
[Licensing::Client] Successfully resolved entitlement details
[Licensing::Module] License group:
  Id: F4-C7SA-D7MS-282S-YHFX-XXXX
  Product: Unity Personal
  Type: ULF
  Expiration: Unlimited
[Licensing::Module] License group:
  Id: 10170697332008-UnityPersXXXX
  Product: Unity Personal
  Type: Assigned
  Expiration: Unlimited
Duplicate assembly 'System.Collections.Immutable.FSR.dll' with different versions detected, using 'Assets/FastScriptReload/Plugins/Roslyn/2021+/System.Collections.Immutable.FSR.dll, AssemblyName=System.Collections.Immutable, Version=7.0.0.0, Culture=neutral, PublicKeyToken=b03f5f7f11d50a3a' and ignoring 'Assets/FastScriptReload/Plugins/Roslyn/System.Collections.Immutable.dll, AssemblyName=System.Collections.Immutable, Version=1.2.3.0, Culture=neutral, PublicKeyToken=b03f5f7f11d50a3a'.Duplicate assembly 'System.Collections.Immutable.FSR.dll' with different versions detected, using 'Assets/FastScriptReload/Plugins/Roslyn/2021+/System.Collections.Immutable.FSR.dll, AssemblyName=System.Collections.Immutable, Version=7.0.0.0, Culture=neutral, PublicKeyToken=b03f5f7f11d50a3a' and ignoring 'Assets/FastScriptReload/Plugins/Roslyn/2021+/System.Collections.Immutable.dll, AssemblyName=System.Collections.Immutable, Version=1.2.3.0, Culture=neutral, PublicKeyToken=b03f5f7f11d50a3a'.Duplicate assembly 'Microsoft.CodeAnalysis.CSharp.dll' with different versions detected, using 'Assets/FastScriptReload/Plugins/Roslyn/2021+/Microsoft.CodeAnalysis.CSharp.dll, AssemblyName=Microsoft.CodeAnalysis.CSharp, Version=4.6.0.0, Culture=neutral, PublicKeyToken=31bf3856ad364e35' and ignoring 'Assets/FastScriptReload/Plugins/Roslyn/Microsoft.CodeAnalysis.CSharp.dll, AssemblyName=Microsoft.CodeAnalysis.CSharp, Version=2.10.0.0, Culture=neutral, PublicKeyToken=31bf3856ad364e35'.Duplicate assembly 'System.Reflection.Metadata.dll' with different versions detected, using 'Assets/FastScriptReload/Plugins/Roslyn/2021+/System.Reflection.Metadata.dll, AssemblyName=System.Reflection.Metadata, Version=7.0.0.0, Culture=neutral, PublicKeyToken=b03f5f7f11d50a3a' and ignoring 'Assets/FastScriptReload/Plugins/Roslyn/System.Reflection.Metadata.dll, AssemblyName=System.Reflection.Metadata, Version=1.4.3.0, Culture=neutral, PublicKeyToken=b03f5f7f11d50a3a'.Duplicate assembly 'Microsoft.CodeAnalysis.dll' with different versions detected, using 'Assets/FastScriptReload/Plugins/Roslyn/2021+/Microsoft.CodeAnalysis.dll, AssemblyName=Microsoft.CodeAnalysis, Version=4.6.0.0, Culture=neutral, PublicKeyToken=31bf3856ad364e35' and ignoring 'Assets/FastScriptReload/Plugins/Roslyn/Microsoft.CodeAnalysis.dll, AssemblyName=Microsoft.CodeAnalysis, Version=2.10.0.0, Culture=neutral, PublicKeyToken=31bf3856ad364e35'.- Loaded All Assemblies, in  1.656 seconds
Assembly reference Packages/com.unity.cinemachine/Editor/Samples/ExposeHDRPInternals/HDRP-Editor-ref.asmref has no target assembly definition
'Packages/com.unity.cinemachine/Editor/Obsolete/CinemachineVirtualCameraBaseEditor.cs' contains partial class of Unity.Object, exactly 1 of the partial classes needs to be in a file with the same filename. This is to know the one that can be referenced from ie. GameObjects
'Packages/com.unity.cinemachine/Editor/Editors/CinemachineVirtualCameraBaseEditor.cs' contains partial class of Unity.Object, exactly 1 of the partial classes needs to be in a file with the same filename. This is to know the one that can be referenced from ie. GameObjects
Refreshing native plugins compatible for Editor in 1.57 ms, found 3 plugins.
Native extension for UWP target not found
Native extension for WindowsStandalone target not found
Assembly reference Packages/com.unity.cinemachine/Editor/Samples/ExposeHDRPInternals/HDRP-Editor-ref.asmref has no target assembly definition
[Package Manager] Failed to launch server process. Reason: Unity was launched with the -noUpm command-line argument
[Package Manager] Unable to send message (not connected to server process).
[Package Manager] Cannot connect to Unity Package Manager local server
[Package Manager] Failed to launch server process. Reason: Unity was launched with the -noUpm command-line argument
[Package Manager] Unable to send message (not connected to server process).
[Package Manager] Cannot connect to Unity Package Manager local server
ScheduleIndexationOnStartup MainProcess:False IndexOnStartup:True
Mono: successfully reloaded assembly
- Finished resetting the current domain, in  2.099 seconds
Domain Reload Profiling: 3758ms
	BeginReloadAssembly (400ms)
		ExecutionOrderSort (0ms)
		DisableScriptedObjects (14ms)
		BackupInstance (0ms)
		ReleaseScriptingObjects (0ms)
		CreateAndSetChildDomain (86ms)
	RebuildCommonClasses (63ms)
	RebuildNativeTypeToScriptingClass (25ms)
	initialDomainReloadingComplete (98ms)
	LoadAllAssembliesAndSetupDomain (1072ms)
		LoadAssemblies (820ms)
		RebuildTransferFunctionScriptingTraits (0ms)
		AnalyzeDomain (465ms)
			TypeCache.Refresh (18ms)
				TypeCache.ScanAssembly (3ms)
			BuildScriptInfoCaches (419ms)
			ResolveRequiredComponents (21ms)
	FinalizeReload (2099ms)
		ReleaseScriptCaches (0ms)
		RebuildScriptCaches (0ms)
		SetupLoadedEditorAssemblies (1804ms)
			LogAssemblyErrors (0ms)
			InitializePlatformSupportModulesInManaged (3ms)
			SetLoadedEditorAssemblies (13ms)
			BeforeProcessingInitializeOnLoad (397ms)
			ProcessInitializeOnLoadAttributes (1272ms)
			ProcessInitializeOnLoadMethodAttributes (114ms)
			AfterProcessingInitializeOnLoad (5ms)
			EditorAssembliesLoaded (1ms)
		ExecutionOrderSort2 (0ms)
		AwakeInstancesAfterBackupRestoration (35ms)
Refreshing native plugins compatible for Editor in 1.51 ms, found 3 plugins.
Preloading 0 native plugins for Editor in 0.00 ms.
Unloading 17 Unused Serialized files (Serialized files now loaded: 0)
Unloading 6859 unused Assets / (5.2 MB). Loaded Objects now: 7752.
Memory consumption went from 162.6 MB to 157.4 MB.
Total: 14.224300 ms (FindLiveObjects: 1.085800 ms CreateObjectMapping: 0.569400 ms MarkObjects: 8.642700 ms  DeleteObjects: 3.924500 ms)

Prepare: number of updated asset objects reloaded= 0
========================================================================
Received Prepare
'Packages/com.unity.cinemachine/Editor/Obsolete/CinemachineVirtualCameraBaseEditor.cs' contains partial class of Unity.Object, exactly 1 of the partial classes needs to be in a file with the same filename. This is to know the one that can be referenced from ie. GameObjects
'Packages/com.unity.cinemachine/Editor/Editors/CinemachineVirtualCameraBaseEditor.cs' contains partial class of Unity.Object, exactly 1 of the partial classes needs to be in a file with the same filename. This is to know the one that can be referenced from ie. GameObjects
Refreshing native plugins compatible for Editor in 1.68 ms, found 3 plugins.
Preloading 0 native plugins for Editor in 0.00 ms.
Unloading 17 Unused Serialized files (Serialized files now loaded: 0)
Unloading 6850 unused Assets / (4.0 MB). Loaded Objects now: 7752.
Memory consumption went from 162.4 MB to 158.4 MB.
Total: 12.916500 ms (FindLiveObjects: 1.042900 ms CreateObjectMapping: 0.756700 ms MarkObjects: 8.436500 ms  DeleteObjects: 2.678700 ms)

Prepare: number of updated asset objects reloaded= 0
========================================================================
Received Prepare
Assembly reference Packages/com.unity.cinemachine/Editor/Samples/ExposeHDRPInternals/HDRP-Editor-ref.asmref has no target assembly definition
Assembly reference Packages/com.unity.cinemachine/Editor/Samples/ExposeHDRPInternals/HDRP-Editor-ref.asmref has no target assembly definition
Begin MonoManager ReloadAssembly
[Licensing::Client] Successfully resolved entitlement details
[Licensing::Module] License group:
  Id: F4-C7SA-D7MS-282S-YHFX-XXXX
  Product: Unity Personal
  Type: ULF
  Expiration: Unlimited
[Licensing::Module] License group:
  Id: 10170697332008-UnityPersXXXX
  Product: Unity Personal
  Type: Assigned
  Expiration: Unlimited
Duplicate assembly 'System.Collections.Immutable.FSR.dll' with different versions detected, using 'Assets/FastScriptReload/Plugins/Roslyn/2021+/System.Collections.Immutable.FSR.dll, AssemblyName=System.Collections.Immutable, Version=7.0.0.0, Culture=neutral, PublicKeyToken=b03f5f7f11d50a3a' and ignoring 'Assets/FastScriptReload/Plugins/Roslyn/System.Collections.Immutable.dll, AssemblyName=System.Collections.Immutable, Version=1.2.3.0, Culture=neutral, PublicKeyToken=b03f5f7f11d50a3a'.Duplicate assembly 'System.Collections.Immutable.FSR.dll' with different versions detected, using 'Assets/FastScriptReload/Plugins/Roslyn/2021+/System.Collections.Immutable.FSR.dll, AssemblyName=System.Collections.Immutable, Version=7.0.0.0, Culture=neutral, PublicKeyToken=b03f5f7f11d50a3a' and ignoring 'Assets/FastScriptReload/Plugins/Roslyn/2021+/System.Collections.Immutable.dll, AssemblyName=System.Collections.Immutable, Version=1.2.3.0, Culture=neutral, PublicKeyToken=b03f5f7f11d50a3a'.Duplicate assembly 'Microsoft.CodeAnalysis.CSharp.dll' with different versions detected, using 'Assets/FastScriptReload/Plugins/Roslyn/2021+/Microsoft.CodeAnalysis.CSharp.dll, AssemblyName=Microsoft.CodeAnalysis.CSharp, Version=4.6.0.0, Culture=neutral, PublicKeyToken=31bf3856ad364e35' and ignoring 'Assets/FastScriptReload/Plugins/Roslyn/Microsoft.CodeAnalysis.CSharp.dll, AssemblyName=Microsoft.CodeAnalysis.CSharp, Version=2.10.0.0, Culture=neutral, PublicKeyToken=31bf3856ad364e35'.Duplicate assembly 'System.Reflection.Metadata.dll' with different versions detected, using 'Assets/FastScriptReload/Plugins/Roslyn/2021+/System.Reflection.Metadata.dll, AssemblyName=System.Reflection.Metadata, Version=7.0.0.0, Culture=neutral, PublicKeyToken=b03f5f7f11d50a3a' and ignoring 'Assets/FastScriptReload/Plugins/Roslyn/System.Reflection.Metadata.dll, AssemblyName=System.Reflection.Metadata, Version=1.4.3.0, Culture=neutral, PublicKeyToken=b03f5f7f11d50a3a'.Duplicate assembly 'Microsoft.CodeAnalysis.dll' with different versions detected, using 'Assets/FastScriptReload/Plugins/Roslyn/2021+/Microsoft.CodeAnalysis.dll, AssemblyName=Microsoft.CodeAnalysis, Version=4.6.0.0, Culture=neutral, PublicKeyToken=31bf3856ad364e35' and ignoring 'Assets/FastScriptReload/Plugins/Roslyn/Microsoft.CodeAnalysis.dll, AssemblyName=Microsoft.CodeAnalysis, Version=2.10.0.0, Culture=neutral, PublicKeyToken=31bf3856ad364e35'.- Loaded All Assemblies, in  1.693 seconds
Assembly reference Packages/com.unity.cinemachine/Editor/Samples/ExposeHDRPInternals/HDRP-Editor-ref.asmref has no target assembly definition
'Packages/com.unity.cinemachine/Editor/Obsolete/CinemachineVirtualCameraBaseEditor.cs' contains partial class of Unity.Object, exactly 1 of the partial classes needs to be in a file with the same filename. This is to know the one that can be referenced from ie. GameObjects
'Packages/com.unity.cinemachine/Editor/Editors/CinemachineVirtualCameraBaseEditor.cs' contains partial class of Unity.Object, exactly 1 of the partial classes needs to be in a file with the same filename. This is to know the one that can be referenced from ie. GameObjects
Refreshing native plugins compatible for Editor in 1.56 ms, found 3 plugins.
Native extension for UWP target not found
Native extension for WindowsStandalone target not found
Assembly reference Packages/com.unity.cinemachine/Editor/Samples/ExposeHDRPInternals/HDRP-Editor-ref.asmref has no target assembly definition
[Package Manager] Failed to launch server process. Reason: Unity was launched with the -noUpm command-line argument
[Package Manager] Unable to send message (not connected to server process).
[Package Manager] Cannot connect to Unity Package Manager local server
[Package Manager] Failed to launch server process. Reason: Unity was launched with the -noUpm command-line argument
[Package Manager] Unable to send message (not connected to server process).
[Package Manager] Cannot connect to Unity Package Manager local server
ScheduleIndexationOnStartup MainProcess:False IndexOnStartup:True
Mono: successfully reloaded assembly
- Finished resetting the current domain, in  2.163 seconds
Domain Reload Profiling: 3861ms
	BeginReloadAssembly (444ms)
		ExecutionOrderSort (0ms)
		DisableScriptedObjects (15ms)
		BackupInstance (0ms)
		ReleaseScriptingObjects (0ms)
		CreateAndSetChildDomain (84ms)
	RebuildCommonClasses (62ms)
	RebuildNativeTypeToScriptingClass (24ms)
	initialDomainReloadingComplete (87ms)
	LoadAllAssembliesAndSetupDomain (1079ms)
		LoadAssemblies (816ms)
		RebuildTransferFunctionScriptingTraits (0ms)
		AnalyzeDomain (501ms)
			TypeCache.Refresh (17ms)
				TypeCache.ScanAssembly (4ms)
			BuildScriptInfoCaches (436ms)
			ResolveRequiredComponents (38ms)
	FinalizeReload (2164ms)
		ReleaseScriptCaches (0ms)
		RebuildScriptCaches (0ms)
		SetupLoadedEditorAssemblies (1870ms)
			LogAssemblyErrors (0ms)
			InitializePlatformSupportModulesInManaged (3ms)
			SetLoadedEditorAssemblies (13ms)
			BeforeProcessingInitializeOnLoad (400ms)
			ProcessInitializeOnLoadAttributes (1327ms)
			ProcessInitializeOnLoadMethodAttributes (121ms)
			AfterProcessingInitializeOnLoad (5ms)
			EditorAssembliesLoaded (1ms)
		ExecutionOrderSort2 (0ms)
		AwakeInstancesAfterBackupRestoration (28ms)
Refreshing native plugins compatible for Editor in 1.56 ms, found 3 plugins.
Preloading 0 native plugins for Editor in 0.00 ms.
Unloading 17 Unused Serialized files (Serialized files now loaded: 0)
Unloading 6859 unused Assets / (5.2 MB). Loaded Objects now: 7756.
Memory consumption went from 162.7 MB to 157.4 MB.
Total: 13.733000 ms (FindLiveObjects: 1.127300 ms CreateObjectMapping: 0.761800 ms MarkObjects: 8.190700 ms  DeleteObjects: 3.651600 ms)

Prepare: number of updated asset objects reloaded= 0
========================================================================
Received Prepare
'Packages/com.unity.cinemachine/Editor/Obsolete/CinemachineVirtualCameraBaseEditor.cs' contains partial class of Unity.Object, exactly 1 of the partial classes needs to be in a file with the same filename. This is to know the one that can be referenced from ie. GameObjects
'Packages/com.unity.cinemachine/Editor/Editors/CinemachineVirtualCameraBaseEditor.cs' contains partial class of Unity.Object, exactly 1 of the partial classes needs to be in a file with the same filename. This is to know the one that can be referenced from ie. GameObjects
Refreshing native plugins compatible for Editor in 1.66 ms, found 3 plugins.
Preloading 0 native plugins for Editor in 0.00 ms.
Unloading 17 Unused Serialized files (Serialized files now loaded: 0)
Unloading 6850 unused Assets / (3.9 MB). Loaded Objects now: 7756.
Memory consumption went from 162.5 MB to 158.6 MB.
Total: 12.332800 ms (FindLiveObjects: 1.094800 ms CreateObjectMapping: 0.552800 ms MarkObjects: 7.994400 ms  DeleteObjects: 2.689100 ms)

Prepare: number of updated asset objects reloaded= 0
========================================================================
Received Prepare
Assembly reference Packages/com.unity.cinemachine/Editor/Samples/ExposeHDRPInternals/HDRP-Editor-ref.asmref has no target assembly definition
Assembly reference Packages/com.unity.cinemachine/Editor/Samples/ExposeHDRPInternals/HDRP-Editor-ref.asmref has no target assembly definition
Begin MonoManager ReloadAssembly
[Licensing::Client] Successfully resolved entitlement details
[Licensing::Module] License group:
  Id: F4-C7SA-D7MS-282S-YHFX-XXXX
  Product: Unity Personal
  Type: ULF
  Expiration: Unlimited
[Licensing::Module] License group:
  Id: 10170697332008-UnityPersXXXX
  Product: Unity Personal
  Type: Assigned
  Expiration: Unlimited
Duplicate assembly 'System.Collections.Immutable.FSR.dll' with different versions detected, using 'Assets/FastScriptReload/Plugins/Roslyn/2021+/System.Collections.Immutable.FSR.dll, AssemblyName=System.Collections.Immutable, Version=7.0.0.0, Culture=neutral, PublicKeyToken=b03f5f7f11d50a3a' and ignoring 'Assets/FastScriptReload/Plugins/Roslyn/System.Collections.Immutable.dll, AssemblyName=System.Collections.Immutable, Version=1.2.3.0, Culture=neutral, PublicKeyToken=b03f5f7f11d50a3a'.Duplicate assembly 'System.Collections.Immutable.FSR.dll' with different versions detected, using 'Assets/FastScriptReload/Plugins/Roslyn/2021+/System.Collections.Immutable.FSR.dll, AssemblyName=System.Collections.Immutable, Version=7.0.0.0, Culture=neutral, PublicKeyToken=b03f5f7f11d50a3a' and ignoring 'Assets/FastScriptReload/Plugins/Roslyn/2021+/System.Collections.Immutable.dll, AssemblyName=System.Collections.Immutable, Version=1.2.3.0, Culture=neutral, PublicKeyToken=b03f5f7f11d50a3a'.Duplicate assembly 'Microsoft.CodeAnalysis.CSharp.dll' with different versions detected, using 'Assets/FastScriptReload/Plugins/Roslyn/2021+/Microsoft.CodeAnalysis.CSharp.dll, AssemblyName=Microsoft.CodeAnalysis.CSharp, Version=4.6.0.0, Culture=neutral, PublicKeyToken=31bf3856ad364e35' and ignoring 'Assets/FastScriptReload/Plugins/Roslyn/Microsoft.CodeAnalysis.CSharp.dll, AssemblyName=Microsoft.CodeAnalysis.CSharp, Version=2.10.0.0, Culture=neutral, PublicKeyToken=31bf3856ad364e35'.Duplicate assembly 'System.Reflection.Metadata.dll' with different versions detected, using 'Assets/FastScriptReload/Plugins/Roslyn/2021+/System.Reflection.Metadata.dll, AssemblyName=System.Reflection.Metadata, Version=7.0.0.0, Culture=neutral, PublicKeyToken=b03f5f7f11d50a3a' and ignoring 'Assets/FastScriptReload/Plugins/Roslyn/System.Reflection.Metadata.dll, AssemblyName=System.Reflection.Metadata, Version=1.4.3.0, Culture=neutral, PublicKeyToken=b03f5f7f11d50a3a'.Duplicate assembly 'Microsoft.CodeAnalysis.dll' with different versions detected, using 'Assets/FastScriptReload/Plugins/Roslyn/2021+/Microsoft.CodeAnalysis.dll, AssemblyName=Microsoft.CodeAnalysis, Version=4.6.0.0, Culture=neutral, PublicKeyToken=31bf3856ad364e35' and ignoring 'Assets/FastScriptReload/Plugins/Roslyn/Microsoft.CodeAnalysis.dll, AssemblyName=Microsoft.CodeAnalysis, Version=2.10.0.0, Culture=neutral, PublicKeyToken=31bf3856ad364e35'.- Loaded All Assemblies, in  1.696 seconds
Assembly reference Packages/com.unity.cinemachine/Editor/Samples/ExposeHDRPInternals/HDRP-Editor-ref.asmref has no target assembly definition
'Packages/com.unity.cinemachine/Editor/Obsolete/CinemachineVirtualCameraBaseEditor.cs' contains partial class of Unity.Object, exactly 1 of the partial classes needs to be in a file with the same filename. This is to know the one that can be referenced from ie. GameObjects
'Packages/com.unity.cinemachine/Editor/Editors/CinemachineVirtualCameraBaseEditor.cs' contains partial class of Unity.Object, exactly 1 of the partial classes needs to be in a file with the same filename. This is to know the one that can be referenced from ie. GameObjects
Refreshing native plugins compatible for Editor in 1.51 ms, found 3 plugins.
Native extension for UWP target not found
Native extension for WindowsStandalone target not found
Assembly reference Packages/com.unity.cinemachine/Editor/Samples/ExposeHDRPInternals/HDRP-Editor-ref.asmref has no target assembly definition
[Package Manager] Failed to launch server process. Reason: Unity was launched with the -noUpm command-line argument
[Package Manager] Unable to send message (not connected to server process).
[Package Manager] Cannot connect to Unity Package Manager local server
[Package Manager] Failed to launch server process. Reason: Unity was launched with the -noUpm command-line argument
[Package Manager] Unable to send message (not connected to server process).
[Package Manager] Cannot connect to Unity Package Manager local server
ScheduleIndexationOnStartup MainProcess:False IndexOnStartup:True
Mono: successfully reloaded assembly
- Finished resetting the current domain, in  2.129 seconds
Domain Reload Profiling: 3827ms
	BeginReloadAssembly (439ms)
		ExecutionOrderSort (0ms)
		DisableScriptedObjects (13ms)
		BackupInstance (0ms)
		ReleaseScriptingObjects (0ms)
		CreateAndSetChildDomain (84ms)
	RebuildCommonClasses (71ms)
	RebuildNativeTypeToScriptingClass (29ms)
	initialDomainReloadingComplete (93ms)
	LoadAllAssembliesAndSetupDomain (1065ms)
		LoadAssemblies (827ms)
		RebuildTransferFunctionScriptingTraits (0ms)
		AnalyzeDomain (480ms)
			TypeCache.Refresh (16ms)
				TypeCache.ScanAssembly (3ms)
			BuildScriptInfoCaches (430ms)
			ResolveRequiredComponents (28ms)
	FinalizeReload (2129ms)
		ReleaseScriptCaches (0ms)
		RebuildScriptCaches (0ms)
		SetupLoadedEditorAssemblies (1818ms)
			LogAssemblyErrors (0ms)
			InitializePlatformSupportModulesInManaged (3ms)
			SetLoadedEditorAssemblies (11ms)
			BeforeProcessingInitializeOnLoad (374ms)
			ProcessInitializeOnLoadAttributes (1301ms)
			ProcessInitializeOnLoadMethodAttributes (124ms)
			AfterProcessingInitializeOnLoad (5ms)
			EditorAssembliesLoaded (0ms)
		ExecutionOrderSort2 (0ms)
		AwakeInstancesAfterBackupRestoration (26ms)
Refreshing native plugins compatible for Editor in 1.56 ms, found 3 plugins.
Preloading 0 native plugins for Editor in 0.00 ms.
Unloading 17 Unused Serialized files (Serialized files now loaded: 0)
Unloading 6859 unused Assets / (5.2 MB). Loaded Objects now: 7760.
Memory consumption went from 162.6 MB to 157.4 MB.
Total: 15.677600 ms (FindLiveObjects: 1.229800 ms CreateObjectMapping: 1.750200 ms MarkObjects: 8.618100 ms  DeleteObjects: 4.078100 ms)

Prepare: number of updated asset objects reloaded= 0
========================================================================
Received Prepare
'Packages/com.unity.cinemachine/Editor/Obsolete/CinemachineVirtualCameraBaseEditor.cs' contains partial class of Unity.Object, exactly 1 of the partial classes needs to be in a file with the same filename. This is to know the one that can be referenced from ie. GameObjects
'Packages/com.unity.cinemachine/Editor/Editors/CinemachineVirtualCameraBaseEditor.cs' contains partial class of Unity.Object, exactly 1 of the partial classes needs to be in a file with the same filename. This is to know the one that can be referenced from ie. GameObjects
Refreshing native plugins compatible for Editor in 1.67 ms, found 3 plugins.
Preloading 0 native plugins for Editor in 0.00 ms.
Unloading 17 Unused Serialized files (Serialized files now loaded: 0)
Unloading 6850 unused Assets / (4.1 MB). Loaded Objects now: 7760.
Memory consumption went from 162.4 MB to 158.3 MB.
Total: 13.327000 ms (FindLiveObjects: 1.184300 ms CreateObjectMapping: 0.730400 ms MarkObjects: 8.291600 ms  DeleteObjects: 3.119000 ms)

Prepare: number of updated asset objects reloaded= 0
========================================================================
Received Prepare
Assembly reference Packages/com.unity.cinemachine/Editor/Samples/ExposeHDRPInternals/HDRP-Editor-ref.asmref has no target assembly definition
Assembly reference Packages/com.unity.cinemachine/Editor/Samples/ExposeHDRPInternals/HDRP-Editor-ref.asmref has no target assembly definition
Begin MonoManager ReloadAssembly
Duplicate assembly 'System.Collections.Immutable.FSR.dll' with different versions detected, using 'Assets/FastScriptReload/Plugins/Roslyn/2021+/System.Collections.Immutable.FSR.dll, AssemblyName=System.Collections.Immutable, Version=7.0.0.0, Culture=neutral, PublicKeyToken=b03f5f7f11d50a3a' and ignoring 'Assets/FastScriptReload/Plugins/Roslyn/System.Collections.Immutable.dll, AssemblyName=System.Collections.Immutable, Version=1.2.3.0, Culture=neutral, PublicKeyToken=b03f5f7f11d50a3a'.Duplicate assembly 'System.Collections.Immutable.FSR.dll' with different versions detected, using 'Assets/FastScriptReload/Plugins/Roslyn/2021+/System.Collections.Immutable.FSR.dll, AssemblyName=System.Collections.Immutable, Version=7.0.0.0, Culture=neutral, PublicKeyToken=b03f5f7f11d50a3a' and ignoring 'Assets/FastScriptReload/Plugins/Roslyn/2021+/System.Collections.Immutable.dll, AssemblyName=System.Collections.Immutable, Version=1.2.3.0, Culture=neutral, PublicKeyToken=b03f5f7f11d50a3a'.Duplicate assembly 'Microsoft.CodeAnalysis.CSharp.dll' with different versions detected, using 'Assets/FastScriptReload/Plugins/Roslyn/2021+/Microsoft.CodeAnalysis.CSharp.dll, AssemblyName=Microsoft.CodeAnalysis.CSharp, Version=4.6.0.0, Culture=neutral, PublicKeyToken=31bf3856ad364e35' and ignoring 'Assets/FastScriptReload/Plugins/Roslyn/Microsoft.CodeAnalysis.CSharp.dll, AssemblyName=Microsoft.CodeAnalysis.CSharp, Version=2.10.0.0, Culture=neutral, PublicKeyToken=31bf3856ad364e35'.Duplicate assembly 'System.Reflection.Metadata.dll' with different versions detected, using 'Assets/FastScriptReload/Plugins/Roslyn/2021+/System.Reflection.Metadata.dll, AssemblyName=System.Reflection.Metadata, Version=7.0.0.0, Culture=neutral, PublicKeyToken=b03f5f7f11d50a3a' and ignoring 'Assets/FastScriptReload/Plugins/Roslyn/System.Reflection.Metadata.dll, AssemblyName=System.Reflection.Metadata, Version=1.4.3.0, Culture=neutral, PublicKeyToken=b03f5f7f11d50a3a'.Duplicate assembly 'Microsoft.CodeAnalysis.dll' with different versions detected, using 'Assets/FastScriptReload/Plugins/Roslyn/2021+/Microsoft.CodeAnalysis.dll, AssemblyName=Microsoft.CodeAnalysis, Version=4.6.0.0, Culture=neutral, PublicKeyToken=31bf3856ad364e35' and ignoring 'Assets/FastScriptReload/Plugins/Roslyn/Microsoft.CodeAnalysis.dll, AssemblyName=Microsoft.CodeAnalysis, Version=2.10.0.0, Culture=neutral, PublicKeyToken=31bf3856ad364e35'.- Loaded All Assemblies, in  1.649 seconds
Assembly reference Packages/com.unity.cinemachine/Editor/Samples/ExposeHDRPInternals/HDRP-Editor-ref.asmref has no target assembly definition
'Packages/com.unity.cinemachine/Editor/Obsolete/CinemachineVirtualCameraBaseEditor.cs' contains partial class of Unity.Object, exactly 1 of the partial classes needs to be in a file with the same filename. This is to know the one that can be referenced from ie. GameObjects
'Packages/com.unity.cinemachine/Editor/Editors/CinemachineVirtualCameraBaseEditor.cs' contains partial class of Unity.Object, exactly 1 of the partial classes needs to be in a file with the same filename. This is to know the one that can be referenced from ie. GameObjects
Refreshing native plugins compatible for Editor in 1.52 ms, found 3 plugins.
Native extension for UWP target not found
Native extension for WindowsStandalone target not found
Assembly reference Packages/com.unity.cinemachine/Editor/Samples/ExposeHDRPInternals/HDRP-Editor-ref.asmref has no target assembly definition
[Package Manager] Failed to launch server process. Reason: Unity was launched with the -noUpm command-line argument
[Package Manager] Unable to send message (not connected to server process).
[Package Manager] Cannot connect to Unity Package Manager local server
[Package Manager] Failed to launch server process. Reason: Unity was launched with the -noUpm command-line argument
[Package Manager] Unable to send message (not connected to server process).
[Package Manager] Cannot connect to Unity Package Manager local server
ScheduleIndexationOnStartup MainProcess:False IndexOnStartup:True
Mono: successfully reloaded assembly
- Finished resetting the current domain, in  2.091 seconds
Domain Reload Profiling: 3743ms
	BeginReloadAssembly (434ms)
		ExecutionOrderSort (0ms)
		DisableScriptedObjects (12ms)
		BackupInstance (0ms)
		ReleaseScriptingObjects (0ms)
		CreateAndSetChildDomain (96ms)
	RebuildCommonClasses (75ms)
	RebuildNativeTypeToScriptingClass (24ms)
	initialDomainReloadingComplete (89ms)
	LoadAllAssembliesAndSetupDomain (1030ms)
		LoadAssemblies (756ms)
		RebuildTransferFunctionScriptingTraits (0ms)
		AnalyzeDomain (469ms)
			TypeCache.Refresh (16ms)
				TypeCache.ScanAssembly (3ms)
			BuildScriptInfoCaches (424ms)
			ResolveRequiredComponents (22ms)
	FinalizeReload (2092ms)
		ReleaseScriptCaches (0ms)
		RebuildScriptCaches (0ms)
		SetupLoadedEditorAssemblies (1813ms)
			LogAssemblyErrors (0ms)
			InitializePlatformSupportModulesInManaged (3ms)
			SetLoadedEditorAssemblies (11ms)
			BeforeProcessingInitializeOnLoad (380ms)
			ProcessInitializeOnLoadAttributes (1284ms)
			ProcessInitializeOnLoadMethodAttributes (130ms)
			AfterProcessingInitializeOnLoad (5ms)
			EditorAssembliesLoaded (1ms)
		ExecutionOrderSort2 (0ms)
		AwakeInstancesAfterBackupRestoration (26ms)
Refreshing native plugins compatible for Editor in 1.51 ms, found 3 plugins.
Preloading 0 native plugins for Editor in 0.00 ms.
Unloading 17 Unused Serialized files (Serialized files now loaded: 0)
Unloading 6859 unused Assets / (5.3 MB). Loaded Objects now: 7764.
Memory consumption went from 162.7 MB to 157.4 MB.
Total: 13.937600 ms (FindLiveObjects: 1.066200 ms CreateObjectMapping: 0.960400 ms MarkObjects: 8.242600 ms  DeleteObjects: 3.667100 ms)

Prepare: number of updated asset objects reloaded= 0
========================================================================
Received Prepare
'Packages/com.unity.cinemachine/Editor/Obsolete/CinemachineVirtualCameraBaseEditor.cs' contains partial class of Unity.Object, exactly 1 of the partial classes needs to be in a file with the same filename. This is to know the one that can be referenced from ie. GameObjects
'Packages/com.unity.cinemachine/Editor/Editors/CinemachineVirtualCameraBaseEditor.cs' contains partial class of Unity.Object, exactly 1 of the partial classes needs to be in a file with the same filename. This is to know the one that can be referenced from ie. GameObjects
Refreshing native plugins compatible for Editor in 1.71 ms, found 3 plugins.
Preloading 0 native plugins for Editor in 0.00 ms.
Unloading 17 Unused Serialized files (Serialized files now loaded: 0)
Unloading 6850 unused Assets / (4.2 MB). Loaded Objects now: 7764.
Memory consumption went from 162.4 MB to 158.2 MB.
Total: 14.016700 ms (FindLiveObjects: 1.245700 ms CreateObjectMapping: 1.272000 ms MarkObjects: 8.532500 ms  DeleteObjects: 2.965200 ms)

Prepare: number of updated asset objects reloaded= 0
========================================================================
Received Prepare
Assembly reference Packages/com.unity.cinemachine/Editor/Samples/ExposeHDRPInternals/HDRP-Editor-ref.asmref has no target assembly definition
Assembly reference Packages/com.unity.cinemachine/Editor/Samples/ExposeHDRPInternals/HDRP-Editor-ref.asmref has no target assembly definition
Begin MonoManager ReloadAssembly
[Licensing::Client] Successfully resolved entitlement details
[Licensing::Module] License group:
  Id: F4-C7SA-D7MS-282S-YHFX-XXXX
  Product: Unity Personal
  Type: ULF
  Expiration: Unlimited
[Licensing::Module] License group:
  Id: 10170697332008-UnityPersXXXX
  Product: Unity Personal
  Type: Assigned
  Expiration: Unlimited
Duplicate assembly 'System.Collections.Immutable.FSR.dll' with different versions detected, using 'Assets/FastScriptReload/Plugins/Roslyn/2021+/System.Collections.Immutable.FSR.dll, AssemblyName=System.Collections.Immutable, Version=7.0.0.0, Culture=neutral, PublicKeyToken=b03f5f7f11d50a3a' and ignoring 'Assets/FastScriptReload/Plugins/Roslyn/System.Collections.Immutable.dll, AssemblyName=System.Collections.Immutable, Version=1.2.3.0, Culture=neutral, PublicKeyToken=b03f5f7f11d50a3a'.Duplicate assembly 'System.Collections.Immutable.FSR.dll' with different versions detected, using 'Assets/FastScriptReload/Plugins/Roslyn/2021+/System.Collections.Immutable.FSR.dll, AssemblyName=System.Collections.Immutable, Version=7.0.0.0, Culture=neutral, PublicKeyToken=b03f5f7f11d50a3a' and ignoring 'Assets/FastScriptReload/Plugins/Roslyn/2021+/System.Collections.Immutable.dll, AssemblyName=System.Collections.Immutable, Version=1.2.3.0, Culture=neutral, PublicKeyToken=b03f5f7f11d50a3a'.Duplicate assembly 'Microsoft.CodeAnalysis.CSharp.dll' with different versions detected, using 'Assets/FastScriptReload/Plugins/Roslyn/2021+/Microsoft.CodeAnalysis.CSharp.dll, AssemblyName=Microsoft.CodeAnalysis.CSharp, Version=4.6.0.0, Culture=neutral, PublicKeyToken=31bf3856ad364e35' and ignoring 'Assets/FastScriptReload/Plugins/Roslyn/Microsoft.CodeAnalysis.CSharp.dll, AssemblyName=Microsoft.CodeAnalysis.CSharp, Version=2.10.0.0, Culture=neutral, PublicKeyToken=31bf3856ad364e35'.Duplicate assembly 'System.Reflection.Metadata.dll' with different versions detected, using 'Assets/FastScriptReload/Plugins/Roslyn/2021+/System.Reflection.Metadata.dll, AssemblyName=System.Reflection.Metadata, Version=7.0.0.0, Culture=neutral, PublicKeyToken=b03f5f7f11d50a3a' and ignoring 'Assets/FastScriptReload/Plugins/Roslyn/System.Reflection.Metadata.dll, AssemblyName=System.Reflection.Metadata, Version=1.4.3.0, Culture=neutral, PublicKeyToken=b03f5f7f11d50a3a'.Duplicate assembly 'Microsoft.CodeAnalysis.dll' with different versions detected, using 'Assets/FastScriptReload/Plugins/Roslyn/2021+/Microsoft.CodeAnalysis.dll, AssemblyName=Microsoft.CodeAnalysis, Version=4.6.0.0, Culture=neutral, PublicKeyToken=31bf3856ad364e35' and ignoring 'Assets/FastScriptReload/Plugins/Roslyn/Microsoft.CodeAnalysis.dll, AssemblyName=Microsoft.CodeAnalysis, Version=2.10.0.0, Culture=neutral, PublicKeyToken=31bf3856ad364e35'.- Loaded All Assemblies, in  1.675 seconds
Assembly reference Packages/com.unity.cinemachine/Editor/Samples/ExposeHDRPInternals/HDRP-Editor-ref.asmref has no target assembly definition
'Packages/com.unity.cinemachine/Editor/Obsolete/CinemachineVirtualCameraBaseEditor.cs' contains partial class of Unity.Object, exactly 1 of the partial classes needs to be in a file with the same filename. This is to know the one that can be referenced from ie. GameObjects
'Packages/com.unity.cinemachine/Editor/Editors/CinemachineVirtualCameraBaseEditor.cs' contains partial class of Unity.Object, exactly 1 of the partial classes needs to be in a file with the same filename. This is to know the one that can be referenced from ie. GameObjects
Refreshing native plugins compatible for Editor in 2.34 ms, found 3 plugins.
Native extension for UWP target not found
Native extension for WindowsStandalone target not found
Assembly reference Packages/com.unity.cinemachine/Editor/Samples/ExposeHDRPInternals/HDRP-Editor-ref.asmref has no target assembly definition
[Package Manager] Failed to launch server process. Reason: Unity was launched with the -noUpm command-line argument
[Package Manager] Unable to send message (not connected to server process).
[Package Manager] Cannot connect to Unity Package Manager local server
[Package Manager] Failed to launch server process. Reason: Unity was launched with the -noUpm command-line argument
[Package Manager] Unable to send message (not connected to server process).
[Package Manager] Cannot connect to Unity Package Manager local server
ScheduleIndexationOnStartup MainProcess:False IndexOnStartup:True
Mono: successfully reloaded assembly
- Finished resetting the current domain, in  2.198 seconds
Domain Reload Profiling: 3877ms
	BeginReloadAssembly (419ms)
		ExecutionOrderSort (0ms)
		DisableScriptedObjects (31ms)
		BackupInstance (0ms)
		ReleaseScriptingObjects (0ms)
		CreateAndSetChildDomain (79ms)
	RebuildCommonClasses (62ms)
	RebuildNativeTypeToScriptingClass (25ms)
	initialDomainReloadingComplete (93ms)
	LoadAllAssembliesAndSetupDomain (1079ms)
		LoadAssemblies (827ms)
		RebuildTransferFunctionScriptingTraits (0ms)
		AnalyzeDomain (455ms)
			TypeCache.Refresh (19ms)
				TypeCache.ScanAssembly (4ms)
			BuildScriptInfoCaches (405ms)
			ResolveRequiredComponents (23ms)
	FinalizeReload (2199ms)
		ReleaseScriptCaches (0ms)
		RebuildScriptCaches (0ms)
		SetupLoadedEditorAssemblies (1907ms)
			LogAssemblyErrors (0ms)
			InitializePlatformSupportModulesInManaged (3ms)
			SetLoadedEditorAssemblies (33ms)
			BeforeProcessingInitializeOnLoad (384ms)
			ProcessInitializeOnLoadAttributes (1357ms)
			ProcessInitializeOnLoadMethodAttributes (125ms)
			AfterProcessingInitializeOnLoad (5ms)
			EditorAssembliesLoaded (1ms)
		ExecutionOrderSort2 (0ms)
		AwakeInstancesAfterBackupRestoration (32ms)
Refreshing native plugins compatible for Editor in 1.74 ms, found 3 plugins.
Preloading 0 native plugins for Editor in 0.00 ms.
Unloading 17 Unused Serialized files (Serialized files now loaded: 0)
Unloading 6859 unused Assets / (5.2 MB). Loaded Objects now: 7768.
Memory consumption went from 162.7 MB to 157.5 MB.
Total: 13.703100 ms (FindLiveObjects: 1.081500 ms CreateObjectMapping: 0.988000 ms MarkObjects: 8.079000 ms  DeleteObjects: 3.553400 ms)

Prepare: number of updated asset objects reloaded= 0
========================================================================
Received Prepare
'Packages/com.unity.cinemachine/Editor/Obsolete/CinemachineVirtualCameraBaseEditor.cs' contains partial class of Unity.Object, exactly 1 of the partial classes needs to be in a file with the same filename. This is to know the one that can be referenced from ie. GameObjects
'Packages/com.unity.cinemachine/Editor/Editors/CinemachineVirtualCameraBaseEditor.cs' contains partial class of Unity.Object, exactly 1 of the partial classes needs to be in a file with the same filename. This is to know the one that can be referenced from ie. GameObjects
Refreshing native plugins compatible for Editor in 1.72 ms, found 3 plugins.
Preloading 0 native plugins for Editor in 0.00 ms.
Unloading 17 Unused Serialized files (Serialized files now loaded: 0)
Unloading 6850 unused Assets / (4.3 MB). Loaded Objects now: 7768.
Memory consumption went from 162.5 MB to 158.2 MB.
Total: 13.158000 ms (FindLiveObjects: 1.191600 ms CreateObjectMapping: 0.912300 ms MarkObjects: 8.389600 ms  DeleteObjects: 2.662600 ms)

Prepare: number of updated asset objects reloaded= 0
========================================================================
Received Prepare
Assembly reference Packages/com.unity.cinemachine/Editor/Samples/ExposeHDRPInternals/HDRP-Editor-ref.asmref has no target assembly definition
Assembly reference Packages/com.unity.cinemachine/Editor/Samples/ExposeHDRPInternals/HDRP-Editor-ref.asmref has no target assembly definition
Begin MonoManager ReloadAssembly
[Licensing::Client] Successfully resolved entitlement details
[Licensing::Module] License group:
  Id: F4-C7SA-D7MS-282S-YHFX-XXXX
  Product: Unity Personal
  Type: ULF
  Expiration: Unlimited
[Licensing::Module] License group:
  Id: 10170697332008-UnityPersXXXX
  Product: Unity Personal
  Type: Assigned
  Expiration: Unlimited
Duplicate assembly 'System.Collections.Immutable.FSR.dll' with different versions detected, using 'Assets/FastScriptReload/Plugins/Roslyn/2021+/System.Collections.Immutable.FSR.dll, AssemblyName=System.Collections.Immutable, Version=7.0.0.0, Culture=neutral, PublicKeyToken=b03f5f7f11d50a3a' and ignoring 'Assets/FastScriptReload/Plugins/Roslyn/System.Collections.Immutable.dll, AssemblyName=System.Collections.Immutable, Version=1.2.3.0, Culture=neutral, PublicKeyToken=b03f5f7f11d50a3a'.Duplicate assembly 'System.Collections.Immutable.FSR.dll' with different versions detected, using 'Assets/FastScriptReload/Plugins/Roslyn/2021+/System.Collections.Immutable.FSR.dll, AssemblyName=System.Collections.Immutable, Version=7.0.0.0, Culture=neutral, PublicKeyToken=b03f5f7f11d50a3a' and ignoring 'Assets/FastScriptReload/Plugins/Roslyn/2021+/System.Collections.Immutable.dll, AssemblyName=System.Collections.Immutable, Version=1.2.3.0, Culture=neutral, PublicKeyToken=b03f5f7f11d50a3a'.Duplicate assembly 'Microsoft.CodeAnalysis.CSharp.dll' with different versions detected, using 'Assets/FastScriptReload/Plugins/Roslyn/2021+/Microsoft.CodeAnalysis.CSharp.dll, AssemblyName=Microsoft.CodeAnalysis.CSharp, Version=4.6.0.0, Culture=neutral, PublicKeyToken=31bf3856ad364e35' and ignoring 'Assets/FastScriptReload/Plugins/Roslyn/Microsoft.CodeAnalysis.CSharp.dll, AssemblyName=Microsoft.CodeAnalysis.CSharp, Version=2.10.0.0, Culture=neutral, PublicKeyToken=31bf3856ad364e35'.Duplicate assembly 'System.Reflection.Metadata.dll' with different versions detected, using 'Assets/FastScriptReload/Plugins/Roslyn/2021+/System.Reflection.Metadata.dll, AssemblyName=System.Reflection.Metadata, Version=7.0.0.0, Culture=neutral, PublicKeyToken=b03f5f7f11d50a3a' and ignoring 'Assets/FastScriptReload/Plugins/Roslyn/System.Reflection.Metadata.dll, AssemblyName=System.Reflection.Metadata, Version=1.4.3.0, Culture=neutral, PublicKeyToken=b03f5f7f11d50a3a'.Duplicate assembly 'Microsoft.CodeAnalysis.dll' with different versions detected, using 'Assets/FastScriptReload/Plugins/Roslyn/2021+/Microsoft.CodeAnalysis.dll, AssemblyName=Microsoft.CodeAnalysis, Version=4.6.0.0, Culture=neutral, PublicKeyToken=31bf3856ad364e35' and ignoring 'Assets/FastScriptReload/Plugins/Roslyn/Microsoft.CodeAnalysis.dll, AssemblyName=Microsoft.CodeAnalysis, Version=2.10.0.0, Culture=neutral, PublicKeyToken=31bf3856ad364e35'.- Loaded All Assemblies, in  1.700 seconds
Assembly reference Packages/com.unity.cinemachine/Editor/Samples/ExposeHDRPInternals/HDRP-Editor-ref.asmref has no target assembly definition
'Packages/com.unity.cinemachine/Editor/Obsolete/CinemachineVirtualCameraBaseEditor.cs' contains partial class of Unity.Object, exactly 1 of the partial classes needs to be in a file with the same filename. This is to know the one that can be referenced from ie. GameObjects
'Packages/com.unity.cinemachine/Editor/Editors/CinemachineVirtualCameraBaseEditor.cs' contains partial class of Unity.Object, exactly 1 of the partial classes needs to be in a file with the same filename. This is to know the one that can be referenced from ie. GameObjects
Refreshing native plugins compatible for Editor in 1.62 ms, found 3 plugins.
Native extension for UWP target not found
Native extension for WindowsStandalone target not found
Assembly reference Packages/com.unity.cinemachine/Editor/Samples/ExposeHDRPInternals/HDRP-Editor-ref.asmref has no target assembly definition
[Package Manager] Failed to launch server process. Reason: Unity was launched with the -noUpm command-line argument
[Package Manager] Unable to send message (not connected to server process).
[Package Manager] Cannot connect to Unity Package Manager local server
[Package Manager] Failed to launch server process. Reason: Unity was launched with the -noUpm command-line argument
[Package Manager] Unable to send message (not connected to server process).
[Package Manager] Cannot connect to Unity Package Manager local server
ScheduleIndexationOnStartup MainProcess:False IndexOnStartup:True
Mono: successfully reloaded assembly
- Finished resetting the current domain, in  2.184 seconds
Domain Reload Profiling: 3886ms
	BeginReloadAssembly (421ms)
		ExecutionOrderSort (0ms)
		DisableScriptedObjects (20ms)
		BackupInstance (0ms)
		ReleaseScriptingObjects (0ms)
		CreateAndSetChildDomain (81ms)
	RebuildCommonClasses (64ms)
	RebuildNativeTypeToScriptingClass (24ms)
	initialDomainReloadingComplete (92ms)
	LoadAllAssembliesAndSetupDomain (1100ms)
		LoadAssemblies (818ms)
		RebuildTransferFunctionScriptingTraits (0ms)
		AnalyzeDomain (514ms)
			TypeCache.Refresh (19ms)
				TypeCache.ScanAssembly (3ms)
			BuildScriptInfoCaches (459ms)
			ResolveRequiredComponents (28ms)
	FinalizeReload (2185ms)
		ReleaseScriptCaches (0ms)
		RebuildScriptCaches (0ms)
		SetupLoadedEditorAssemblies (1891ms)
			LogAssemblyErrors (0ms)
			InitializePlatformSupportModulesInManaged (3ms)
			SetLoadedEditorAssemblies (12ms)
			BeforeProcessingInitializeOnLoad (398ms)
			ProcessInitializeOnLoadAttributes (1335ms)
			ProcessInitializeOnLoadMethodAttributes (137ms)
			AfterProcessingInitializeOnLoad (5ms)
			EditorAssembliesLoaded (1ms)
		ExecutionOrderSort2 (0ms)
		AwakeInstancesAfterBackupRestoration (27ms)
Refreshing native plugins compatible for Editor in 1.62 ms, found 3 plugins.
Preloading 0 native plugins for Editor in 0.00 ms.
Unloading 17 Unused Serialized files (Serialized files now loaded: 0)
Unloading 6859 unused Assets / (5.8 MB). Loaded Objects now: 7772.
Memory consumption went from 162.8 MB to 157.0 MB.
Total: 18.176000 ms (FindLiveObjects: 1.138200 ms CreateObjectMapping: 1.348200 ms MarkObjects: 9.969500 ms  DeleteObjects: 5.718400 ms)

Prepare: number of updated asset objects reloaded= 0
========================================================================
Received Prepare
'Packages/com.unity.cinemachine/Editor/Obsolete/CinemachineVirtualCameraBaseEditor.cs' contains partial class of Unity.Object, exactly 1 of the partial classes needs to be in a file with the same filename. This is to know the one that can be referenced from ie. GameObjects
'Packages/com.unity.cinemachine/Editor/Editors/CinemachineVirtualCameraBaseEditor.cs' contains partial class of Unity.Object, exactly 1 of the partial classes needs to be in a file with the same filename. This is to know the one that can be referenced from ie. GameObjects
Refreshing native plugins compatible for Editor in 1.64 ms, found 3 plugins.
Preloading 0 native plugins for Editor in 0.00 ms.
Unloading 17 Unused Serialized files (Serialized files now loaded: 0)
Unloading 6850 unused Assets / (3.8 MB). Loaded Objects now: 7772.
Memory consumption went from 162.5 MB to 158.7 MB.
Total: 14.866100 ms (FindLiveObjects: 1.131100 ms CreateObjectMapping: 0.997600 ms MarkObjects: 9.549700 ms  DeleteObjects: 3.186000 ms)

Prepare: number of updated asset objects reloaded= 0
========================================================================
Received Prepare
Assembly reference Packages/com.unity.cinemachine/Editor/Samples/ExposeHDRPInternals/HDRP-Editor-ref.asmref has no target assembly definition
Assembly reference Packages/com.unity.cinemachine/Editor/Samples/ExposeHDRPInternals/HDRP-Editor-ref.asmref has no target assembly definition
Begin MonoManager ReloadAssembly
[Licensing::Client] Successfully resolved entitlement details
[Licensing::Module] License group:
  Id: F4-C7SA-D7MS-282S-YHFX-XXXX
  Product: Unity Personal
  Type: ULF
  Expiration: Unlimited
[Licensing::Module] License group:
  Id: 10170697332008-UnityPersXXXX
  Product: Unity Personal
  Type: Assigned
  Expiration: Unlimited
Duplicate assembly 'System.Collections.Immutable.FSR.dll' with different versions detected, using 'Assets/FastScriptReload/Plugins/Roslyn/2021+/System.Collections.Immutable.FSR.dll, AssemblyName=System.Collections.Immutable, Version=7.0.0.0, Culture=neutral, PublicKeyToken=b03f5f7f11d50a3a' and ignoring 'Assets/FastScriptReload/Plugins/Roslyn/System.Collections.Immutable.dll, AssemblyName=System.Collections.Immutable, Version=1.2.3.0, Culture=neutral, PublicKeyToken=b03f5f7f11d50a3a'.Duplicate assembly 'System.Collections.Immutable.FSR.dll' with different versions detected, using 'Assets/FastScriptReload/Plugins/Roslyn/2021+/System.Collections.Immutable.FSR.dll, AssemblyName=System.Collections.Immutable, Version=7.0.0.0, Culture=neutral, PublicKeyToken=b03f5f7f11d50a3a' and ignoring 'Assets/FastScriptReload/Plugins/Roslyn/2021+/System.Collections.Immutable.dll, AssemblyName=System.Collections.Immutable, Version=1.2.3.0, Culture=neutral, PublicKeyToken=b03f5f7f11d50a3a'.Duplicate assembly 'Microsoft.CodeAnalysis.CSharp.dll' with different versions detected, using 'Assets/FastScriptReload/Plugins/Roslyn/2021+/Microsoft.CodeAnalysis.CSharp.dll, AssemblyName=Microsoft.CodeAnalysis.CSharp, Version=4.6.0.0, Culture=neutral, PublicKeyToken=31bf3856ad364e35' and ignoring 'Assets/FastScriptReload/Plugins/Roslyn/Microsoft.CodeAnalysis.CSharp.dll, AssemblyName=Microsoft.CodeAnalysis.CSharp, Version=2.10.0.0, Culture=neutral, PublicKeyToken=31bf3856ad364e35'.Duplicate assembly 'System.Reflection.Metadata.dll' with different versions detected, using 'Assets/FastScriptReload/Plugins/Roslyn/2021+/System.Reflection.Metadata.dll, AssemblyName=System.Reflection.Metadata, Version=7.0.0.0, Culture=neutral, PublicKeyToken=b03f5f7f11d50a3a' and ignoring 'Assets/FastScriptReload/Plugins/Roslyn/System.Reflection.Metadata.dll, AssemblyName=System.Reflection.Metadata, Version=1.4.3.0, Culture=neutral, PublicKeyToken=b03f5f7f11d50a3a'.Duplicate assembly 'Microsoft.CodeAnalysis.dll' with different versions detected, using 'Assets/FastScriptReload/Plugins/Roslyn/2021+/Microsoft.CodeAnalysis.dll, AssemblyName=Microsoft.CodeAnalysis, Version=4.6.0.0, Culture=neutral, PublicKeyToken=31bf3856ad364e35' and ignoring 'Assets/FastScriptReload/Plugins/Roslyn/Microsoft.CodeAnalysis.dll, AssemblyName=Microsoft.CodeAnalysis, Version=2.10.0.0, Culture=neutral, PublicKeyToken=31bf3856ad364e35'.- Loaded All Assemblies, in  1.621 seconds
Assembly reference Packages/com.unity.cinemachine/Editor/Samples/ExposeHDRPInternals/HDRP-Editor-ref.asmref has no target assembly definition
'Packages/com.unity.cinemachine/Editor/Obsolete/CinemachineVirtualCameraBaseEditor.cs' contains partial class of Unity.Object, exactly 1 of the partial classes needs to be in a file with the same filename. This is to know the one that can be referenced from ie. GameObjects
'Packages/com.unity.cinemachine/Editor/Editors/CinemachineVirtualCameraBaseEditor.cs' contains partial class of Unity.Object, exactly 1 of the partial classes needs to be in a file with the same filename. This is to know the one that can be referenced from ie. GameObjects
Refreshing native plugins compatible for Editor in 1.53 ms, found 3 plugins.
Native extension for UWP target not found
Native extension for WindowsStandalone target not found
Assembly reference Packages/com.unity.cinemachine/Editor/Samples/ExposeHDRPInternals/HDRP-Editor-ref.asmref has no target assembly definition
[Package Manager] Failed to launch server process. Reason: Unity was launched with the -noUpm command-line argument
[Package Manager] Unable to send message (not connected to server process).
[Package Manager] Cannot connect to Unity Package Manager local server
[Package Manager] Failed to launch server process. Reason: Unity was launched with the -noUpm command-line argument
[Package Manager] Unable to send message (not connected to server process).
[Package Manager] Cannot connect to Unity Package Manager local server
ScheduleIndexationOnStartup MainProcess:False IndexOnStartup:True
Mono: successfully reloaded assembly
- Finished resetting the current domain, in  2.144 seconds
Domain Reload Profiling: 3766ms
	BeginReloadAssembly (388ms)
		ExecutionOrderSort (0ms)
		DisableScriptedObjects (12ms)
		BackupInstance (0ms)
		ReleaseScriptingObjects (0ms)
		CreateAndSetChildDomain (80ms)
	RebuildCommonClasses (62ms)
	RebuildNativeTypeToScriptingClass (27ms)
	initialDomainReloadingComplete (87ms)
	LoadAllAssembliesAndSetupDomain (1057ms)
		LoadAssemblies (771ms)
		RebuildTransferFunctionScriptingTraits (0ms)
		AnalyzeDomain (485ms)
			TypeCache.Refresh (18ms)
				TypeCache.ScanAssembly (3ms)
			BuildScriptInfoCaches (432ms)
			ResolveRequiredComponents (27ms)
	FinalizeReload (2144ms)
		ReleaseScriptCaches (0ms)
		RebuildScriptCaches (0ms)
		SetupLoadedEditorAssemblies (1840ms)
			LogAssemblyErrors (0ms)
			InitializePlatformSupportModulesInManaged (3ms)
			SetLoadedEditorAssemblies (12ms)
			BeforeProcessingInitializeOnLoad (379ms)
			ProcessInitializeOnLoadAttributes (1314ms)
			ProcessInitializeOnLoadMethodAttributes (125ms)
			AfterProcessingInitializeOnLoad (6ms)
			EditorAssembliesLoaded (1ms)
		ExecutionOrderSort2 (0ms)
		AwakeInstancesAfterBackupRestoration (31ms)
Refreshing native plugins compatible for Editor in 1.54 ms, found 3 plugins.
Preloading 0 native plugins for Editor in 0.00 ms.
Unloading 17 Unused Serialized files (Serialized files now loaded: 0)
Unloading 6859 unused Assets / (4.6 MB). Loaded Objects now: 7776.
Memory consumption went from 162.8 MB to 158.2 MB.
Total: 13.824600 ms (FindLiveObjects: 1.126800 ms CreateObjectMapping: 1.112700 ms MarkObjects: 8.325200 ms  DeleteObjects: 3.258300 ms)

Prepare: number of updated asset objects reloaded= 0
========================================================================
Received Prepare
'Packages/com.unity.cinemachine/Editor/Obsolete/CinemachineVirtualCameraBaseEditor.cs' contains partial class of Unity.Object, exactly 1 of the partial classes needs to be in a file with the same filename. This is to know the one that can be referenced from ie. GameObjects
'Packages/com.unity.cinemachine/Editor/Editors/CinemachineVirtualCameraBaseEditor.cs' contains partial class of Unity.Object, exactly 1 of the partial classes needs to be in a file with the same filename. This is to know the one that can be referenced from ie. GameObjects
Refreshing native plugins compatible for Editor in 1.64 ms, found 3 plugins.
Preloading 0 native plugins for Editor in 0.00 ms.
Unloading 17 Unused Serialized files (Serialized files now loaded: 0)
Unloading 6850 unused Assets / (4.4 MB). Loaded Objects now: 7776.
Memory consumption went from 162.6 MB to 158.1 MB.
Total: 12.974300 ms (FindLiveObjects: 1.078800 ms CreateObjectMapping: 0.921800 ms MarkObjects: 8.041500 ms  DeleteObjects: 2.930900 ms)

Prepare: number of updated asset objects reloaded= 0
========================================================================
Received Import Request.
  Time since last request: 2415.725083 seconds.
  path: Assets/_GameFiles/Scripts/Character/CharacterOffense/CharacterAttack.cs
  artifactKey: Guid(30ac26784e7c245408d8c34def436970) Importer(815301076,1909f56bfc062723c751e8b465ee728b)
Start importing Assets/_GameFiles/Scripts/Character/CharacterOffense/CharacterAttack.cs using Guid(30ac26784e7c245408d8c34def436970) Importer(815301076,1909f56bfc062723c751e8b465ee728b) (PreviewImporter) -> (artifact id: 'e34275ce82f399864a98c3e0efb0bfc1') in 0.7802015 seconds
Number of updated asset objects reloaded before import = 0Number of asset objects unloaded after import = 0

========================================================================
Received Prepare
Assembly reference Packages/com.unity.cinemachine/Editor/Samples/ExposeHDRPInternals/HDRP-Editor-ref.asmref has no target assembly definition
Assembly reference Packages/com.unity.cinemachine/Editor/Samples/ExposeHDRPInternals/HDRP-Editor-ref.asmref has no target assembly definition
Begin MonoManager ReloadAssembly
[Licensing::Client] Successfully resolved entitlement details
[Licensing::Module] License group:
  Id: F4-C7SA-D7MS-282S-YHFX-XXXX
  Product: Unity Personal
  Type: ULF
  Expiration: Unlimited
[Licensing::Module] License group:
  Id: 10170697332008-UnityPersXXXX
  Product: Unity Personal
  Type: Assigned
  Expiration: Unlimited
Duplicate assembly 'System.Collections.Immutable.FSR.dll' with different versions detected, using 'Assets/FastScriptReload/Plugins/Roslyn/2021+/System.Collections.Immutable.FSR.dll, AssemblyName=System.Collections.Immutable, Version=7.0.0.0, Culture=neutral, PublicKeyToken=b03f5f7f11d50a3a' and ignoring 'Assets/FastScriptReload/Plugins/Roslyn/System.Collections.Immutable.dll, AssemblyName=System.Collections.Immutable, Version=1.2.3.0, Culture=neutral, PublicKeyToken=b03f5f7f11d50a3a'.Duplicate assembly 'System.Collections.Immutable.FSR.dll' with different versions detected, using 'Assets/FastScriptReload/Plugins/Roslyn/2021+/System.Collections.Immutable.FSR.dll, AssemblyName=System.Collections.Immutable, Version=7.0.0.0, Culture=neutral, PublicKeyToken=b03f5f7f11d50a3a' and ignoring 'Assets/FastScriptReload/Plugins/Roslyn/2021+/System.Collections.Immutable.dll, AssemblyName=System.Collections.Immutable, Version=1.2.3.0, Culture=neutral, PublicKeyToken=b03f5f7f11d50a3a'.Duplicate assembly 'Microsoft.CodeAnalysis.CSharp.dll' with different versions detected, using 'Assets/FastScriptReload/Plugins/Roslyn/2021+/Microsoft.CodeAnalysis.CSharp.dll, AssemblyName=Microsoft.CodeAnalysis.CSharp, Version=4.6.0.0, Culture=neutral, PublicKeyToken=31bf3856ad364e35' and ignoring 'Assets/FastScriptReload/Plugins/Roslyn/Microsoft.CodeAnalysis.CSharp.dll, AssemblyName=Microsoft.CodeAnalysis.CSharp, Version=2.10.0.0, Culture=neutral, PublicKeyToken=31bf3856ad364e35'.Duplicate assembly 'System.Reflection.Metadata.dll' with different versions detected, using 'Assets/FastScriptReload/Plugins/Roslyn/2021+/System.Reflection.Metadata.dll, AssemblyName=System.Reflection.Metadata, Version=7.0.0.0, Culture=neutral, PublicKeyToken=b03f5f7f11d50a3a' and ignoring 'Assets/FastScriptReload/Plugins/Roslyn/System.Reflection.Metadata.dll, AssemblyName=System.Reflection.Metadata, Version=1.4.3.0, Culture=neutral, PublicKeyToken=b03f5f7f11d50a3a'.Duplicate assembly 'Microsoft.CodeAnalysis.dll' with different versions detected, using 'Assets/FastScriptReload/Plugins/Roslyn/2021+/Microsoft.CodeAnalysis.dll, AssemblyName=Microsoft.CodeAnalysis, Version=4.6.0.0, Culture=neutral, PublicKeyToken=31bf3856ad364e35' and ignoring 'Assets/FastScriptReload/Plugins/Roslyn/Microsoft.CodeAnalysis.dll, AssemblyName=Microsoft.CodeAnalysis, Version=2.10.0.0, Culture=neutral, PublicKeyToken=31bf3856ad364e35'.- Loaded All Assemblies, in  1.770 seconds
Assembly reference Packages/com.unity.cinemachine/Editor/Samples/ExposeHDRPInternals/HDRP-Editor-ref.asmref has no target assembly definition
'Packages/com.unity.cinemachine/Editor/Obsolete/CinemachineVirtualCameraBaseEditor.cs' contains partial class of Unity.Object, exactly 1 of the partial classes needs to be in a file with the same filename. This is to know the one that can be referenced from ie. GameObjects
'Packages/com.unity.cinemachine/Editor/Editors/CinemachineVirtualCameraBaseEditor.cs' contains partial class of Unity.Object, exactly 1 of the partial classes needs to be in a file with the same filename. This is to know the one that can be referenced from ie. GameObjects
Refreshing native plugins compatible for Editor in 1.52 ms, found 3 plugins.
Native extension for UWP target not found
Native extension for WindowsStandalone target not found
Assembly reference Packages/com.unity.cinemachine/Editor/Samples/ExposeHDRPInternals/HDRP-Editor-ref.asmref has no target assembly definition
[Package Manager] Failed to launch server process. Reason: Unity was launched with the -noUpm command-line argument
[Package Manager] Unable to send message (not connected to server process).
[Package Manager] Cannot connect to Unity Package Manager local server
[Package Manager] Failed to launch server process. Reason: Unity was launched with the -noUpm command-line argument
[Package Manager] Unable to send message (not connected to server process).
[Package Manager] Cannot connect to Unity Package Manager local server
ScheduleIndexationOnStartup MainProcess:False IndexOnStartup:True
Mono: successfully reloaded assembly
- Finished resetting the current domain, in  2.154 seconds
Domain Reload Profiling: 3927ms
	BeginReloadAssembly (479ms)
		ExecutionOrderSort (0ms)
		DisableScriptedObjects (12ms)
		BackupInstance (0ms)
		ReleaseScriptingObjects (0ms)
		CreateAndSetChildDomain (144ms)
	RebuildCommonClasses (69ms)
	RebuildNativeTypeToScriptingClass (32ms)
	initialDomainReloadingComplete (94ms)
	LoadAllAssembliesAndSetupDomain (1099ms)
		LoadAssemblies (851ms)
		RebuildTransferFunctionScriptingTraits (0ms)
		AnalyzeDomain (462ms)
			TypeCache.Refresh (19ms)
				TypeCache.ScanAssembly (4ms)
			BuildScriptInfoCaches (410ms)
			ResolveRequiredComponents (25ms)
	FinalizeReload (2155ms)
		ReleaseScriptCaches (0ms)
		RebuildScriptCaches (0ms)
		SetupLoadedEditorAssemblies (1871ms)
			LogAssemblyErrors (0ms)
			InitializePlatformSupportModulesInManaged (3ms)
			SetLoadedEditorAssemblies (11ms)
			BeforeProcessingInitializeOnLoad (387ms)
			ProcessInitializeOnLoadAttributes (1340ms)
			ProcessInitializeOnLoadMethodAttributes (125ms)
			AfterProcessingInitializeOnLoad (5ms)
			EditorAssembliesLoaded (1ms)
		ExecutionOrderSort2 (0ms)
		AwakeInstancesAfterBackupRestoration (28ms)
Refreshing native plugins compatible for Editor in 1.66 ms, found 3 plugins.
Preloading 0 native plugins for Editor in 0.00 ms.
Unloading 17 Unused Serialized files (Serialized files now loaded: 0)
Unloading 6859 unused Assets / (5.0 MB). Loaded Objects now: 7780.
Memory consumption went from 162.9 MB to 157.9 MB.
Total: 14.905700 ms (FindLiveObjects: 1.134900 ms CreateObjectMapping: 1.202400 ms MarkObjects: 8.885700 ms  DeleteObjects: 3.681200 ms)

Prepare: number of updated asset objects reloaded= 0
========================================================================
Received Prepare
'Packages/com.unity.cinemachine/Editor/Obsolete/CinemachineVirtualCameraBaseEditor.cs' contains partial class of Unity.Object, exactly 1 of the partial classes needs to be in a file with the same filename. This is to know the one that can be referenced from ie. GameObjects
'Packages/com.unity.cinemachine/Editor/Editors/CinemachineVirtualCameraBaseEditor.cs' contains partial class of Unity.Object, exactly 1 of the partial classes needs to be in a file with the same filename. This is to know the one that can be referenced from ie. GameObjects
Refreshing native plugins compatible for Editor in 1.52 ms, found 3 plugins.
Preloading 0 native plugins for Editor in 0.00 ms.
Unloading 17 Unused Serialized files (Serialized files now loaded: 0)
Unloading 6850 unused Assets / (4.5 MB). Loaded Objects now: 7780.
Memory consumption went from 162.6 MB to 158.1 MB.
Total: 16.529000 ms (FindLiveObjects: 1.101000 ms CreateObjectMapping: 0.673600 ms MarkObjects: 9.188200 ms  DeleteObjects: 5.564700 ms)

Prepare: number of updated asset objects reloaded= 0
========================================================================
Received Prepare
Assembly reference Packages/com.unity.cinemachine/Editor/Samples/ExposeHDRPInternals/HDRP-Editor-ref.asmref has no target assembly definition
Assembly reference Packages/com.unity.cinemachine/Editor/Samples/ExposeHDRPInternals/HDRP-Editor-ref.asmref has no target assembly definition
Begin MonoManager ReloadAssembly
[Licensing::Client] Successfully resolved entitlement details
[Licensing::Module] License group:
  Id: F4-C7SA-D7MS-282S-YHFX-XXXX
  Product: Unity Personal
  Type: ULF
  Expiration: Unlimited
[Licensing::Module] License group:
  Id: 10170697332008-UnityPersXXXX
  Product: Unity Personal
  Type: Assigned
  Expiration: Unlimited
Duplicate assembly 'System.Collections.Immutable.FSR.dll' with different versions detected, using 'Assets/FastScriptReload/Plugins/Roslyn/2021+/System.Collections.Immutable.FSR.dll, AssemblyName=System.Collections.Immutable, Version=7.0.0.0, Culture=neutral, PublicKeyToken=b03f5f7f11d50a3a' and ignoring 'Assets/FastScriptReload/Plugins/Roslyn/System.Collections.Immutable.dll, AssemblyName=System.Collections.Immutable, Version=1.2.3.0, Culture=neutral, PublicKeyToken=b03f5f7f11d50a3a'.Duplicate assembly 'System.Collections.Immutable.FSR.dll' with different versions detected, using 'Assets/FastScriptReload/Plugins/Roslyn/2021+/System.Collections.Immutable.FSR.dll, AssemblyName=System.Collections.Immutable, Version=7.0.0.0, Culture=neutral, PublicKeyToken=b03f5f7f11d50a3a' and ignoring 'Assets/FastScriptReload/Plugins/Roslyn/2021+/System.Collections.Immutable.dll, AssemblyName=System.Collections.Immutable, Version=1.2.3.0, Culture=neutral, PublicKeyToken=b03f5f7f11d50a3a'.Duplicate assembly 'Microsoft.CodeAnalysis.CSharp.dll' with different versions detected, using 'Assets/FastScriptReload/Plugins/Roslyn/2021+/Microsoft.CodeAnalysis.CSharp.dll, AssemblyName=Microsoft.CodeAnalysis.CSharp, Version=4.6.0.0, Culture=neutral, PublicKeyToken=31bf3856ad364e35' and ignoring 'Assets/FastScriptReload/Plugins/Roslyn/Microsoft.CodeAnalysis.CSharp.dll, AssemblyName=Microsoft.CodeAnalysis.CSharp, Version=2.10.0.0, Culture=neutral, PublicKeyToken=31bf3856ad364e35'.Duplicate assembly 'System.Reflection.Metadata.dll' with different versions detected, using 'Assets/FastScriptReload/Plugins/Roslyn/2021+/System.Reflection.Metadata.dll, AssemblyName=System.Reflection.Metadata, Version=7.0.0.0, Culture=neutral, PublicKeyToken=b03f5f7f11d50a3a' and ignoring 'Assets/FastScriptReload/Plugins/Roslyn/System.Reflection.Metadata.dll, AssemblyName=System.Reflection.Metadata, Version=1.4.3.0, Culture=neutral, PublicKeyToken=b03f5f7f11d50a3a'.Duplicate assembly 'Microsoft.CodeAnalysis.dll' with different versions detected, using 'Assets/FastScriptReload/Plugins/Roslyn/2021+/Microsoft.CodeAnalysis.dll, AssemblyName=Microsoft.CodeAnalysis, Version=4.6.0.0, Culture=neutral, PublicKeyToken=31bf3856ad364e35' and ignoring 'Assets/FastScriptReload/Plugins/Roslyn/Microsoft.CodeAnalysis.dll, AssemblyName=Microsoft.CodeAnalysis, Version=2.10.0.0, Culture=neutral, PublicKeyToken=31bf3856ad364e35'.- Loaded All Assemblies, in  1.656 seconds
Assembly reference Packages/com.unity.cinemachine/Editor/Samples/ExposeHDRPInternals/HDRP-Editor-ref.asmref has no target assembly definition
'Packages/com.unity.cinemachine/Editor/Obsolete/CinemachineVirtualCameraBaseEditor.cs' contains partial class of Unity.Object, exactly 1 of the partial classes needs to be in a file with the same filename. This is to know the one that can be referenced from ie. GameObjects
'Packages/com.unity.cinemachine/Editor/Editors/CinemachineVirtualCameraBaseEditor.cs' contains partial class of Unity.Object, exactly 1 of the partial classes needs to be in a file with the same filename. This is to know the one that can be referenced from ie. GameObjects
Refreshing native plugins compatible for Editor in 1.71 ms, found 3 plugins.
Native extension for UWP target not found
Native extension for WindowsStandalone target not found
Assembly reference Packages/com.unity.cinemachine/Editor/Samples/ExposeHDRPInternals/HDRP-Editor-ref.asmref has no target assembly definition
[Package Manager] Failed to launch server process. Reason: Unity was launched with the -noUpm command-line argument
[Package Manager] Unable to send message (not connected to server process).
[Package Manager] Cannot connect to Unity Package Manager local server
[Package Manager] Failed to launch server process. Reason: Unity was launched with the -noUpm command-line argument
[Package Manager] Unable to send message (not connected to server process).
[Package Manager] Cannot connect to Unity Package Manager local server
ScheduleIndexationOnStartup MainProcess:False IndexOnStartup:True
Mono: successfully reloaded assembly
- Finished resetting the current domain, in  2.155 seconds
Domain Reload Profiling: 3813ms
	BeginReloadAssembly (421ms)
		ExecutionOrderSort (0ms)
		DisableScriptedObjects (12ms)
		BackupInstance (0ms)
		ReleaseScriptingObjects (0ms)
		CreateAndSetChildDomain (92ms)
	RebuildCommonClasses (63ms)
	RebuildNativeTypeToScriptingClass (26ms)
	initialDomainReloadingComplete (88ms)
	LoadAllAssembliesAndSetupDomain (1061ms)
		LoadAssemblies (797ms)
		RebuildTransferFunctionScriptingTraits (0ms)
		AnalyzeDomain (467ms)
			TypeCache.Refresh (17ms)
				TypeCache.ScanAssembly (3ms)
			BuildScriptInfoCaches (420ms)
			ResolveRequiredComponents (22ms)
	FinalizeReload (2155ms)
		ReleaseScriptCaches (0ms)
		RebuildScriptCaches (0ms)
		SetupLoadedEditorAssemblies (1854ms)
			LogAssemblyErrors (0ms)
			InitializePlatformSupportModulesInManaged (3ms)
			SetLoadedEditorAssemblies (12ms)
			BeforeProcessingInitializeOnLoad (418ms)
			ProcessInitializeOnLoadAttributes (1298ms)
			ProcessInitializeOnLoadMethodAttributes (119ms)
			AfterProcessingInitializeOnLoad (5ms)
			EditorAssembliesLoaded (1ms)
		ExecutionOrderSort2 (0ms)
		AwakeInstancesAfterBackupRestoration (28ms)
Refreshing native plugins compatible for Editor in 1.64 ms, found 3 plugins.
Preloading 0 native plugins for Editor in 0.00 ms.
Unloading 17 Unused Serialized files (Serialized files now loaded: 0)
Unloading 6859 unused Assets / (5.0 MB). Loaded Objects now: 7784.
Memory consumption went from 162.9 MB to 157.9 MB.
Total: 13.442400 ms (FindLiveObjects: 1.066100 ms CreateObjectMapping: 0.492200 ms MarkObjects: 8.073500 ms  DeleteObjects: 3.809100 ms)

Prepare: number of updated asset objects reloaded= 0
========================================================================
Received Prepare
'Packages/com.unity.cinemachine/Editor/Obsolete/CinemachineVirtualCameraBaseEditor.cs' contains partial class of Unity.Object, exactly 1 of the partial classes needs to be in a file with the same filename. This is to know the one that can be referenced from ie. GameObjects
'Packages/com.unity.cinemachine/Editor/Editors/CinemachineVirtualCameraBaseEditor.cs' contains partial class of Unity.Object, exactly 1 of the partial classes needs to be in a file with the same filename. This is to know the one that can be referenced from ie. GameObjects
Refreshing native plugins compatible for Editor in 1.69 ms, found 3 plugins.
Preloading 0 native plugins for Editor in 0.00 ms.
Unloading 17 Unused Serialized files (Serialized files now loaded: 0)
Unloading 6850 unused Assets / (4.6 MB). Loaded Objects now: 7784.
Memory consumption went from 162.7 MB to 158.1 MB.
Total: 16.886700 ms (FindLiveObjects: 1.188400 ms CreateObjectMapping: 0.971100 ms MarkObjects: 10.905000 ms  DeleteObjects: 3.820300 ms)

Prepare: number of updated asset objects reloaded= 0
========================================================================
Received Prepare
Assembly reference Packages/com.unity.cinemachine/Editor/Samples/ExposeHDRPInternals/HDRP-Editor-ref.asmref has no target assembly definition
Assembly reference Packages/com.unity.cinemachine/Editor/Samples/ExposeHDRPInternals/HDRP-Editor-ref.asmref has no target assembly definition
Begin MonoManager ReloadAssembly
[Licensing::Client] Successfully resolved entitlement details
[Licensing::Module] License group:
  Id: F4-C7SA-D7MS-282S-YHFX-XXXX
  Product: Unity Personal
  Type: ULF
  Expiration: Unlimited
[Licensing::Module] License group:
  Id: 10170697332008-UnityPersXXXX
  Product: Unity Personal
  Type: Assigned
  Expiration: Unlimited
Duplicate assembly 'System.Collections.Immutable.FSR.dll' with different versions detected, using 'Assets/FastScriptReload/Plugins/Roslyn/2021+/System.Collections.Immutable.FSR.dll, AssemblyName=System.Collections.Immutable, Version=7.0.0.0, Culture=neutral, PublicKeyToken=b03f5f7f11d50a3a' and ignoring 'Assets/FastScriptReload/Plugins/Roslyn/System.Collections.Immutable.dll, AssemblyName=System.Collections.Immutable, Version=1.2.3.0, Culture=neutral, PublicKeyToken=b03f5f7f11d50a3a'.Duplicate assembly 'System.Collections.Immutable.FSR.dll' with different versions detected, using 'Assets/FastScriptReload/Plugins/Roslyn/2021+/System.Collections.Immutable.FSR.dll, AssemblyName=System.Collections.Immutable, Version=7.0.0.0, Culture=neutral, PublicKeyToken=b03f5f7f11d50a3a' and ignoring 'Assets/FastScriptReload/Plugins/Roslyn/2021+/System.Collections.Immutable.dll, AssemblyName=System.Collections.Immutable, Version=1.2.3.0, Culture=neutral, PublicKeyToken=b03f5f7f11d50a3a'.Duplicate assembly 'Microsoft.CodeAnalysis.CSharp.dll' with different versions detected, using 'Assets/FastScriptReload/Plugins/Roslyn/2021+/Microsoft.CodeAnalysis.CSharp.dll, AssemblyName=Microsoft.CodeAnalysis.CSharp, Version=4.6.0.0, Culture=neutral, PublicKeyToken=31bf3856ad364e35' and ignoring 'Assets/FastScriptReload/Plugins/Roslyn/Microsoft.CodeAnalysis.CSharp.dll, AssemblyName=Microsoft.CodeAnalysis.CSharp, Version=2.10.0.0, Culture=neutral, PublicKeyToken=31bf3856ad364e35'.Duplicate assembly 'System.Reflection.Metadata.dll' with different versions detected, using 'Assets/FastScriptReload/Plugins/Roslyn/2021+/System.Reflection.Metadata.dll, AssemblyName=System.Reflection.Metadata, Version=7.0.0.0, Culture=neutral, PublicKeyToken=b03f5f7f11d50a3a' and ignoring 'Assets/FastScriptReload/Plugins/Roslyn/System.Reflection.Metadata.dll, AssemblyName=System.Reflection.Metadata, Version=1.4.3.0, Culture=neutral, PublicKeyToken=b03f5f7f11d50a3a'.Duplicate assembly 'Microsoft.CodeAnalysis.dll' with different versions detected, using 'Assets/FastScriptReload/Plugins/Roslyn/2021+/Microsoft.CodeAnalysis.dll, AssemblyName=Microsoft.CodeAnalysis, Version=4.6.0.0, Culture=neutral, PublicKeyToken=31bf3856ad364e35' and ignoring 'Assets/FastScriptReload/Plugins/Roslyn/Microsoft.CodeAnalysis.dll, AssemblyName=Microsoft.CodeAnalysis, Version=2.10.0.0, Culture=neutral, PublicKeyToken=31bf3856ad364e35'.- Loaded All Assemblies, in  1.726 seconds
Assembly reference Packages/com.unity.cinemachine/Editor/Samples/ExposeHDRPInternals/HDRP-Editor-ref.asmref has no target assembly definition
'Packages/com.unity.cinemachine/Editor/Obsolete/CinemachineVirtualCameraBaseEditor.cs' contains partial class of Unity.Object, exactly 1 of the partial classes needs to be in a file with the same filename. This is to know the one that can be referenced from ie. GameObjects
'Packages/com.unity.cinemachine/Editor/Editors/CinemachineVirtualCameraBaseEditor.cs' contains partial class of Unity.Object, exactly 1 of the partial classes needs to be in a file with the same filename. This is to know the one that can be referenced from ie. GameObjects
Refreshing native plugins compatible for Editor in 1.57 ms, found 3 plugins.
Native extension for UWP target not found
Native extension for WindowsStandalone target not found
Assembly reference Packages/com.unity.cinemachine/Editor/Samples/ExposeHDRPInternals/HDRP-Editor-ref.asmref has no target assembly definition
[Package Manager] Failed to launch server process. Reason: Unity was launched with the -noUpm command-line argument
[Package Manager] Unable to send message (not connected to server process).
[Package Manager] Cannot connect to Unity Package Manager local server
[Package Manager] Failed to launch server process. Reason: Unity was launched with the -noUpm command-line argument
[Package Manager] Unable to send message (not connected to server process).
[Package Manager] Cannot connect to Unity Package Manager local server
ScheduleIndexationOnStartup MainProcess:False IndexOnStartup:True
Mono: successfully reloaded assembly
- Finished resetting the current domain, in  2.098 seconds
Domain Reload Profiling: 3826ms
	BeginReloadAssembly (435ms)
		ExecutionOrderSort (0ms)
		DisableScriptedObjects (12ms)
		BackupInstance (0ms)
		ReleaseScriptingObjects (0ms)
		CreateAndSetChildDomain (100ms)
	RebuildCommonClasses (66ms)
	RebuildNativeTypeToScriptingClass (30ms)
	initialDomainReloadingComplete (93ms)
	LoadAllAssembliesAndSetupDomain (1104ms)
		LoadAssemblies (820ms)
		RebuildTransferFunctionScriptingTraits (0ms)
		AnalyzeDomain (498ms)
			TypeCache.Refresh (18ms)
				TypeCache.ScanAssembly (3ms)
			BuildScriptInfoCaches (449ms)
			ResolveRequiredComponents (24ms)
	FinalizeReload (2099ms)
		ReleaseScriptCaches (0ms)
		RebuildScriptCaches (0ms)
		SetupLoadedEditorAssemblies (1804ms)
			LogAssemblyErrors (0ms)
			InitializePlatformSupportModulesInManaged (3ms)
			SetLoadedEditorAssemblies (13ms)
			BeforeProcessingInitializeOnLoad (384ms)
			ProcessInitializeOnLoadAttributes (1282ms)
			ProcessInitializeOnLoadMethodAttributes (116ms)
			AfterProcessingInitializeOnLoad (5ms)
			EditorAssembliesLoaded (1ms)
		ExecutionOrderSort2 (0ms)
		AwakeInstancesAfterBackupRestoration (30ms)
Refreshing native plugins compatible for Editor in 2.06 ms, found 3 plugins.
Preloading 0 native plugins for Editor in 0.00 ms.
Unloading 17 Unused Serialized files (Serialized files now loaded: 0)
Unloading 6859 unused Assets / (5.2 MB). Loaded Objects now: 7788.
Memory consumption went from 163.0 MB to 157.8 MB.
Total: 14.960900 ms (FindLiveObjects: 1.145800 ms CreateObjectMapping: 0.866200 ms MarkObjects: 8.876500 ms  DeleteObjects: 4.070800 ms)

Prepare: number of updated asset objects reloaded= 0
========================================================================
Received Prepare
'Packages/com.unity.cinemachine/Editor/Obsolete/CinemachineVirtualCameraBaseEditor.cs' contains partial class of Unity.Object, exactly 1 of the partial classes needs to be in a file with the same filename. This is to know the one that can be referenced from ie. GameObjects
'Packages/com.unity.cinemachine/Editor/Editors/CinemachineVirtualCameraBaseEditor.cs' contains partial class of Unity.Object, exactly 1 of the partial classes needs to be in a file with the same filename. This is to know the one that can be referenced from ie. GameObjects
Refreshing native plugins compatible for Editor in 1.94 ms, found 3 plugins.
Preloading 0 native plugins for Editor in 0.00 ms.
Unloading 17 Unused Serialized files (Serialized files now loaded: 0)
Unloading 6850 unused Assets / (4.4 MB). Loaded Objects now: 7788.
Memory consumption went from 162.7 MB to 158.3 MB.
Total: 16.232600 ms (FindLiveObjects: 1.179000 ms CreateObjectMapping: 1.006200 ms MarkObjects: 9.480700 ms  DeleteObjects: 4.563700 ms)

Prepare: number of updated asset objects reloaded= 0
========================================================================
Received Prepare
Assembly reference Packages/com.unity.cinemachine/Editor/Samples/ExposeHDRPInternals/HDRP-Editor-ref.asmref has no target assembly definition
Assembly reference Packages/com.unity.cinemachine/Editor/Samples/ExposeHDRPInternals/HDRP-Editor-ref.asmref has no target assembly definition
Begin MonoManager ReloadAssembly
[Licensing::Client] Successfully resolved entitlement details
[Licensing::Module] License group:
  Id: F4-C7SA-D7MS-282S-YHFX-XXXX
  Product: Unity Personal
  Type: ULF
  Expiration: Unlimited
[Licensing::Module] License group:
  Id: 10170697332008-UnityPersXXXX
  Product: Unity Personal
  Type: Assigned
  Expiration: Unlimited
Duplicate assembly 'System.Collections.Immutable.FSR.dll' with different versions detected, using 'Assets/FastScriptReload/Plugins/Roslyn/2021+/System.Collections.Immutable.FSR.dll, AssemblyName=System.Collections.Immutable, Version=7.0.0.0, Culture=neutral, PublicKeyToken=b03f5f7f11d50a3a' and ignoring 'Assets/FastScriptReload/Plugins/Roslyn/System.Collections.Immutable.dll, AssemblyName=System.Collections.Immutable, Version=1.2.3.0, Culture=neutral, PublicKeyToken=b03f5f7f11d50a3a'.Duplicate assembly 'System.Collections.Immutable.FSR.dll' with different versions detected, using 'Assets/FastScriptReload/Plugins/Roslyn/2021+/System.Collections.Immutable.FSR.dll, AssemblyName=System.Collections.Immutable, Version=7.0.0.0, Culture=neutral, PublicKeyToken=b03f5f7f11d50a3a' and ignoring 'Assets/FastScriptReload/Plugins/Roslyn/2021+/System.Collections.Immutable.dll, AssemblyName=System.Collections.Immutable, Version=1.2.3.0, Culture=neutral, PublicKeyToken=b03f5f7f11d50a3a'.Duplicate assembly 'Microsoft.CodeAnalysis.CSharp.dll' with different versions detected, using 'Assets/FastScriptReload/Plugins/Roslyn/2021+/Microsoft.CodeAnalysis.CSharp.dll, AssemblyName=Microsoft.CodeAnalysis.CSharp, Version=4.6.0.0, Culture=neutral, PublicKeyToken=31bf3856ad364e35' and ignoring 'Assets/FastScriptReload/Plugins/Roslyn/Microsoft.CodeAnalysis.CSharp.dll, AssemblyName=Microsoft.CodeAnalysis.CSharp, Version=2.10.0.0, Culture=neutral, PublicKeyToken=31bf3856ad364e35'.Duplicate assembly 'System.Reflection.Metadata.dll' with different versions detected, using 'Assets/FastScriptReload/Plugins/Roslyn/2021+/System.Reflection.Metadata.dll, AssemblyName=System.Reflection.Metadata, Version=7.0.0.0, Culture=neutral, PublicKeyToken=b03f5f7f11d50a3a' and ignoring 'Assets/FastScriptReload/Plugins/Roslyn/System.Reflection.Metadata.dll, AssemblyName=System.Reflection.Metadata, Version=1.4.3.0, Culture=neutral, PublicKeyToken=b03f5f7f11d50a3a'.Duplicate assembly 'Microsoft.CodeAnalysis.dll' with different versions detected, using 'Assets/FastScriptReload/Plugins/Roslyn/2021+/Microsoft.CodeAnalysis.dll, AssemblyName=Microsoft.CodeAnalysis, Version=4.6.0.0, Culture=neutral, PublicKeyToken=31bf3856ad364e35' and ignoring 'Assets/FastScriptReload/Plugins/Roslyn/Microsoft.CodeAnalysis.dll, AssemblyName=Microsoft.CodeAnalysis, Version=2.10.0.0, Culture=neutral, PublicKeyToken=31bf3856ad364e35'.- Loaded All Assemblies, in  1.658 seconds
Assembly reference Packages/com.unity.cinemachine/Editor/Samples/ExposeHDRPInternals/HDRP-Editor-ref.asmref has no target assembly definition
'Packages/com.unity.cinemachine/Editor/Obsolete/CinemachineVirtualCameraBaseEditor.cs' contains partial class of Unity.Object, exactly 1 of the partial classes needs to be in a file with the same filename. This is to know the one that can be referenced from ie. GameObjects
'Packages/com.unity.cinemachine/Editor/Editors/CinemachineVirtualCameraBaseEditor.cs' contains partial class of Unity.Object, exactly 1 of the partial classes needs to be in a file with the same filename. This is to know the one that can be referenced from ie. GameObjects
Refreshing native plugins compatible for Editor in 2.20 ms, found 3 plugins.
Native extension for UWP target not found
Native extension for WindowsStandalone target not found
Assembly reference Packages/com.unity.cinemachine/Editor/Samples/ExposeHDRPInternals/HDRP-Editor-ref.asmref has no target assembly definition
[Package Manager] Failed to launch server process. Reason: Unity was launched with the -noUpm command-line argument
[Package Manager] Unable to send message (not connected to server process).
[Package Manager] Cannot connect to Unity Package Manager local server
[Package Manager] Failed to launch server process. Reason: Unity was launched with the -noUpm command-line argument
[Package Manager] Unable to send message (not connected to server process).
[Package Manager] Cannot connect to Unity Package Manager local server
ScheduleIndexationOnStartup MainProcess:False IndexOnStartup:True
Mono: successfully reloaded assembly
- Finished resetting the current domain, in  2.231 seconds
Domain Reload Profiling: 3892ms
	BeginReloadAssembly (386ms)
		ExecutionOrderSort (0ms)
		DisableScriptedObjects (12ms)
		BackupInstance (0ms)
		ReleaseScriptingObjects (0ms)
		CreateAndSetChildDomain (86ms)
	RebuildCommonClasses (66ms)
	RebuildNativeTypeToScriptingClass (24ms)
	initialDomainReloadingComplete (94ms)
	LoadAllAssembliesAndSetupDomain (1090ms)
		LoadAssemblies (808ms)
		RebuildTransferFunctionScriptingTraits (0ms)
		AnalyzeDomain (488ms)
			TypeCache.Refresh (18ms)
				TypeCache.ScanAssembly (4ms)
			BuildScriptInfoCaches (442ms)
			ResolveRequiredComponents (21ms)
	FinalizeReload (2232ms)
		ReleaseScriptCaches (0ms)
		RebuildScriptCaches (0ms)
		SetupLoadedEditorAssemblies (1937ms)
			LogAssemblyErrors (0ms)
			InitializePlatformSupportModulesInManaged (3ms)
			SetLoadedEditorAssemblies (12ms)
			BeforeProcessingInitializeOnLoad (472ms)
			ProcessInitializeOnLoadAttributes (1314ms)
			ProcessInitializeOnLoadMethodAttributes (131ms)
			AfterProcessingInitializeOnLoad (5ms)
			EditorAssembliesLoaded (1ms)
		ExecutionOrderSort2 (0ms)
		AwakeInstancesAfterBackupRestoration (30ms)
Refreshing native plugins compatible for Editor in 1.51 ms, found 3 plugins.
Preloading 0 native plugins for Editor in 0.00 ms.
Unloading 17 Unused Serialized files (Serialized files now loaded: 0)
Unloading 6859 unused Assets / (5.1 MB). Loaded Objects now: 7792.
Memory consumption went from 163.0 MB to 158.0 MB.
Total: 13.407600 ms (FindLiveObjects: 1.076500 ms CreateObjectMapping: 0.606000 ms MarkObjects: 7.750800 ms  DeleteObjects: 3.972800 ms)

Prepare: number of updated asset objects reloaded= 0
========================================================================
Received Prepare
'Packages/com.unity.cinemachine/Editor/Obsolete/CinemachineVirtualCameraBaseEditor.cs' contains partial class of Unity.Object, exactly 1 of the partial classes needs to be in a file with the same filename. This is to know the one that can be referenced from ie. GameObjects
'Packages/com.unity.cinemachine/Editor/Editors/CinemachineVirtualCameraBaseEditor.cs' contains partial class of Unity.Object, exactly 1 of the partial classes needs to be in a file with the same filename. This is to know the one that can be referenced from ie. GameObjects
Refreshing native plugins compatible for Editor in 1.64 ms, found 3 plugins.
Preloading 0 native plugins for Editor in 0.00 ms.
Unloading 17 Unused Serialized files (Serialized files now loaded: 0)
Unloading 6850 unused Assets / (4.4 MB). Loaded Objects now: 7792.
Memory consumption went from 162.8 MB to 158.4 MB.
Total: 14.053800 ms (FindLiveObjects: 1.073500 ms CreateObjectMapping: 0.598000 ms MarkObjects: 9.298100 ms  DeleteObjects: 3.082600 ms)

Prepare: number of updated asset objects reloaded= 0
========================================================================
Received Prepare
Assembly reference Packages/com.unity.cinemachine/Editor/Samples/ExposeHDRPInternals/HDRP-Editor-ref.asmref has no target assembly definition
Assembly reference Packages/com.unity.cinemachine/Editor/Samples/ExposeHDRPInternals/HDRP-Editor-ref.asmref has no target assembly definition
Begin MonoManager ReloadAssembly
[Licensing::Client] Successfully resolved entitlement details
[Licensing::Module] License group:
  Id: F4-C7SA-D7MS-282S-YHFX-XXXX
  Product: Unity Personal
  Type: ULF
  Expiration: Unlimited
[Licensing::Module] License group:
  Id: 10170697332008-UnityPersXXXX
  Product: Unity Personal
  Type: Assigned
  Expiration: Unlimited
Duplicate assembly 'System.Collections.Immutable.FSR.dll' with different versions detected, using 'Assets/FastScriptReload/Plugins/Roslyn/2021+/System.Collections.Immutable.FSR.dll, AssemblyName=System.Collections.Immutable, Version=7.0.0.0, Culture=neutral, PublicKeyToken=b03f5f7f11d50a3a' and ignoring 'Assets/FastScriptReload/Plugins/Roslyn/System.Collections.Immutable.dll, AssemblyName=System.Collections.Immutable, Version=1.2.3.0, Culture=neutral, PublicKeyToken=b03f5f7f11d50a3a'.Duplicate assembly 'System.Collections.Immutable.FSR.dll' with different versions detected, using 'Assets/FastScriptReload/Plugins/Roslyn/2021+/System.Collections.Immutable.FSR.dll, AssemblyName=System.Collections.Immutable, Version=7.0.0.0, Culture=neutral, PublicKeyToken=b03f5f7f11d50a3a' and ignoring 'Assets/FastScriptReload/Plugins/Roslyn/2021+/System.Collections.Immutable.dll, AssemblyName=System.Collections.Immutable, Version=1.2.3.0, Culture=neutral, PublicKeyToken=b03f5f7f11d50a3a'.Duplicate assembly 'Microsoft.CodeAnalysis.CSharp.dll' with different versions detected, using 'Assets/FastScriptReload/Plugins/Roslyn/2021+/Microsoft.CodeAnalysis.CSharp.dll, AssemblyName=Microsoft.CodeAnalysis.CSharp, Version=4.6.0.0, Culture=neutral, PublicKeyToken=31bf3856ad364e35' and ignoring 'Assets/FastScriptReload/Plugins/Roslyn/Microsoft.CodeAnalysis.CSharp.dll, AssemblyName=Microsoft.CodeAnalysis.CSharp, Version=2.10.0.0, Culture=neutral, PublicKeyToken=31bf3856ad364e35'.Duplicate assembly 'System.Reflection.Metadata.dll' with different versions detected, using 'Assets/FastScriptReload/Plugins/Roslyn/2021+/System.Reflection.Metadata.dll, AssemblyName=System.Reflection.Metadata, Version=7.0.0.0, Culture=neutral, PublicKeyToken=b03f5f7f11d50a3a' and ignoring 'Assets/FastScriptReload/Plugins/Roslyn/System.Reflection.Metadata.dll, AssemblyName=System.Reflection.Metadata, Version=1.4.3.0, Culture=neutral, PublicKeyToken=b03f5f7f11d50a3a'.Duplicate assembly 'Microsoft.CodeAnalysis.dll' with different versions detected, using 'Assets/FastScriptReload/Plugins/Roslyn/2021+/Microsoft.CodeAnalysis.dll, AssemblyName=Microsoft.CodeAnalysis, Version=4.6.0.0, Culture=neutral, PublicKeyToken=31bf3856ad364e35' and ignoring 'Assets/FastScriptReload/Plugins/Roslyn/Microsoft.CodeAnalysis.dll, AssemblyName=Microsoft.CodeAnalysis, Version=2.10.0.0, Culture=neutral, PublicKeyToken=31bf3856ad364e35'.- Loaded All Assemblies, in  1.671 seconds
Assembly reference Packages/com.unity.cinemachine/Editor/Samples/ExposeHDRPInternals/HDRP-Editor-ref.asmref has no target assembly definition
'Packages/com.unity.cinemachine/Editor/Obsolete/CinemachineVirtualCameraBaseEditor.cs' contains partial class of Unity.Object, exactly 1 of the partial classes needs to be in a file with the same filename. This is to know the one that can be referenced from ie. GameObjects
'Packages/com.unity.cinemachine/Editor/Editors/CinemachineVirtualCameraBaseEditor.cs' contains partial class of Unity.Object, exactly 1 of the partial classes needs to be in a file with the same filename. This is to know the one that can be referenced from ie. GameObjects
Refreshing native plugins compatible for Editor in 1.73 ms, found 3 plugins.
Native extension for UWP target not found
Native extension for WindowsStandalone target not found
Assembly reference Packages/com.unity.cinemachine/Editor/Samples/ExposeHDRPInternals/HDRP-Editor-ref.asmref has no target assembly definition
[Package Manager] Failed to launch server process. Reason: Unity was launched with the -noUpm command-line argument
[Package Manager] Unable to send message (not connected to server process).
[Package Manager] Cannot connect to Unity Package Manager local server
[Package Manager] Failed to launch server process. Reason: Unity was launched with the -noUpm command-line argument
[Package Manager] Unable to send message (not connected to server process).
[Package Manager] Cannot connect to Unity Package Manager local server
ScheduleIndexationOnStartup MainProcess:False IndexOnStartup:True
Mono: successfully reloaded assembly
- Finished resetting the current domain, in  2.042 seconds
Domain Reload Profiling: 3716ms
	BeginReloadAssembly (448ms)
		ExecutionOrderSort (0ms)
		DisableScriptedObjects (12ms)
		BackupInstance (0ms)
		ReleaseScriptingObjects (0ms)
		CreateAndSetChildDomain (87ms)
	RebuildCommonClasses (63ms)
	RebuildNativeTypeToScriptingClass (24ms)
	initialDomainReloadingComplete (92ms)
	LoadAllAssembliesAndSetupDomain (1047ms)
		LoadAssemblies (819ms)
		RebuildTransferFunctionScriptingTraits (0ms)
		AnalyzeDomain (464ms)
			TypeCache.Refresh (17ms)
				TypeCache.ScanAssembly (3ms)
			BuildScriptInfoCaches (419ms)
			ResolveRequiredComponents (22ms)
	FinalizeReload (2043ms)
		ReleaseScriptCaches (0ms)
		RebuildScriptCaches (0ms)
		SetupLoadedEditorAssemblies (1757ms)
			LogAssemblyErrors (0ms)
			InitializePlatformSupportModulesInManaged (3ms)
			SetLoadedEditorAssemblies (12ms)
			BeforeProcessingInitializeOnLoad (379ms)
			ProcessInitializeOnLoadAttributes (1243ms)
			ProcessInitializeOnLoadMethodAttributes (115ms)
			AfterProcessingInitializeOnLoad (5ms)
			EditorAssembliesLoaded (1ms)
		ExecutionOrderSort2 (0ms)
		AwakeInstancesAfterBackupRestoration (29ms)
Refreshing native plugins compatible for Editor in 1.50 ms, found 3 plugins.
Preloading 0 native plugins for Editor in 0.00 ms.
Unloading 17 Unused Serialized files (Serialized files now loaded: 0)
Unloading 6859 unused Assets / (5.2 MB). Loaded Objects now: 7796.
Memory consumption went from 165.0 MB to 159.8 MB.
Total: 13.072500 ms (FindLiveObjects: 1.114100 ms CreateObjectMapping: 0.651900 ms MarkObjects: 7.856600 ms  DeleteObjects: 3.448400 ms)

Prepare: number of updated asset objects reloaded= 0
========================================================================
Received Prepare
'Packages/com.unity.cinemachine/Editor/Obsolete/CinemachineVirtualCameraBaseEditor.cs' contains partial class of Unity.Object, exactly 1 of the partial classes needs to be in a file with the same filename. This is to know the one that can be referenced from ie. GameObjects
'Packages/com.unity.cinemachine/Editor/Editors/CinemachineVirtualCameraBaseEditor.cs' contains partial class of Unity.Object, exactly 1 of the partial classes needs to be in a file with the same filename. This is to know the one that can be referenced from ie. GameObjects
Refreshing native plugins compatible for Editor in 1.60 ms, found 3 plugins.
Preloading 0 native plugins for Editor in 0.00 ms.
Unloading 17 Unused Serialized files (Serialized files now loaded: 0)
Unloading 6850 unused Assets / (4.2 MB). Loaded Objects now: 7796.
Memory consumption went from 164.8 MB to 160.6 MB.
Total: 12.613800 ms (FindLiveObjects: 1.072900 ms CreateObjectMapping: 0.544500 ms MarkObjects: 8.123100 ms  DeleteObjects: 2.871800 ms)

Prepare: number of updated asset objects reloaded= 0
========================================================================
Received Prepare
Assembly reference Packages/com.unity.cinemachine/Editor/Samples/ExposeHDRPInternals/HDRP-Editor-ref.asmref has no target assembly definition
Assembly reference Packages/com.unity.cinemachine/Editor/Samples/ExposeHDRPInternals/HDRP-Editor-ref.asmref has no target assembly definition
Begin MonoManager ReloadAssembly
[Licensing::Client] Successfully resolved entitlement details
[Licensing::Module] License group:
  Id: F4-C7SA-D7MS-282S-YHFX-XXXX
  Product: Unity Personal
  Type: ULF
  Expiration: Unlimited
[Licensing::Module] License group:
  Id: 10170697332008-UnityPersXXXX
  Product: Unity Personal
  Type: Assigned
  Expiration: Unlimited
Duplicate assembly 'System.Collections.Immutable.FSR.dll' with different versions detected, using 'Assets/FastScriptReload/Plugins/Roslyn/2021+/System.Collections.Immutable.FSR.dll, AssemblyName=System.Collections.Immutable, Version=7.0.0.0, Culture=neutral, PublicKeyToken=b03f5f7f11d50a3a' and ignoring 'Assets/FastScriptReload/Plugins/Roslyn/System.Collections.Immutable.dll, AssemblyName=System.Collections.Immutable, Version=1.2.3.0, Culture=neutral, PublicKeyToken=b03f5f7f11d50a3a'.Duplicate assembly 'System.Collections.Immutable.FSR.dll' with different versions detected, using 'Assets/FastScriptReload/Plugins/Roslyn/2021+/System.Collections.Immutable.FSR.dll, AssemblyName=System.Collections.Immutable, Version=7.0.0.0, Culture=neutral, PublicKeyToken=b03f5f7f11d50a3a' and ignoring 'Assets/FastScriptReload/Plugins/Roslyn/2021+/System.Collections.Immutable.dll, AssemblyName=System.Collections.Immutable, Version=1.2.3.0, Culture=neutral, PublicKeyToken=b03f5f7f11d50a3a'.Duplicate assembly 'Microsoft.CodeAnalysis.CSharp.dll' with different versions detected, using 'Assets/FastScriptReload/Plugins/Roslyn/2021+/Microsoft.CodeAnalysis.CSharp.dll, AssemblyName=Microsoft.CodeAnalysis.CSharp, Version=4.6.0.0, Culture=neutral, PublicKeyToken=31bf3856ad364e35' and ignoring 'Assets/FastScriptReload/Plugins/Roslyn/Microsoft.CodeAnalysis.CSharp.dll, AssemblyName=Microsoft.CodeAnalysis.CSharp, Version=2.10.0.0, Culture=neutral, PublicKeyToken=31bf3856ad364e35'.Duplicate assembly 'System.Reflection.Metadata.dll' with different versions detected, using 'Assets/FastScriptReload/Plugins/Roslyn/2021+/System.Reflection.Metadata.dll, AssemblyName=System.Reflection.Metadata, Version=7.0.0.0, Culture=neutral, PublicKeyToken=b03f5f7f11d50a3a' and ignoring 'Assets/FastScriptReload/Plugins/Roslyn/System.Reflection.Metadata.dll, AssemblyName=System.Reflection.Metadata, Version=1.4.3.0, Culture=neutral, PublicKeyToken=b03f5f7f11d50a3a'.Duplicate assembly 'Microsoft.CodeAnalysis.dll' with different versions detected, using 'Assets/FastScriptReload/Plugins/Roslyn/2021+/Microsoft.CodeAnalysis.dll, AssemblyName=Microsoft.CodeAnalysis, Version=4.6.0.0, Culture=neutral, PublicKeyToken=31bf3856ad364e35' and ignoring 'Assets/FastScriptReload/Plugins/Roslyn/Microsoft.CodeAnalysis.dll, AssemblyName=Microsoft.CodeAnalysis, Version=2.10.0.0, Culture=neutral, PublicKeyToken=31bf3856ad364e35'.- Loaded All Assemblies, in  1.619 seconds
Assembly reference Packages/com.unity.cinemachine/Editor/Samples/ExposeHDRPInternals/HDRP-Editor-ref.asmref has no target assembly definition
'Packages/com.unity.cinemachine/Editor/Obsolete/CinemachineVirtualCameraBaseEditor.cs' contains partial class of Unity.Object, exactly 1 of the partial classes needs to be in a file with the same filename. This is to know the one that can be referenced from ie. GameObjects
'Packages/com.unity.cinemachine/Editor/Editors/CinemachineVirtualCameraBaseEditor.cs' contains partial class of Unity.Object, exactly 1 of the partial classes needs to be in a file with the same filename. This is to know the one that can be referenced from ie. GameObjects
Refreshing native plugins compatible for Editor in 2.05 ms, found 3 plugins.
Native extension for UWP target not found
Native extension for WindowsStandalone target not found
Assembly reference Packages/com.unity.cinemachine/Editor/Samples/ExposeHDRPInternals/HDRP-Editor-ref.asmref has no target assembly definition
[Package Manager] Failed to launch server process. Reason: Unity was launched with the -noUpm command-line argument
[Package Manager] Unable to send message (not connected to server process).
[Package Manager] Cannot connect to Unity Package Manager local server
[Package Manager] Failed to launch server process. Reason: Unity was launched with the -noUpm command-line argument
[Package Manager] Unable to send message (not connected to server process).
[Package Manager] Cannot connect to Unity Package Manager local server
ScheduleIndexationOnStartup MainProcess:False IndexOnStartup:True
Mono: successfully reloaded assembly
- Finished resetting the current domain, in  2.138 seconds
Domain Reload Profiling: 3759ms
	BeginReloadAssembly (383ms)
		ExecutionOrderSort (0ms)
		DisableScriptedObjects (13ms)
		BackupInstance (0ms)
		ReleaseScriptingObjects (0ms)
		CreateAndSetChildDomain (82ms)
	RebuildCommonClasses (65ms)
	RebuildNativeTypeToScriptingClass (24ms)
	initialDomainReloadingComplete (94ms)
	LoadAllAssembliesAndSetupDomain (1055ms)
		LoadAssemblies (788ms)
		RebuildTransferFunctionScriptingTraits (0ms)
		AnalyzeDomain (471ms)
			TypeCache.Refresh (16ms)
				TypeCache.ScanAssembly (3ms)
			BuildScriptInfoCaches (426ms)
			ResolveRequiredComponents (22ms)
	FinalizeReload (2138ms)
		ReleaseScriptCaches (0ms)
		RebuildScriptCaches (0ms)
		SetupLoadedEditorAssemblies (1834ms)
			LogAssemblyErrors (0ms)
			InitializePlatformSupportModulesInManaged (3ms)
			SetLoadedEditorAssemblies (11ms)
			BeforeProcessingInitializeOnLoad (382ms)
			ProcessInitializeOnLoadAttributes (1313ms)
			ProcessInitializeOnLoadMethodAttributes (119ms)
			AfterProcessingInitializeOnLoad (5ms)
			EditorAssembliesLoaded (1ms)
		ExecutionOrderSort2 (0ms)
		AwakeInstancesAfterBackupRestoration (29ms)
Refreshing native plugins compatible for Editor in 1.61 ms, found 3 plugins.
Preloading 0 native plugins for Editor in 0.00 ms.
Unloading 17 Unused Serialized files (Serialized files now loaded: 0)
Unloading 6859 unused Assets / (4.8 MB). Loaded Objects now: 7800.
Memory consumption went from 165.1 MB to 160.3 MB.
Total: 13.918600 ms (FindLiveObjects: 1.234600 ms CreateObjectMapping: 0.895600 ms MarkObjects: 8.287000 ms  DeleteObjects: 3.500200 ms)

Prepare: number of updated asset objects reloaded= 0
========================================================================
Received Prepare
'Packages/com.unity.cinemachine/Editor/Obsolete/CinemachineVirtualCameraBaseEditor.cs' contains partial class of Unity.Object, exactly 1 of the partial classes needs to be in a file with the same filename. This is to know the one that can be referenced from ie. GameObjects
'Packages/com.unity.cinemachine/Editor/Editors/CinemachineVirtualCameraBaseEditor.cs' contains partial class of Unity.Object, exactly 1 of the partial classes needs to be in a file with the same filename. This is to know the one that can be referenced from ie. GameObjects
Refreshing native plugins compatible for Editor in 1.58 ms, found 3 plugins.
Preloading 0 native plugins for Editor in 0.00 ms.
Unloading 17 Unused Serialized files (Serialized files now loaded: 0)
Unloading 6850 unused Assets / (4.4 MB). Loaded Objects now: 7800.
Memory consumption went from 164.8 MB to 160.5 MB.
Total: 13.841600 ms (FindLiveObjects: 1.319800 ms CreateObjectMapping: 1.046300 ms MarkObjects: 8.488000 ms  DeleteObjects: 2.985800 ms)

Prepare: number of updated asset objects reloaded= 0
========================================================================
Received Prepare
Assembly reference Packages/com.unity.cinemachine/Editor/Samples/ExposeHDRPInternals/HDRP-Editor-ref.asmref has no target assembly definition
Assembly reference Packages/com.unity.cinemachine/Editor/Samples/ExposeHDRPInternals/HDRP-Editor-ref.asmref has no target assembly definition
Begin MonoManager ReloadAssembly
[Licensing::Client] Successfully resolved entitlement details
[Licensing::Module] License group:
  Id: F4-C7SA-D7MS-282S-YHFX-XXXX
  Product: Unity Personal
  Type: ULF
  Expiration: Unlimited
[Licensing::Module] License group:
  Id: 10170697332008-UnityPersXXXX
  Product: Unity Personal
  Type: Assigned
  Expiration: Unlimited
Duplicate assembly 'System.Collections.Immutable.FSR.dll' with different versions detected, using 'Assets/FastScriptReload/Plugins/Roslyn/2021+/System.Collections.Immutable.FSR.dll, AssemblyName=System.Collections.Immutable, Version=7.0.0.0, Culture=neutral, PublicKeyToken=b03f5f7f11d50a3a' and ignoring 'Assets/FastScriptReload/Plugins/Roslyn/System.Collections.Immutable.dll, AssemblyName=System.Collections.Immutable, Version=1.2.3.0, Culture=neutral, PublicKeyToken=b03f5f7f11d50a3a'.Duplicate assembly 'System.Collections.Immutable.FSR.dll' with different versions detected, using 'Assets/FastScriptReload/Plugins/Roslyn/2021+/System.Collections.Immutable.FSR.dll, AssemblyName=System.Collections.Immutable, Version=7.0.0.0, Culture=neutral, PublicKeyToken=b03f5f7f11d50a3a' and ignoring 'Assets/FastScriptReload/Plugins/Roslyn/2021+/System.Collections.Immutable.dll, AssemblyName=System.Collections.Immutable, Version=1.2.3.0, Culture=neutral, PublicKeyToken=b03f5f7f11d50a3a'.Duplicate assembly 'Microsoft.CodeAnalysis.CSharp.dll' with different versions detected, using 'Assets/FastScriptReload/Plugins/Roslyn/2021+/Microsoft.CodeAnalysis.CSharp.dll, AssemblyName=Microsoft.CodeAnalysis.CSharp, Version=4.6.0.0, Culture=neutral, PublicKeyToken=31bf3856ad364e35' and ignoring 'Assets/FastScriptReload/Plugins/Roslyn/Microsoft.CodeAnalysis.CSharp.dll, AssemblyName=Microsoft.CodeAnalysis.CSharp, Version=2.10.0.0, Culture=neutral, PublicKeyToken=31bf3856ad364e35'.Duplicate assembly 'System.Reflection.Metadata.dll' with different versions detected, using 'Assets/FastScriptReload/Plugins/Roslyn/2021+/System.Reflection.Metadata.dll, AssemblyName=System.Reflection.Metadata, Version=7.0.0.0, Culture=neutral, PublicKeyToken=b03f5f7f11d50a3a' and ignoring 'Assets/FastScriptReload/Plugins/Roslyn/System.Reflection.Metadata.dll, AssemblyName=System.Reflection.Metadata, Version=1.4.3.0, Culture=neutral, PublicKeyToken=b03f5f7f11d50a3a'.Duplicate assembly 'Microsoft.CodeAnalysis.dll' with different versions detected, using 'Assets/FastScriptReload/Plugins/Roslyn/2021+/Microsoft.CodeAnalysis.dll, AssemblyName=Microsoft.CodeAnalysis, Version=4.6.0.0, Culture=neutral, PublicKeyToken=31bf3856ad364e35' and ignoring 'Assets/FastScriptReload/Plugins/Roslyn/Microsoft.CodeAnalysis.dll, AssemblyName=Microsoft.CodeAnalysis, Version=2.10.0.0, Culture=neutral, PublicKeyToken=31bf3856ad364e35'.- Loaded All Assemblies, in  1.709 seconds
Assembly reference Packages/com.unity.cinemachine/Editor/Samples/ExposeHDRPInternals/HDRP-Editor-ref.asmref has no target assembly definition
'Packages/com.unity.cinemachine/Editor/Obsolete/CinemachineVirtualCameraBaseEditor.cs' contains partial class of Unity.Object, exactly 1 of the partial classes needs to be in a file with the same filename. This is to know the one that can be referenced from ie. GameObjects
'Packages/com.unity.cinemachine/Editor/Editors/CinemachineVirtualCameraBaseEditor.cs' contains partial class of Unity.Object, exactly 1 of the partial classes needs to be in a file with the same filename. This is to know the one that can be referenced from ie. GameObjects
Refreshing native plugins compatible for Editor in 1.56 ms, found 3 plugins.
Native extension for UWP target not found
Native extension for WindowsStandalone target not found
Assembly reference Packages/com.unity.cinemachine/Editor/Samples/ExposeHDRPInternals/HDRP-Editor-ref.asmref has no target assembly definition
[Package Manager] Failed to launch server process. Reason: Unity was launched with the -noUpm command-line argument
[Package Manager] Unable to send message (not connected to server process).
[Package Manager] Cannot connect to Unity Package Manager local server
[Package Manager] Failed to launch server process. Reason: Unity was launched with the -noUpm command-line argument
[Package Manager] Unable to send message (not connected to server process).
[Package Manager] Cannot connect to Unity Package Manager local server
ScheduleIndexationOnStartup MainProcess:False IndexOnStartup:True
Mono: successfully reloaded assembly
- Finished resetting the current domain, in  2.139 seconds
Domain Reload Profiling: 3851ms
	BeginReloadAssembly (456ms)
		ExecutionOrderSort (0ms)
		DisableScriptedObjects (12ms)
		BackupInstance (0ms)
		ReleaseScriptingObjects (0ms)
		CreateAndSetChildDomain (85ms)
	RebuildCommonClasses (68ms)
	RebuildNativeTypeToScriptingClass (24ms)
	initialDomainReloadingComplete (97ms)
	LoadAllAssembliesAndSetupDomain (1066ms)
		LoadAssemblies (796ms)
		RebuildTransferFunctionScriptingTraits (0ms)
		AnalyzeDomain (481ms)
			TypeCache.Refresh (18ms)
				TypeCache.ScanAssembly (4ms)
			BuildScriptInfoCaches (432ms)
			ResolveRequiredComponents (24ms)
	FinalizeReload (2140ms)
		ReleaseScriptCaches (0ms)
		RebuildScriptCaches (0ms)
		SetupLoadedEditorAssemblies (1829ms)
			LogAssemblyErrors (0ms)
			InitializePlatformSupportModulesInManaged (3ms)
			SetLoadedEditorAssemblies (14ms)
			BeforeProcessingInitializeOnLoad (446ms)
			ProcessInitializeOnLoadAttributes (1238ms)
			ProcessInitializeOnLoadMethodAttributes (123ms)
			AfterProcessingInitializeOnLoad (5ms)
			EditorAssembliesLoaded (1ms)
		ExecutionOrderSort2 (0ms)
		AwakeInstancesAfterBackupRestoration (27ms)
Refreshing native plugins compatible for Editor in 1.62 ms, found 3 plugins.
Preloading 0 native plugins for Editor in 0.00 ms.
Unloading 17 Unused Serialized files (Serialized files now loaded: 0)
Unloading 6859 unused Assets / (5.0 MB). Loaded Objects now: 7804.
Memory consumption went from 165.1 MB to 160.1 MB.
Total: 13.570500 ms (FindLiveObjects: 1.078800 ms CreateObjectMapping: 0.653000 ms MarkObjects: 8.114900 ms  DeleteObjects: 3.722500 ms)

Prepare: number of updated asset objects reloaded= 0
