[Licensing::Module] Trying to connect to existing licensing client channel...
Built from '6000.3/staging' branch; Version is '6000.3.9f1 (7a9955a4f2fa) revision 8034645'; Using compiler version '194234433'; Build Type 'Release'
[Licensing::IpcConnector] Successfully connected to: "LicenseClient-Дмитрий" at "2026-05-25T13:34:15.72478Z"
OS: 'Windows 10  (10.0.19045) 64bit CoreSingleLanguage' Language: 'ru' Physical Memory: 16318 MB
BatchMode: 1, IsHumanControllingUs: 0, StartBugReporterOnCrash: 0, Is64bit: 1
System  architecture: x64
Process architecture: x64
Date: 2026-05-25T13:34:15Z

COMMAND LINE ARGUMENTS:
S:\UNITY\Unity Editor\6000.3.9f1\Editor\Unity.exe
-adb2
-batchMode
-noUpm
-name
AssetImportWorker7
-projectPath
S:/UNITY/UNITY BACKUP/SPIKE/SPIKE_UNITY
-logFile
Logs/AssetImportWorker7.log
-srvPort
59285
-licensingIpc
LicenseClient-Дмитрий
-job-worker-count
7
-background-job-worker-count
8
-gc-helper-count
1
-name
AssetImport
Successfully changed project path to: S:/UNITY/UNITY BACKUP/SPIKE/SPIKE_UNITY
S:/UNITY/UNITY BACKUP/SPIKE/SPIKE_UNITY
[UnityMemory] Configuration Parameters - Can be set up in boot.config
    "memorysetup-temp-allocator-size-nav-mesh-worker=65536"
    "memorysetup-temp-allocator-size-audio-worker=65536"
    "memorysetup-temp-allocator-size-gfx=262144"
    "memorysetup-allocator-temp-initial-block-size-main=262144"
    "memorysetup-allocator-temp-initial-block-size-worker=262144"
    "memorysetup-temp-allocator-size-background-worker=32768"
    "memorysetup-temp-allocator-size-job-worker=262144"
    "memorysetup-temp-allocator-size-preload-manager=33554432"
    "memorysetup-temp-allocator-size-gi-baking-worker=262144"
    "memorysetup-temp-allocator-size-gi-baking-worker=262144"
    "memorysetup-temp-allocator-size-gi-baking-worker=262144"
    "memorysetup-temp-allocator-size-gi-baking-worker=262144"
    "memorysetup-temp-allocator-size-gi-baking-worker=262144"
    "memorysetup-bucket-allocator-granularity=16"
    "memorysetup-bucket-allocator-bucket-count=8"
    "memorysetup-bucket-allocator-block-size=33554432"
    "memorysetup-bucket-allocator-block-count=8"
    "memorysetup-main-allocator-block-size=16777216"
    "memorysetup-thread-allocator-block-size=16777216"
    "memorysetup-gfx-main-allocator-block-size=16777216"
    "memorysetup-gfx-thread-allocator-block-size=16777216"
    "memorysetup-cache-allocator-block-size=4194304"
    "memorysetup-typetree-allocator-block-size=2097152"
    "memorysetup-profiler-bucket-allocator-granularity=16"
    "memorysetup-profiler-bucket-allocator-bucket-count=8"
    "memorysetup-profiler-bucket-allocator-block-size=33554432"
    "memorysetup-profiler-bucket-allocator-block-count=8"
    "memorysetup-profiler-allocator-block-size=16777216"
    "memorysetup-profiler-editor-allocator-block-size=1048576"
    "memorysetup-temp-allocator-size-main=16777216"
    "memorysetup-job-temp-allocator-block-size=2097152"
    "memorysetup-job-temp-allocator-block-size-background=1048576"
    "memorysetup-job-temp-allocator-reduction-small-platforms=262144"
    "memorysetup-temp-allocator-size-cloud-worker=32768"
Player connection [17480]  Target information:

Player connection [17480]  * "[IP] 192.168.1.39 [Port] 0 [Flags] 2 [Guid] 1174271319 [EditorId] 1174271319 [Version] 1048832 [Id] WindowsEditor(7,DESKTOP-KK1P2OH) [Debug] 1 [PackageName] WindowsEditor [ProjectName] Editor" 

Player connection [17480] Host joined multi-casting on [225.0.0.222:54997]...
Player connection [17480] Host joined alternative multi-casting on [225.0.0.222:34997]...
JobSystem: Creating JobQueue using job-worker-count value 7
Input System module state changed to: Initialized.
[Physics::Module] Initialized fallback backend.
[Physics::Module] Id: 0xdecafbad
Library Redirect Path: Library/
[Physics::Module] Selected backend.
[Physics::Module] Name: PhysX
[Physics::Module] Id: 0xf2b8ea05
[Physics::Module] SDK Version: 4.1.2
[Physics::Module] Integration Version: 1.0.0
[Physics::Module] Threading Mode: Multi-Threaded
Refreshing native plugins compatible for Editor in 3.95 ms, found 3 plugins.
Preloading 0 native plugins for Editor in 0.00 ms.
Initialize engine version: 6000.3.9f1 (7a9955a4f2fa)
[Subsystems] Discovering subsystems at path S:/UNITY/Unity Editor/6000.3.9f1/Editor/Data/Resources/UnitySubsystems
[Subsystems] Discovering subsystems at path S:/UNITY/UNITY BACKUP/SPIKE/SPIKE_UNITY/Assets
GfxDevice: creating device client; kGfxThreadingModeNonThreaded
Direct3D:
    Version:  Direct3D 11.0 [level 11.1]
    Renderer: NVIDIA GeForce GTX 1060 6GB (ID=0x1c03)
    Vendor:   NVIDIA
    VRAM:     6029 MB
    Driver:   32.0.15.8228
Initialize mono
Mono path[0] = 'S:/UNITY/Unity Editor/6000.3.9f1/Editor/Data/Managed'
Mono path[1] = 'S:/UNITY/Unity Editor/6000.3.9f1/Editor/Data/MonoBleedingEdge/lib/mono/unityjit-win32'
Mono config path = 'S:/UNITY/Unity Editor/6000.3.9f1/Editor/Data/MonoBleedingEdge/etc'
Using monoOptions --debugger-agent=transport=dt_socket,embedding=1,server=y,suspend=n,address=127.0.0.1:56784
Begin MonoManager ReloadAssembly
Registering precompiled unity dll's ...
Register platform support module: S:/UNITY/Unity Editor/6000.3.9f1/Editor/Data/PlaybackEngines/WindowsStandaloneSupport/UnityEditor.WindowsStandalone.Extensions.dll
[Licensing::Module] Licensing is not yet initialized.
[Licensing::Client] Handshaking with LicensingClient:
  Version:                 1.17.4+4293ba1
  Session Id:              91068cecc328488991437813b6dafbb5
  Correlation Id:          acc9f1bbbd26a7516f2ace8f6bcc8bd7
  External correlation Id: 625207179034158278
  Machine Id:              BSinU4MsdP07HGNxKH7k4gB1okk=
[Licensing::Module] Successfully connected to LicensingClient on channel: "LicenseClient-Дмитрий" (connect: 0.00s, validation: 0.00s, handshake: 2.79s)
[Licensing::IpcConnector] Successfully connected to: "LicenseClient-Дмитрий-notifications" at "2026-05-25T13:34:18.5173237Z"
[Licensing::Module] Licensing Background thread has ended after 2.79s
[Licensing::Module] Licensing is initialized (took 0.84s).
[Licensing::Client] Successfully resolved entitlement details
[Licensing::Module] License group:
  Id: F4-C7SA-D7MS-282S-YHFX-XXXX
  Product: Unity Personal
  Type: ULF
  Expiration: Unlimited
[Licensing::Module] License group:
  Id: 10170697332008-UnityPersXXXX
  Product: Unity Personal
  Type: Assigned
  Expiration: Unlimited
Register platform support module: S:/UNITY/Unity Editor/6000.3.9f1/Editor/Data/PlaybackEngines/MetroSupport/UnityEditor.UWP.Extensions.dll
Registered in 0.846977 seconds.
- Loaded All Assemblies, in  1.758 seconds
Native extension for UWP target not found
Native extension for WindowsStandalone target not found
ScheduleIndexationOnStartup MainProcess:False IndexOnStartup:True
Mono: successfully reloaded assembly
- Finished resetting the current domain, in  0.991 seconds
Domain Reload Profiling: 2747ms
	BeginReloadAssembly (314ms)
		ExecutionOrderSort (0ms)
		DisableScriptedObjects (0ms)
		BackupInstance (0ms)
		ReleaseScriptingObjects (0ms)
		CreateAndSetChildDomain (1ms)
	RebuildCommonClasses (101ms)
	RebuildNativeTypeToScriptingClass (38ms)
	initialDomainReloadingComplete (938ms)
	LoadAllAssembliesAndSetupDomain (365ms)
		LoadAssemblies (311ms)
		RebuildTransferFunctionScriptingTraits (0ms)
		AnalyzeDomain (359ms)
			TypeCache.Refresh (356ms)
				TypeCache.ScanAssembly (329ms)
			BuildScriptInfoCaches (0ms)
			ResolveRequiredComponents (1ms)
	FinalizeReload (991ms)
		ReleaseScriptCaches (0ms)
		RebuildScriptCaches (0ms)
		SetupLoadedEditorAssemblies (886ms)
			LogAssemblyErrors (0ms)
			InitializePlatformSupportModulesInManaged (97ms)
			SetLoadedEditorAssemblies (11ms)
			BeforeProcessingInitializeOnLoad (203ms)
			ProcessInitializeOnLoadAttributes (428ms)
			ProcessInitializeOnLoadMethodAttributes (147ms)
			AfterProcessingInitializeOnLoad (0ms)
			EditorAssembliesLoaded (0ms)
		ExecutionOrderSort2 (0ms)
		AwakeInstancesAfterBackupRestoration (0ms)
Assembly reference Packages/com.unity.cinemachine/Editor/Samples/ExposeHDRPInternals/HDRP-Editor-ref.asmref has no target assembly definition
========================================================================
Worker process is ready to serve import requests
Import Worker Mode flag is 0x00
Assembly reference Packages/com.unity.cinemachine/Editor/Samples/ExposeHDRPInternals/HDRP-Editor-ref.asmref has no target assembly definition
Assembly reference Packages/com.unity.cinemachine/Editor/Samples/ExposeHDRPInternals/HDRP-Editor-ref.asmref has no target assembly definition
Begin MonoManager ReloadAssembly
[Licensing::Client] Successfully resolved entitlement details
[Licensing::Module] License group:
  Id: F4-C7SA-D7MS-282S-YHFX-XXXX
  Product: Unity Personal
  Type: ULF
  Expiration: Unlimited
[Licensing::Module] License group:
  Id: 10170697332008-UnityPersXXXX
  Product: Unity Personal
  Type: Assigned
  Expiration: Unlimited
Duplicate assembly 'System.Collections.Immutable.FSR.dll' with different versions detected, using 'Assets/FastScriptReload/Plugins/Roslyn/2021+/System.Collections.Immutable.FSR.dll, AssemblyName=System.Collections.Immutable, Version=7.0.0.0, Culture=neutral, PublicKeyToken=b03f5f7f11d50a3a' and ignoring 'Assets/FastScriptReload/Plugins/Roslyn/System.Collections.Immutable.dll, AssemblyName=System.Collections.Immutable, Version=1.2.3.0, Culture=neutral, PublicKeyToken=b03f5f7f11d50a3a'.Duplicate assembly 'System.Collections.Immutable.FSR.dll' with different versions detected, using 'Assets/FastScriptReload/Plugins/Roslyn/2021+/System.Collections.Immutable.FSR.dll, AssemblyName=System.Collections.Immutable, Version=7.0.0.0, Culture=neutral, PublicKeyToken=b03f5f7f11d50a3a' and ignoring 'Assets/FastScriptReload/Plugins/Roslyn/2021+/System.Collections.Immutable.dll, AssemblyName=System.Collections.Immutable, Version=1.2.3.0, Culture=neutral, PublicKeyToken=b03f5f7f11d50a3a'.Duplicate assembly 'Microsoft.CodeAnalysis.CSharp.dll' with different versions detected, using 'Assets/FastScriptReload/Plugins/Roslyn/2021+/Microsoft.CodeAnalysis.CSharp.dll, AssemblyName=Microsoft.CodeAnalysis.CSharp, Version=4.6.0.0, Culture=neutral, PublicKeyToken=31bf3856ad364e35' and ignoring 'Assets/FastScriptReload/Plugins/Roslyn/Microsoft.CodeAnalysis.CSharp.dll, AssemblyName=Microsoft.CodeAnalysis.CSharp, Version=2.10.0.0, Culture=neutral, PublicKeyToken=31bf3856ad364e35'.Duplicate assembly 'System.Reflection.Metadata.dll' with different versions detected, using 'Assets/FastScriptReload/Plugins/Roslyn/2021+/System.Reflection.Metadata.dll, AssemblyName=System.Reflection.Metadata, Version=7.0.0.0, Culture=neutral, PublicKeyToken=b03f5f7f11d50a3a' and ignoring 'Assets/FastScriptReload/Plugins/Roslyn/System.Reflection.Metadata.dll, AssemblyName=System.Reflection.Metadata, Version=1.4.3.0, Culture=neutral, PublicKeyToken=b03f5f7f11d50a3a'.Duplicate assembly 'Microsoft.CodeAnalysis.dll' with different versions detected, using 'Assets/FastScriptReload/Plugins/Roslyn/2021+/Microsoft.CodeAnalysis.dll, AssemblyName=Microsoft.CodeAnalysis, Version=4.6.0.0, Culture=neutral, PublicKeyToken=31bf3856ad364e35' and ignoring 'Assets/FastScriptReload/Plugins/Roslyn/Microsoft.CodeAnalysis.dll, AssemblyName=Microsoft.CodeAnalysis, Version=2.10.0.0, Culture=neutral, PublicKeyToken=31bf3856ad364e35'.- Loaded All Assemblies, in  2.173 seconds
Assembly reference Packages/com.unity.cinemachine/Editor/Samples/ExposeHDRPInternals/HDRP-Editor-ref.asmref has no target assembly definition
'Packages/com.unity.cinemachine/Editor/Obsolete/CinemachineVirtualCameraBaseEditor.cs' contains partial class of Unity.Object, exactly 1 of the partial classes needs to be in a file with the same filename. This is to know the one that can be referenced from ie. GameObjects
'Packages/com.unity.cinemachine/Editor/Editors/CinemachineVirtualCameraBaseEditor.cs' contains partial class of Unity.Object, exactly 1 of the partial classes needs to be in a file with the same filename. This is to know the one that can be referenced from ie. GameObjects
Refreshing native plugins compatible for Editor in 1.49 ms, found 3 plugins.
Native extension for UWP target not found
Native extension for WindowsStandalone target not found
Assembly reference Packages/com.unity.cinemachine/Editor/Samples/ExposeHDRPInternals/HDRP-Editor-ref.asmref has no target assembly definition
FSR: Shader does not exist: Object reference not set to an instance of an object
UnityEngine.Debug:ExtractStackTraceNoAlloc (byte*,int,string)
UnityEngine.StackTraceUtility:ExtractStackTrace ()
UnityEngine.DebugLogHandler:Internal_Log (UnityEngine.LogType,UnityEngine.LogOption,string,UnityEngine.Object)
UnityEngine.DebugLogHandler:LogFormat (UnityEngine.LogType,UnityEngine.Object,string,object[])
UnityEngine.Logger:Log (UnityEngine.LogType,object)
ImmersiveVrToolsCommon.Runtime.Logging.LoggerScoped:LogInternal (UnityEngine.LogType,object)
ImmersiveVrToolsCommon.Runtime.Logging.LoggerScoped:LogWarning (object)
FastScriptReload.Editor.FastScriptReloadPreference:SetCommonMaterialsShader (FastScriptReload.Editor.FastScriptReloadPreference/ShadersMode) (at Assets/FastScriptReload/Scripts/Editor/FastScriptReloadWelcomeScreen.cs:863)
FastScriptReload.Editor.FastScriptReloadWelcomeScreenInitializer:AutoDetectAndSetShaderMode () (at Assets/FastScriptReload/Scripts/Editor/FastScriptReloadWelcomeScreen.cs:1089)
FastScriptReload.Editor.FastScriptReloadWelcomeScreenInitializer:InitCommon () (at Assets/FastScriptReload/Scripts/Editor/FastScriptReloadWelcomeScreen.cs:971)
FastScriptReload.Editor.FastScriptReloadWelcomeScreenInitializer:.cctor () (at Assets/FastScriptReload/Scripts/Editor/FastScriptReloadWelcomeScreen.cs:939)
System.Runtime.CompilerServices.RuntimeHelpers:RunClassConstructor (System.RuntimeTypeHandle)
UnityEditor.EditorAssemblies:ProcessInitializeOnLoadAttributes (System.Type[])

(Filename: Assets/FastScriptReload/Scripts/Editor/FastScriptReloadWelcomeScreen.cs Line: 863)

Package Manager log level set to [2]
[Package Manager] Failed to launch server process. Reason: Unity was launched with the -noUpm command-line argument
[Package Manager] Unable to send message (not connected to server process).
[Package Manager] Cannot connect to Unity Package Manager local server
[Package Manager] Failed to launch server process. Reason: Unity was launched with the -noUpm command-line argument
[Package Manager] Unable to send message (not connected to server process).
[Package Manager] Cannot connect to Unity Package Manager local server
ScheduleIndexationOnStartup MainProcess:False IndexOnStartup:True
Mono: successfully reloaded assembly
- Finished resetting the current domain, in  8.125 seconds
Domain Reload Profiling: 10294ms
	BeginReloadAssembly (423ms)
		ExecutionOrderSort (0ms)
		DisableScriptedObjects (11ms)
		BackupInstance (0ms)
		ReleaseScriptingObjects (0ms)
		CreateAndSetChildDomain (63ms)
	RebuildCommonClasses (89ms)
	RebuildNativeTypeToScriptingClass (28ms)
	initialDomainReloadingComplete (129ms)
	LoadAllAssembliesAndSetupDomain (1497ms)
		LoadAssemblies (994ms)
		RebuildTransferFunctionScriptingTraits (0ms)
		AnalyzeDomain (766ms)
			TypeCache.Refresh (591ms)
				TypeCache.ScanAssembly (561ms)
			BuildScriptInfoCaches (143ms)
			ResolveRequiredComponents (25ms)
	FinalizeReload (8126ms)
		ReleaseScriptCaches (0ms)
		RebuildScriptCaches (0ms)
		SetupLoadedEditorAssemblies (7724ms)
			LogAssemblyErrors (0ms)
			InitializePlatformSupportModulesInManaged (4ms)
			SetLoadedEditorAssemblies (16ms)
			BeforeProcessingInitializeOnLoad (514ms)
			ProcessInitializeOnLoadAttributes (7017ms)
			ProcessInitializeOnLoadMethodAttributes (167ms)
			AfterProcessingInitializeOnLoad (6ms)
			EditorAssembliesLoaded (1ms)
		ExecutionOrderSort2 (0ms)
		AwakeInstancesAfterBackupRestoration (15ms)
Launched and connected shader compiler UnityShaderCompiler.exe after 0.02 seconds
Refreshing native plugins compatible for Editor in 2.02 ms, found 3 plugins.
Preloading 0 native plugins for Editor in 0.00 ms.
Unloading 17 Unused Serialized files (Serialized files now loaded: 0)
Unloading 7064 unused Assets / (4.6 MB). Loaded Objects now: 7898.
Memory consumption went from 156.3 MB to 151.7 MB.
Total: 19.034200 ms (FindLiveObjects: 1.590900 ms CreateObjectMapping: 1.665800 ms MarkObjects: 10.543000 ms  DeleteObjects: 5.232600 ms)

========================================================================
Received Import Request.
  Time since last request: 193901.459431 seconds.
  path: Assets/Import/LahmadjuScenes/AstarPathfindingProject/Core/AI/TurnBasedAI.cs
  artifactKey: Guid(8f95b80c439d6408b9afac9d013922e4) Importer(2089858483,b0f066a214c2f5e87bad3c948f4d605d)
Start importing Assets/Import/LahmadjuScenes/AstarPathfindingProject/Core/AI/TurnBasedAI.cs using Guid(8f95b80c439d6408b9afac9d013922e4) Importer(2089858483,b0f066a214c2f5e87bad3c948f4d605d) (ScriptedImporter) -> (artifact id: '72efa76c5b02ab7317769d8b2941d913') in 0.1663464 seconds
Number of updated asset objects reloaded before import = 0Number of asset objects unloaded after import = 0

========================================================================
Received Import Request.
  Time since last request: 0.000025 seconds.
  path: Assets/Import/LahmadjuScenes/AstarPathfindingProject/ExampleScenes/ExampleScripts/DoorController.cs
  artifactKey: Guid(e96422fbb088f477baaf6f2ada396863) Importer(2089858483,b0f066a214c2f5e87bad3c948f4d605d)
Start importing Assets/Import/LahmadjuScenes/AstarPathfindingProject/ExampleScenes/ExampleScripts/DoorController.cs using Guid(e96422fbb088f477baaf6f2ada396863) Importer(2089858483,b0f066a214c2f5e87bad3c948f4d605d) (ScriptedImporter) -> (artifact id: 'c8992f6f8220c3ea8f67fca9997c01e4') in 0.0139853 seconds
Number of updated asset objects reloaded before import = 0Number of asset objects unloaded after import = 0

========================================================================
Received Import Request.
  Time since last request: 0.000037 seconds.
  path: Assets/Import/LahmadjuScenes/AstarPathfindingProject/Generators/Utilities/Voxels/VoxelClasses.cs
  artifactKey: Guid(f5dd44f89a71b4173850829be7460bfa) Importer(2089858483,b0f066a214c2f5e87bad3c948f4d605d)
Start importing Assets/Import/LahmadjuScenes/AstarPathfindingProject/Generators/Utilities/Voxels/VoxelClasses.cs using Guid(f5dd44f89a71b4173850829be7460bfa) Importer(2089858483,b0f066a214c2f5e87bad3c948f4d605d) (ScriptedImporter) -> (artifact id: 'bad0769840a6d801ff1e16dd84b5c39e') in 0.0090281 seconds
Number of updated asset objects reloaded before import = 0Number of asset objects unloaded after import = 0

========================================================================
Received Import Request.
  Time since last request: 0.000027 seconds.
  path: Assets/Import/LahmadjuScenes/AstarPathfindingProject/Generators/Utilities/RecastBBTree.cs
  artifactKey: Guid(183e10f9cadca424792b5f940ce3fe3d) Importer(2089858483,b0f066a214c2f5e87bad3c948f4d605d)
Start importing Assets/Import/LahmadjuScenes/AstarPathfindingProject/Generators/Utilities/RecastBBTree.cs using Guid(183e10f9cadca424792b5f940ce3fe3d) Importer(2089858483,b0f066a214c2f5e87bad3c948f4d605d) (ScriptedImporter) -> (artifact id: 'd20efe44c34954c6417ac9fd0afc3bec') in 0.0143355 seconds
Number of updated asset objects reloaded before import = 0Number of asset objects unloaded after import = 0

========================================================================
Received Import Request.
  Time since last request: 0.000024 seconds.
  path: Assets/Import/LahmadjuScenes/Imported Models/_Barking_Dog/Common Scripts/MouseLook.cs
  artifactKey: Guid(419e976ce3354ca4895c43e78bbd4dec) Importer(2089858483,b0f066a214c2f5e87bad3c948f4d605d)
Start importing Assets/Import/LahmadjuScenes/Imported Models/_Barking_Dog/Common Scripts/MouseLook.cs using Guid(419e976ce3354ca4895c43e78bbd4dec) Importer(2089858483,b0f066a214c2f5e87bad3c948f4d605d) (ScriptedImporter) -> (artifact id: '02d27dcec7471dcae02e9d8d063d74a7') in 0.0088292 seconds
Number of updated asset objects reloaded before import = 0Number of asset objects unloaded after import = 0

========================================================================
Received Import Request.
  Time since last request: 0.000033 seconds.
  path: Assets/Import/LahmadjuScenes/AstarPathfindingProject/Generators/Utilities/ObjImporter.cs
  artifactKey: Guid(a4ed1c6c3af454395b428ad955994366) Importer(2089858483,b0f066a214c2f5e87bad3c948f4d605d)
Start importing Assets/Import/LahmadjuScenes/AstarPathfindingProject/Generators/Utilities/ObjImporter.cs using Guid(a4ed1c6c3af454395b428ad955994366) Importer(2089858483,b0f066a214c2f5e87bad3c948f4d605d) (ScriptedImporter) -> (artifact id: '828f1e7b16139d41f25dde0422cb0a80') in 0.0090368 seconds
Number of updated asset objects reloaded before import = 0Number of asset objects unloaded after import = 0

========================================================================
Received Import Request.
  Time since last request: 0.000035 seconds.
  path: Assets/Import/LahmadjuScenes/Prefabs/DODONPA/Sci-Fi_Space_Station__Rotor_Nexus/meshes/SurfaceBraces_Long2_2_SpaceStation_Parts_0_28_0.asset
  artifactKey: Guid(c1768f12919d8134f874e5ae96ef95c4) Importer(2089858483,b0f066a214c2f5e87bad3c948f4d605d)
Start importing Assets/Import/LahmadjuScenes/Prefabs/DODONPA/Sci-Fi_Space_Station__Rotor_Nexus/meshes/SurfaceBraces_Long2_2_SpaceStation_Parts_0_28_0.asset using Guid(c1768f12919d8134f874e5ae96ef95c4) Importer(2089858483,b0f066a214c2f5e87bad3c948f4d605d) (ScriptedImporter) -> (artifact id: '8157bee54ac6d92a8876aee09e53802c') in 0.0154879 seconds
Number of updated asset objects reloaded before import = 0Number of asset objects unloaded after import = 1

========================================================================
Received Import Request.
  Time since last request: 0.000029 seconds.
  path: Assets/Import/LahmadjuScenes/Imported Models/Low Poly Cyber Ninja Sword/Model/Materials/MAT_Sword_Cyber_Plasma.mat
  artifactKey: Guid(28929489a7a13cb42ae8924c9b31f0f8) Importer(2089858483,b0f066a214c2f5e87bad3c948f4d605d)
Start importing Assets/Import/LahmadjuScenes/Imported Models/Low Poly Cyber Ninja Sword/Model/Materials/MAT_Sword_Cyber_Plasma.mat using Guid(28929489a7a13cb42ae8924c9b31f0f8) Importer(2089858483,b0f066a214c2f5e87bad3c948f4d605d) (ScriptedImporter) -> (artifact id: '01bfb233bfe474fabc69fc9d228827bf') in 0.1129941 seconds
Number of updated asset objects reloaded before import = 0Number of asset objects unloaded after import = 6

========================================================================
Received Import Request.
  Time since last request: 0.000032 seconds.
  path: Assets/Import/LahmadjuScenes/AstarPathfindingProject/TurnBased/SingleNodeBlocker.cs
  artifactKey: Guid(b45e20632f1604fc6bb73e0e79cd7368) Importer(2089858483,b0f066a214c2f5e87bad3c948f4d605d)
Start importing Assets/Import/LahmadjuScenes/AstarPathfindingProject/TurnBased/SingleNodeBlocker.cs using Guid(b45e20632f1604fc6bb73e0e79cd7368) Importer(2089858483,b0f066a214c2f5e87bad3c948f4d605d) (ScriptedImporter) -> (artifact id: '5d48db6cdbe561b48122b4b54be0fba6') in 0.0140647 seconds
Number of updated asset objects reloaded before import = 0Number of asset objects unloaded after import = 0

========================================================================
Received Import Request.
  Time since last request: 0.000044 seconds.
  path: Assets/Import/LahmadjuScenes/Materials/Below Platform.mat
  artifactKey: Guid(1511dbacf9080204d95e1128d1e9c696) Importer(2089858483,b0f066a214c2f5e87bad3c948f4d605d)
Start importing Assets/Import/LahmadjuScenes/Materials/Below Platform.mat using Guid(1511dbacf9080204d95e1128d1e9c696) Importer(2089858483,b0f066a214c2f5e87bad3c948f4d605d) (ScriptedImporter) -> (artifact id: '96a208bf65e63b2450536dc9b13b79cf') in 0.0257907 seconds
Number of updated asset objects reloaded before import = 0Number of asset objects unloaded after import = 4

========================================================================
Received Import Request.
  Time since last request: 0.000027 seconds.
  path: Assets/Import/LahmadjuScenes/AstarPathfindingProject/Modifiers/Modifiers.cs
  artifactKey: Guid(ce1f812d122764ce7a45f2dd03915e46) Importer(2089858483,b0f066a214c2f5e87bad3c948f4d605d)
Start importing Assets/Import/LahmadjuScenes/AstarPathfindingProject/Modifiers/Modifiers.cs using Guid(ce1f812d122764ce7a45f2dd03915e46) Importer(2089858483,b0f066a214c2f5e87bad3c948f4d605d) (ScriptedImporter) -> (artifact id: '4ded0fbca1f064e485ab6d23404ea0dd') in 0.0100436 seconds
Number of updated asset objects reloaded before import = 0Number of asset objects unloaded after import = 0

========================================================================
Received Import Request.
  Time since last request: 0.000024 seconds.
  path: Assets/Import/LahmadjuScenes/Scripts/Environment/Arena Light.cs
  artifactKey: Guid(be526e4678bb9454aadc5253184c135b) Importer(2089858483,b0f066a214c2f5e87bad3c948f4d605d)
Start importing Assets/Import/LahmadjuScenes/Scripts/Environment/Arena Light.cs using Guid(be526e4678bb9454aadc5253184c135b) Importer(2089858483,b0f066a214c2f5e87bad3c948f4d605d) (ScriptedImporter) -> (artifact id: '184b2dee666b583204600a6f9638ba7a') in 0.0088653 seconds
Number of updated asset objects reloaded before import = 0Number of asset objects unloaded after import = 0

========================================================================
Received Import Request.
  Time since last request: 0.000030 seconds.
  path: Assets/Import/LahmadjuScenes/AstarPathfindingProject/Editor/SeekerEditor.cs
  artifactKey: Guid(95febb4c5ed8c46939368f03ecf4b3b0) Importer(2089858483,b0f066a214c2f5e87bad3c948f4d605d)
Start importing Assets/Import/LahmadjuScenes/AstarPathfindingProject/Editor/SeekerEditor.cs using Guid(95febb4c5ed8c46939368f03ecf4b3b0) Importer(2089858483,b0f066a214c2f5e87bad3c948f4d605d) (ScriptedImporter) -> (artifact id: '33ba2e5225c231c8349b95a4ec3e1e7a') in 0.0084079 seconds
Number of updated asset objects reloaded before import = 0Number of asset objects unloaded after import = 0

========================================================================
Received Import Request.
  Time since last request: 0.000038 seconds.
  path: Assets/Import/LahmadjuScenes/Prefabs/Boss Render/Boss L Arm final.fbx
  artifactKey: Guid(15e27d51179f84242b1f01688b1892b6) Importer(2089858483,b0f066a214c2f5e87bad3c948f4d605d)
Start importing Assets/Import/LahmadjuScenes/Prefabs/Boss Render/Boss L Arm final.fbx using Guid(15e27d51179f84242b1f01688b1892b6) Importer(2089858483,b0f066a214c2f5e87bad3c948f4d605d) (ScriptedImporter) -> (artifact id: '3ae5557be9293807f7952dadc27a8ea4') in 0.1245555 seconds
Number of updated asset objects reloaded before import = 0Number of asset objects unloaded after import = 170

========================================================================
Received Import Request.
  Time since last request: 0.000025 seconds.
  path: Assets/Import/LahmadjuScenes/Scripts/Sound System/Table Sounds.cs
  artifactKey: Guid(b5c73d9d3a45c7942b0e29cf7e773b2d) Importer(2089858483,b0f066a214c2f5e87bad3c948f4d605d)
Start importing Assets/Import/LahmadjuScenes/Scripts/Sound System/Table Sounds.cs using Guid(b5c73d9d3a45c7942b0e29cf7e773b2d) Importer(2089858483,b0f066a214c2f5e87bad3c948f4d605d) (ScriptedImporter) -> (artifact id: 'deb486c514d16242a92c4430d1e4c84c') in 0.00937 seconds
Number of updated asset objects reloaded before import = 0Number of asset objects unloaded after import = 0

========================================================================
Received Import Request.
  Time since last request: 0.000035 seconds.
  path: Assets/Import/LahmadjuScenes/AstarPathfindingProject/ExampleScenes/Example11_RVO/RVOExampleAgent.cs
  artifactKey: Guid(67057d14b4f9f4919958ec635b71f22b) Importer(2089858483,b0f066a214c2f5e87bad3c948f4d605d)
Start importing Assets/Import/LahmadjuScenes/AstarPathfindingProject/ExampleScenes/Example11_RVO/RVOExampleAgent.cs using Guid(67057d14b4f9f4919958ec635b71f22b) Importer(2089858483,b0f066a214c2f5e87bad3c948f4d605d) (ScriptedImporter) -> (artifact id: '4ba9d78cd09b00a252e478ce87deda6c') in 0.0094413 seconds
Number of updated asset objects reloaded before import = 0Number of asset objects unloaded after import = 0

========================================================================
Received Import Request.
  Time since last request: 0.000035 seconds.
  path: Assets/Import/LahmadjuScenes/AstarPathfindingProject/Editor/NavmeshAddEditor.cs
  artifactKey: Guid(551f2013671c4d8db91cf1d1afbde58b) Importer(2089858483,b0f066a214c2f5e87bad3c948f4d605d)
Start importing Assets/Import/LahmadjuScenes/AstarPathfindingProject/Editor/NavmeshAddEditor.cs using Guid(551f2013671c4d8db91cf1d1afbde58b) Importer(2089858483,b0f066a214c2f5e87bad3c948f4d605d) (ScriptedImporter) -> (artifact id: '3be538ebd627faa7a6dc17df18ca4c4c') in 0.0102752 seconds
Number of updated asset objects reloaded before import = 0Number of asset objects unloaded after import = 0

========================================================================
Received Import Request.
  Time since last request: 0.000023 seconds.
  path: Assets/Import/LahmadjuScenes/Prefabs/2 Pop Planets.prefab
  artifactKey: Guid(4496ccbd2f6693849be486c333f1d9e7) Importer(2089858483,b0f066a214c2f5e87bad3c948f4d605d)
Start importing Assets/Import/LahmadjuScenes/Prefabs/2 Pop Planets.prefab using Guid(4496ccbd2f6693849be486c333f1d9e7) Importer(2089858483,b0f066a214c2f5e87bad3c948f4d605d) (ScriptedImporter) -> (artifact id: 'd358f1e8c0ffdcf56672f5c695d9b182') in 0.0174245 seconds
Number of updated asset objects reloaded before import = 0Number of asset objects unloaded after import = 14

========================================================================
Received Import Request.
  Time since last request: 0.000025 seconds.
  path: Assets/Import/LahmadjuScenes/Imported Models/Oculus Hands/Materials/Hands_solid.mat
  artifactKey: Guid(3637b758ff163493f8bb8b6d7e96d7ae) Importer(2089858483,b0f066a214c2f5e87bad3c948f4d605d)
Start importing Assets/Import/LahmadjuScenes/Imported Models/Oculus Hands/Materials/Hands_solid.mat using Guid(3637b758ff163493f8bb8b6d7e96d7ae) Importer(2089858483,b0f066a214c2f5e87bad3c948f4d605d) (ScriptedImporter) -> (artifact id: 'd031807331616df20ebd30cf63381258') in 0.0137136 seconds
Number of updated asset objects reloaded before import = 0Number of asset objects unloaded after import = 1

========================================================================
Received Import Request.
  Time since last request: 0.000038 seconds.
  path: Assets/Import/LahmadjuScenes/AstarPathfindingProject/Core/RVO/RVOQuadtree.cs
  artifactKey: Guid(4fadcced8ad4d40d59f3eea45426359d) Importer(2089858483,b0f066a214c2f5e87bad3c948f4d605d)
Start importing Assets/Import/LahmadjuScenes/AstarPathfindingProject/Core/RVO/RVOQuadtree.cs using Guid(4fadcced8ad4d40d59f3eea45426359d) Importer(2089858483,b0f066a214c2f5e87bad3c948f4d605d) (ScriptedImporter) -> (artifact id: 'ef3b630c2cb724ac56b8fd5309f95b9b') in 0.0101389 seconds
Number of updated asset objects reloaded before import = 0Number of asset objects unloaded after import = 0

========================================================================
Received Import Request.
  Time since last request: 0.000025 seconds.
  path: Assets/Import/LahmadjuScenes/AstarPathfindingProject/Core/Misc/AnimationLink.cs
  artifactKey: Guid(d2e8b1fd6fa484fc29f8a26fb5e8662b) Importer(2089858483,b0f066a214c2f5e87bad3c948f4d605d)
Start importing Assets/Import/LahmadjuScenes/AstarPathfindingProject/Core/Misc/AnimationLink.cs using Guid(d2e8b1fd6fa484fc29f8a26fb5e8662b) Importer(2089858483,b0f066a214c2f5e87bad3c948f4d605d) (ScriptedImporter) -> (artifact id: '217d422c2237d1fa99c82f1958a51bbd') in 0.0125112 seconds
Number of updated asset objects reloaded before import = 0Number of asset objects unloaded after import = 0

========================================================================
Received Import Request.
  Time since last request: 0.000028 seconds.
  path: Assets/Import/LahmadjuScenes/Imported Models/Low Poly Cyber Ninja Sword/Textures/Sword_Cyber_Plasma_Emission.png
  artifactKey: Guid(1e6b32ed5a9fcba47a55618d867c0694) Importer(2089858483,b0f066a214c2f5e87bad3c948f4d605d)
Start importing Assets/Import/LahmadjuScenes/Imported Models/Low Poly Cyber Ninja Sword/Textures/Sword_Cyber_Plasma_Emission.png using Guid(1e6b32ed5a9fcba47a55618d867c0694) Importer(2089858483,b0f066a214c2f5e87bad3c948f4d605d) (ScriptedImporter) -> (artifact id: 'b0df94cb2a0dfe1dc27f2923d8f21567') in 0.1195368 seconds
Number of updated asset objects reloaded before import = 0Number of asset objects unloaded after import = 1

========================================================================
Received Import Request.
  Time since last request: 0.000034 seconds.
  path: Assets/Import/LahmadjuScenes/AstarPathfindingProject/Editor/GraphEditors/LayerGridGraphEditor.cs
  artifactKey: Guid(889543b216eb24cca9740e3cca767f64) Importer(2089858483,b0f066a214c2f5e87bad3c948f4d605d)
Start importing Assets/Import/LahmadjuScenes/AstarPathfindingProject/Editor/GraphEditors/LayerGridGraphEditor.cs using Guid(889543b216eb24cca9740e3cca767f64) Importer(2089858483,b0f066a214c2f5e87bad3c948f4d605d) (ScriptedImporter) -> (artifact id: '34ce0730cd3beae77b6e89eb0a3f4aee') in 0.0127073 seconds
Number of updated asset objects reloaded before import = 0Number of asset objects unloaded after import = 0

========================================================================
Received Import Request.
  Time since last request: 0.000048 seconds.
  path: Assets/Import/LahmadjuScenes/AstarPathfindingProject/ExampleScenes/Example14_TurnBased_Hexagon/HexagonTrigger.cs
  artifactKey: Guid(37801f8edc1e3434d9d759f1aaeedb15) Importer(2089858483,b0f066a214c2f5e87bad3c948f4d605d)
Start importing Assets/Import/LahmadjuScenes/AstarPathfindingProject/ExampleScenes/Example14_TurnBased_Hexagon/HexagonTrigger.cs using Guid(37801f8edc1e3434d9d759f1aaeedb15) Importer(2089858483,b0f066a214c2f5e87bad3c948f4d605d) (ScriptedImporter) -> (artifact id: '03344216a61db2810e5fa9f6f97f86ea') in 0.0328356 seconds
Number of updated asset objects reloaded before import = 0Number of asset objects unloaded after import = 0

========================================================================
Received Import Request.
  Time since last request: 0.000050 seconds.
  path: Assets/Import/LahmadjuScenes/Sounds And Music/Bravo. Excellent. What a thrill. Not your first time, right.ogg
  artifactKey: Guid(66ae439700eae4144a8d5fde419d0b33) Importer(2089858483,b0f066a214c2f5e87bad3c948f4d605d)
Start importing Assets/Import/LahmadjuScenes/Sounds And Music/Bravo. Excellent. What a thrill. Not your first time, right.ogg using Guid(66ae439700eae4144a8d5fde419d0b33) Importer(2089858483,b0f066a214c2f5e87bad3c948f4d605d) (ScriptedImporter) -> (artifact id: '1c8a47777cc2da74edfa717c2556876d') in 0.1446818 seconds
Number of updated asset objects reloaded before import = 0Number of asset objects unloaded after import = 1

========================================================================
Received Import Request.
  Time since last request: 0.000025 seconds.
  path: Assets/Import/LahmadjuScenes/Prefabs/DODONPA/Sci-Fi_Space_Station__Rotor_Nexus/meshes/SurfaceBraces_Long1_1_SpaceStation_Parts_0_21_0.asset
  artifactKey: Guid(1feb0adbf1774bf4d8f257db0ff3dfa0) Importer(2089858483,b0f066a214c2f5e87bad3c948f4d605d)
Start importing Assets/Import/LahmadjuScenes/Prefabs/DODONPA/Sci-Fi_Space_Station__Rotor_Nexus/meshes/SurfaceBraces_Long1_1_SpaceStation_Parts_0_21_0.asset using Guid(1feb0adbf1774bf4d8f257db0ff3dfa0) Importer(2089858483,b0f066a214c2f5e87bad3c948f4d605d) (ScriptedImporter) -> (artifact id: '7aadec84d0933eb8135495e62c3feb79') in 0.0150988 seconds
Number of updated asset objects reloaded before import = 0Number of asset objects unloaded after import = 1

========================================================================
Received Import Request.
  Time since last request: 0.000039 seconds.
  path: Assets/Import/LahmadjuScenes/Sounds And Music/Coin Award 11.wav
  artifactKey: Guid(1afadfce57f9e470b9cabcd2154e4a08) Importer(2089858483,b0f066a214c2f5e87bad3c948f4d605d)
Start importing Assets/Import/LahmadjuScenes/Sounds And Music/Coin Award 11.wav using Guid(1afadfce57f9e470b9cabcd2154e4a08) Importer(2089858483,b0f066a214c2f5e87bad3c948f4d605d) (ScriptedImporter) -> (artifact id: '4ea285235955a47af7b9b4155e5da0d6') in 0.1546485 seconds
Number of updated asset objects reloaded before import = 0Number of asset objects unloaded after import = 1

========================================================================
Received Import Request.
  Time since last request: 0.000028 seconds.
  path: Assets/Import/LahmadjuScenes/Materials/Black.mat
  artifactKey: Guid(1dfd460a38c975148bc9dea3c00d5bea) Importer(2089858483,b0f066a214c2f5e87bad3c948f4d605d)
Start importing Assets/Import/LahmadjuScenes/Materials/Black.mat using Guid(1dfd460a38c975148bc9dea3c00d5bea) Importer(2089858483,b0f066a214c2f5e87bad3c948f4d605d) (ScriptedImporter) -> (artifact id: '2d8327966c5140add510e225e9801c90') in 0.01428 seconds
Number of updated asset objects reloaded before import = 0Number of asset objects unloaded after import = 1

========================================================================
Received Import Request.
  Time since last request: 0.000054 seconds.
  path: Assets/Import/LahmadjuScenes/AstarPathfindingProject/Utilities/DynamicGridObstacle.cs
  artifactKey: Guid(183748dd497aa473a98ff0cd8cb67fc5) Importer(2089858483,b0f066a214c2f5e87bad3c948f4d605d)
Start importing Assets/Import/LahmadjuScenes/AstarPathfindingProject/Utilities/DynamicGridObstacle.cs using Guid(183748dd497aa473a98ff0cd8cb67fc5) Importer(2089858483,b0f066a214c2f5e87bad3c948f4d605d) (ScriptedImporter) -> (artifact id: '91430c6a7a43dbad1889151487962d30') in 0.0112633 seconds
Number of updated asset objects reloaded before import = 0Number of asset objects unloaded after import = 0

========================================================================
Received Import Request.
  Time since last request: 0.000026 seconds.
  path: Assets/Import/LahmadjuScenes/Scripts/Player And Weapons/Incoming Hit Handler 2.cs
  artifactKey: Guid(3c1d8c5ab8e13634a9f9f045969b266f) Importer(2089858483,b0f066a214c2f5e87bad3c948f4d605d)
Start importing Assets/Import/LahmadjuScenes/Scripts/Player And Weapons/Incoming Hit Handler 2.cs using Guid(3c1d8c5ab8e13634a9f9f045969b266f) Importer(2089858483,b0f066a214c2f5e87bad3c948f4d605d) (ScriptedImporter) -> (artifact id: '324e6578a6018816def0c7831602a191') in 0.0110964 seconds
Number of updated asset objects reloaded before import = 0Number of asset objects unloaded after import = 0

========================================================================
Received Import Request.
  Time since last request: 0.000050 seconds.
  path: Assets/Import/LahmadjuScenes/AstarPathfindingProject/Editor/RVOSquareObstacleEditor.cs
  artifactKey: Guid(426beb6f8d635447fadad7ee0a592fe0) Importer(2089858483,b0f066a214c2f5e87bad3c948f4d605d)
Start importing Assets/Import/LahmadjuScenes/AstarPathfindingProject/Editor/RVOSquareObstacleEditor.cs using Guid(426beb6f8d635447fadad7ee0a592fe0) Importer(2089858483,b0f066a214c2f5e87bad3c948f4d605d) (ScriptedImporter) -> (artifact id: '115300dab05dca018e9b42eb31947bbf') in 0.0101657 seconds
Number of updated asset objects reloaded before import = 0Number of asset objects unloaded after import = 0

========================================================================
Received Import Request.
  Time since last request: 0.000038 seconds.
  path: Assets/Import/LahmadjuScenes/Prefabs/DODONPA/Sci-Fi_Space_Station__Rotor_Nexus/meshes/SurfaceBraces_Short4_1_SpaceStation_Parts_0_15_0.asset
  artifactKey: Guid(4d60138fcccf6d84aa6599b920fbe18b) Importer(2089858483,b0f066a214c2f5e87bad3c948f4d605d)
Start importing Assets/Import/LahmadjuScenes/Prefabs/DODONPA/Sci-Fi_Space_Station__Rotor_Nexus/meshes/SurfaceBraces_Short4_1_SpaceStation_Parts_0_15_0.asset using Guid(4d60138fcccf6d84aa6599b920fbe18b) Importer(2089858483,b0f066a214c2f5e87bad3c948f4d605d) (ScriptedImporter) -> (artifact id: 'd6f95b1f9881427fe038e0bdac588ae0') in 0.0126124 seconds
Number of updated asset objects reloaded before import = 0Number of asset objects unloaded after import = 1

========================================================================
Received Import Request.
  Time since last request: 0.000029 seconds.
  path: Assets/Import/LahmadjuScenes/AstarPathfindingProject/Pathfinders/FloodPathTracer.cs
  artifactKey: Guid(e5753a5fb7a0047bca02db8138a07343) Importer(2089858483,b0f066a214c2f5e87bad3c948f4d605d)
Start importing Assets/Import/LahmadjuScenes/AstarPathfindingProject/Pathfinders/FloodPathTracer.cs using Guid(e5753a5fb7a0047bca02db8138a07343) Importer(2089858483,b0f066a214c2f5e87bad3c948f4d605d) (ScriptedImporter) -> (artifact id: '77ba6ca973672a4073f6178efb382f6a') in 0.0112303 seconds
Number of updated asset objects reloaded before import = 0Number of asset objects unloaded after import = 0

========================================================================
Received Import Request.
  Time since last request: 0.000030 seconds.
  path: Assets/Import/LahmadjuScenes/AstarPathfindingProject/Legacy/LegacyAIPath.cs
  artifactKey: Guid(c5ac18cdd242041b6bebc0e95b624c85) Importer(2089858483,b0f066a214c2f5e87bad3c948f4d605d)
Start importing Assets/Import/LahmadjuScenes/AstarPathfindingProject/Legacy/LegacyAIPath.cs using Guid(c5ac18cdd242041b6bebc0e95b624c85) Importer(2089858483,b0f066a214c2f5e87bad3c948f4d605d) (ScriptedImporter) -> (artifact id: '0a7a51dd9526a351ad3d7923ceebe940') in 0.0135334 seconds
Number of updated asset objects reloaded before import = 0Number of asset objects unloaded after import = 0

========================================================================
Received Import Request.
  Time since last request: 0.000052 seconds.
  path: Assets/Import/LahmadjuScenes/AstarPathfindingProject/ExampleScenes/ExampleScripts/MineBotAI.cs
  artifactKey: Guid(3f35b84b127b849e38b74966118e7e0f) Importer(2089858483,b0f066a214c2f5e87bad3c948f4d605d)
Start importing Assets/Import/LahmadjuScenes/AstarPathfindingProject/ExampleScenes/ExampleScripts/MineBotAI.cs using Guid(3f35b84b127b849e38b74966118e7e0f) Importer(2089858483,b0f066a214c2f5e87bad3c948f4d605d) (ScriptedImporter) -> (artifact id: '78f15bab44b83fd0d7ce258ef7d9b167') in 0.0129834 seconds
Number of updated asset objects reloaded before import = 0Number of asset objects unloaded after import = 0

========================================================================
Received Import Request.
  Time since last request: 0.000037 seconds.
  path: Assets/Import/LahmadjuScenes/Hovl Studio/Magic effects pack/Textures/Circle.png
  artifactKey: Guid(c4cf9c9f7cf52f6409ef75a08a4357ac) Importer(2089858483,b0f066a214c2f5e87bad3c948f4d605d)
Start importing Assets/Import/LahmadjuScenes/Hovl Studio/Magic effects pack/Textures/Circle.png using Guid(c4cf9c9f7cf52f6409ef75a08a4357ac) Importer(2089858483,b0f066a214c2f5e87bad3c948f4d605d) (ScriptedImporter) -> (artifact id: '2a5f42081843cefd471954296e221025') in 0.0437481 seconds
Number of updated asset objects reloaded before import = 0Number of asset objects unloaded after import = 1

========================================================================
Received Import Request.
  Time since last request: 0.000036 seconds.
  path: Assets/Import/LahmadjuScenes/AstarPathfindingProject/Core/Misc/Draw.cs
  artifactKey: Guid(506739df886ce4ebb9b14b16d86b5e13) Importer(2089858483,b0f066a214c2f5e87bad3c948f4d605d)
Start importing Assets/Import/LahmadjuScenes/AstarPathfindingProject/Core/Misc/Draw.cs using Guid(506739df886ce4ebb9b14b16d86b5e13) Importer(2089858483,b0f066a214c2f5e87bad3c948f4d605d) (ScriptedImporter) -> (artifact id: 'e85e2672b59b5f8e63a0debdcc0fed9d') in 0.0090595 seconds
Number of updated asset objects reloaded before import = 0Number of asset objects unloaded after import = 0

========================================================================
Received Import Request.
  Time since last request: 0.000029 seconds.
  path: Assets/Import/LahmadjuScenes/AstarPathfindingProject/Core/AI/AIBase.cs
  artifactKey: Guid(a08f67bbe580e4ddfaebd06363c9cc97) Importer(2089858483,b0f066a214c2f5e87bad3c948f4d605d)
Start importing Assets/Import/LahmadjuScenes/AstarPathfindingProject/Core/AI/AIBase.cs using Guid(a08f67bbe580e4ddfaebd06363c9cc97) Importer(2089858483,b0f066a214c2f5e87bad3c948f4d605d) (ScriptedImporter) -> (artifact id: 'edce38c9997593aff16357396f90a8fd') in 0.0108517 seconds
Number of updated asset objects reloaded before import = 0Number of asset objects unloaded after import = 0

========================================================================
Received Import Request.
  Time since last request: 0.000045 seconds.
  path: Assets/Import/LahmadjuScenes/AstarPathfindingProject/ExampleScenes/Example13_Moving/LocalSpaceGraph.cs
  artifactKey: Guid(402bb27f2effb4bd183ec7f7dd47b078) Importer(2089858483,b0f066a214c2f5e87bad3c948f4d605d)
Start importing Assets/Import/LahmadjuScenes/AstarPathfindingProject/ExampleScenes/Example13_Moving/LocalSpaceGraph.cs using Guid(402bb27f2effb4bd183ec7f7dd47b078) Importer(2089858483,b0f066a214c2f5e87bad3c948f4d605d) (ScriptedImporter) -> (artifact id: '10c107a6f30b184b58f685fb460ecbea') in 0.010279 seconds
Number of updated asset objects reloaded before import = 0Number of asset objects unloaded after import = 0

========================================================================
Received Import Request.
  Time since last request: 0.000034 seconds.
  path: Assets/Import/LahmadjuScenes/Sounds And Music/hahahahaha.ogg
  artifactKey: Guid(4097652ead9d87141a9c3df26a37f464) Importer(2089858483,b0f066a214c2f5e87bad3c948f4d605d)
Start importing Assets/Import/LahmadjuScenes/Sounds And Music/hahahahaha.ogg using Guid(4097652ead9d87141a9c3df26a37f464) Importer(2089858483,b0f066a214c2f5e87bad3c948f4d605d) (ScriptedImporter) -> (artifact id: '00000000000000000000000000000000') in 2.3497406 seconds
Import Error Code:(4)
Message: Build asset version error: assets/import/lahmadjuscenes/sounds and music/hahahahaha.ogg in SourceAssetDB has modification time of '2024-05-13T02:28:26Z' while content on disk has modification time of '0001-01-01T00:00:00Z' with error code 2
Stacktrace:
0x00007ff83510235e (Unity) StackWalker::ShowCallstack
0x00007ff836936649 (Unity) PlatformStacktrace::GetStacktrace
0x00007ff836936ece (Unity) Stacktrace::GetStacktrace
0x00007ff8378a0aa0 (Unity) GetAssetHashAndValidate
0x00007ff83789c3d3 (Unity) AssetVersionBuilder::BuildHashOfSourceAssetArray
0x00007ff83789a4c7 (Unity) AssetVersionBuilder::BuildAssetVersion
0x00007ff83781c1dd (Unity) CreateAssetVersionBuilder
0x00007ff837821a53 (Unity) ImportToObjects
0x00007ff8378206a2 (Unity) ImportAsset
0x00007ff837844269 (Unity) AssetImportWorker::Import
0x00007ff8378b1343 (Unity) <lambda_59bd213d68cdb8fe9cc041ceb76081a8>::operator()
0x00007ff8378f10bf (Unity) asio::detail::completion_handler<core::mutable_function<void __cdecl(void)>,asio::io_context::basic_executor_type<std::allocator<void>,0> >::do_complete
0x00007ff8378de9b1 (Unity) asio::detail::win_iocp_io_context::do_one
0x00007ff8378dfbd4 (Unity) asio::detail::win_iocp_io_context::run
0x00007ff8378ef729 (Unity) IOService::Run
0x00007ff8378c22ef (Unity) AssetImportWorkerClient::Run
0x00007ff8378864b8 (Unity) RunAssetImportWorkerClientV2
0x00007ff83788652b (Unity) RunAssetImporterV2
0x00007ff8361678ff (Unity) Application::InitializeProject
0x00007ff835f5d003 (Unity) UnityMain
0x00007ff73fec2f2a (Unity) __scrt_common_main_seh
0x00007ff8edca7374 (KERNEL32) BaseThreadInitThunk
0x00007ff8ef05cc91 (ntdll) RtlUserThreadStart

  ERROR: Build asset version error: assets/import/lahmadjuscenes/sounds and music/hahahahaha.ogg in SourceAssetDB has modification time of '2024-05-13T02:28:26Z' while content on disk has modification time of '0001-01-01T00:00:00Z' with error code 2
Stacktrace:
0x00007ff83510235e (Unity) StackWalker::ShowCallstack
0x00007ff836936649 (Unity) PlatformStacktrace::GetStacktrace
0x00007ff836936ece (Unity) Stacktrace::GetStacktrace
0x00007ff8378a0aa0 (Unity) GetAssetHashAndValidate
0x00007ff83789c3d3 (Unity) AssetVersionBuilder::BuildHashOfSourceAssetArray
0x00007ff83789a4c7 (Unity) AssetVersionBuilder::BuildAssetVersion
0x00007ff83781c1dd (Unity) CreateAssetVersionBuilder
0x00007ff837821a53 (Unity) ImportToObjects
0x00007ff8378206a2 (Unity) ImportAsset
0x00007ff837844269 (Unity) AssetImportWorker::Import
0x00007ff8378b1343 (Unity) <lambda_59bd213d68cdb8fe9cc041ceb76081a8>::operator()
0x00007ff8378f10bf (Unity) asio::detail::completion_handler<core::mutable_function<void __cdecl(void)>,asio::io_context::basic_executor_type<std::allocator<void>,0> >::do_complete
0x00007ff8378de9b1 (Unity) asio::detail::win_iocp_io_context::do_one
0x00007ff8378dfbd4 (Unity) asio::detail::win_iocp_io_context::run
0x00007ff8378ef729 (Unity) IOService::Run
0x00007ff8378c22ef (Unity) AssetImportWorkerClient::Run
0x00007ff8378864b8 (Unity) RunAssetImportWorkerClientV2
0x00007ff83788652b (Unity) RunAssetImporterV2
0x00007ff8361678ff (Unity) Application::InitializeProject
0x00007ff835f5d003 (Unity) UnityMain
0x00007ff73fec2f2a (Unity) __scrt_common_main_seh
0x00007ff8edca7374 (KERNEL32) BaseThreadInitThunk
0x00007ff8ef05cc91 (ntdll) RtlUserThreadStart

Number of updated asset objects reloaded before import = 0Number of asset objects unloaded after import = 0

========================================================================
Received Import Request.
  Time since last request: 0.000029 seconds.
  path: Assets/Import/Lahmadju/AstarPathfindingProject/Core/Serialization/SimpleZipReplacement.cs
  artifactKey: Guid(e4ab3c0aea7564a9c9af3bf72ed95858) Importer(2089858483,b0f066a214c2f5e87bad3c948f4d605d)
Start importing Assets/Import/Lahmadju/AstarPathfindingProject/Core/Serialization/SimpleZipReplacement.cs using Guid(e4ab3c0aea7564a9c9af3bf72ed95858) Importer(2089858483,b0f066a214c2f5e87bad3c948f4d605d) (ScriptedImporter)Internal error - unexpected guid mismatch
UnityEngine.Debug:ExtractStackTraceNoAlloc (byte*,int,string)
UnityEngine.StackTraceUtility:ExtractStackTrace ()
UnityEditor.AssetImporter:GetAtPath (string)
UnityEditor.Search.AssetIndexer:IndexDocument (string,bool)
UnityEditor.Search.SearchIndexArtifactImporter:OnImportAsset (UnityEditor.AssetImporters.AssetImportContext)
UnityEditor.AssetImporters.ScriptedImporter:GenerateAssetData (UnityEditor.AssetImporters.AssetImportContext)

[C:\build\output\unity\unity\Modules\AssetDatabase\Editor\V2\TransientArtifactSystem\Factories\ScriptProperties.cpp line 22]

 -> (artifact id: '17980d1612ff38d95240a13bcdc19da2') in 0.0139457 seconds
Number of updated asset objects reloaded before import = 0Number of asset objects unloaded after import = 0

========================================================================
Received Prepare
'Packages/com.unity.cinemachine/Editor/Obsolete/CinemachineVirtualCameraBaseEditor.cs' contains partial class of Unity.Object, exactly 1 of the partial classes needs to be in a file with the same filename. This is to know the one that can be referenced from ie. GameObjects
'Packages/com.unity.cinemachine/Editor/Editors/CinemachineVirtualCameraBaseEditor.cs' contains partial class of Unity.Object, exactly 1 of the partial classes needs to be in a file with the same filename. This is to know the one that can be referenced from ie. GameObjects
Refreshing native plugins compatible for Editor in 3.62 ms, found 3 plugins.
Preloading 0 native plugins for Editor in 0.00 ms.
Unloading 17 Unused Serialized files (Serialized files now loaded: 0)
Unloading 7056 unused Assets / (4.9 MB). Loaded Objects now: 7902.
Memory consumption went from 154.7 MB to 149.9 MB.
Total: 21.712000 ms (FindLiveObjects: 1.398200 ms CreateObjectMapping: 1.800600 ms MarkObjects: 12.039100 ms  DeleteObjects: 6.471800 ms)

Prepare: number of updated asset objects reloaded= 0
========================================================================
Received Import Request.
  Time since last request: 1.992094 seconds.
  path: Assets/Import/Lahmadju/AstarPathfindingProject/Core/AI/AIBase.cs
  artifactKey: Guid(a08f67bbe580e4ddfaebd06363c9cc97) Importer(2089858483,b0f066a214c2f5e87bad3c948f4d605d)
Start importing Assets/Import/Lahmadju/AstarPathfindingProject/Core/AI/AIBase.cs using Guid(a08f67bbe580e4ddfaebd06363c9cc97) Importer(2089858483,b0f066a214c2f5e87bad3c948f4d605d) (ScriptedImporter) -> (artifact id: 'c8b688d69f23be4ccfd5b9b4d3f1e29f') in 0.0439902 seconds
Number of updated asset objects reloaded before import = 0Number of asset objects unloaded after import = 0

========================================================================
Received Import Request.
  Time since last request: 0.000027 seconds.
  path: Assets/Import/Lahmadju/Hovl Studio/Magic effects pack/Textures/Smoke26.png
  artifactKey: Guid(08b3912bdc0a5ed4d9a27125425a97f4) Importer(2089858483,b0f066a214c2f5e87bad3c948f4d605d)
Start importing Assets/Import/Lahmadju/Hovl Studio/Magic effects pack/Textures/Smoke26.png using Guid(08b3912bdc0a5ed4d9a27125425a97f4) Importer(2089858483,b0f066a214c2f5e87bad3c948f4d605d) (ScriptedImporter) -> (artifact id: '2b83152bd5b8cc24323714997fb977f4') in 0.0326906 seconds
Number of updated asset objects reloaded before import = 0Number of asset objects unloaded after import = 1

========================================================================
Received Import Request.
  Time since last request: 0.000041 seconds.
  path: Assets/Import/Lahmadju/AstarPathfindingProject/Core/Misc/PathInterpolator.cs
  artifactKey: Guid(9c0392dbc5e744ee28e7b9ee81aea1e2) Importer(2089858483,b0f066a214c2f5e87bad3c948f4d605d)
Start importing Assets/Import/Lahmadju/AstarPathfindingProject/Core/Misc/PathInterpolator.cs using Guid(9c0392dbc5e744ee28e7b9ee81aea1e2) Importer(2089858483,b0f066a214c2f5e87bad3c948f4d605d) (ScriptedImporter) -> (artifact id: 'fd7ebc459d4a65ec82501efc7c9f19b4') in 0.0129105 seconds
Number of updated asset objects reloaded before import = 0Number of asset objects unloaded after import = 0

========================================================================
Received Import Request.
  Time since last request: 0.000035 seconds.
  path: Assets/Import/Lahmadju/Scripts/Environment/Start Event Wall.cs
  artifactKey: Guid(9253502beea67604a8ba98725c91eedd) Importer(2089858483,b0f066a214c2f5e87bad3c948f4d605d)
Start importing Assets/Import/Lahmadju/Scripts/Environment/Start Event Wall.cs using Guid(9253502beea67604a8ba98725c91eedd) Importer(2089858483,b0f066a214c2f5e87bad3c948f4d605d) (ScriptedImporter) -> (artifact id: '2b2d079a2db0ae5d9226ee57754450d5') in 0.0083586 seconds
Number of updated asset objects reloaded before import = 0Number of asset objects unloaded after import = 0

========================================================================
Received Import Request.
  Time since last request: 0.000027 seconds.
  path: Assets/Import/Lahmadju/AstarPathfindingProject/Core/AstarPath.cs
  artifactKey: Guid(78396926cbbfc4ac3b48fc5fc34a87d1) Importer(2089858483,b0f066a214c2f5e87bad3c948f4d605d)
Start importing Assets/Import/Lahmadju/AstarPathfindingProject/Core/AstarPath.cs using Guid(78396926cbbfc4ac3b48fc5fc34a87d1) Importer(2089858483,b0f066a214c2f5e87bad3c948f4d605d) (ScriptedImporter) -> (artifact id: '9dcd2380bd19829f1518110ba304e1d7') in 0.0080307 seconds
Number of updated asset objects reloaded before import = 0Number of asset objects unloaded after import = 0

========================================================================
Received Import Request.
  Time since last request: 0.000023 seconds.
  path: Assets/Import/Lahmadju/AstarPathfindingProject/Modifiers/StartEndModifier.cs
  artifactKey: Guid(f72dd5db0de344ea19ae250ac5b68903) Importer(2089858483,b0f066a214c2f5e87bad3c948f4d605d)
Start importing Assets/Import/Lahmadju/AstarPathfindingProject/Modifiers/StartEndModifier.cs using Guid(f72dd5db0de344ea19ae250ac5b68903) Importer(2089858483,b0f066a214c2f5e87bad3c948f4d605d) (ScriptedImporter) -> (artifact id: '0b53029bebc665bfea7b3b5d577854e0') in 0.0082859 seconds
Number of updated asset objects reloaded before import = 0Number of asset objects unloaded after import = 0

========================================================================
Received Import Request.
  Time since last request: 0.000026 seconds.
  path: Assets/Import/Lahmadju/Animations/Cinema/Character/Walking.anim
  artifactKey: Guid(9b2c52ba3d2e8934bb7a8ef5382cef6e) Importer(2089858483,b0f066a214c2f5e87bad3c948f4d605d)
Start importing Assets/Import/Lahmadju/Animations/Cinema/Character/Walking.anim using Guid(9b2c52ba3d2e8934bb7a8ef5382cef6e) Importer(2089858483,b0f066a214c2f5e87bad3c948f4d605d) (ScriptedImporter) -> (artifact id: '0be76c2dc926bb75c1f88f8a40973ac2') in 0.0431197 seconds
Number of updated asset objects reloaded before import = 0Number of asset objects unloaded after import = 1

========================================================================
Received Import Request.
  Time since last request: 0.000037 seconds.
  path: Assets/Import/Lahmadju/Sci-FI_Trooper_Man_v.3/Textures/T_SciFiTrooperV3_bottom_n.png
  artifactKey: Guid(a03eaaf31fe748741b9572ec692bdf60) Importer(2089858483,b0f066a214c2f5e87bad3c948f4d605d)
Start importing Assets/Import/Lahmadju/Sci-FI_Trooper_Man_v.3/Textures/T_SciFiTrooperV3_bottom_n.png using Guid(a03eaaf31fe748741b9572ec692bdf60) Importer(2089858483,b0f066a214c2f5e87bad3c948f4d605d) (ScriptedImporter) -> (artifact id: '9943f7964d28a7ab01f7a951a5d5e00d') in 0.0624979 seconds
Number of updated asset objects reloaded before import = 0Number of asset objects unloaded after import = 1

========================================================================
Received Import Request.
  Time since last request: 0.000021 seconds.
  path: Assets/Import/Lahmadju/Scripts/Boss/Boss Health System.cs
  artifactKey: Guid(4ec62995c0cb9594d96c02a46a2091dd) Importer(2089858483,b0f066a214c2f5e87bad3c948f4d605d)
Start importing Assets/Import/Lahmadju/Scripts/Boss/Boss Health System.cs using Guid(4ec62995c0cb9594d96c02a46a2091dd) Importer(2089858483,b0f066a214c2f5e87bad3c948f4d605d) (ScriptedImporter) -> (artifact id: '81715fef04e305f88c2231df66af3958') in 0.0084007 seconds
Number of updated asset objects reloaded before import = 0Number of asset objects unloaded after import = 0

========================================================================
Received Import Request.
  Time since last request: 0.000025 seconds.
  path: Assets/Import/Lahmadju/AstarPathfindingProject/ExampleScenes/ExampleScripts/NavmeshClamp.cs
  artifactKey: Guid(c46a80ea33e9a403ea2308975022ec42) Importer(2089858483,b0f066a214c2f5e87bad3c948f4d605d)
Start importing Assets/Import/Lahmadju/AstarPathfindingProject/ExampleScenes/ExampleScripts/NavmeshClamp.cs using Guid(c46a80ea33e9a403ea2308975022ec42) Importer(2089858483,b0f066a214c2f5e87bad3c948f4d605d) (ScriptedImporter) -> (artifact id: '21ed995054019b0dab25ccd9f0a8181f') in 0.0085419 seconds
Number of updated asset objects reloaded before import = 0Number of asset objects unloaded after import = 0

========================================================================
Received Import Request.
  Time since last request: 0.861508 seconds.
  path: Assets/Import/Lahmadju/Prefabs/DODONPA/Sci-Fi_Space_Station__Rotor_Nexus/meshes/SurfaceBraces_Short2_4_SpaceStation_Parts_0_29_0.asset
  artifactKey: Guid(9dbbb4879bfb0d04f817aefdb0f1ce7b) Importer(2089858483,b0f066a214c2f5e87bad3c948f4d605d)
Start importing Assets/Import/Lahmadju/Prefabs/DODONPA/Sci-Fi_Space_Station__Rotor_Nexus/meshes/SurfaceBraces_Short2_4_SpaceStation_Parts_0_29_0.asset using Guid(9dbbb4879bfb0d04f817aefdb0f1ce7b) Importer(2089858483,b0f066a214c2f5e87bad3c948f4d605d) (ScriptedImporter) -> (artifact id: 'e2a78e94600a51fa53f6737956ae8c09') in 0.0119962 seconds
Number of updated asset objects reloaded before import = 0Number of asset objects unloaded after import = 1

========================================================================
Received Import Request.
  Time since last request: 0.000024 seconds.
  path: Assets/Import/Lahmadju/Imported Models/Oculus Hands/Animations/Left Hand Animator.controller
  artifactKey: Guid(4b5efa0c69d901449a38989140500c0d) Importer(2089858483,b0f066a214c2f5e87bad3c948f4d605d)
Start importing Assets/Import/Lahmadju/Imported Models/Oculus Hands/Animations/Left Hand Animator.controller using Guid(4b5efa0c69d901449a38989140500c0d) Importer(2089858483,b0f066a214c2f5e87bad3c948f4d605d) (ScriptedImporter) -> (artifact id: '8bb27fa907884e7a04d1b944a6ca6817') in 0.0169735 seconds
Number of updated asset objects reloaded before import = 0Number of asset objects unloaded after import = 7

========================================================================
Received Import Request.
  Time since last request: 0.000032 seconds.
  path: Assets/Import/Lahmadju/Scripts/Boss/Boss Legs And Torso Action.cs
  artifactKey: Guid(4991ea9d4dc65ae438d39a6d2a9d3b24) Importer(2089858483,b0f066a214c2f5e87bad3c948f4d605d)
Start importing Assets/Import/Lahmadju/Scripts/Boss/Boss Legs And Torso Action.cs using Guid(4991ea9d4dc65ae438d39a6d2a9d3b24) Importer(2089858483,b0f066a214c2f5e87bad3c948f4d605d) (ScriptedImporter) -> (artifact id: '78d819826ad7f20495d2953a1d834ac0') in 0.0090072 seconds
Number of updated asset objects reloaded before import = 0Number of asset objects unloaded after import = 0

========================================================================
Received Import Request.
  Time since last request: 0.000038 seconds.
  path: Assets/Import/Lahmadju/AstarPathfindingProject/Legacy/MiscLegacy.cs
  artifactKey: Guid(8caf3dccb5aae46daa9684e513307841) Importer(2089858483,b0f066a214c2f5e87bad3c948f4d605d)
Start importing Assets/Import/Lahmadju/AstarPathfindingProject/Legacy/MiscLegacy.cs using Guid(8caf3dccb5aae46daa9684e513307841) Importer(2089858483,b0f066a214c2f5e87bad3c948f4d605d) (ScriptedImporter) -> (artifact id: '2df996d358b139075e1fc7c96e0cf0c9') in 0.009841 seconds
Number of updated asset objects reloaded before import = 0Number of asset objects unloaded after import = 0

========================================================================
Received Import Request.
  Time since last request: 0.000023 seconds.
  path: Assets/Import/Lahmadju/AstarPathfindingProject/Generators/NavMeshGenerator.cs
  artifactKey: Guid(ffae751ca240c466185a168f4a9836cb) Importer(2089858483,b0f066a214c2f5e87bad3c948f4d605d)
Start importing Assets/Import/Lahmadju/AstarPathfindingProject/Generators/NavMeshGenerator.cs using Guid(ffae751ca240c466185a168f4a9836cb) Importer(2089858483,b0f066a214c2f5e87bad3c948f4d605d) (ScriptedImporter) -> (artifact id: 'c7ac986ffdd3de26d685c29801e431c4') in 0.0092243 seconds
Number of updated asset objects reloaded before import = 0Number of asset objects unloaded after import = 0

========================================================================
Received Import Request.
  Time since last request: 0.000031 seconds.
  path: Assets/Import/Lahmadju/AstarPathfindingProject/Editor/AstarUpdateChecker.cs
  artifactKey: Guid(8df9913c9ee004459b24d89644e573d7) Importer(2089858483,b0f066a214c2f5e87bad3c948f4d605d)
Start importing Assets/Import/Lahmadju/AstarPathfindingProject/Editor/AstarUpdateChecker.cs using Guid(8df9913c9ee004459b24d89644e573d7) Importer(2089858483,b0f066a214c2f5e87bad3c948f4d605d) (ScriptedImporter) -> (artifact id: 'fac66f2caab51bfc4102401a78ffc695') in 0.0095284 seconds
Number of updated asset objects reloaded before import = 0Number of asset objects unloaded after import = 0

========================================================================
Received Import Request.
  Time since last request: 0.000036 seconds.
  path: Assets/Import/Lahmadju/AstarPathfindingProject/Core/AI/Seeker.cs
  artifactKey: Guid(373b52eb9bf8c40f785bb6947a1aee66) Importer(2089858483,b0f066a214c2f5e87bad3c948f4d605d)
Start importing Assets/Import/Lahmadju/AstarPathfindingProject/Core/AI/Seeker.cs using Guid(373b52eb9bf8c40f785bb6947a1aee66) Importer(2089858483,b0f066a214c2f5e87bad3c948f4d605d) (ScriptedImporter) -> (artifact id: 'c80e20276c3e7f6adb6085101602822d') in 0.0107001 seconds
Number of updated asset objects reloaded before import = 0Number of asset objects unloaded after import = 0

========================================================================
Received Import Request.
  Time since last request: 0.000038 seconds.
  path: Assets/Import/Lahmadju/AstarPathfindingProject/Generators/Utilities/EuclideanEmbedding.cs
  artifactKey: Guid(3ac3213e3eeb14eef91939f5281682e6) Importer(2089858483,b0f066a214c2f5e87bad3c948f4d605d)
Start importing Assets/Import/Lahmadju/AstarPathfindingProject/Generators/Utilities/EuclideanEmbedding.cs using Guid(3ac3213e3eeb14eef91939f5281682e6) Importer(2089858483,b0f066a214c2f5e87bad3c948f4d605d) (ScriptedImporter) -> (artifact id: '767db6928769f16cb55ecf2df9c93493') in 0.0085611 seconds
Number of updated asset objects reloaded before import = 0Number of asset objects unloaded after import = 0

========================================================================
Received Import Request.
  Time since last request: 0.000028 seconds.
  path: Assets/Import/Lahmadju/Prefabs/Boss Render/Boss head final.fbx
  artifactKey: Guid(043187e1e18702d429f839e59fd6e877) Importer(2089858483,b0f066a214c2f5e87bad3c948f4d605d)
Start importing Assets/Import/Lahmadju/Prefabs/Boss Render/Boss head final.fbx using Guid(043187e1e18702d429f839e59fd6e877) Importer(2089858483,b0f066a214c2f5e87bad3c948f4d605d) (ScriptedImporter) -> (artifact id: '72119841598e93bc80792a690ecef020') in 0.0434833 seconds
Number of updated asset objects reloaded before import = 0Number of asset objects unloaded after import = 171

========================================================================
Received Import Request.
  Time since last request: 0.000028 seconds.
  path: Assets/Import/Lahmadju/Prefabs/Bullet.prefab
  artifactKey: Guid(5987c0fddd46c5f42abc756b00eb8ca5) Importer(2089858483,b0f066a214c2f5e87bad3c948f4d605d)
Start importing Assets/Import/Lahmadju/Prefabs/Bullet.prefab using Guid(5987c0fddd46c5f42abc756b00eb8ca5) Importer(2089858483,b0f066a214c2f5e87bad3c948f4d605d) (ScriptedImporter) -> (artifact id: '2c9ecc86aeed8aef5f78ba39f1c12a0d') in 0.0750944 seconds
Number of updated asset objects reloaded before import = 0Number of asset objects unloaded after import = 11

========================================================================
Received Import Request.
  Time since last request: 0.000037 seconds.
  path: Assets/Import/Lahmadju/Prefabs/Below Platform/belowPlatform.fbx
  artifactKey: Guid(6e5d4b88c0b20bf4c81638a28aa35d1b) Importer(2089858483,b0f066a214c2f5e87bad3c948f4d605d)
Start importing Assets/Import/Lahmadju/Prefabs/Below Platform/belowPlatform.fbx using Guid(6e5d4b88c0b20bf4c81638a28aa35d1b) Importer(2089858483,b0f066a214c2f5e87bad3c948f4d605d) (ScriptedImporter) -> (artifact id: '5f47f67c13eb7d2baa5d2e7c7008b4f5') in 0.1121243 seconds
Number of updated asset objects reloaded before import = 0Number of asset objects unloaded after import = 159

========================================================================
Received Import Request.
  Time since last request: 0.000041 seconds.
  path: Assets/Import/Lahmadju/Prefabs/DODONPA/Sci-Fi_Space_Station__Rotor_Nexus/textures/SpaceStation_Parts_emissive_2.png
  artifactKey: Guid(db943689f082a4249a3b8a7d2fa783da) Importer(2089858483,b0f066a214c2f5e87bad3c948f4d605d)
Start importing Assets/Import/Lahmadju/Prefabs/DODONPA/Sci-Fi_Space_Station__Rotor_Nexus/textures/SpaceStation_Parts_emissive_2.png using Guid(db943689f082a4249a3b8a7d2fa783da) Importer(2089858483,b0f066a214c2f5e87bad3c948f4d605d) (ScriptedImporter) -> (artifact id: '61435e9d03f7acd5c7e5d5c1d9259efd') in 0.0299147 seconds
Number of updated asset objects reloaded before import = 0Number of asset objects unloaded after import = 1

========================================================================
Received Import Request.
  Time since last request: 0.000024 seconds.
  path: Assets/Import/Lahmadju/AstarPathfindingProject/Generators/Utilities/Voxels/VoxelUtility.cs
  artifactKey: Guid(323b25b9574384857a659b80fb8c1678) Importer(2089858483,b0f066a214c2f5e87bad3c948f4d605d)
Start importing Assets/Import/Lahmadju/AstarPathfindingProject/Generators/Utilities/Voxels/VoxelUtility.cs using Guid(323b25b9574384857a659b80fb8c1678) Importer(2089858483,b0f066a214c2f5e87bad3c948f4d605d) (ScriptedImporter) -> (artifact id: '6d0e7702c1006bd3ab52b11bab74df57') in 0.0091493 seconds
Number of updated asset objects reloaded before import = 0Number of asset objects unloaded after import = 0

========================================================================
Received Import Request.
  Time since last request: 0.000024 seconds.
  path: Assets/Import/Lahmadju/AstarPathfindingProject/Generators/NavmeshBase.cs
  artifactKey: Guid(f8b76f19632144117a3ac7f28faf2c15) Importer(2089858483,b0f066a214c2f5e87bad3c948f4d605d)
Start importing Assets/Import/Lahmadju/AstarPathfindingProject/Generators/NavmeshBase.cs using Guid(f8b76f19632144117a3ac7f28faf2c15) Importer(2089858483,b0f066a214c2f5e87bad3c948f4d605d) (ScriptedImporter) -> (artifact id: '1625f2e118dbe46e40e73ca1b7ca1874') in 0.0105242 seconds
Number of updated asset objects reloaded before import = 0Number of asset objects unloaded after import = 0

========================================================================
Received Import Request.
  Time since last request: 0.000027 seconds.
  path: Assets/Import/Lahmadju/AstarPathfindingProject/ExampleScenes/Example11_RVO/LightweightRVO.cs
  artifactKey: Guid(cd22169e5a88449fca9e480b59dae980) Importer(2089858483,b0f066a214c2f5e87bad3c948f4d605d)
Start importing Assets/Import/Lahmadju/AstarPathfindingProject/ExampleScenes/Example11_RVO/LightweightRVO.cs using Guid(cd22169e5a88449fca9e480b59dae980) Importer(2089858483,b0f066a214c2f5e87bad3c948f4d605d) (ScriptedImporter) -> (artifact id: '698c6a142cb987f0b982db6f0438523f') in 0.0095852 seconds
Number of updated asset objects reloaded before import = 0Number of asset objects unloaded after import = 0

========================================================================
Received Import Request.
  Time since last request: 0.000043 seconds.
  path: Assets/Import/Lahmadju/Imported Models/Character/FreeCharacter/untitled.fbx
  artifactKey: Guid(25591e88fac9e4a42b505317538de6ad) Importer(2089858483,b0f066a214c2f5e87bad3c948f4d605d)
Start importing Assets/Import/Lahmadju/Imported Models/Character/FreeCharacter/untitled.fbx using Guid(25591e88fac9e4a42b505317538de6ad) Importer(2089858483,b0f066a214c2f5e87bad3c948f4d605d) (ScriptedImporter) -> (artifact id: '813c914e4a3833ca122c8e0b65b71791') in 0.0557709 seconds
Number of updated asset objects reloaded before import = 0Number of asset objects unloaded after import = 142

========================================================================
Received Import Request.
  Time since last request: 0.000024 seconds.
  path: Assets/Import/Lahmadju/Imported Models/_Barking_Dog/3D Free Modular Kit/_Meshes/Roof_01.FBX
  artifactKey: Guid(76e15ece664ee41ada45b8500a673f22) Importer(2089858483,b0f066a214c2f5e87bad3c948f4d605d)
Start importing Assets/Import/Lahmadju/Imported Models/_Barking_Dog/3D Free Modular Kit/_Meshes/Roof_01.FBX using Guid(76e15ece664ee41ada45b8500a673f22) Importer(2089858483,b0f066a214c2f5e87bad3c948f4d605d) (ScriptedImporter) -> (artifact id: '17df3bab05cf67e8638afe69c8e1badb') in 0.0367922 seconds
Number of updated asset objects reloaded before import = 0Number of asset objects unloaded after import = 8

========================================================================
Received Import Request.
  Time since last request: 0.000038 seconds.
  path: Assets/Import/Lahmadju/Prefabs/Platform/lambert1_normal.png
  artifactKey: Guid(7d7d482e77a3d1348a48e6dd6ca11ac8) Importer(2089858483,b0f066a214c2f5e87bad3c948f4d605d)
Start importing Assets/Import/Lahmadju/Prefabs/Platform/lambert1_normal.png using Guid(7d7d482e77a3d1348a48e6dd6ca11ac8) Importer(2089858483,b0f066a214c2f5e87bad3c948f4d605d) (ScriptedImporter) -> (artifact id: '964741809dd470f8cb784339d2a23a41') in 0.027914 seconds
Number of updated asset objects reloaded before import = 0Number of asset objects unloaded after import = 1

========================================================================
Received Import Request.
  Time since last request: 0.000047 seconds.
  path: Assets/Import/Lahmadju/Scripts/Environment/Object Spawner 3.cs
  artifactKey: Guid(e46aed31204a8c9469fe97a6d3fda69c) Importer(2089858483,b0f066a214c2f5e87bad3c948f4d605d)
Start importing Assets/Import/Lahmadju/Scripts/Environment/Object Spawner 3.cs using Guid(e46aed31204a8c9469fe97a6d3fda69c) Importer(2089858483,b0f066a214c2f5e87bad3c948f4d605d) (ScriptedImporter) -> (artifact id: '596cfa78bd983d4f73e8c85833a86715') in 0.0089661 seconds
Number of updated asset objects reloaded before import = 0Number of asset objects unloaded after import = 0

========================================================================
Received Import Request.
  Time since last request: 0.000022 seconds.
  path: Assets/Import/Lahmadju/Sci-FI_Trooper_Man_v.3/Textures/T_SciFiTrooperV3_bottom_emissive.png
  artifactKey: Guid(a0b38630fd0fd1749954af59b67da41a) Importer(2089858483,b0f066a214c2f5e87bad3c948f4d605d)
Start importing Assets/Import/Lahmadju/Sci-FI_Trooper_Man_v.3/Textures/T_SciFiTrooperV3_bottom_emissive.png using Guid(a0b38630fd0fd1749954af59b67da41a) Importer(2089858483,b0f066a214c2f5e87bad3c948f4d605d) (ScriptedImporter) -> (artifact id: '15a5d49263a6cec02078f336728c5af8') in 0.0322073 seconds
Number of updated asset objects reloaded before import = 0Number of asset objects unloaded after import = 1

========================================================================
Received Import Request.
  Time since last request: 0.000046 seconds.
  path: Assets/Import/Lahmadju/Imported Models/Low Poly Cyber Ninja Sword/Textures/Sword_Cyber_Plasma_MetallicSmoothness.png
  artifactKey: Guid(be16a81f1dffddd4783b5460aa2676c6) Importer(2089858483,b0f066a214c2f5e87bad3c948f4d605d)
Start importing Assets/Import/Lahmadju/Imported Models/Low Poly Cyber Ninja Sword/Textures/Sword_Cyber_Plasma_MetallicSmoothness.png using Guid(be16a81f1dffddd4783b5460aa2676c6) Importer(2089858483,b0f066a214c2f5e87bad3c948f4d605d) (ScriptedImporter) -> (artifact id: 'd6a688f37d26408c4a91d5019d2b6c0d') in 0.0388152 seconds
Number of updated asset objects reloaded before import = 0Number of asset objects unloaded after import = 1

========================================================================
Received Import Request.
  Time since last request: 0.000043 seconds.
  path: Assets/Import/Lahmadju/Prefabs/DODONPA/Sci-Fi_Space_Station__Rotor_Nexus/meshes/SpaceStationCore_OuterTurbineWings_SpaceStation_Core_0_4_0.asset
  artifactKey: Guid(b877892fa3468724b949eabe02f77bee) Importer(2089858483,b0f066a214c2f5e87bad3c948f4d605d)
Start importing Assets/Import/Lahmadju/Prefabs/DODONPA/Sci-Fi_Space_Station__Rotor_Nexus/meshes/SpaceStationCore_OuterTurbineWings_SpaceStation_Core_0_4_0.asset using Guid(b877892fa3468724b949eabe02f77bee) Importer(2089858483,b0f066a214c2f5e87bad3c948f4d605d) (ScriptedImporter) -> (artifact id: '2e6bc16ac60ec8df4c34d79d25c62e78') in 0.0196304 seconds
Number of updated asset objects reloaded before import = 0Number of asset objects unloaded after import = 1

========================================================================
Received Import Request.
  Time since last request: 0.273871 seconds.
  path: Assets/Import/Lahmadju/Imported Models/_Barking_Dog/3D Free Modular Kit/_Meshes/Roof_Angle_Smal_01.FBX
  artifactKey: Guid(2c0055bf80c5d48de99a4610f68413ac) Importer(2089858483,b0f066a214c2f5e87bad3c948f4d605d)
Start importing Assets/Import/Lahmadju/Imported Models/_Barking_Dog/3D Free Modular Kit/_Meshes/Roof_Angle_Smal_01.FBX using Guid(2c0055bf80c5d48de99a4610f68413ac) Importer(2089858483,b0f066a214c2f5e87bad3c948f4d605d) (ScriptedImporter) -> (artifact id: '379c31eb4608df5902f49501476401f6') in 0.0364184 seconds
Number of updated asset objects reloaded before import = 0Number of asset objects unloaded after import = 8

========================================================================
Received Import Request.
  Time since last request: 0.451432 seconds.
  path: Assets/Import/Lahmadju/Scripts/Player And Weapons/Player Health System.cs
  artifactKey: Guid(7eaad58aa54f63146b003c7bc340ca2f) Importer(2089858483,b0f066a214c2f5e87bad3c948f4d605d)
Start importing Assets/Import/Lahmadju/Scripts/Player And Weapons/Player Health System.cs using Guid(7eaad58aa54f63146b003c7bc340ca2f) Importer(2089858483,b0f066a214c2f5e87bad3c948f4d605d) (ScriptedImporter) -> (artifact id: 'd9a4f2ff83d08c0649b675976d2b6ce9') in 0.0111151 seconds
Number of updated asset objects reloaded before import = 0Number of asset objects unloaded after import = 0

========================================================================
Received Import Request.
  Time since last request: 1.576666 seconds.
  path: Assets/Import/Lahmadju/ImportedModels/AZURION_MK-V_Pulse_Blaster/textures
  artifactKey: Guid(21910c2980f6e1c44ad7e975647c15ba) Importer(2089858483,b0f066a214c2f5e87bad3c948f4d605d)
Start importing Assets/Import/Lahmadju/ImportedModels/AZURION_MK-V_Pulse_Blaster/textures using Guid(21910c2980f6e1c44ad7e975647c15ba) Importer(2089858483,b0f066a214c2f5e87bad3c948f4d605d) (ScriptedImporter) -> (artifact id: 'bd1277b3524ebfbd04f972451748245c') in 0.007614 seconds
Number of updated asset objects reloaded before import = 0Number of asset objects unloaded after import = 1

========================================================================
Received Import Request.
  Time since last request: 0.000073 seconds.
  path: Assets/Import/Lahmadju/AstarPathfindingProject/Editor
  artifactKey: Guid(f216704daeb2d2246b280047a8f977d9) Importer(2089858483,b0f066a214c2f5e87bad3c948f4d605d)
Start importing Assets/Import/Lahmadju/AstarPathfindingProject/Editor using Guid(f216704daeb2d2246b280047a8f977d9) Importer(2089858483,b0f066a214c2f5e87bad3c948f4d605d) (ScriptedImporter) -> (artifact id: 'f523de710ac793496464cad8284fb226') in 0.0081304 seconds
Number of updated asset objects reloaded before import = 0Number of asset objects unloaded after import = 1

========================================================================
Received Import Request.
  Time since last request: 0.000035 seconds.
  path: Assets/Import/Lahmadju/ImportedModels/Space_Music!/meshes
  artifactKey: Guid(7d6edd5ac3afe674881d40a22c038830) Importer(2089858483,b0f066a214c2f5e87bad3c948f4d605d)
Start importing Assets/Import/Lahmadju/ImportedModels/Space_Music!/meshes using Guid(7d6edd5ac3afe674881d40a22c038830) Importer(2089858483,b0f066a214c2f5e87bad3c948f4d605d) (ScriptedImporter) -> (artifact id: 'cf4eee2ec211bb2d8ccfd7434a92d77d') in 0.008801 seconds
Number of updated asset objects reloaded before import = 0Number of asset objects unloaded after import = 1

========================================================================
Received Import Request.
  Time since last request: 0.000022 seconds.
  path: Assets/Import/Lahmadju/Prefabs/Platform
  artifactKey: Guid(90c940edd0e532d43ab703bad76e7536) Importer(2089858483,b0f066a214c2f5e87bad3c948f4d605d)
Start importing Assets/Import/Lahmadju/Prefabs/Platform using Guid(90c940edd0e532d43ab703bad76e7536) Importer(2089858483,b0f066a214c2f5e87bad3c948f4d605d) (ScriptedImporter) -> (artifact id: 'e9ac7590a8a251ee6e28f5f674cad575') in 0.0662123 seconds
Number of updated asset objects reloaded before import = 0Number of asset objects unloaded after import = 1

========================================================================
Received Import Request.
  Time since last request: 0.000026 seconds.
  path: Assets/Import/Lahmadju/Scripts
  artifactKey: Guid(8cf77b2b15891b84a9b73f1bb049dd73) Importer(2089858483,b0f066a214c2f5e87bad3c948f4d605d)
Start importing Assets/Import/Lahmadju/Scripts using Guid(8cf77b2b15891b84a9b73f1bb049dd73) Importer(2089858483,b0f066a214c2f5e87bad3c948f4d605d) (ScriptedImporter) -> (artifact id: '11164d4838b4440df3673807c4fee293') in 0.0078079 seconds
Number of updated asset objects reloaded before import = 0Number of asset objects unloaded after import = 1

========================================================================
Received Import Request.
  Time since last request: 0.000036 seconds.
  path: Assets/Import/Lahmadju/Imported Models/_Barking_Dog/3D Free Modular Kit/_Meshes
  artifactKey: Guid(538ca5cd33525ad40be433089e4b3065) Importer(2089858483,b0f066a214c2f5e87bad3c948f4d605d)
Start importing Assets/Import/Lahmadju/Imported Models/_Barking_Dog/3D Free Modular Kit/_Meshes using Guid(538ca5cd33525ad40be433089e4b3065) Importer(2089858483,b0f066a214c2f5e87bad3c948f4d605d) (ScriptedImporter) -> (artifact id: '2d22b56a4b181c88ba81f703f4816a21') in 0.0079916 seconds
Number of updated asset objects reloaded before import = 0Number of asset objects unloaded after import = 1

========================================================================
Received Import Request.
  Time since last request: 0.000019 seconds.
  path: Assets/Import/Lahmadju/AstarPathfindingProject/Legacy
  artifactKey: Guid(12389446cd745cd4fb63958fac322ac5) Importer(2089858483,b0f066a214c2f5e87bad3c948f4d605d)
Start importing Assets/Import/Lahmadju/AstarPathfindingProject/Legacy using Guid(12389446cd745cd4fb63958fac322ac5) Importer(2089858483,b0f066a214c2f5e87bad3c948f4d605d) (ScriptedImporter) -> (artifact id: '38cc89e4a9f4cd0cb43195701ebe5d79') in 0.0086173 seconds
Number of updated asset objects reloaded before import = 0Number of asset objects unloaded after import = 1

========================================================================
Received Import Request.
  Time since last request: 0.000023 seconds.
  path: Assets/Import/Lahmadju/ImportedModels/Space_Plant/meshes
  artifactKey: Guid(7313ab7fd1d9ed84fb263a086d56e4e5) Importer(2089858483,b0f066a214c2f5e87bad3c948f4d605d)
Start importing Assets/Import/Lahmadju/ImportedModels/Space_Plant/meshes using Guid(7313ab7fd1d9ed84fb263a086d56e4e5) Importer(2089858483,b0f066a214c2f5e87bad3c948f4d605d) (ScriptedImporter) -> (artifact id: '48e13e3d790676839fa1cc339ade40c1') in 0.0100225 seconds
Number of updated asset objects reloaded before import = 0Number of asset objects unloaded after import = 1

========================================================================
Received Import Request.
  Time since last request: 0.000025 seconds.
  path: Assets/Import/Lahmadju/Imported Models/Scifi-Gun/Gun Model
  artifactKey: Guid(60f29ba358fa22d4b815c5879a7d4800) Importer(2089858483,b0f066a214c2f5e87bad3c948f4d605d)
Start importing Assets/Import/Lahmadju/Imported Models/Scifi-Gun/Gun Model using Guid(60f29ba358fa22d4b815c5879a7d4800) Importer(2089858483,b0f066a214c2f5e87bad3c948f4d605d) (ScriptedImporter) -> (artifact id: 'd6aba49dc00cc7cdd988fdaf0ad56a1e') in 0.0085914 seconds
Number of updated asset objects reloaded before import = 0Number of asset objects unloaded after import = 1

========================================================================
Received Import Request.
  Time since last request: 0.000036 seconds.
  path: Assets/Import/Lahmadju/ImportedModels/Sci-Fi_Sword
  artifactKey: Guid(208469576d73c704c90f694de09a5178) Importer(2089858483,b0f066a214c2f5e87bad3c948f4d605d)
Start importing Assets/Import/Lahmadju/ImportedModels/Sci-Fi_Sword using Guid(208469576d73c704c90f694de09a5178) Importer(2089858483,b0f066a214c2f5e87bad3c948f4d605d) (ScriptedImporter) -> (artifact id: '8ec58fc6d46b35543a2ba4a00a6b695c') in 0.0074173 seconds
Number of updated asset objects reloaded before import = 0Number of asset objects unloaded after import = 1

========================================================================
Received Import Request.
  Time since last request: 0.000023 seconds.
  path: Assets/Import/Lahmadju/AstarPathfindingProject/Generators/Utilities
  artifactKey: Guid(7bdbf47d72ffa79469ec151b6d27220d) Importer(2089858483,b0f066a214c2f5e87bad3c948f4d605d)
Start importing Assets/Import/Lahmadju/AstarPathfindingProject/Generators/Utilities using Guid(7bdbf47d72ffa79469ec151b6d27220d) Importer(2089858483,b0f066a214c2f5e87bad3c948f4d605d) (ScriptedImporter) -> (artifact id: '21f56de85a4efc0572b4d5f8e5d43547') in 0.0091497 seconds
Number of updated asset objects reloaded before import = 0Number of asset objects unloaded after import = 1

========================================================================
Received Import Request.
  Time since last request: 0.000025 seconds.
  path: Assets/Import/Lahmadju/AstarPathfindingProject/Generators/NodeClasses
  artifactKey: Guid(6339eef9bfff75c418b7a02a69b3b71d) Importer(2089858483,b0f066a214c2f5e87bad3c948f4d605d)
Start importing Assets/Import/Lahmadju/AstarPathfindingProject/Generators/NodeClasses using Guid(6339eef9bfff75c418b7a02a69b3b71d) Importer(2089858483,b0f066a214c2f5e87bad3c948f4d605d) (ScriptedImporter) -> (artifact id: '2ef6b5cc06114777592f751b94de91b8') in 0.0079227 seconds
Number of updated asset objects reloaded before import = 0Number of asset objects unloaded after import = 1

========================================================================
Received Import Request.
  Time since last request: 0.000030 seconds.
  path: Assets/Import/Lahmadju/ImportedModels/Free_Sci_Fi_Helmet
  artifactKey: Guid(f182945bf855a564bbdd82dd27b0e702) Importer(2089858483,b0f066a214c2f5e87bad3c948f4d605d)
Start importing Assets/Import/Lahmadju/ImportedModels/Free_Sci_Fi_Helmet using Guid(f182945bf855a564bbdd82dd27b0e702) Importer(2089858483,b0f066a214c2f5e87bad3c948f4d605d) (ScriptedImporter) -> (artifact id: 'c8ac612d9ef52980c4c5e079fef9dc93') in 0.0103483 seconds
Number of updated asset objects reloaded before import = 0Number of asset objects unloaded after import = 1

========================================================================
Received Import Request.
  Time since last request: 0.000034 seconds.
  path: Assets/Import/Lahmadju/Sci-FI_Trooper_Man_v.3
  artifactKey: Guid(ccfec010971b2f34eb4b0bf858581fc6) Importer(2089858483,b0f066a214c2f5e87bad3c948f4d605d)
Start importing Assets/Import/Lahmadju/Sci-FI_Trooper_Man_v.3 using Guid(ccfec010971b2f34eb4b0bf858581fc6) Importer(2089858483,b0f066a214c2f5e87bad3c948f4d605d) (ScriptedImporter) -> (artifact id: 'e30897120e19d6741aa6f01ba7965f2b') in 0.0080873 seconds
Number of updated asset objects reloaded before import = 0Number of asset objects unloaded after import = 1

========================================================================
Received Import Request.
  Time since last request: 0.000024 seconds.
  path: Assets/Import/Lahmadju/AstarPathfindingProject/PackageTools
  artifactKey: Guid(484407c7b7f830a4db60a7fb42edea34) Importer(2089858483,b0f066a214c2f5e87bad3c948f4d605d)
Start importing Assets/Import/Lahmadju/AstarPathfindingProject/PackageTools using Guid(484407c7b7f830a4db60a7fb42edea34) Importer(2089858483,b0f066a214c2f5e87bad3c948f4d605d) (ScriptedImporter) -> (artifact id: '56911bd39bb6723904343cea3b551d45') in 0.0087559 seconds
Number of updated asset objects reloaded before import = 0Number of asset objects unloaded after import = 1

========================================================================
Received Import Request.
  Time since last request: 0.000022 seconds.
  path: Assets/Import/Lahmadju/AstarPathfindingProject/Plugins/Poly2Tri
  artifactKey: Guid(d986e94cb7cea574a9b3b399035c5dd6) Importer(2089858483,b0f066a214c2f5e87bad3c948f4d605d)
Start importing Assets/Import/Lahmadju/AstarPathfindingProject/Plugins/Poly2Tri using Guid(d986e94cb7cea574a9b3b399035c5dd6) Importer(2089858483,b0f066a214c2f5e87bad3c948f4d605d) (ScriptedImporter) -> (artifact id: 'd9429f0ee8459372006658c01d2ddd94') in 0.0089211 seconds
Number of updated asset objects reloaded before import = 0Number of asset objects unloaded after import = 1

========================================================================
Received Import Request.
  Time since last request: 0.000026 seconds.
  path: Assets/Import/Lahmadju/ImportedModels/Lava_planet/materials
  artifactKey: Guid(fe030b5567b003d418a7ca630198feed) Importer(2089858483,b0f066a214c2f5e87bad3c948f4d605d)
Start importing Assets/Import/Lahmadju/ImportedModels/Lava_planet/materials using Guid(fe030b5567b003d418a7ca630198feed) Importer(2089858483,b0f066a214c2f5e87bad3c948f4d605d) (ScriptedImporter) -> (artifact id: '1d3bd1062a540d78f1c3670a283a0bc9') in 0.0094492 seconds
Number of updated asset objects reloaded before import = 0Number of asset objects unloaded after import = 1

========================================================================
Received Import Request.
  Time since last request: 0.000039 seconds.
  path: Assets/Import/Lahmadju/Particles
  artifactKey: Guid(f86209cbbd7c5f04b8310e7041293a39) Importer(2089858483,b0f066a214c2f5e87bad3c948f4d605d)
Start importing Assets/Import/Lahmadju/Particles using Guid(f86209cbbd7c5f04b8310e7041293a39) Importer(2089858483,b0f066a214c2f5e87bad3c948f4d605d) (ScriptedImporter) -> (artifact id: '17e90a43721cff00a6dd7052827ffdf4') in 0.0073389 seconds
Number of updated asset objects reloaded before import = 0Number of asset objects unloaded after import = 1

========================================================================
Received Import Request.
  Time since last request: 0.000025 seconds.
  path: Assets/Import/Lahmadju/ImportedModels/Space_container_-_Mars_mission
  artifactKey: Guid(de529fab9a342bf4698a941cf05c95cb) Importer(2089858483,b0f066a214c2f5e87bad3c948f4d605d)
Start importing Assets/Import/Lahmadju/ImportedModels/Space_container_-_Mars_mission using Guid(de529fab9a342bf4698a941cf05c95cb) Importer(2089858483,b0f066a214c2f5e87bad3c948f4d605d) (ScriptedImporter) -> (artifact id: '7eee5dbfd460fc5a26196e94941d43cc') in 0.0086367 seconds
Number of updated asset objects reloaded before import = 0Number of asset objects unloaded after import = 1

========================================================================
Received Import Request.
  Time since last request: 0.000027 seconds.
  path: Assets/Import/Lahmadju/ImportedModels/Dark_rock_with_lava
  artifactKey: Guid(f3d7df300ac72bb49935df32d5dba511) Importer(2089858483,b0f066a214c2f5e87bad3c948f4d605d)
Start importing Assets/Import/Lahmadju/ImportedModels/Dark_rock_with_lava using Guid(f3d7df300ac72bb49935df32d5dba511) Importer(2089858483,b0f066a214c2f5e87bad3c948f4d605d) (ScriptedImporter) -> (artifact id: '57bdb3f1cbd619faef9af8e78c7b8721') in 0.0081665 seconds
Number of updated asset objects reloaded before import = 0Number of asset objects unloaded after import = 1

========================================================================
Received Import Request.
  Time since last request: 0.000029 seconds.
  path: Assets/Import/Lahmadju/ImportedModels/Computer_[X]_Terminal-II
  artifactKey: Guid(2bc58decb7377c048bfbe57f2ab2aedc) Importer(2089858483,b0f066a214c2f5e87bad3c948f4d605d)
Start importing Assets/Import/Lahmadju/ImportedModels/Computer_[X]_Terminal-II using Guid(2bc58decb7377c048bfbe57f2ab2aedc) Importer(2089858483,b0f066a214c2f5e87bad3c948f4d605d) (ScriptedImporter) -> (artifact id: 'fbd3eb5bbc6cc51b3dcb8f1bb4cd872b') in 0.0085863 seconds
Number of updated asset objects reloaded before import = 0Number of asset objects unloaded after import = 1

========================================================================
Received Import Request.
  Time since last request: 0.000041 seconds.
  path: Assets/Import/Lahmadju/Imported Models/Low Poly Cyber Ninja Sword/Textures
  artifactKey: Guid(f9eaf0299de5fd84f8db71417f431d01) Importer(2089858483,b0f066a214c2f5e87bad3c948f4d605d)
Start importing Assets/Import/Lahmadju/Imported Models/Low Poly Cyber Ninja Sword/Textures using Guid(f9eaf0299de5fd84f8db71417f431d01) Importer(2089858483,b0f066a214c2f5e87bad3c948f4d605d) (ScriptedImporter) -> (artifact id: '8241253c21bdc37872b84d4fccb4224a') in 0.0080675 seconds
Number of updated asset objects reloaded before import = 0Number of asset objects unloaded after import = 1

========================================================================
Received Import Request.
  Time since last request: 0.000030 seconds.
  path: Assets/Import/Lahmadju/ImportedModels/Space_container_-_Mars_mission/meshes
  artifactKey: Guid(a95c5f230d42e0742bb83ef78e8844c2) Importer(2089858483,b0f066a214c2f5e87bad3c948f4d605d)
Start importing Assets/Import/Lahmadju/ImportedModels/Space_container_-_Mars_mission/meshes using Guid(a95c5f230d42e0742bb83ef78e8844c2) Importer(2089858483,b0f066a214c2f5e87bad3c948f4d605d) (ScriptedImporter) -> (artifact id: '86495f5e6ff6cedb669044e1de556e22') in 0.0088354 seconds
Number of updated asset objects reloaded before import = 0Number of asset objects unloaded after import = 1

========================================================================
Received Import Request.
  Time since last request: 0.000031 seconds.
  path: Assets/Import/Lahmadju/ImportedModels/Spacecraft_Control_Terminal_Console_ORANGE
  artifactKey: Guid(3fab295235695d847b57556027f4218c) Importer(2089858483,b0f066a214c2f5e87bad3c948f4d605d)
Start importing Assets/Import/Lahmadju/ImportedModels/Spacecraft_Control_Terminal_Console_ORANGE using Guid(3fab295235695d847b57556027f4218c) Importer(2089858483,b0f066a214c2f5e87bad3c948f4d605d) (ScriptedImporter) -> (artifact id: '2ea78c5fbeeb2252ad2bed2ae834b2fa') in 0.0082841 seconds
Number of updated asset objects reloaded before import = 0Number of asset objects unloaded after import = 1

========================================================================
Received Import Request.
  Time since last request: 0.000025 seconds.
  path: Assets/Import/Lahmadju/ImportedModels/Arcade_Game_-_Space_Invaders
  artifactKey: Guid(46a6e8379ab0f724d88b651e21cf3d91) Importer(2089858483,b0f066a214c2f5e87bad3c948f4d605d)
Start importing Assets/Import/Lahmadju/ImportedModels/Arcade_Game_-_Space_Invaders using Guid(46a6e8379ab0f724d88b651e21cf3d91) Importer(2089858483,b0f066a214c2f5e87bad3c948f4d605d) (ScriptedImporter) -> (artifact id: '51b62bbe2a550770fc8e910e5b287216') in 0.0092213 seconds
Number of updated asset objects reloaded before import = 0Number of asset objects unloaded after import = 1

========================================================================
Received Import Request.
  Time since last request: 0.000036 seconds.
  path: Assets/Import/Lahmadju/Scripts/Environment
  artifactKey: Guid(5452f9aa9c2bc9d43ab5a551039639a4) Importer(2089858483,b0f066a214c2f5e87bad3c948f4d605d)
Start importing Assets/Import/Lahmadju/Scripts/Environment using Guid(5452f9aa9c2bc9d43ab5a551039639a4) Importer(2089858483,b0f066a214c2f5e87bad3c948f4d605d) (ScriptedImporter) -> (artifact id: 'ea6c3040f084ef318af2cfb9fc9ae84b') in 0.009421 seconds
Number of updated asset objects reloaded before import = 0Number of asset objects unloaded after import = 1

========================================================================
Received Import Request.
  Time since last request: 0.000025 seconds.
  path: Assets/Import/Lahmadju/ImportedModels/Lava_planet/meshes
  artifactKey: Guid(0b40561f694d26e4185aafdba93bd826) Importer(2089858483,b0f066a214c2f5e87bad3c948f4d605d)
Start importing Assets/Import/Lahmadju/ImportedModels/Lava_planet/meshes using Guid(0b40561f694d26e4185aafdba93bd826) Importer(2089858483,b0f066a214c2f5e87bad3c948f4d605d) (ScriptedImporter) -> (artifact id: '11778a887b3bcc862c0b14c9f950fc53') in 0.0097054 seconds
Number of updated asset objects reloaded before import = 0Number of asset objects unloaded after import = 1

========================================================================
Received Import Request.
  Time since last request: 0.000026 seconds.
  path: Assets/Import/Lahmadju/ImportedModels/space_Terminal/meshes
  artifactKey: Guid(bfa7ba1203649364c975c9b9c628782d) Importer(2089858483,b0f066a214c2f5e87bad3c948f4d605d)
Start importing Assets/Import/Lahmadju/ImportedModels/space_Terminal/meshes using Guid(bfa7ba1203649364c975c9b9c628782d) Importer(2089858483,b0f066a214c2f5e87bad3c948f4d605d) (ScriptedImporter) -> (artifact id: 'aa52d1cf45ca447b2d702bb6bddc54b4') in 0.0086162 seconds
Number of updated asset objects reloaded before import = 0Number of asset objects unloaded after import = 1

========================================================================
Received Import Request.
  Time since last request: 0.000058 seconds.
  path: Assets/Import/Lahmadju/ImportedModels/Dark_rock_with_lava/materials
  artifactKey: Guid(4a19fa990cc0f8e45b7648e78f4111e8) Importer(2089858483,b0f066a214c2f5e87bad3c948f4d605d)
Start importing Assets/Import/Lahmadju/ImportedModels/Dark_rock_with_lava/materials using Guid(4a19fa990cc0f8e45b7648e78f4111e8) Importer(2089858483,b0f066a214c2f5e87bad3c948f4d605d) (ScriptedImporter) -> (artifact id: '423dbd5d907d56276c7b4fa84c6ec772') in 0.0082156 seconds
Number of updated asset objects reloaded before import = 0Number of asset objects unloaded after import = 1

========================================================================
Received Import Request.
  Time since last request: 0.000046 seconds.
  path: Assets/Import/Lahmadju/ImportedModels/Arcade_Game_-_Space_Invaders/meshes
  artifactKey: Guid(f18972bad3cdcc44f9820112d48ab087) Importer(2089858483,b0f066a214c2f5e87bad3c948f4d605d)
Start importing Assets/Import/Lahmadju/ImportedModels/Arcade_Game_-_Space_Invaders/meshes using Guid(f18972bad3cdcc44f9820112d48ab087) Importer(2089858483,b0f066a214c2f5e87bad3c948f4d605d) (ScriptedImporter) -> (artifact id: 'ed0efc71ba854ccbdcbdab2389256e08') in 0.0102683 seconds
Number of updated asset objects reloaded before import = 0Number of asset objects unloaded after import = 1

========================================================================
Received Import Request.
  Time since last request: 0.000025 seconds.
  path: Assets/Import/Lahmadju/Imported Models/Ultimate 10 Plus Shaders/Scripts
  artifactKey: Guid(e0142fef22a3c1749b3d91d1d9bd0110) Importer(2089858483,b0f066a214c2f5e87bad3c948f4d605d)
Start importing Assets/Import/Lahmadju/Imported Models/Ultimate 10 Plus Shaders/Scripts using Guid(e0142fef22a3c1749b3d91d1d9bd0110) Importer(2089858483,b0f066a214c2f5e87bad3c948f4d605d) (ScriptedImporter) -> (artifact id: '311d7f8d4bec785f55ecc55912a2072d') in 0.0100733 seconds
Number of updated asset objects reloaded before import = 0Number of asset objects unloaded after import = 1

========================================================================
Received Import Request.
  Time since last request: 0.000024 seconds.
  path: Assets/Import/Lahmadju/ImportedModels/Dark_rock_with_lava/meshes
  artifactKey: Guid(f2ddd5d4cc93dbd4f8afdf05fc726ba0) Importer(2089858483,b0f066a214c2f5e87bad3c948f4d605d)
Start importing Assets/Import/Lahmadju/ImportedModels/Dark_rock_with_lava/meshes using Guid(f2ddd5d4cc93dbd4f8afdf05fc726ba0) Importer(2089858483,b0f066a214c2f5e87bad3c948f4d605d) (ScriptedImporter) -> (artifact id: '45a48e8d73a3a481c8f5e0b80b0ab38b') in 0.0088336 seconds
Number of updated asset objects reloaded before import = 0Number of asset objects unloaded after import = 1

========================================================================
Received Import Request.
  Time since last request: 0.000051 seconds.
  path: Assets/Import/Lahmadju/ImportedModels/Free_Sci_Fi_Helmet/textures
  artifactKey: Guid(83d9af72a746bdc45b994b3f7016f716) Importer(2089858483,b0f066a214c2f5e87bad3c948f4d605d)
Start importing Assets/Import/Lahmadju/ImportedModels/Free_Sci_Fi_Helmet/textures using Guid(83d9af72a746bdc45b994b3f7016f716) Importer(2089858483,b0f066a214c2f5e87bad3c948f4d605d) (ScriptedImporter) -> (artifact id: 'e60c24867c945f892eab7c05ab55223e') in 0.0081703 seconds
Number of updated asset objects reloaded before import = 0Number of asset objects unloaded after import = 1

========================================================================
Received Import Request.
  Time since last request: 0.000038 seconds.
  path: Assets/Import/Lahmadju/ImportedModels/test_saturn/textures
  artifactKey: Guid(5065c8d0a80cbbb43a4fe44330a78003) Importer(2089858483,b0f066a214c2f5e87bad3c948f4d605d)
Start importing Assets/Import/Lahmadju/ImportedModels/test_saturn/textures using Guid(5065c8d0a80cbbb43a4fe44330a78003) Importer(2089858483,b0f066a214c2f5e87bad3c948f4d605d) (ScriptedImporter) -> (artifact id: 'b5edde69876d980c6f8eb4bed340a13b') in 0.0092998 seconds
Number of updated asset objects reloaded before import = 0Number of asset objects unloaded after import = 1

========================================================================
Received Import Request.
  Time since last request: 0.000028 seconds.
  path: Assets/Import/Lahmadju/ImportedModels/Sci-Fi_Sword/meshes/Object_4_4_0.asset
  artifactKey: Guid(c59e7e600285b214485f72ac9e6c427d) Importer(2089858483,b0f066a214c2f5e87bad3c948f4d605d)
Start importing Assets/Import/Lahmadju/ImportedModels/Sci-Fi_Sword/meshes/Object_4_4_0.asset using Guid(c59e7e600285b214485f72ac9e6c427d) Importer(2089858483,b0f066a214c2f5e87bad3c948f4d605d) (ScriptedImporter) -> (artifact id: '336d579f811121fcb7d4fe0130a1e93e') in 0.0112912 seconds
Number of updated asset objects reloaded before import = 0Number of asset objects unloaded after import = 1

========================================================================
Received Import Request.
  Time since last request: 0.000029 seconds.
  path: Assets/Import/Lahmadju/ImportedModels/Spacecraft_Control_Terminal_Console_ORANGE/textures/Shift_1001_normal_43.png
  artifactKey: Guid(965c7a60dc0f85e4cbf7949b3145bf13) Importer(2089858483,b0f066a214c2f5e87bad3c948f4d605d)
Start importing Assets/Import/Lahmadju/ImportedModels/Spacecraft_Control_Terminal_Console_ORANGE/textures/Shift_1001_normal_43.png using Guid(965c7a60dc0f85e4cbf7949b3145bf13) Importer(2089858483,b0f066a214c2f5e87bad3c948f4d605d) (ScriptedImporter) -> (artifact id: 'bea7b774e784be5696c50106a1b06743') in 0.0293818 seconds
Number of updated asset objects reloaded before import = 0Number of asset objects unloaded after import = 1

========================================================================
Received Import Request.
  Time since last request: 0.000025 seconds.
  path: Assets/Import/Lahmadju/ImportedModels/Scifi_Chair_Concept/textures/Material_normal_3.png
  artifactKey: Guid(6a46f5601bcc0b948b4b879d0f83900f) Importer(2089858483,b0f066a214c2f5e87bad3c948f4d605d)
Start importing Assets/Import/Lahmadju/ImportedModels/Scifi_Chair_Concept/textures/Material_normal_3.png using Guid(6a46f5601bcc0b948b4b879d0f83900f) Importer(2089858483,b0f066a214c2f5e87bad3c948f4d605d) (ScriptedImporter) -> (artifact id: 'b36fdb57ba884edc12cf0998fc899fd8') in 0.0334122 seconds
Number of updated asset objects reloaded before import = 0Number of asset objects unloaded after import = 1

========================================================================
Received Import Request.
  Time since last request: 0.000036 seconds.
  path: Assets/Import/Lahmadju/ImportedModels/Spacecraft_Control_Terminal_Console_ORANGE/materials/Stop_1001_60.mat
  artifactKey: Guid(592e61c0725d8b14b913804397ff1949) Importer(2089858483,b0f066a214c2f5e87bad3c948f4d605d)
Start importing Assets/Import/Lahmadju/ImportedModels/Spacecraft_Control_Terminal_Console_ORANGE/materials/Stop_1001_60.mat using Guid(592e61c0725d8b14b913804397ff1949) Importer(2089858483,b0f066a214c2f5e87bad3c948f4d605d) (ScriptedImporter) -> (artifact id: 'db2350bcc36d73998cfda0f08860aa27') in 0.0280279 seconds
Number of updated asset objects reloaded before import = 0Number of asset objects unloaded after import = 6

========================================================================
Received Import Request.
  Time since last request: 0.000032 seconds.
  path: Assets/Import/Lahmadju/ImportedModels/Spacecraft_Control_Terminal_Console_ORANGE/textures/Material.057_1001_metallicRoughness_234_metal.png
  artifactKey: Guid(65d00ca0dc65f0640bed281f46e1ce74) Importer(2089858483,b0f066a214c2f5e87bad3c948f4d605d)
Start importing Assets/Import/Lahmadju/ImportedModels/Spacecraft_Control_Terminal_Console_ORANGE/textures/Material.057_1001_metallicRoughness_234_metal.png using Guid(65d00ca0dc65f0640bed281f46e1ce74) Importer(2089858483,b0f066a214c2f5e87bad3c948f4d605d) (ScriptedImporter) -> (artifact id: 'b215f7a7613e90cdc49122f21ecb68dd') in 0.0274005 seconds
Number of updated asset objects reloaded before import = 0Number of asset objects unloaded after import = 1

========================================================================
Received Import Request.
  Time since last request: 0.000033 seconds.
  path: Assets/Import/Lahmadju/ImportedModels/Free_Sci_Fi_Helmet/textures/base01_baseColor_17.png
  artifactKey: Guid(5f13cd60d0f6b6048a416ddd6d8386a5) Importer(2089858483,b0f066a214c2f5e87bad3c948f4d605d)
Start importing Assets/Import/Lahmadju/ImportedModels/Free_Sci_Fi_Helmet/textures/base01_baseColor_17.png using Guid(5f13cd60d0f6b6048a416ddd6d8386a5) Importer(2089858483,b0f066a214c2f5e87bad3c948f4d605d) (ScriptedImporter) -> (artifact id: 'e90fab3f7e33b26495627c85e6f07013') in 0.0298978 seconds
Number of updated asset objects reloaded before import = 0Number of asset objects unloaded after import = 1

========================================================================
Received Import Request.
  Time since last request: 0.000034 seconds.
  path: Assets/Import/Lahmadju/Sounds And Music/AA_SciFi_ForceField_Break_v1b.wav
  artifactKey: Guid(3532cdd0d03ef40a9960ec71c769f220) Importer(2089858483,b0f066a214c2f5e87bad3c948f4d605d)
Start importing Assets/Import/Lahmadju/Sounds And Music/AA_SciFi_ForceField_Break_v1b.wav using Guid(3532cdd0d03ef40a9960ec71c769f220) Importer(2089858483,b0f066a214c2f5e87bad3c948f4d605d) (ScriptedImporter) -> (artifact id: '3f2310b4e0c2f1cc7d62cd462883cf52') in 0.1094562 seconds
Number of updated asset objects reloaded before import = 0Number of asset objects unloaded after import = 1

========================================================================
Received Import Request.
  Time since last request: 0.000027 seconds.
  path: Assets/Import/Lahmadju/Imported Models/_Barking_Dog/3D Free Modular Kit/_Meshes/Wall_Simple_01.FBX
  artifactKey: Guid(8386fa60b76534bc0856f1d023537484) Importer(2089858483,b0f066a214c2f5e87bad3c948f4d605d)
Start importing Assets/Import/Lahmadju/Imported Models/_Barking_Dog/3D Free Modular Kit/_Meshes/Wall_Simple_01.FBX using Guid(8386fa60b76534bc0856f1d023537484) Importer(2089858483,b0f066a214c2f5e87bad3c948f4d605d) (ScriptedImporter) -> (artifact id: '2550a05d6b83b13fb99bb7efff90d20d') in 0.0352538 seconds
Number of updated asset objects reloaded before import = 0Number of asset objects unloaded after import = 9

========================================================================
Received Import Request.
  Time since last request: 0.000041 seconds.
  path: Assets/Import/Lahmadju/ImportedModels/Spacecraft_Control_Terminal_Console_ORANGE/textures/Stop_1001_baseColor_182.png
  artifactKey: Guid(edfa7b804a0b7bf4dab05e3b9e7280d1) Importer(2089858483,b0f066a214c2f5e87bad3c948f4d605d)
Start importing Assets/Import/Lahmadju/ImportedModels/Spacecraft_Control_Terminal_Console_ORANGE/textures/Stop_1001_baseColor_182.png using Guid(edfa7b804a0b7bf4dab05e3b9e7280d1) Importer(2089858483,b0f066a214c2f5e87bad3c948f4d605d) (ScriptedImporter) -> (artifact id: '3650971cdc9501cd5d4f060991a2c806') in 0.0246501 seconds
Number of updated asset objects reloaded before import = 0Number of asset objects unloaded after import = 1

========================================================================
Received Import Request.
  Time since last request: 0.000037 seconds.
  path: Assets/Import/Lahmadju/Imported Models/Character/FreeCharacter/Textures/Body_Cube_01.cubemap
  artifactKey: Guid(526f476039ebee544874f76e9bc8b3ce) Importer(2089858483,b0f066a214c2f5e87bad3c948f4d605d)
Start importing Assets/Import/Lahmadju/Imported Models/Character/FreeCharacter/Textures/Body_Cube_01.cubemap using Guid(526f476039ebee544874f76e9bc8b3ce) Importer(2089858483,b0f066a214c2f5e87bad3c948f4d605d) (ScriptedImporter) -> (artifact id: 'e7f09c37231c6d582caf9e139d73fb1e') in 0.0224551 seconds
Number of updated asset objects reloaded before import = 0Number of asset objects unloaded after import = 1

========================================================================
Received Import Request.
  Time since last request: 0.000022 seconds.
  path: Assets/Import/Lahmadju/ImportedModels/Sci-Fi_Sword/meshes/Object_5_5_0.asset
  artifactKey: Guid(f922ab4092d31534fad0446c14f81294) Importer(2089858483,b0f066a214c2f5e87bad3c948f4d605d)
Start importing Assets/Import/Lahmadju/ImportedModels/Sci-Fi_Sword/meshes/Object_5_5_0.asset using Guid(f922ab4092d31534fad0446c14f81294) Importer(2089858483,b0f066a214c2f5e87bad3c948f4d605d) (ScriptedImporter) -> (artifact id: 'ed69b0445b335b90ba3a996da562fe08') in 0.0126472 seconds
Number of updated asset objects reloaded before import = 0Number of asset objects unloaded after import = 1

========================================================================
Received Import Request.
  Time since last request: 0.000024 seconds.
  path: Assets/Import/Lahmadju/ImportedModels/Spacecraft_Control_Terminal_Console_ORANGE/textures/Material.001_1001_1001_metallicRoughness_7_metal.png
  artifactKey: Guid(d73a8a308dea37e4aa36219b8c25f96b) Importer(2089858483,b0f066a214c2f5e87bad3c948f4d605d)
Start importing Assets/Import/Lahmadju/ImportedModels/Spacecraft_Control_Terminal_Console_ORANGE/textures/Material.001_1001_1001_metallicRoughness_7_metal.png using Guid(d73a8a308dea37e4aa36219b8c25f96b) Importer(2089858483,b0f066a214c2f5e87bad3c948f4d605d) (ScriptedImporter) -> (artifact id: '5b664d2a002158601b6bc1b77862d655') in 0.0257742 seconds
Number of updated asset objects reloaded before import = 0Number of asset objects unloaded after import = 1

========================================================================
Received Import Request.
  Time since last request: 0.000037 seconds.
  path: Assets/Import/Lahmadju/ImportedModels/Space_Music!/meshes/Plane.003_metal_0_6_0.asset
  artifactKey: Guid(e7665b416bd501a49baaf339eff63d5e) Importer(2089858483,b0f066a214c2f5e87bad3c948f4d605d)
Start importing Assets/Import/Lahmadju/ImportedModels/Space_Music!/meshes/Plane.003_metal_0_6_0.asset using Guid(e7665b416bd501a49baaf339eff63d5e) Importer(2089858483,b0f066a214c2f5e87bad3c948f4d605d) (ScriptedImporter) -> (artifact id: 'ddb09dfff615c424d8b200d68a037a8e') in 0.0102285 seconds
Number of updated asset objects reloaded before import = 0Number of asset objects unloaded after import = 1

========================================================================
Received Import Request.
  Time since last request: 0.000044 seconds.
  path: Assets/Import/Lahmadju/ImportedModels/Spacecraft_Control_Terminal_Console_ORANGE/textures/M_1001_normal_250.png
  artifactKey: Guid(e3496b116753181478f9e18cba59eba8) Importer(2089858483,b0f066a214c2f5e87bad3c948f4d605d)
Start importing Assets/Import/Lahmadju/ImportedModels/Spacecraft_Control_Terminal_Console_ORANGE/textures/M_1001_normal_250.png using Guid(e3496b116753181478f9e18cba59eba8) Importer(2089858483,b0f066a214c2f5e87bad3c948f4d605d) (ScriptedImporter) -> (artifact id: '66221eb7b6956a06048ecafd092152be') in 0.0284946 seconds
Number of updated asset objects reloaded before import = 0Number of asset objects unloaded after import = 1

========================================================================
Received Import Request.
  Time since last request: 0.000022 seconds.
  path: Assets/Import/Lahmadju/ImportedModels/Spaceship_-_Evil_(Gravity)/meshes/1_ship_0_0_0.asset
  artifactKey: Guid(e9d58371d5f766147acc2f2d6fedf997) Importer(2089858483,b0f066a214c2f5e87bad3c948f4d605d)
Start importing Assets/Import/Lahmadju/ImportedModels/Spaceship_-_Evil_(Gravity)/meshes/1_ship_0_0_0.asset using Guid(e9d58371d5f766147acc2f2d6fedf997) Importer(2089858483,b0f066a214c2f5e87bad3c948f4d605d) (ScriptedImporter) -> (artifact id: '0b8f2d90bbe9b4d0006ef2fbd96a3476') in 0.0208264 seconds
Number of updated asset objects reloaded before import = 0Number of asset objects unloaded after import = 1

========================================================================
Received Import Request.
  Time since last request: 0.000039 seconds.
  path: Assets/Import/Lahmadju/ImportedModels/Free_Sci_Fi_Helmet/textures/Material.006_metallicRoughness_9_metal.png
  artifactKey: Guid(526119711d459af46bcf2c16d13c6cc8) Importer(2089858483,b0f066a214c2f5e87bad3c948f4d605d)
Start importing Assets/Import/Lahmadju/ImportedModels/Free_Sci_Fi_Helmet/textures/Material.006_metallicRoughness_9_metal.png using Guid(526119711d459af46bcf2c16d13c6cc8) Importer(2089858483,b0f066a214c2f5e87bad3c948f4d605d) (ScriptedImporter) -> (artifact id: '63bb67f1b5b1b224942376334fb8fb7d') in 0.0341515 seconds
Number of updated asset objects reloaded before import = 0Number of asset objects unloaded after import = 1

========================================================================
Received Import Request.
  Time since last request: 0.000047 seconds.
  path: Assets/Import/Lahmadju/ImportedModels/Sci-Fi_Personal_Space_Pod_Ship(weekly_challenge)/textures/material_1_metallicRoughness_4_metal.png
  artifactKey: Guid(6cf409514d76ab84e81b30683334987f) Importer(2089858483,b0f066a214c2f5e87bad3c948f4d605d)
Start importing Assets/Import/Lahmadju/ImportedModels/Sci-Fi_Personal_Space_Pod_Ship(weekly_challenge)/textures/material_1_metallicRoughness_4_metal.png using Guid(6cf409514d76ab84e81b30683334987f) Importer(2089858483,b0f066a214c2f5e87bad3c948f4d605d) (ScriptedImporter) -> (artifact id: '41a476c2d092b976794e614140b3e65e') in 0.0369081 seconds
Number of updated asset objects reloaded before import = 0Number of asset objects unloaded after import = 1

========================================================================
Received Import Request.
  Time since last request: 0.000023 seconds.
  path: Assets/Import/Lahmadju/ImportedModels/Spacecraft_Control_Terminal_Console_ORANGE/textures/1001_43_normal_133.png
  artifactKey: Guid(0796be3140b063746acad4921643e1e1) Importer(2089858483,b0f066a214c2f5e87bad3c948f4d605d)
Start importing Assets/Import/Lahmadju/ImportedModels/Spacecraft_Control_Terminal_Console_ORANGE/textures/1001_43_normal_133.png using Guid(0796be3140b063746acad4921643e1e1) Importer(2089858483,b0f066a214c2f5e87bad3c948f4d605d) (ScriptedImporter) -> (artifact id: 'b239c21a34ab48be032f63a9b006fac0') in 0.0335541 seconds
Number of updated asset objects reloaded before import = 0Number of asset objects unloaded after import = 1

========================================================================
Received Import Request.
  Time since last request: 0.000029 seconds.
  path: Assets/Import/Lahmadju/ImportedModels/Mercury_(planet)/textures/Material_50_normal_2.png
  artifactKey: Guid(16717611fb5e3904b846ee3168fee14e) Importer(2089858483,b0f066a214c2f5e87bad3c948f4d605d)
Start importing Assets/Import/Lahmadju/ImportedModels/Mercury_(planet)/textures/Material_50_normal_2.png using Guid(16717611fb5e3904b846ee3168fee14e) Importer(2089858483,b0f066a214c2f5e87bad3c948f4d605d) (ScriptedImporter) -> (artifact id: 'a59ea01aac1b1798e50103e812deffa6') in 0.0598687 seconds
Number of updated asset objects reloaded before import = 0Number of asset objects unloaded after import = 1

========================================================================
Received Import Request.
  Time since last request: 0.000038 seconds.
  path: Assets/Import/Lahmadju/ImportedModels/Space_Music!/textures/main_baseColor_0.png
  artifactKey: Guid(a87e1221578016f438777682dd4ac8d7) Importer(2089858483,b0f066a214c2f5e87bad3c948f4d605d)
Start importing Assets/Import/Lahmadju/ImportedModels/Space_Music!/textures/main_baseColor_0.png using Guid(a87e1221578016f438777682dd4ac8d7) Importer(2089858483,b0f066a214c2f5e87bad3c948f4d605d) (ScriptedImporter) -> (artifact id: '168c193917c6ccf94cccbc769504de14') in 0.028444 seconds
Number of updated asset objects reloaded before import = 0Number of asset objects unloaded after import = 1

========================================================================
Received Import Request.
  Time since last request: 0.000021 seconds.
  path: Assets/Import/Lahmadju/ImportedModels/Spacecraft_Control_Terminal_Console_ORANGE/materials/Material.005_1001_1001_6.mat
  artifactKey: Guid(1e6b49f00a5ffda40a0a8635d3f0b2b6) Importer(2089858483,b0f066a214c2f5e87bad3c948f4d605d)
Start importing Assets/Import/Lahmadju/ImportedModels/Spacecraft_Control_Terminal_Console_ORANGE/materials/Material.005_1001_1001_6.mat using Guid(1e6b49f00a5ffda40a0a8635d3f0b2b6) Importer(2089858483,b0f066a214c2f5e87bad3c948f4d605d) (ScriptedImporter) -> (artifact id: 'acd96628d077e58c2fbb4a79d53acef0') in 0.0272685 seconds
Number of updated asset objects reloaded before import = 0Number of asset objects unloaded after import = 7

========================================================================
Received Import Request.
  Time since last request: 0.000032 seconds.
  path: Assets/Import/Lahmadju/ImportedModels/Spacecraft_Control_Terminal_Console_ORANGE/textures/9_1001_metallicRoughness_123_metal.png
  artifactKey: Guid(a5ab0e410b67c644480f2eb6549df5f6) Importer(2089858483,b0f066a214c2f5e87bad3c948f4d605d)
Start importing Assets/Import/Lahmadju/ImportedModels/Spacecraft_Control_Terminal_Console_ORANGE/textures/9_1001_metallicRoughness_123_metal.png using Guid(a5ab0e410b67c644480f2eb6549df5f6) Importer(2089858483,b0f066a214c2f5e87bad3c948f4d605d) (ScriptedImporter) -> (artifact id: '308d7d8a0b5ad0893f6c4393df9a9108') in 0.0263748 seconds
Number of updated asset objects reloaded before import = 0Number of asset objects unloaded after import = 1

========================================================================
Received Import Request.
  Time since last request: 0.000037 seconds.
  path: Assets/Import/Lahmadju/ImportedModels/Sci-fi_Single_Chair/meshes
  artifactKey: Guid(2272a318baa9c534dbbfc9f99fabd458) Importer(2089858483,b0f066a214c2f5e87bad3c948f4d605d)
Start importing Assets/Import/Lahmadju/ImportedModels/Sci-fi_Single_Chair/meshes using Guid(2272a318baa9c534dbbfc9f99fabd458) Importer(2089858483,b0f066a214c2f5e87bad3c948f4d605d) (ScriptedImporter) -> (artifact id: 'dd150dab37d7ce9f299591f5a9b461eb') in 0.0081367 seconds
Number of updated asset objects reloaded before import = 0Number of asset objects unloaded after import = 1

========================================================================
Received Import Request.
  Time since last request: 0.000024 seconds.
  path: Assets/Import/Lahmadju/ImportedModels/Spacecraft_Control_Terminal_Console_ORANGE/textures/Material.073_1001_metallicRoughness_189_metal.png
  artifactKey: Guid(56da649069ec17047b09182e7c0e77cf) Importer(2089858483,b0f066a214c2f5e87bad3c948f4d605d)
Start importing Assets/Import/Lahmadju/ImportedModels/Spacecraft_Control_Terminal_Console_ORANGE/textures/Material.073_1001_metallicRoughness_189_metal.png using Guid(56da649069ec17047b09182e7c0e77cf) Importer(2089858483,b0f066a214c2f5e87bad3c948f4d605d) (ScriptedImporter) -> (artifact id: '0888bbd06bb7f788b016dfefe196f131') in 0.0298854 seconds
Number of updated asset objects reloaded before import = 0Number of asset objects unloaded after import = 1

========================================================================
Received Import Request.
  Time since last request: 0.000028 seconds.
  path: Assets/Import/Lahmadju/Hovl Studio/Magic effects pack
  artifactKey: Guid(8eb1e240cbefab84caeea0424ca9bda0) Importer(2089858483,b0f066a214c2f5e87bad3c948f4d605d)
Start importing Assets/Import/Lahmadju/Hovl Studio/Magic effects pack using Guid(8eb1e240cbefab84caeea0424ca9bda0) Importer(2089858483,b0f066a214c2f5e87bad3c948f4d605d) (ScriptedImporter) -> (artifact id: '7ff2a358c9ce3c06c21c83911ef59ea4') in 0.0075089 seconds
Number of updated asset objects reloaded before import = 0Number of asset objects unloaded after import = 1

========================================================================
Received Import Request.
  Time since last request: 0.000025 seconds.
  path: Assets/Import/Lahmadju/AstarPathfindingProject/PackageTools/Editor/OptimizationHandler.cs
  artifactKey: Guid(ec7eea22fd1c74193aa7d047949503e7) Importer(2089858483,b0f066a214c2f5e87bad3c948f4d605d)
Start importing Assets/Import/Lahmadju/AstarPathfindingProject/PackageTools/Editor/OptimizationHandler.cs using Guid(ec7eea22fd1c74193aa7d047949503e7) Importer(2089858483,b0f066a214c2f5e87bad3c948f4d605d) (ScriptedImporter) -> (artifact id: 'cc8eeb9681406971c9194ee86026c647') in 0.0093887 seconds
Number of updated asset objects reloaded before import = 0Number of asset objects unloaded after import = 0

========================================================================
Received Import Request.
  Time since last request: 0.000039 seconds.
  path: Assets/Import/Lahmadju/ImportedModels/Spacecraft_Control_Terminal_Console_ORANGE/textures/Material.004_1001_1001_baseColor_15.png
  artifactKey: Guid(b7c84f12ecf3840449bd5ab4806e8a5a) Importer(2089858483,b0f066a214c2f5e87bad3c948f4d605d)
Start importing Assets/Import/Lahmadju/ImportedModels/Spacecraft_Control_Terminal_Console_ORANGE/textures/Material.004_1001_1001_baseColor_15.png using Guid(b7c84f12ecf3840449bd5ab4806e8a5a) Importer(2089858483,b0f066a214c2f5e87bad3c948f4d605d) (ScriptedImporter) -> (artifact id: '09a53fa0e1d8c8a4bb6efc98a50ef116') in 0.0311435 seconds
Number of updated asset objects reloaded before import = 0Number of asset objects unloaded after import = 1

========================================================================
Received Import Request.
  Time since last request: 0.000023 seconds.
  path: Assets/Import/Lahmadju/Prefabs/DODONPA/Sci-Fi_Space_Station__Rotor_Nexus/meshes/SurfaceBraces_Short1_3_SpaceStation_Parts_0_22_0.asset
  artifactKey: Guid(adf95b22ac1fc84409f7b90c8282be8a) Importer(2089858483,b0f066a214c2f5e87bad3c948f4d605d)
Start importing Assets/Import/Lahmadju/Prefabs/DODONPA/Sci-Fi_Space_Station__Rotor_Nexus/meshes/SurfaceBraces_Short1_3_SpaceStation_Parts_0_22_0.asset using Guid(adf95b22ac1fc84409f7b90c8282be8a) Importer(2089858483,b0f066a214c2f5e87bad3c948f4d605d) (ScriptedImporter) -> (artifact id: '75da7b80df85ac9c705b58560ab0351b') in 0.0114805 seconds
Number of updated asset objects reloaded before import = 0Number of asset objects unloaded after import = 1

========================================================================
Received Import Request.
  Time since last request: 0.000026 seconds.
  path: Assets/Import/Lahmadju/ImportedModels/Space_container_-_Mars_mission/meshes/MarsBox_hand_hands_2_low_UV_0_8_0.asset
  artifactKey: Guid(5391a2d1f6a44204d94add5c74fd8dcb) Importer(2089858483,b0f066a214c2f5e87bad3c948f4d605d)
Start importing Assets/Import/Lahmadju/ImportedModels/Space_container_-_Mars_mission/meshes/MarsBox_hand_hands_2_low_UV_0_8_0.asset using Guid(5391a2d1f6a44204d94add5c74fd8dcb) Importer(2089858483,b0f066a214c2f5e87bad3c948f4d605d) (ScriptedImporter) -> (artifact id: 'beafaeb2b249b9e7a8566db7c7815704') in 0.011291 seconds
Number of updated asset objects reloaded before import = 0Number of asset objects unloaded after import = 1

========================================================================
Received Import Request.
  Time since last request: 0.000039 seconds.
  path: Assets/Import/Lahmadju/ImportedModels/Sci-Fi_Personal_Space_Pod_Ship(weekly_challenge)/materials/material_0.mat
  artifactKey: Guid(f72459f14b0b0654faa38f0819882803) Importer(2089858483,b0f066a214c2f5e87bad3c948f4d605d)
Start importing Assets/Import/Lahmadju/ImportedModels/Sci-Fi_Personal_Space_Pod_Ship(weekly_challenge)/materials/material_0.mat using Guid(f72459f14b0b0654faa38f0819882803) Importer(2089858483,b0f066a214c2f5e87bad3c948f4d605d) (ScriptedImporter) -> (artifact id: '9784f329290a14531af80985dfd501e2') in 0.0576887 seconds
Number of updated asset objects reloaded before import = 0Number of asset objects unloaded after import = 5

========================================================================
Received Import Request.
  Time since last request: 0.000038 seconds.
  path: Assets/Import/Lahmadju/AstarPathfindingProject/Legacy/Editor/LegacyRVOControllerEditor.cs
  artifactKey: Guid(de195cf1c91924838ac8f0fedf5fa216) Importer(2089858483,b0f066a214c2f5e87bad3c948f4d605d)
Start importing Assets/Import/Lahmadju/AstarPathfindingProject/Legacy/Editor/LegacyRVOControllerEditor.cs using Guid(de195cf1c91924838ac8f0fedf5fa216) Importer(2089858483,b0f066a214c2f5e87bad3c948f4d605d) (ScriptedImporter) -> (artifact id: 'fa46f97bbb9446a189e9466fe0cb2109') in 0.0091589 seconds
Number of updated asset objects reloaded before import = 0Number of asset objects unloaded after import = 0

========================================================================
Received Import Request.
  Time since last request: 0.000025 seconds.
  path: Assets/Import/Lahmadju/ImportedModels/space_Terminal/materials/Scene_-_Root_0.mat
  artifactKey: Guid(409eced1678ac014d81a2e5846ba6f80) Importer(2089858483,b0f066a214c2f5e87bad3c948f4d605d)
Start importing Assets/Import/Lahmadju/ImportedModels/space_Terminal/materials/Scene_-_Root_0.mat using Guid(409eced1678ac014d81a2e5846ba6f80) Importer(2089858483,b0f066a214c2f5e87bad3c948f4d605d) (ScriptedImporter) -> (artifact id: '950c094bcf6a186268327ac17fd232f2') in 0.0380672 seconds
Number of updated asset objects reloaded before import = 0Number of asset objects unloaded after import = 6

========================================================================
Received Import Request.
  Time since last request: 0.000027 seconds.
  path: Assets/Import/Lahmadju/ImportedModels/Sci-fi_Single_Chair/meshes/Cube.019_sci-fi chair 3 base_0_0_0.asset
  artifactKey: Guid(4b2cd9d14574a374295ec70f6535c433) Importer(2089858483,b0f066a214c2f5e87bad3c948f4d605d)
Start importing Assets/Import/Lahmadju/ImportedModels/Sci-fi_Single_Chair/meshes/Cube.019_sci-fi chair 3 base_0_0_0.asset using Guid(4b2cd9d14574a374295ec70f6535c433) Importer(2089858483,b0f066a214c2f5e87bad3c948f4d605d) (ScriptedImporter) -> (artifact id: '4f0feec49c1717ce66288e11c80cf664') in 0.0140644 seconds
Number of updated asset objects reloaded before import = 0Number of asset objects unloaded after import = 1

========================================================================
Received Import Request.
  Time since last request: 0.000037 seconds.
  path: Assets/Import/Lahmadju/ImportedModels/Spacecraft_Control_Terminal_Console_ORANGE/textures/Space_1001_normal_199.png
  artifactKey: Guid(5e6c6dd19eea4cd4abdd1f91d310894f) Importer(2089858483,b0f066a214c2f5e87bad3c948f4d605d)
Start importing Assets/Import/Lahmadju/ImportedModels/Spacecraft_Control_Terminal_Console_ORANGE/textures/Space_1001_normal_199.png using Guid(5e6c6dd19eea4cd4abdd1f91d310894f) Importer(2089858483,b0f066a214c2f5e87bad3c948f4d605d) (ScriptedImporter) -> (artifact id: '7f698253673ca96ae589569e3bce71a5') in 0.0301658 seconds
Number of updated asset objects reloaded before import = 0Number of asset objects unloaded after import = 1

========================================================================
Received Import Request.
  Time since last request: 0.000027 seconds.
  path: Assets/Import/Lahmadju/ImportedModels/Spacecraft_Control_Terminal_Console_ORANGE/textures/Bok2_1001_1001_baseColor_0.png
  artifactKey: Guid(4f1b3002821582542af77479e9130792) Importer(2089858483,b0f066a214c2f5e87bad3c948f4d605d)
Start importing Assets/Import/Lahmadju/ImportedModels/Spacecraft_Control_Terminal_Console_ORANGE/textures/Bok2_1001_1001_baseColor_0.png using Guid(4f1b3002821582542af77479e9130792) Importer(2089858483,b0f066a214c2f5e87bad3c948f4d605d) (ScriptedImporter) -> (artifact id: '6427dfcc22df4f06d7af53ba80ebeefe') in 0.0309766 seconds
Number of updated asset objects reloaded before import = 0Number of asset objects unloaded after import = 1

========================================================================
Received Import Request.
  Time since last request: 0.000028 seconds.
  path: Assets/Import/Lahmadju/Scripts/Boss/Boss Limb Action.cs
  artifactKey: Guid(e67c22f12c0e40c48b83ae7bbc360a27) Importer(2089858483,b0f066a214c2f5e87bad3c948f4d605d)
Start importing Assets/Import/Lahmadju/Scripts/Boss/Boss Limb Action.cs using Guid(e67c22f12c0e40c48b83ae7bbc360a27) Importer(2089858483,b0f066a214c2f5e87bad3c948f4d605d) (ScriptedImporter) -> (artifact id: 'abf76faead32982ff98a692f5ec88636') in 0.011096 seconds
Number of updated asset objects reloaded before import = 0Number of asset objects unloaded after import = 0

========================================================================
Received Import Request.
  Time since last request: 0.000059 seconds.
  path: Assets/Import/Lahmadju/AstarPathfindingProject/Legacy/Editor/LegacyAIPathEditor.cs
  artifactKey: Guid(4075ffc0df8c943368fa824db55589b4) Importer(2089858483,b0f066a214c2f5e87bad3c948f4d605d)
Start importing Assets/Import/Lahmadju/AstarPathfindingProject/Legacy/Editor/LegacyAIPathEditor.cs using Guid(4075ffc0df8c943368fa824db55589b4) Importer(2089858483,b0f066a214c2f5e87bad3c948f4d605d) (ScriptedImporter) -> (artifact id: '267056e9395642f08e0060d50c1b005d') in 0.0102061 seconds
Number of updated asset objects reloaded before import = 0Number of asset objects unloaded after import = 0

========================================================================
Received Import Request.
  Time since last request: 0.000031 seconds.
  path: Assets/Import/Lahmadju/Sounds And Music/mixkit-fighting-mans-voice-2171.wav
  artifactKey: Guid(3b1ad15232ca7f241b6965151e563238) Importer(2089858483,b0f066a214c2f5e87bad3c948f4d605d)
Start importing Assets/Import/Lahmadju/Sounds And Music/mixkit-fighting-mans-voice-2171.wav using Guid(3b1ad15232ca7f241b6965151e563238) Importer(2089858483,b0f066a214c2f5e87bad3c948f4d605d) (ScriptedImporter) -> (artifact id: 'a9afd41fdd5a904d58bf97ad3c368aea') in 0.1165456 seconds
Number of updated asset objects reloaded before import = 0Number of asset objects unloaded after import = 1

========================================================================
Received Import Request.
  Time since last request: 0.000029 seconds.
  path: Assets/Import/Lahmadju/ImportedModels/Spaceship_(EZNO)/meshes/Thruster Energy_Thruster_0_5_0.asset
  artifactKey: Guid(fc46d5d2d0a814345bc243f7c11d3777) Importer(2089858483,b0f066a214c2f5e87bad3c948f4d605d)
Start importing Assets/Import/Lahmadju/ImportedModels/Spaceship_(EZNO)/meshes/Thruster Energy_Thruster_0_5_0.asset using Guid(fc46d5d2d0a814345bc243f7c11d3777) Importer(2089858483,b0f066a214c2f5e87bad3c948f4d605d) (ScriptedImporter) -> (artifact id: '2d41a206862fe65ee8dc0a0bea3425b1') in 0.0135594 seconds
Number of updated asset objects reloaded before import = 0Number of asset objects unloaded after import = 1

========================================================================
Received Import Request.
  Time since last request: 0.000086 seconds.
  path: Assets/Import/Lahmadju/ImportedModels/Spacecraft_Control_Terminal_Console_ORANGE/meshes/Object_43_43_0.asset
  artifactKey: Guid(20aecdb27b3a03f47a78e1f1e37657c8) Importer(2089858483,b0f066a214c2f5e87bad3c948f4d605d)
Start importing Assets/Import/Lahmadju/ImportedModels/Spacecraft_Control_Terminal_Console_ORANGE/meshes/Object_43_43_0.asset using Guid(20aecdb27b3a03f47a78e1f1e37657c8) Importer(2089858483,b0f066a214c2f5e87bad3c948f4d605d) (ScriptedImporter) -> (artifact id: 'aaf3b2353706f092196266db74bc81c2') in 0.0318001 seconds
Number of updated asset objects reloaded before import = 0Number of asset objects unloaded after import = 1

========================================================================
Received Import Request.
  Time since last request: 0.000031 seconds.
  path: Assets/Import/Lahmadju/Scripts/CharacterAI.cs
  artifactKey: Guid(44c3df82087b051429295eab1cbbcf4c) Importer(2089858483,b0f066a214c2f5e87bad3c948f4d605d)
Start importing Assets/Import/Lahmadju/Scripts/CharacterAI.cs using Guid(44c3df82087b051429295eab1cbbcf4c) Importer(2089858483,b0f066a214c2f5e87bad3c948f4d605d) (ScriptedImporter) -> (artifact id: 'b7fd9dfa504330194e9bb57b573ae4ab') in 0.0122594 seconds
Number of updated asset objects reloaded before import = 0Number of asset objects unloaded after import = 0

========================================================================
Received Import Request.
  Time since last request: 0.000035 seconds.
  path: Assets/Import/Lahmadju/Imported Models/Nebula Skyboxes/Materials/Nebula_03_Cubemap.mat
  artifactKey: Guid(96685932d1fdb25498c3b71582dcb3af) Importer(2089858483,b0f066a214c2f5e87bad3c948f4d605d)
Start importing Assets/Import/Lahmadju/Imported Models/Nebula Skyboxes/Materials/Nebula_03_Cubemap.mat using Guid(96685932d1fdb25498c3b71582dcb3af) Importer(2089858483,b0f066a214c2f5e87bad3c948f4d605d) (ScriptedImporter) -> (artifact id: '5889b83333c0b779f4f6bee7c2d30803') in 0.1924092 seconds
Number of updated asset objects reloaded before import = 0Number of asset objects unloaded after import = 2

========================================================================
Received Import Request.
  Time since last request: 0.000574 seconds.
  path: Assets/Import/Lahmadju/ImportedModels/Spacecraft_Control_Terminal_Console_ORANGE/materials/9_1001_40.mat
  artifactKey: Guid(033a457290a7980409def5be3f6a0563) Importer(2089858483,b0f066a214c2f5e87bad3c948f4d605d)
Start importing Assets/Import/Lahmadju/ImportedModels/Spacecraft_Control_Terminal_Console_ORANGE/materials/9_1001_40.mat using Guid(033a457290a7980409def5be3f6a0563) Importer(2089858483,b0f066a214c2f5e87bad3c948f4d605d) (ScriptedImporter) -> (artifact id: 'e6010ad4cb4b3198badaf2ef3670264a') in 0.2401327 seconds
Number of updated asset objects reloaded before import = 0Number of asset objects unloaded after import = 6

========================================================================
Received Import Request.
  Time since last request: 0.000042 seconds.
  path: Assets/Import/Lahmadju/Imported Models/Stylized Lava PBR Texture/Textures/Lava_Emissive.png
  artifactKey: Guid(5e835ee224164df418346548be68d294) Importer(2089858483,b0f066a214c2f5e87bad3c948f4d605d)
Start importing Assets/Import/Lahmadju/Imported Models/Stylized Lava PBR Texture/Textures/Lava_Emissive.png using Guid(5e835ee224164df418346548be68d294) Importer(2089858483,b0f066a214c2f5e87bad3c948f4d605d) (ScriptedImporter) -> (artifact id: '7031c9082038c541861b62912e317949') in 0.0882095 seconds
Number of updated asset objects reloaded before import = 0Number of asset objects unloaded after import = 1

========================================================================
Received Import Request.
  Time since last request: 0.000048 seconds.
  path: Assets/Import/Lahmadju/Imported Models/Scifi-Gun/Materials/Baked Mat/Gun_Sci-Fi_Mat.mat
  artifactKey: Guid(d97112335b4954144929e32e4f84ed55) Importer(2089858483,b0f066a214c2f5e87bad3c948f4d605d)
Start importing Assets/Import/Lahmadju/Imported Models/Scifi-Gun/Materials/Baked Mat/Gun_Sci-Fi_Mat.mat using Guid(d97112335b4954144929e32e4f84ed55) Importer(2089858483,b0f066a214c2f5e87bad3c948f4d605d) (ScriptedImporter) -> (artifact id: '1ff80b61fbc107277084b996968aa2d9') in 0.0382561 seconds
Number of updated asset objects reloaded before import = 0Number of asset objects unloaded after import = 5

========================================================================
Received Import Request.
  Time since last request: 0.000029 seconds.
  path: Assets/Import/Lahmadju/AstarPathfindingProject/TurnBased/SingleNodeBlocker.cs
  artifactKey: Guid(b45e20632f1604fc6bb73e0e79cd7368) Importer(2089858483,b0f066a214c2f5e87bad3c948f4d605d)
Start importing Assets/Import/Lahmadju/AstarPathfindingProject/TurnBased/SingleNodeBlocker.cs using Guid(b45e20632f1604fc6bb73e0e79cd7368) Importer(2089858483,b0f066a214c2f5e87bad3c948f4d605d) (ScriptedImporter) -> (artifact id: 'f99288251c003503b7783400fbc7c5d2') in 0.0124164 seconds
Number of updated asset objects reloaded before import = 0Number of asset objects unloaded after import = 0

========================================================================
Received Import Request.
  Time since last request: 0.000038 seconds.
  path: Assets/Import/Lahmadju/Imported Models/Low Poly Cyber Ninja Sword/Model/Model_Sword_Cyber_Ninja.FBX
  artifactKey: Guid(f32442828616b1b4c9e1027923ad9a73) Importer(2089858483,b0f066a214c2f5e87bad3c948f4d605d)
Start importing Assets/Import/Lahmadju/Imported Models/Low Poly Cyber Ninja Sword/Model/Model_Sword_Cyber_Ninja.FBX using Guid(f32442828616b1b4c9e1027923ad9a73) Importer(2089858483,b0f066a214c2f5e87bad3c948f4d605d) (ScriptedImporter) -> (artifact id: '39156005ab11a64c21acfd4a39d6941d') in 0.0736223 seconds
Number of updated asset objects reloaded before import = 0Number of asset objects unloaded after import = 8

========================================================================
Received Import Request.
  Time since last request: 0.000067 seconds.
  path: Assets/Import/Lahmadju/AstarPathfindingProject/RVO/RVONavmesh.cs
  artifactKey: Guid(52e10183f1ec74d27ba5e19d5a2242c0) Importer(2089858483,b0f066a214c2f5e87bad3c948f4d605d)
Start importing Assets/Import/Lahmadju/AstarPathfindingProject/RVO/RVONavmesh.cs using Guid(52e10183f1ec74d27ba5e19d5a2242c0) Importer(2089858483,b0f066a214c2f5e87bad3c948f4d605d) (ScriptedImporter) -> (artifact id: '4d5e318485c8a9192ff73943e976d8f7') in 0.1434704 seconds
Number of updated asset objects reloaded before import = 0Number of asset objects unloaded after import = 0

========================================================================
Received Import Request.
  Time since last request: 0.000027 seconds.
  path: Assets/Import/Lahmadju/ImportedModels/Spacecraft_Control_Terminal_Console_ORANGE/textures/F7_1001_metallicRoughness_87_metal.png
  artifactKey: Guid(673f5a639605ee84dbf764876fdf552f) Importer(2089858483,b0f066a214c2f5e87bad3c948f4d605d)
Start importing Assets/Import/Lahmadju/ImportedModels/Spacecraft_Control_Terminal_Console_ORANGE/textures/F7_1001_metallicRoughness_87_metal.png using Guid(673f5a639605ee84dbf764876fdf552f) Importer(2089858483,b0f066a214c2f5e87bad3c948f4d605d) (ScriptedImporter) -> (artifact id: 'b36d35d70339babafdad8dc7e6dab31f') in 0.034485 seconds
Number of updated asset objects reloaded before import = 0Number of asset objects unloaded after import = 1

========================================================================
Received Import Request.
  Time since last request: 0.000038 seconds.
  path: Assets/Import/Lahmadju/ImportedModels/Spacecraft_Control_Terminal_Console_ORANGE/textures/alt_1001_baseColor_194.png
  artifactKey: Guid(946dc3932bcf2244e978572e1f5b6c40) Importer(2089858483,b0f066a214c2f5e87bad3c948f4d605d)
Start importing Assets/Import/Lahmadju/ImportedModels/Spacecraft_Control_Terminal_Console_ORANGE/textures/alt_1001_baseColor_194.png using Guid(946dc3932bcf2244e978572e1f5b6c40) Importer(2089858483,b0f066a214c2f5e87bad3c948f4d605d) (ScriptedImporter) -> (artifact id: 'a11907942a40b6948657dc7acf9104b4') in 0.0274172 seconds
Number of updated asset objects reloaded before import = 0Number of asset objects unloaded after import = 1

========================================================================
Received Import Request.
  Time since last request: 0.000024 seconds.
  path: Assets/Import/Lahmadju/AstarPathfindingProject/ExampleScenes/Example8_PathTypes/PathTypesDemo.cs
  artifactKey: Guid(e855a4a32fc204115b1e15ca91877d37) Importer(2089858483,b0f066a214c2f5e87bad3c948f4d605d)
Start importing Assets/Import/Lahmadju/AstarPathfindingProject/ExampleScenes/Example8_PathTypes/PathTypesDemo.cs using Guid(e855a4a32fc204115b1e15ca91877d37) Importer(2089858483,b0f066a214c2f5e87bad3c948f4d605d) (ScriptedImporter) -> (artifact id: 'd3f45bc4a254a2dea6dd83e3df59c72c') in 0.0100623 seconds
Number of updated asset objects reloaded before import = 0Number of asset objects unloaded after import = 0

========================================================================
Received Import Request.
  Time since last request: 0.000026 seconds.
  path: Assets/Import/Lahmadju/ImportedModels/Spacecraft_Control_Terminal_Console_ORANGE/textures/V_1001_baseColor_206.png
  artifactKey: Guid(e19aeda36d994e845be482543f597570) Importer(2089858483,b0f066a214c2f5e87bad3c948f4d605d)
Start importing Assets/Import/Lahmadju/ImportedModels/Spacecraft_Control_Terminal_Console_ORANGE/textures/V_1001_baseColor_206.png using Guid(e19aeda36d994e845be482543f597570) Importer(2089858483,b0f066a214c2f5e87bad3c948f4d605d) (ScriptedImporter) -> (artifact id: 'b87a2621ca43434364ed7e5e51080a65') in 0.0264085 seconds
Number of updated asset objects reloaded before import = 0Number of asset objects unloaded after import = 1

========================================================================
Received Import Request.
  Time since last request: 0.000047 seconds.
  path: Assets/Import/Lahmadju/ImportedModels/Spacecraft_Control_Terminal_Console_ORANGE/meshes/Object_81_81_0.asset
  artifactKey: Guid(6f276bd2047a1de4387221c7b9d2d43a) Importer(2089858483,b0f066a214c2f5e87bad3c948f4d605d)
Start importing Assets/Import/Lahmadju/ImportedModels/Spacecraft_Control_Terminal_Console_ORANGE/meshes/Object_81_81_0.asset using Guid(6f276bd2047a1de4387221c7b9d2d43a) Importer(2089858483,b0f066a214c2f5e87bad3c948f4d605d) (ScriptedImporter) -> (artifact id: '6d01aae031d80280a85606c5987938ac') in 0.0111224 seconds
Number of updated asset objects reloaded before import = 0Number of asset objects unloaded after import = 1

========================================================================
Received Import Request.
  Time since last request: 0.000025 seconds.
  path: Assets/Import/Lahmadju/AstarPathfindingProject/ExampleScenes/ExampleScripts/RecastTileUpdate.cs
  artifactKey: Guid(c17ca1d2569424ba1be3606fe1bb5c7d) Importer(2089858483,b0f066a214c2f5e87bad3c948f4d605d)
Start importing Assets/Import/Lahmadju/AstarPathfindingProject/ExampleScenes/ExampleScripts/RecastTileUpdate.cs using Guid(c17ca1d2569424ba1be3606fe1bb5c7d) Importer(2089858483,b0f066a214c2f5e87bad3c948f4d605d) (ScriptedImporter) -> (artifact id: 'f9e7e4bdb2c45ac258afe84f0a16d1b4') in 0.0104939 seconds
Number of updated asset objects reloaded before import = 0Number of asset objects unloaded after import = 0

========================================================================
Received Import Request.
  Time since last request: 0.000028 seconds.
  path: Assets/Import/Lahmadju/ImportedModels/Spacecraft_Control_Terminal_Console_ORANGE/textures/H_1001_metallicRoughness_222_metal.png
  artifactKey: Guid(8fef6e13fe66d5241ad97002959b4111) Importer(2089858483,b0f066a214c2f5e87bad3c948f4d605d)
Start importing Assets/Import/Lahmadju/ImportedModels/Spacecraft_Control_Terminal_Console_ORANGE/textures/H_1001_metallicRoughness_222_metal.png using Guid(8fef6e13fe66d5241ad97002959b4111) Importer(2089858483,b0f066a214c2f5e87bad3c948f4d605d) (ScriptedImporter) -> (artifact id: 'ada9ecc5c6294fffe0505091474b5e31') in 0.0252656 seconds
Number of updated asset objects reloaded before import = 0Number of asset objects unloaded after import = 1

========================================================================
Received Import Request.
  Time since last request: 0.000033 seconds.
  path: Assets/Import/Lahmadju/ImportedModels/Spacecraft_Control_Terminal_Console_ORANGE/textures/Material.013_1001_metallicRoughness_69_occlusion.png
  artifactKey: Guid(fba4ef6242db37945a79627e9dc11c07) Importer(2089858483,b0f066a214c2f5e87bad3c948f4d605d)
Start importing Assets/Import/Lahmadju/ImportedModels/Spacecraft_Control_Terminal_Console_ORANGE/textures/Material.013_1001_metallicRoughness_69_occlusion.png using Guid(fba4ef6242db37945a79627e9dc11c07) Importer(2089858483,b0f066a214c2f5e87bad3c948f4d605d) (ScriptedImporter) -> (artifact id: '91251558d5820e8a51fe90bc052f154c') in 0.0291362 seconds
Number of updated asset objects reloaded before import = 0Number of asset objects unloaded after import = 1

========================================================================
Received Import Request.
  Time since last request: 0.000054 seconds.
  path: Assets/Import/Lahmadju/ImportedModels/Spacecraft_Control_Terminal_Console_ORANGE/textures/Material.057_1001_normal_235.png
  artifactKey: Guid(7a0d65e21ce99d54bb76b84b46d449c9) Importer(2089858483,b0f066a214c2f5e87bad3c948f4d605d)
Start importing Assets/Import/Lahmadju/ImportedModels/Spacecraft_Control_Terminal_Console_ORANGE/textures/Material.057_1001_normal_235.png using Guid(7a0d65e21ce99d54bb76b84b46d449c9) Importer(2089858483,b0f066a214c2f5e87bad3c948f4d605d) (ScriptedImporter) -> (artifact id: '5592b14f19046e8e1279ec99afabb01d') in 0.0258305 seconds
Number of updated asset objects reloaded before import = 0Number of asset objects unloaded after import = 1

========================================================================
Received Import Request.
  Time since last request: 0.000023 seconds.
  path: Assets/Import/Lahmadju/Prefabs/Platform/Platform.fbx
  artifactKey: Guid(4e23a86f13095474d9e24c9da15ba729) Importer(2089858483,b0f066a214c2f5e87bad3c948f4d605d)
Start importing Assets/Import/Lahmadju/Prefabs/Platform/Platform.fbx using Guid(4e23a86f13095474d9e24c9da15ba729) Importer(2089858483,b0f066a214c2f5e87bad3c948f4d605d) (ScriptedImporter) -> (artifact id: '5ff94a32c9e4e4b2a4e67a29d300c112') in 0.0382967 seconds
Number of updated asset objects reloaded before import = 0Number of asset objects unloaded after import = 38

========================================================================
Received Import Request.
  Time since last request: 0.121600 seconds.
  path: Assets/Import/Lahmadju/Animations/Cinema
  artifactKey: Guid(7ff53638b0f5e6b44a0b7166a58d5076) Importer(2089858483,b0f066a214c2f5e87bad3c948f4d605d)
Start importing Assets/Import/Lahmadju/Animations/Cinema using Guid(7ff53638b0f5e6b44a0b7166a58d5076) Importer(2089858483,b0f066a214c2f5e87bad3c948f4d605d) (ScriptedImporter) -> (artifact id: '18181ed3301094b27f2d8f9ef269d140') in 0.008017 seconds
Number of updated asset objects reloaded before import = 0Number of asset objects unloaded after import = 1

========================================================================
Received Import Request.
  Time since last request: 0.000026 seconds.
  path: Assets/Import/Lahmadju/AstarPathfindingProject/Core/Misc/GraphUtilities.cs
  artifactKey: Guid(fd178834bf6c54cdb8fc5f76a039a91c) Importer(2089858483,b0f066a214c2f5e87bad3c948f4d605d)
Start importing Assets/Import/Lahmadju/AstarPathfindingProject/Core/Misc/GraphUtilities.cs using Guid(fd178834bf6c54cdb8fc5f76a039a91c) Importer(2089858483,b0f066a214c2f5e87bad3c948f4d605d) (ScriptedImporter) -> (artifact id: '8eb2d74314ed9c94067abb532a213ba3') in 0.008863 seconds
Number of updated asset objects reloaded before import = 0Number of asset objects unloaded after import = 0

========================================================================
Received Import Request.
  Time since last request: 0.000035 seconds.
  path: Assets/Import/Lahmadju/AstarPathfindingProject/Pathfinders/MultiTargetPath.cs
  artifactKey: Guid(610d59b3e8ca0400192a16c204ad20fb) Importer(2089858483,b0f066a214c2f5e87bad3c948f4d605d)
Start importing Assets/Import/Lahmadju/AstarPathfindingProject/Pathfinders/MultiTargetPath.cs using Guid(610d59b3e8ca0400192a16c204ad20fb) Importer(2089858483,b0f066a214c2f5e87bad3c948f4d605d) (ScriptedImporter) -> (artifact id: '1bf2b0211c3e140d476926ec2c638b32') in 0.0079937 seconds
Number of updated asset objects reloaded before import = 0Number of asset objects unloaded after import = 0

========================================================================
Received Import Request.
  Time since last request: 0.000031 seconds.
  path: Assets/Import/Lahmadju/Imported Models/Nebula Skyboxes/Nebula_03_Cubemap.exr
  artifactKey: Guid(a469fa04e6f3e8945b5e367c00cc358d) Importer(2089858483,b0f066a214c2f5e87bad3c948f4d605d)
Start importing Assets/Import/Lahmadju/Imported Models/Nebula Skyboxes/Nebula_03_Cubemap.exr using Guid(a469fa04e6f3e8945b5e367c00cc358d) Importer(2089858483,b0f066a214c2f5e87bad3c948f4d605d) (ScriptedImporter) -> (artifact id: '782839d9c49e181c61ba378b01daf9f5') in 0.0535688 seconds
Number of updated asset objects reloaded before import = 0Number of asset objects unloaded after import = 1

========================================================================
Received Import Request.
  Time since last request: 0.000031 seconds.
  path: Assets/Import/Lahmadju/ImportedModels/Spacecraft_Control_Terminal_Console_ORANGE/materials/alt_1001_64.mat
  artifactKey: Guid(c556c764fed54024ea288f8048cf082a) Importer(2089858483,b0f066a214c2f5e87bad3c948f4d605d)
Start importing Assets/Import/Lahmadju/ImportedModels/Spacecraft_Control_Terminal_Console_ORANGE/materials/alt_1001_64.mat using Guid(c556c764fed54024ea288f8048cf082a) Importer(2089858483,b0f066a214c2f5e87bad3c948f4d605d) (ScriptedImporter) -> (artifact id: '9b6d82dbf24d4e9026e282aeef68e6ae') in 0.0207624 seconds
Number of updated asset objects reloaded before import = 0Number of asset objects unloaded after import = 6

========================================================================
Received Import Request.
  Time since last request: 0.000032 seconds.
  path: Assets/Import/Lahmadju/ImportedModels/Spacecraft_Control_Terminal_Console_ORANGE/textures/W_1001_metallicRoughness_138_metal.png
  artifactKey: Guid(9ca4b7b3845f37346afbc07f59455840) Importer(2089858483,b0f066a214c2f5e87bad3c948f4d605d)
Start importing Assets/Import/Lahmadju/ImportedModels/Spacecraft_Control_Terminal_Console_ORANGE/textures/W_1001_metallicRoughness_138_metal.png using Guid(9ca4b7b3845f37346afbc07f59455840) Importer(2089858483,b0f066a214c2f5e87bad3c948f4d605d) (ScriptedImporter) -> (artifact id: 'ac25af6719ecc47d224f28dc614ebbcf') in 0.0264051 seconds
Number of updated asset objects reloaded before import = 0Number of asset objects unloaded after import = 1

========================================================================
Received Import Request.
  Time since last request: 0.000021 seconds.
  path: Assets/Import/Lahmadju/ImportedModels/Spacecraft_Control_Terminal_Console_ORANGE/textures/X_1001_metallicRoughness_201_metal.png
  artifactKey: Guid(1eb010a4044c92b4f89483e6a4425b8f) Importer(2089858483,b0f066a214c2f5e87bad3c948f4d605d)
Start importing Assets/Import/Lahmadju/ImportedModels/Spacecraft_Control_Terminal_Console_ORANGE/textures/X_1001_metallicRoughness_201_metal.png using Guid(1eb010a4044c92b4f89483e6a4425b8f) Importer(2089858483,b0f066a214c2f5e87bad3c948f4d605d) (ScriptedImporter) -> (artifact id: '4311ef0e0864aa31acccdda79fd07636') in 0.0279544 seconds
Number of updated asset objects reloaded before import = 0Number of asset objects unloaded after import = 1

========================================================================
Received Import Request.
  Time since last request: 0.000031 seconds.
  path: Assets/Import/Lahmadju/Imported Models/_Barking_Dog/3D Free Modular Kit/_Textures/Diffuse_01.png
  artifactKey: Guid(b2c54144d5fbb4a14b95d5e2ec07dbf7) Importer(2089858483,b0f066a214c2f5e87bad3c948f4d605d)
Start importing Assets/Import/Lahmadju/Imported Models/_Barking_Dog/3D Free Modular Kit/_Textures/Diffuse_01.png using Guid(b2c54144d5fbb4a14b95d5e2ec07dbf7) Importer(2089858483,b0f066a214c2f5e87bad3c948f4d605d) (ScriptedImporter) -> (artifact id: 'ed20d2dcb8d3c150564b976d6c3d6cc5') in 0.0324781 seconds
Number of updated asset objects reloaded before import = 0Number of asset objects unloaded after import = 1

========================================================================
Received Import Request.
  Time since last request: 0.000038 seconds.
  path: Assets/Import/Lahmadju/ImportedModels/Spacecraft_Control_Terminal_Console_ORANGE/textures/W_1001_baseColor_137.png
  artifactKey: Guid(459599d4a95fb3a4b82310348349905f) Importer(2089858483,b0f066a214c2f5e87bad3c948f4d605d)
Start importing Assets/Import/Lahmadju/ImportedModels/Spacecraft_Control_Terminal_Console_ORANGE/textures/W_1001_baseColor_137.png using Guid(459599d4a95fb3a4b82310348349905f) Importer(2089858483,b0f066a214c2f5e87bad3c948f4d605d) (ScriptedImporter) -> (artifact id: '15fe1aa1bd7cbbba1c953c68390c0314') in 0.0270044 seconds
Number of updated asset objects reloaded before import = 0Number of asset objects unloaded after import = 1

========================================================================
Received Import Request.
  Time since last request: 0.000023 seconds.
  path: Assets/Import/Lahmadju/ImportedModels/Spacecraft_Control_Terminal_Console_ORANGE/meshes/Object_55_55_0.asset
  artifactKey: Guid(8dd952847a2c1aa45a609e8e04874395) Importer(2089858483,b0f066a214c2f5e87bad3c948f4d605d)
Start importing Assets/Import/Lahmadju/ImportedModels/Spacecraft_Control_Terminal_Console_ORANGE/meshes/Object_55_55_0.asset using Guid(8dd952847a2c1aa45a609e8e04874395) Importer(2089858483,b0f066a214c2f5e87bad3c948f4d605d) (ScriptedImporter) -> (artifact id: 'e6e05b77a1a11d99e46ee30c352b1444') in 0.0093162 seconds
Number of updated asset objects reloaded before import = 0Number of asset objects unloaded after import = 1

========================================================================
Received Import Request.
  Time since last request: 0.000031 seconds.
  path: Assets/Import/Lahmadju/ImportedModels/Sci-Fi_Personal_Space_Pod_Ship(weekly_challenge)/materials/material_1_1.mat
  artifactKey: Guid(845129a49d352b34db41d75011fc10b6) Importer(2089858483,b0f066a214c2f5e87bad3c948f4d605d)
Start importing Assets/Import/Lahmadju/ImportedModels/Sci-Fi_Personal_Space_Pod_Ship(weekly_challenge)/materials/material_1_1.mat using Guid(845129a49d352b34db41d75011fc10b6) Importer(2089858483,b0f066a214c2f5e87bad3c948f4d605d) (ScriptedImporter) -> (artifact id: '9e4cc03c8218313c1e57cabdecc69a2d') in 0.0415968 seconds
Number of updated asset objects reloaded before import = 0Number of asset objects unloaded after import = 6

========================================================================
Received Import Request.
  Time since last request: 0.000065 seconds.
  path: Assets/Import/Lahmadju/Sounds And Music/The jailer is the key.ogg
  artifactKey: Guid(6a75dba4c7deb6a44945746c6722937a) Importer(2089858483,b0f066a214c2f5e87bad3c948f4d605d)
Start importing Assets/Import/Lahmadju/Sounds And Music/The jailer is the key.ogg using Guid(6a75dba4c7deb6a44945746c6722937a) Importer(2089858483,b0f066a214c2f5e87bad3c948f4d605d) (ScriptedImporter) -> (artifact id: '5cf7df618535e3d4a9d09b3eb6a8e134') in 0.0680346 seconds
Number of updated asset objects reloaded before import = 0Number of asset objects unloaded after import = 1

========================================================================
Received Import Request.
  Time since last request: 0.000037 seconds.
  path: Assets/Import/Lahmadju/ImportedModels/Spacecraft_Control_Terminal_Console_ORANGE/textures/caps_1001_normal_40.png
  artifactKey: Guid(b070a845253453145930185f5bc6750d) Importer(2089858483,b0f066a214c2f5e87bad3c948f4d605d)
Start importing Assets/Import/Lahmadju/ImportedModels/Spacecraft_Control_Terminal_Console_ORANGE/textures/caps_1001_normal_40.png using Guid(b070a845253453145930185f5bc6750d) Importer(2089858483,b0f066a214c2f5e87bad3c948f4d605d) (ScriptedImporter) -> (artifact id: '6f657af168d27e630de6b2a7c25d3cd6') in 0.0293171 seconds
Number of updated asset objects reloaded before import = 0Number of asset objects unloaded after import = 1

========================================================================
Received Import Request.
  Time since last request: 0.000029 seconds.
  path: Assets/Import/Lahmadju/Prefabs/DODONPA/Sci-Fi_Space_Station__Rotor_Nexus/meshes/SpaceStationCore_SpaceStation_Core_0_1_0.asset
  artifactKey: Guid(a7d546e44f58c4a43b12384bc8cc23b8) Importer(2089858483,b0f066a214c2f5e87bad3c948f4d605d)
Start importing Assets/Import/Lahmadju/Prefabs/DODONPA/Sci-Fi_Space_Station__Rotor_Nexus/meshes/SpaceStationCore_SpaceStation_Core_0_1_0.asset using Guid(a7d546e44f58c4a43b12384bc8cc23b8) Importer(2089858483,b0f066a214c2f5e87bad3c948f4d605d) (ScriptedImporter) -> (artifact id: '8e1224c270bc36ce4966fce3d9b916ee') in 0.0172863 seconds
Number of updated asset objects reloaded before import = 0Number of asset objects unloaded after import = 1

========================================================================
Received Import Request.
  Time since last request: 0.000029 seconds.
  path: Assets/Import/Lahmadju/ImportedModels/Spacecraft_Control_Terminal_Console_ORANGE/textures/alt_1_1001_baseColor_50.png
  artifactKey: Guid(74349e55d4d790f4199f782e61b2ea80) Importer(2089858483,b0f066a214c2f5e87bad3c948f4d605d)
Start importing Assets/Import/Lahmadju/ImportedModels/Spacecraft_Control_Terminal_Console_ORANGE/textures/alt_1_1001_baseColor_50.png using Guid(74349e55d4d790f4199f782e61b2ea80) Importer(2089858483,b0f066a214c2f5e87bad3c948f4d605d) (ScriptedImporter) -> (artifact id: '42bc311d67902ee08769eb1f69c211aa') in 0.0352998 seconds
Number of updated asset objects reloaded before import = 0Number of asset objects unloaded after import = 1

========================================================================
Received Import Request.
  Time since last request: 0.000052 seconds.
  path: Assets/Import/Lahmadju/Imported Models/_Barking_Dog/3D Free Modular Kit/_Meshes/Floor_01.FBX
  artifactKey: Guid(318fc5659f68549feb9d55d15a12de2a) Importer(2089858483,b0f066a214c2f5e87bad3c948f4d605d)
Start importing Assets/Import/Lahmadju/Imported Models/_Barking_Dog/3D Free Modular Kit/_Meshes/Floor_01.FBX using Guid(318fc5659f68549feb9d55d15a12de2a) Importer(2089858483,b0f066a214c2f5e87bad3c948f4d605d) (ScriptedImporter) -> (artifact id: '51de0d4a5831cacbe52ed2c3c7b8517b') in 0.0330758 seconds
Number of updated asset objects reloaded before import = 0Number of asset objects unloaded after import = 8

========================================================================
Received Import Request.
  Time since last request: 0.000029 seconds.
  path: Assets/Import/Lahmadju/Scripts/Boss/PS Boss Accept Incoming Damage.cs
  artifactKey: Guid(7dbfa7b51f4f3a04a8f6957221d3f912) Importer(2089858483,b0f066a214c2f5e87bad3c948f4d605d)
Start importing Assets/Import/Lahmadju/Scripts/Boss/PS Boss Accept Incoming Damage.cs using Guid(7dbfa7b51f4f3a04a8f6957221d3f912) Importer(2089858483,b0f066a214c2f5e87bad3c948f4d605d) (ScriptedImporter) -> (artifact id: '62fa92786fe50835c10087d7cbf920ae') in 0.0102853 seconds
Number of updated asset objects reloaded before import = 0Number of asset objects unloaded after import = 0

========================================================================
Received Import Request.
  Time since last request: 0.000028 seconds.
  path: Assets/Import/Lahmadju/Prefabs/DODONPA/Sci-Fi_Space_Station__Rotor_Nexus/meshes/SpaceStationCore_InnerTurbineWings_SpaceStation_Core_0_3_0.asset
  artifactKey: Guid(ed188ef40b76d244095a2c7ecaa63ace) Importer(2089858483,b0f066a214c2f5e87bad3c948f4d605d)
Start importing Assets/Import/Lahmadju/Prefabs/DODONPA/Sci-Fi_Space_Station__Rotor_Nexus/meshes/SpaceStationCore_InnerTurbineWings_SpaceStation_Core_0_3_0.asset using Guid(ed188ef40b76d244095a2c7ecaa63ace) Importer(2089858483,b0f066a214c2f5e87bad3c948f4d605d) (ScriptedImporter) -> (artifact id: 'b737b553f63cfcf755718a17fb7b98a2') in 0.0110744 seconds
Number of updated asset objects reloaded before import = 0Number of asset objects unloaded after import = 1

========================================================================
Received Import Request.
  Time since last request: 0.000040 seconds.
  path: Assets/Import/Lahmadju/Scripts/Sound System/Camera Sounds.cs
  artifactKey: Guid(2c5b2f3591289094e9be4232b76a058c) Importer(2089858483,b0f066a214c2f5e87bad3c948f4d605d)
Start importing Assets/Import/Lahmadju/Scripts/Sound System/Camera Sounds.cs using Guid(2c5b2f3591289094e9be4232b76a058c) Importer(2089858483,b0f066a214c2f5e87bad3c948f4d605d) (ScriptedImporter) -> (artifact id: '425ce646e08464241957b23e63d6eff4') in 0.0091527 seconds
Number of updated asset objects reloaded before import = 0Number of asset objects unloaded after import = 0

========================================================================
Received Import Request.
  Time since last request: 0.000027 seconds.
  path: Assets/Import/Lahmadju/ImportedModels/Spacecraft_Control_Terminal_Console_ORANGE/meshes/Object_74_74_0.asset
  artifactKey: Guid(80c6ad15bac1dbe419e0bf5b1693dbb1) Importer(2089858483,b0f066a214c2f5e87bad3c948f4d605d)
Start importing Assets/Import/Lahmadju/ImportedModels/Spacecraft_Control_Terminal_Console_ORANGE/meshes/Object_74_74_0.asset using Guid(80c6ad15bac1dbe419e0bf5b1693dbb1) Importer(2089858483,b0f066a214c2f5e87bad3c948f4d605d) (ScriptedImporter) -> (artifact id: '35371214f90477373fd7042dd93c0c1a') in 0.0098307 seconds
Number of updated asset objects reloaded before import = 0Number of asset objects unloaded after import = 1

========================================================================
Received Import Request.
  Time since last request: 0.000027 seconds.
  path: Assets/Import/Lahmadju/Scripts/Player And Weapons/Hand Color.cs
  artifactKey: Guid(7454173597d75ef4ca95131d15504027) Importer(2089858483,b0f066a214c2f5e87bad3c948f4d605d)
Start importing Assets/Import/Lahmadju/Scripts/Player And Weapons/Hand Color.cs using Guid(7454173597d75ef4ca95131d15504027) Importer(2089858483,b0f066a214c2f5e87bad3c948f4d605d) (ScriptedImporter) -> (artifact id: 'b356e85a1717653beaddf012b9e6539a') in 0.0097405 seconds
Number of updated asset objects reloaded before import = 0Number of asset objects unloaded after import = 0

========================================================================
Received Import Request.
  Time since last request: 0.000027 seconds.
  path: Assets/Import/Lahmadju/ImportedModels/Spaceship_-_Evil_(Gravity)/textures/Engine_metallicRoughness_5_occlusion.png
  artifactKey: Guid(ea29ecd59506e404f99e7a4feeb15a25) Importer(2089858483,b0f066a214c2f5e87bad3c948f4d605d)
Start importing Assets/Import/Lahmadju/ImportedModels/Spaceship_-_Evil_(Gravity)/textures/Engine_metallicRoughness_5_occlusion.png using Guid(ea29ecd59506e404f99e7a4feeb15a25) Importer(2089858483,b0f066a214c2f5e87bad3c948f4d605d) (ScriptedImporter) -> (artifact id: '0be3c64bde9ebd575c6e04bca4903662') in 0.025246 seconds
Number of updated asset objects reloaded before import = 0Number of asset objects unloaded after import = 1

========================================================================
Received Import Request.
  Time since last request: 0.000033 seconds.
  path: Assets/Import/Lahmadju/ImportedModels/Free_Sci_Fi_Helmet/meshes/Object_6_6_0.asset
  artifactKey: Guid(11d9a80696c98e145846fc606d1c9855) Importer(2089858483,b0f066a214c2f5e87bad3c948f4d605d)
Start importing Assets/Import/Lahmadju/ImportedModels/Free_Sci_Fi_Helmet/meshes/Object_6_6_0.asset using Guid(11d9a80696c98e145846fc606d1c9855) Importer(2089858483,b0f066a214c2f5e87bad3c948f4d605d) (ScriptedImporter) -> (artifact id: '7b4a2d4db1eb2115085ac782e96da7fc') in 0.0121422 seconds
Number of updated asset objects reloaded before import = 0Number of asset objects unloaded after import = 1

========================================================================
Received Import Request.
  Time since last request: 0.000023 seconds.
  path: Assets/Import/Lahmadju/ImportedModels/Spacecraft_Control_Terminal_Console_ORANGE/textures/D_1001_metallicRoughness_144_occlusion.png
  artifactKey: Guid(22b011f51f0209146b89ce2f86fb096c) Importer(2089858483,b0f066a214c2f5e87bad3c948f4d605d)
Start importing Assets/Import/Lahmadju/ImportedModels/Spacecraft_Control_Terminal_Console_ORANGE/textures/D_1001_metallicRoughness_144_occlusion.png using Guid(22b011f51f0209146b89ce2f86fb096c) Importer(2089858483,b0f066a214c2f5e87bad3c948f4d605d) (ScriptedImporter) -> (artifact id: 'fec380ba93aff061fb7494d679b040a7') in 0.0254642 seconds
Number of updated asset objects reloaded before import = 0Number of asset objects unloaded after import = 1

========================================================================
Received Import Request.
  Time since last request: 0.000028 seconds.
  path: Assets/Import/Lahmadju/ImportedModels/Space_container_-_Mars_mission/Space_container_-_Mars_mission.prefab
  artifactKey: Guid(3bd92b06835a59e4bb6aa7af6c397860) Importer(2089858483,b0f066a214c2f5e87bad3c948f4d605d)
Start importing Assets/Import/Lahmadju/ImportedModels/Space_container_-_Mars_mission/Space_container_-_Mars_mission.prefab using Guid(3bd92b06835a59e4bb6aa7af6c397860) Importer(2089858483,b0f066a214c2f5e87bad3c948f4d605d) (ScriptedImporter) -> (artifact id: 'abb55f02f5e4188e16ec38f3cdb4b47d') in 0.0275781 seconds
Number of updated asset objects reloaded before import = 0Number of asset objects unloaded after import = 73

========================================================================
Received Import Request.
  Time since last request: 0.000026 seconds.
  path: Assets/Import/Lahmadju/Sounds And Music/HARD DEATH.mp3
  artifactKey: Guid(f1d24546b3f125d4fa221c0603195bdf) Importer(2089858483,b0f066a214c2f5e87bad3c948f4d605d)
Start importing Assets/Import/Lahmadju/Sounds And Music/HARD DEATH.mp3 using Guid(f1d24546b3f125d4fa221c0603195bdf) Importer(2089858483,b0f066a214c2f5e87bad3c948f4d605d) (ScriptedImporter) -> (artifact id: '63cee75e0e89c1b219c89026e5a8e8f1') in 0.1307089 seconds
Number of updated asset objects reloaded before import = 0Number of asset objects unloaded after import = 1

========================================================================
Received Import Request.
  Time since last request: 0.000049 seconds.
  path: Assets/Import/Lahmadju/ImportedModels/Spacecraft_Control_Terminal_Console_ORANGE/materials/ctrl_1001_63.mat
  artifactKey: Guid(42f91065dd02583419431587bec8558e) Importer(2089858483,b0f066a214c2f5e87bad3c948f4d605d)
Start importing Assets/Import/Lahmadju/ImportedModels/Spacecraft_Control_Terminal_Console_ORANGE/materials/ctrl_1001_63.mat using Guid(42f91065dd02583419431587bec8558e) Importer(2089858483,b0f066a214c2f5e87bad3c948f4d605d) (ScriptedImporter) -> (artifact id: '261d1fff2178611d18ca118fd644e5c3') in 0.0228157 seconds
Number of updated asset objects reloaded before import = 0Number of asset objects unloaded after import = 6

========================================================================
Received Import Request.
  Time since last request: 0.000025 seconds.
  path: Assets/Import/Lahmadju/ImportedModels/Spacecraft_Control_Terminal_Console_ORANGE/textures/0_1001_baseColor_125.png
  artifactKey: Guid(c0023515026ac954882274b816d5af92) Importer(2089858483,b0f066a214c2f5e87bad3c948f4d605d)
Start importing Assets/Import/Lahmadju/ImportedModels/Spacecraft_Control_Terminal_Console_ORANGE/textures/0_1001_baseColor_125.png using Guid(c0023515026ac954882274b816d5af92) Importer(2089858483,b0f066a214c2f5e87bad3c948f4d605d) (ScriptedImporter) -> (artifact id: 'db276f3af32f1c42de1d676510c26a13') in 0.0291183 seconds
Number of updated asset objects reloaded before import = 0Number of asset objects unloaded after import = 1

========================================================================
Received Import Request.
  Time since last request: 0.000027 seconds.
  path: Assets/Import/Lahmadju/AstarPathfindingProject/Generators/Base.cs
  artifactKey: Guid(c7636164485c04efe8fad73ab1ee985f) Importer(2089858483,b0f066a214c2f5e87bad3c948f4d605d)
Start importing Assets/Import/Lahmadju/AstarPathfindingProject/Generators/Base.cs using Guid(c7636164485c04efe8fad73ab1ee985f) Importer(2089858483,b0f066a214c2f5e87bad3c948f4d605d) (ScriptedImporter) -> (artifact id: 'c5734ec4665b9940df17be752bff0889') in 0.0090975 seconds
Number of updated asset objects reloaded before import = 0Number of asset objects unloaded after import = 0

========================================================================
Received Import Request.
  Time since last request: 0.000039 seconds.
  path: Assets/Import/Lahmadju/ImportedModels/Spacecraft_Control_Terminal_Console_ORANGE/textures/YZ_1001_baseColor_53.png
  artifactKey: Guid(e30c07e334b4e494ab384516e896abd5) Importer(2089858483,b0f066a214c2f5e87bad3c948f4d605d)
Start importing Assets/Import/Lahmadju/ImportedModels/Spacecraft_Control_Terminal_Console_ORANGE/textures/YZ_1001_baseColor_53.png using Guid(e30c07e334b4e494ab384516e896abd5) Importer(2089858483,b0f066a214c2f5e87bad3c948f4d605d) (ScriptedImporter) -> (artifact id: '6f1652173711cb9bf0e347c6e6ca023b') in 0.0270044 seconds
Number of updated asset objects reloaded before import = 0Number of asset objects unloaded after import = 1

========================================================================
Received Import Request.
  Time since last request: 0.000031 seconds.
  path: Assets/Import/Lahmadju/ImportedModels/Spacecraft_Control_Terminal_Console_ORANGE/textures/Material.004_1001_1001_metallicRoughness_16_metal.png
  artifactKey: Guid(7c7152a662ba5f340b6f2c70634e50be) Importer(2089858483,b0f066a214c2f5e87bad3c948f4d605d)
Start importing Assets/Import/Lahmadju/ImportedModels/Spacecraft_Control_Terminal_Console_ORANGE/textures/Material.004_1001_1001_metallicRoughness_16_metal.png using Guid(7c7152a662ba5f340b6f2c70634e50be) Importer(2089858483,b0f066a214c2f5e87bad3c948f4d605d) (ScriptedImporter) -> (artifact id: '77ab7b722b2d5db06336215abe6bde91') in 0.0506001 seconds
Number of updated asset objects reloaded before import = 0Number of asset objects unloaded after import = 1

========================================================================
Received Import Request.
  Time since last request: 0.000023 seconds.
  path: Assets/Import/Lahmadju/AstarPathfindingProject/Editor/AnimationLinkEditor.cs
  artifactKey: Guid(535448c66b9354b64b6b52fff9e39099) Importer(2089858483,b0f066a214c2f5e87bad3c948f4d605d)
Start importing Assets/Import/Lahmadju/AstarPathfindingProject/Editor/AnimationLinkEditor.cs using Guid(535448c66b9354b64b6b52fff9e39099) Importer(2089858483,b0f066a214c2f5e87bad3c948f4d605d) (ScriptedImporter) -> (artifact id: '1bd62557b6f1d30b7cd8347fda663d4d') in 0.0093475 seconds
Number of updated asset objects reloaded before import = 0Number of asset objects unloaded after import = 0

========================================================================
Received Import Request.
  Time since last request: 0.000038 seconds.
  path: Assets/Import/Lahmadju/ImportedModels/Space_Plant/materials/Bulbs_1.mat
  artifactKey: Guid(820d0dc680c5cbf44a9dac7dfef37c7b) Importer(2089858483,b0f066a214c2f5e87bad3c948f4d605d)
Start importing Assets/Import/Lahmadju/ImportedModels/Space_Plant/materials/Bulbs_1.mat using Guid(820d0dc680c5cbf44a9dac7dfef37c7b) Importer(2089858483,b0f066a214c2f5e87bad3c948f4d605d) (ScriptedImporter) -> (artifact id: 'bdeb37b62a425863c20ec65d5c0c7ed0') in 0.2211103 seconds
Number of updated asset objects reloaded before import = 0Number of asset objects unloaded after import = 6

========================================================================
Received Import Request.
  Time since last request: 0.000027 seconds.
  path: Assets/Import/Lahmadju/AstarPathfindingProject/Pathfinders/XPath.cs
  artifactKey: Guid(0055d294de64544e0a18edeca86f45fd) Importer(2089858483,b0f066a214c2f5e87bad3c948f4d605d)
Start importing Assets/Import/Lahmadju/AstarPathfindingProject/Pathfinders/XPath.cs using Guid(0055d294de64544e0a18edeca86f45fd) Importer(2089858483,b0f066a214c2f5e87bad3c948f4d605d) (ScriptedImporter) -> (artifact id: 'db0a046f143cf213dff7406561ecc095') in 0.0079336 seconds
Number of updated asset objects reloaded before import = 0Number of asset objects unloaded after import = 0

========================================================================
Received Import Request.
  Time since last request: 0.000045 seconds.
  path: Assets/Import/Lahmadju/Materials/Yellow (Emission).mat
  artifactKey: Guid(1f0cbb16bbab27e4d8cefcb5bab7937f) Importer(2089858483,b0f066a214c2f5e87bad3c948f4d605d)
Start importing Assets/Import/Lahmadju/Materials/Yellow (Emission).mat using Guid(1f0cbb16bbab27e4d8cefcb5bab7937f) Importer(2089858483,b0f066a214c2f5e87bad3c948f4d605d) (ScriptedImporter) -> (artifact id: 'fc46e39a93b58e3201d16077bca72798') in 0.0154308 seconds
Number of updated asset objects reloaded before import = 0Number of asset objects unloaded after import = 1

========================================================================
Received Import Request.
  Time since last request: 0.000027 seconds.
  path: Assets/Import/Lahmadju/ImportedModels/Spacecraft_Control_Terminal_Console_ORANGE/textures/Bacspace_1001_metallicRoughness_135_occlusion.png
  artifactKey: Guid(4758b9b6f507c5e49ab1a1754d9a317f) Importer(2089858483,b0f066a214c2f5e87bad3c948f4d605d)
Start importing Assets/Import/Lahmadju/ImportedModels/Spacecraft_Control_Terminal_Console_ORANGE/textures/Bacspace_1001_metallicRoughness_135_occlusion.png using Guid(4758b9b6f507c5e49ab1a1754d9a317f) Importer(2089858483,b0f066a214c2f5e87bad3c948f4d605d) (ScriptedImporter) -> (artifact id: '8928f32a09fbfe482ca0eaad40db4418') in 0.0232834 seconds
Number of updated asset objects reloaded before import = 0Number of asset objects unloaded after import = 1

========================================================================
Received Import Request.
  Time since last request: 0.000024 seconds.
  path: Assets/Import/Lahmadju/Sounds And Music/mostik-kosmicheskogo-korablya-24634.mp3
  artifactKey: Guid(1a5ebf8467d2ece43b61308e880de59d) Importer(2089858483,b0f066a214c2f5e87bad3c948f4d605d)
Start importing Assets/Import/Lahmadju/Sounds And Music/mostik-kosmicheskogo-korablya-24634.mp3 using Guid(1a5ebf8467d2ece43b61308e880de59d) Importer(2089858483,b0f066a214c2f5e87bad3c948f4d605d) (ScriptedImporter) -> (artifact id: '127e910936a1f942ec5b0701839826f5') in 0.1058847 seconds
Number of updated asset objects reloaded before import = 0Number of asset objects unloaded after import = 1

========================================================================
Received Import Request.
  Time since last request: 0.000028 seconds.
  path: Assets/Import/Lahmadju/ImportedModels/Sci-fi_Single_Chair/Sci-fi_Single_Chair.prefab
  artifactKey: Guid(e2cfb317fbe68a64f92a29d59fe8543f) Importer(2089858483,b0f066a214c2f5e87bad3c948f4d605d)
Start importing Assets/Import/Lahmadju/ImportedModels/Sci-fi_Single_Chair/Sci-fi_Single_Chair.prefab using Guid(e2cfb317fbe68a64f92a29d59fe8543f) Importer(2089858483,b0f066a214c2f5e87bad3c948f4d605d) (ScriptedImporter) -> (artifact id: 'a7360c1ed621691511aa4e91419cf7de') in 0.0184969 seconds
Number of updated asset objects reloaded before import = 0Number of asset objects unloaded after import = 45

========================================================================
Received Import Request.
  Time since last request: 0.000033 seconds.
  path: Assets/Import/Lahmadju/ImportedModels/Spacecraft_Control_Terminal_Console_ORANGE/materials/F8_1001_29.mat
  artifactKey: Guid(c0ce7367f4b24194181c7ad7a72b25fc) Importer(2089858483,b0f066a214c2f5e87bad3c948f4d605d)
Start importing Assets/Import/Lahmadju/ImportedModels/Spacecraft_Control_Terminal_Console_ORANGE/materials/F8_1001_29.mat using Guid(c0ce7367f4b24194181c7ad7a72b25fc) Importer(2089858483,b0f066a214c2f5e87bad3c948f4d605d) (ScriptedImporter) -> (artifact id: 'a9538bfe1b7c3a60cd0df9e055b88249') in 0.0206625 seconds
Number of updated asset objects reloaded before import = 0Number of asset objects unloaded after import = 6

========================================================================
Received Import Request.
  Time since last request: 0.000045 seconds.
  path: Assets/Import/Lahmadju/ImportedModels/AZURION_MK-V_Pulse_Blaster/textures/Material.001_baseColor_0.png
  artifactKey: Guid(e88fc96776f42c44aad3a15c9c9d321a) Importer(2089858483,b0f066a214c2f5e87bad3c948f4d605d)
Start importing Assets/Import/Lahmadju/ImportedModels/AZURION_MK-V_Pulse_Blaster/textures/Material.001_baseColor_0.png using Guid(e88fc96776f42c44aad3a15c9c9d321a) Importer(2089858483,b0f066a214c2f5e87bad3c948f4d605d) (ScriptedImporter) -> (artifact id: '5b429b336f94cb0600ecc4585beff4f5') in 0.0276718 seconds
Number of updated asset objects reloaded before import = 0Number of asset objects unloaded after import = 1

========================================================================
Received Import Request.
  Time since last request: 0.000021 seconds.
  path: Assets/Import/Lahmadju/Imported Models/_Barking_Dog/3D Free Modular Kit/_Meshes/Door_Left_01.FBX
  artifactKey: Guid(7fe4a827493384beea453a7d680fa266) Importer(2089858483,b0f066a214c2f5e87bad3c948f4d605d)
Start importing Assets/Import/Lahmadju/Imported Models/_Barking_Dog/3D Free Modular Kit/_Meshes/Door_Left_01.FBX using Guid(7fe4a827493384beea453a7d680fa266) Importer(2089858483,b0f066a214c2f5e87bad3c948f4d605d) (ScriptedImporter) -> (artifact id: '37e198493e0a23c2aec2a7f3f031f19d') in 0.0301252 seconds
Number of updated asset objects reloaded before import = 0Number of asset objects unloaded after import = 9

========================================================================
Received Import Request.
  Time since last request: 0.000037 seconds.
  path: Assets/Import/Lahmadju/Sounds And Music/prolet-kosmicheskogo-korablya-24617.mp3
  artifactKey: Guid(73b06444d02dbe54e8b9023d433d1365) Importer(2089858483,b0f066a214c2f5e87bad3c948f4d605d)
Start importing Assets/Import/Lahmadju/Sounds And Music/prolet-kosmicheskogo-korablya-24617.mp3 using Guid(73b06444d02dbe54e8b9023d433d1365) Importer(2089858483,b0f066a214c2f5e87bad3c948f4d605d) (ScriptedImporter) -> (artifact id: '6e56e2f38b86a16d8594fa63fd365b97') in 0.101085 seconds
Number of updated asset objects reloaded before import = 0Number of asset objects unloaded after import = 1

========================================================================
Received Import Request.
  Time since last request: 0.140095 seconds.
  path: Assets/Import/Lahmadju/AstarPathfindingProject/Editor/ProceduralGridMoverEditor.cs
  artifactKey: Guid(b50f1b778f5176f18b2305552cc4639c) Importer(2089858483,b0f066a214c2f5e87bad3c948f4d605d)
Start importing Assets/Import/Lahmadju/AstarPathfindingProject/Editor/ProceduralGridMoverEditor.cs using Guid(b50f1b778f5176f18b2305552cc4639c) Importer(2089858483,b0f066a214c2f5e87bad3c948f4d605d) (ScriptedImporter) -> (artifact id: 'cff9c75a9f5be1fc254e59ab35321cc3') in 0.008997 seconds
Number of updated asset objects reloaded before import = 0Number of asset objects unloaded after import = 0

========================================================================
Received Import Request.
  Time since last request: 0.000025 seconds.
  path: Assets/Import/Lahmadju/Sounds And Music/2c26b0dca5000e8.mp3
  artifactKey: Guid(d86734c77b66d2841b7d37c996153264) Importer(2089858483,b0f066a214c2f5e87bad3c948f4d605d)
Start importing Assets/Import/Lahmadju/Sounds And Music/2c26b0dca5000e8.mp3 using Guid(d86734c77b66d2841b7d37c996153264) Importer(2089858483,b0f066a214c2f5e87bad3c948f4d605d) (ScriptedImporter) -> (artifact id: 'a1b2a51c7ba93b546f41dc59e80815a3') in 0.0583591 seconds
Number of updated asset objects reloaded before import = 0Number of asset objects unloaded after import = 1

========================================================================
Received Import Request.
  Time since last request: 0.000044 seconds.
  path: Assets/Import/Lahmadju/ImportedModels/Planet_Afroditi/textures/Material.002_baseColor_1.png
  artifactKey: Guid(377eaec7c8e23dd4c99f54f574b58ffe) Importer(2089858483,b0f066a214c2f5e87bad3c948f4d605d)
Start importing Assets/Import/Lahmadju/ImportedModels/Planet_Afroditi/textures/Material.002_baseColor_1.png using Guid(377eaec7c8e23dd4c99f54f574b58ffe) Importer(2089858483,b0f066a214c2f5e87bad3c948f4d605d) (ScriptedImporter) -> (artifact id: '4fd0d1a10eb9bfb4c9223576cf69ed4e') in 0.0299768 seconds
Number of updated asset objects reloaded before import = 0Number of asset objects unloaded after import = 1

========================================================================
Received Import Request.
  Time since last request: 0.000027 seconds.
  path: Assets/Import/Lahmadju/AstarPathfindingProject/Pathfinders/ConstantPath.cs
  artifactKey: Guid(9c10cdc7060e34b84aae81aeb516a4f1) Importer(2089858483,b0f066a214c2f5e87bad3c948f4d605d)
Start importing Assets/Import/Lahmadju/AstarPathfindingProject/Pathfinders/ConstantPath.cs using Guid(9c10cdc7060e34b84aae81aeb516a4f1) Importer(2089858483,b0f066a214c2f5e87bad3c948f4d605d) (ScriptedImporter) -> (artifact id: 'e3e0c3d32e4133f2d579e6b85d3ab9a3') in 0.0119998 seconds
Number of updated asset objects reloaded before import = 0Number of asset objects unloaded after import = 0

========================================================================
Received Import Request.
  Time since last request: 0.000029 seconds.
  path: Assets/Import/Lahmadju/ImportedModels/Spacecraft_Control_Terminal_Console_ORANGE/textures/Material.061_1001_baseColor_203.png
  artifactKey: Guid(9910d487dfd4d0a43b4e0da098e4dd92) Importer(2089858483,b0f066a214c2f5e87bad3c948f4d605d)
Start importing Assets/Import/Lahmadju/ImportedModels/Spacecraft_Control_Terminal_Console_ORANGE/textures/Material.061_1001_baseColor_203.png using Guid(9910d487dfd4d0a43b4e0da098e4dd92) Importer(2089858483,b0f066a214c2f5e87bad3c948f4d605d) (ScriptedImporter) -> (artifact id: '4d8da5adde17cd6763202d08db6fa0f8') in 0.0347387 seconds
Number of updated asset objects reloaded before import = 0Number of asset objects unloaded after import = 1

========================================================================
Received Import Request.
  Time since last request: 0.000049 seconds.
  path: Assets/Import/Lahmadju/AstarPathfindingProject/Core/Misc/WindowsStoreCompatibility.cs
  artifactKey: Guid(810a4e97f5ccb4b5184c4c3206492974) Importer(2089858483,b0f066a214c2f5e87bad3c948f4d605d)
Start importing Assets/Import/Lahmadju/AstarPathfindingProject/Core/Misc/WindowsStoreCompatibility.cs using Guid(810a4e97f5ccb4b5184c4c3206492974) Importer(2089858483,b0f066a214c2f5e87bad3c948f4d605d) (ScriptedImporter) -> (artifact id: '6e82a5d8fdda753d489017867c31def5') in 0.0111832 seconds
Number of updated asset objects reloaded before import = 0Number of asset objects unloaded after import = 0

========================================================================
Received Import Request.
  Time since last request: 0.000030 seconds.
  path: Assets/Import/Lahmadju/ImportedModels/Spacecraft_Control_Terminal_Console_ORANGE/materials/Material.073_1001_62.mat
  artifactKey: Guid(4095fb771e8adb6438c503cedcc14a10) Importer(2089858483,b0f066a214c2f5e87bad3c948f4d605d)
Start importing Assets/Import/Lahmadju/ImportedModels/Spacecraft_Control_Terminal_Console_ORANGE/materials/Material.073_1001_62.mat using Guid(4095fb771e8adb6438c503cedcc14a10) Importer(2089858483,b0f066a214c2f5e87bad3c948f4d605d) (ScriptedImporter) -> (artifact id: '9107e1e1b0ed52ea335876cb471a4efa') in 0.02309 seconds
Number of updated asset objects reloaded before import = 0Number of asset objects unloaded after import = 6

========================================================================
Received Import Request.
  Time since last request: 0.000055 seconds.
  path: Assets/Import/Lahmadju/ImportedModels/Spacecraft_Control_Terminal_Console_ORANGE/textures/Material.001_1001_baseColor_29.png
  artifactKey: Guid(4c9ab9724e6ad2b419ba3abc24d1003b) Importer(2089858483,b0f066a214c2f5e87bad3c948f4d605d)
Start importing Assets/Import/Lahmadju/ImportedModels/Spacecraft_Control_Terminal_Console_ORANGE/textures/Material.001_1001_baseColor_29.png using Guid(4c9ab9724e6ad2b419ba3abc24d1003b) Importer(2089858483,b0f066a214c2f5e87bad3c948f4d605d) (ScriptedImporter) -> (artifact id: 'c6986a41d7d1ff2f1b51bf449c5ad7cd') in 0.0316331 seconds
Number of updated asset objects reloaded before import = 0Number of asset objects unloaded after import = 1

========================================================================
Received Import Request.
  Time since last request: 0.000036 seconds.
  path: Assets/Import/Lahmadju/ImportedModels/Control-Device_X_II/meshes/Object_3_3_0.asset
  artifactKey: Guid(4a363fd71ba0e5d438eadf0c1114b0ef) Importer(2089858483,b0f066a214c2f5e87bad3c948f4d605d)
Start importing Assets/Import/Lahmadju/ImportedModels/Control-Device_X_II/meshes/Object_3_3_0.asset using Guid(4a363fd71ba0e5d438eadf0c1114b0ef) Importer(2089858483,b0f066a214c2f5e87bad3c948f4d605d) (ScriptedImporter) -> (artifact id: '9e89435294caecc042da1d4b5eb6f9a0') in 0.1280083 seconds
Number of updated asset objects reloaded before import = 0Number of asset objects unloaded after import = 1

========================================================================
Received Import Request.
  Time since last request: 0.000025 seconds.
  path: Assets/Import/Lahmadju/ImportedModels/Spacecraft_Control_Terminal_Console_ORANGE/textures/J_1001_metallicRoughness_225_metal.png
  artifactKey: Guid(e5d6fad784f9474449816ac131511742) Importer(2089858483,b0f066a214c2f5e87bad3c948f4d605d)
Start importing Assets/Import/Lahmadju/ImportedModels/Spacecraft_Control_Terminal_Console_ORANGE/textures/J_1001_metallicRoughness_225_metal.png using Guid(e5d6fad784f9474449816ac131511742) Importer(2089858483,b0f066a214c2f5e87bad3c948f4d605d) (ScriptedImporter) -> (artifact id: 'd0f5fbdd95757ccc2195af907c57549a') in 0.027929 seconds
Number of updated asset objects reloaded before import = 0Number of asset objects unloaded after import = 1

========================================================================
Received Import Request.
  Time since last request: 0.000027 seconds.
  path: Assets/Import/Lahmadju/ImportedModels/Spacecraft_Control_Terminal_Console_ORANGE/meshes/Object_14_14_0.asset
  artifactKey: Guid(0c07e118e591ec54596f78020b8d5e05) Importer(2089858483,b0f066a214c2f5e87bad3c948f4d605d)
Start importing Assets/Import/Lahmadju/ImportedModels/Spacecraft_Control_Terminal_Console_ORANGE/meshes/Object_14_14_0.asset using Guid(0c07e118e591ec54596f78020b8d5e05) Importer(2089858483,b0f066a214c2f5e87bad3c948f4d605d) (ScriptedImporter) -> (artifact id: '76f0a4f18ad0b24552f4c88565323ecb') in 0.0091719 seconds
Number of updated asset objects reloaded before import = 0Number of asset objects unloaded after import = 1

========================================================================
Received Import Request.
  Time since last request: 0.000044 seconds.
  path: Assets/Import/Lahmadju/ImportedModels/Spacecraft_Control_Terminal_Console_ORANGE/textures/Material.058_1001_metallicRoughness_237_occlusion.png
  artifactKey: Guid(d3c5d6083690cc44a99c61810edc651e) Importer(2089858483,b0f066a214c2f5e87bad3c948f4d605d)
Start importing Assets/Import/Lahmadju/ImportedModels/Spacecraft_Control_Terminal_Console_ORANGE/textures/Material.058_1001_metallicRoughness_237_occlusion.png using Guid(d3c5d6083690cc44a99c61810edc651e) Importer(2089858483,b0f066a214c2f5e87bad3c948f4d605d) (ScriptedImporter) -> (artifact id: '159e803e74dc233bfcdc41baab0a114b') in 0.0295415 seconds
Number of updated asset objects reloaded before import = 0Number of asset objects unloaded after import = 1

========================================================================
Received Import Request.
  Time since last request: 0.000023 seconds.
  path: Assets/Import/Lahmadju/ImportedModels/test_saturn/meshes/Object_0_0_0.asset
  artifactKey: Guid(86a2e6d7e72a4ab4a9e7cb015707058e) Importer(2089858483,b0f066a214c2f5e87bad3c948f4d605d)
Start importing Assets/Import/Lahmadju/ImportedModels/test_saturn/meshes/Object_0_0_0.asset using Guid(86a2e6d7e72a4ab4a9e7cb015707058e) Importer(2089858483,b0f066a214c2f5e87bad3c948f4d605d) (ScriptedImporter) -> (artifact id: '96c4ad5ff084f0678e7536b005d27c8d') in 0.0275038 seconds
Number of updated asset objects reloaded before import = 0Number of asset objects unloaded after import = 1

========================================================================
Received Import Request.
  Time since last request: 0.000028 seconds.
  path: Assets/Import/Lahmadju/ImportedModels/Arcade_Game_-_Space_Invaders/textures/CR_videogamedesign2_emissive_8.png
  artifactKey: Guid(180603920d0d6544a93985190c7d1174) Importer(2089858483,b0f066a214c2f5e87bad3c948f4d605d)
Start importing Assets/Import/Lahmadju/ImportedModels/Arcade_Game_-_Space_Invaders/textures/CR_videogamedesign2_emissive_8.png using Guid(180603920d0d6544a93985190c7d1174) Importer(2089858483,b0f066a214c2f5e87bad3c948f4d605d) (ScriptedImporter) -> (artifact id: '60de77d4ddfa0ad9e1ff67ffd490053a') in 0.0304196 seconds
Number of updated asset objects reloaded before import = 0Number of asset objects unloaded after import = 1

========================================================================
Received Import Request.
  Time since last request: 0.000038 seconds.
  path: Assets/Import/Lahmadju/ImportedModels/Spacecraft_Control_Terminal_Console_ORANGE/meshes/Object_56_56_0.asset
  artifactKey: Guid(1c914da27f9a9f84199f1e8f2bad007a) Importer(2089858483,b0f066a214c2f5e87bad3c948f4d605d)
Start importing Assets/Import/Lahmadju/ImportedModels/Spacecraft_Control_Terminal_Console_ORANGE/meshes/Object_56_56_0.asset using Guid(1c914da27f9a9f84199f1e8f2bad007a) Importer(2089858483,b0f066a214c2f5e87bad3c948f4d605d) (ScriptedImporter) -> (artifact id: 'a719dbc4adbcbdc639da2ac9e7a54709') in 0.0108203 seconds
Number of updated asset objects reloaded before import = 0Number of asset objects unloaded after import = 1

========================================================================
Received Import Request.
  Time since last request: 0.000021 seconds.
  path: Assets/Import/Lahmadju/ImportedModels/Spacecraft_Control_Terminal_Console_ORANGE/textures/1001_56_normal_172.png
  artifactKey: Guid(84ce8328085dea14c92f83eda738007f) Importer(2089858483,b0f066a214c2f5e87bad3c948f4d605d)
Start importing Assets/Import/Lahmadju/ImportedModels/Spacecraft_Control_Terminal_Console_ORANGE/textures/1001_56_normal_172.png using Guid(84ce8328085dea14c92f83eda738007f) Importer(2089858483,b0f066a214c2f5e87bad3c948f4d605d) (ScriptedImporter) -> (artifact id: 'd81795ee661fff20776247c1f89029ee') in 0.024075 seconds
Number of updated asset objects reloaded before import = 0Number of asset objects unloaded after import = 1

========================================================================
Received Import Request.
  Time since last request: 0.000032 seconds.
  path: Assets/Import/Lahmadju/AstarPathfindingProject/Core/AI/RichAI.cs
  artifactKey: Guid(ce11ea984e202491d9271f53021d8b89) Importer(2089858483,b0f066a214c2f5e87bad3c948f4d605d)
Start importing Assets/Import/Lahmadju/AstarPathfindingProject/Core/AI/RichAI.cs using Guid(ce11ea984e202491d9271f53021d8b89) Importer(2089858483,b0f066a214c2f5e87bad3c948f4d605d) (ScriptedImporter) -> (artifact id: 'c4d0a9dba391ee147a8e1937c441168d') in 0.0087222 seconds
Number of updated asset objects reloaded before import = 0Number of asset objects unloaded after import = 0

========================================================================
Received Import Request.
  Time since last request: 0.000034 seconds.
  path: Assets/Import/Lahmadju/ImportedModels/Scifi_Chair_Concept/meshes/Plane.013_Material_0_0_0.asset
  artifactKey: Guid(ff23f5881bf54ba4cbaa246f8c384fcb) Importer(2089858483,b0f066a214c2f5e87bad3c948f4d605d)
Start importing Assets/Import/Lahmadju/ImportedModels/Scifi_Chair_Concept/meshes/Plane.013_Material_0_0_0.asset using Guid(ff23f5881bf54ba4cbaa246f8c384fcb) Importer(2089858483,b0f066a214c2f5e87bad3c948f4d605d) (ScriptedImporter) -> (artifact id: '000c867922614bdf547a11c1b15ff93d') in 0.128394 seconds
Number of updated asset objects reloaded before import = 0Number of asset objects unloaded after import = 1

========================================================================
Received Import Request.
  Time since last request: 0.000025 seconds.
  path: Assets/Import/Lahmadju/ImportedModels/Spacecraft_Control_Terminal_Console_ORANGE/textures/1001_56_metallicRoughness_171_metal.png
  artifactKey: Guid(ebd84688f73ac76498f9e5ab18e271a3) Importer(2089858483,b0f066a214c2f5e87bad3c948f4d605d)
Start importing Assets/Import/Lahmadju/ImportedModels/Spacecraft_Control_Terminal_Console_ORANGE/textures/1001_56_metallicRoughness_171_metal.png using Guid(ebd84688f73ac76498f9e5ab18e271a3) Importer(2089858483,b0f066a214c2f5e87bad3c948f4d605d) (ScriptedImporter) -> (artifact id: '8c57291950d33937cd7d9b2915ed0e6b') in 0.0273426 seconds
Number of updated asset objects reloaded before import = 0Number of asset objects unloaded after import = 1

========================================================================
Received Import Request.
  Time since last request: 0.000036 seconds.
  path: Assets/Import/Lahmadju/ImportedModels/Spacecraft_Control_Terminal_Console_ORANGE/materials/F10_1001_30.mat
  artifactKey: Guid(7a1530684bea4b94aa440d8ff1fea858) Importer(2089858483,b0f066a214c2f5e87bad3c948f4d605d)
Start importing Assets/Import/Lahmadju/ImportedModels/Spacecraft_Control_Terminal_Console_ORANGE/materials/F10_1001_30.mat using Guid(7a1530684bea4b94aa440d8ff1fea858) Importer(2089858483,b0f066a214c2f5e87bad3c948f4d605d) (ScriptedImporter) -> (artifact id: 'c4967616280e9c1510a5020b250efecf') in 0.0239072 seconds
Number of updated asset objects reloaded before import = 0Number of asset objects unloaded after import = 6

========================================================================
Received Import Request.
  Time since last request: 0.000019 seconds.
  path: Assets/Import/Lahmadju/ImportedModels/Spacecraft_Control_Terminal_Console_ORANGE/textures/9_1001_normal_124.png
  artifactKey: Guid(4e7ed25807f007141bee028559df527d) Importer(2089858483,b0f066a214c2f5e87bad3c948f4d605d)
Start importing Assets/Import/Lahmadju/ImportedModels/Spacecraft_Control_Terminal_Console_ORANGE/textures/9_1001_normal_124.png using Guid(4e7ed25807f007141bee028559df527d) Importer(2089858483,b0f066a214c2f5e87bad3c948f4d605d) (ScriptedImporter) -> (artifact id: 'c013694f06f2f8cac1b10ba67d219b59') in 0.0298431 seconds
Number of updated asset objects reloaded before import = 0Number of asset objects unloaded after import = 1

========================================================================
Received Import Request.
  Time since last request: 0.000025 seconds.
  path: Assets/Import/Lahmadju/ImportedModels/Spacecraft_Control_Terminal_Console_ORANGE/meshes/Object_36_36_0.asset
  artifactKey: Guid(b4a44c386ac4ee647bc824554907ee31) Importer(2089858483,b0f066a214c2f5e87bad3c948f4d605d)
Start importing Assets/Import/Lahmadju/ImportedModels/Spacecraft_Control_Terminal_Console_ORANGE/meshes/Object_36_36_0.asset using Guid(b4a44c386ac4ee647bc824554907ee31) Importer(2089858483,b0f066a214c2f5e87bad3c948f4d605d) (ScriptedImporter) -> (artifact id: '4f01c4b057ccd7a4c5e31b9a6d918529') in 0.0099161 seconds
Number of updated asset objects reloaded before import = 0Number of asset objects unloaded after import = 1

========================================================================
Received Import Request.
  Time since last request: 0.000040 seconds.
  path: Assets/Import/Lahmadju/ImportedModels/Free_Sci_Fi_Helmet/textures/Material.004_metallicRoughness_6_occlusion.png
  artifactKey: Guid(4c285778e38c6734c9324768729f61ed) Importer(2089858483,b0f066a214c2f5e87bad3c948f4d605d)
Start importing Assets/Import/Lahmadju/ImportedModels/Free_Sci_Fi_Helmet/textures/Material.004_metallicRoughness_6_occlusion.png using Guid(4c285778e38c6734c9324768729f61ed) Importer(2089858483,b0f066a214c2f5e87bad3c948f4d605d) (ScriptedImporter) -> (artifact id: 'abfd9af62c28824e9af341b279712b75') in 0.0344815 seconds
Number of updated asset objects reloaded before import = 0Number of asset objects unloaded after import = 1

========================================================================
Received Import Request.
  Time since last request: 0.000025 seconds.
  path: Assets/Import/Lahmadju/ImportedModels/Spacecraft_Control_Terminal_Console_ORANGE/textures/Material.005_1001_1001_emissive_20.png
  artifactKey: Guid(1cec9ad8aac17ad4a832567fc7e4f125) Importer(2089858483,b0f066a214c2f5e87bad3c948f4d605d)
Start importing Assets/Import/Lahmadju/ImportedModels/Spacecraft_Control_Terminal_Console_ORANGE/textures/Material.005_1001_1001_emissive_20.png using Guid(1cec9ad8aac17ad4a832567fc7e4f125) Importer(2089858483,b0f066a214c2f5e87bad3c948f4d605d) (ScriptedImporter) -> (artifact id: '31c6a7649d0012b0a860b9c85e3bb54d') in 0.0487382 seconds
Number of updated asset objects reloaded before import = 0Number of asset objects unloaded after import = 1

========================================================================
Received Import Request.
  Time since last request: 0.000030 seconds.
  path: Assets/Import/Lahmadju/ImportedModels/Space_Bottle/meshes/Cylinder.002_Material.001_0_5_0.asset
  artifactKey: Guid(d791c6c8270d7684aba511e2d67d36f6) Importer(2089858483,b0f066a214c2f5e87bad3c948f4d605d)
Start importing Assets/Import/Lahmadju/ImportedModels/Space_Bottle/meshes/Cylinder.002_Material.001_0_5_0.asset using Guid(d791c6c8270d7684aba511e2d67d36f6) Importer(2089858483,b0f066a214c2f5e87bad3c948f4d605d) (ScriptedImporter) -> (artifact id: 'd6a25facdc2eec663f02fc7cc6435d04') in 0.0209214 seconds
Number of updated asset objects reloaded before import = 0Number of asset objects unloaded after import = 1

========================================================================
Received Import Request.
  Time since last request: 0.000038 seconds.
  path: Assets/Import/Lahmadju/ImportedModels/Spacecraft_Control_Terminal_Console_ORANGE/textures/Delete_1001_normal_103.png
  artifactKey: Guid(0d845ec8fde60bc44ba08fa69fbf2609) Importer(2089858483,b0f066a214c2f5e87bad3c948f4d605d)
Start importing Assets/Import/Lahmadju/ImportedModels/Spacecraft_Control_Terminal_Console_ORANGE/textures/Delete_1001_normal_103.png using Guid(0d845ec8fde60bc44ba08fa69fbf2609) Importer(2089858483,b0f066a214c2f5e87bad3c948f4d605d) (ScriptedImporter) -> (artifact id: 'c6d1546076e217fe754675b20d78d87b') in 0.0306872 seconds
Number of updated asset objects reloaded before import = 0Number of asset objects unloaded after import = 1

========================================================================
Received Import Request.
  Time since last request: 0.000036 seconds.
  path: Assets/Import/Lahmadju/ImportedModels/Spacecraft_Control_Terminal_Console_ORANGE/textures/F8_1001_normal_91.png
  artifactKey: Guid(2f22ebb865e07f54ea6d47876bb17f51) Importer(2089858483,b0f066a214c2f5e87bad3c948f4d605d)
Start importing Assets/Import/Lahmadju/ImportedModels/Spacecraft_Control_Terminal_Console_ORANGE/textures/F8_1001_normal_91.png using Guid(2f22ebb865e07f54ea6d47876bb17f51) Importer(2089858483,b0f066a214c2f5e87bad3c948f4d605d) (ScriptedImporter) -> (artifact id: '986b38f18593e5f68a40730a4532d50c') in 0.0493045 seconds
Number of updated asset objects reloaded before import = 0Number of asset objects unloaded after import = 1

========================================================================
Received Import Request.
  Time since last request: 0.000048 seconds.
  path: Assets/Import/Lahmadju/Sci-FI_Trooper_Man_v.3/Textures/T_SciFiTrooperV3_top_a.png
  artifactKey: Guid(3f7981f8a05d87c4cb99e044b3a64c83) Importer(2089858483,b0f066a214c2f5e87bad3c948f4d605d)
Start importing Assets/Import/Lahmadju/Sci-FI_Trooper_Man_v.3/Textures/T_SciFiTrooperV3_top_a.png using Guid(3f7981f8a05d87c4cb99e044b3a64c83) Importer(2089858483,b0f066a214c2f5e87bad3c948f4d605d) (ScriptedImporter) -> (artifact id: '06332ec4a345160ac47a7d1ed0e5fd13') in 0.0481197 seconds
Number of updated asset objects reloaded before import = 0Number of asset objects unloaded after import = 1

========================================================================
Received Import Request.
  Time since last request: 0.000023 seconds.
  path: Assets/Import/Lahmadju/AstarPathfindingProject/Core/Misc/PathProcessor.cs
  artifactKey: Guid(f1b519f8b6e2c450aaae5cb2df6c73be) Importer(2089858483,b0f066a214c2f5e87bad3c948f4d605d)
Start importing Assets/Import/Lahmadju/AstarPathfindingProject/Core/Misc/PathProcessor.cs using Guid(f1b519f8b6e2c450aaae5cb2df6c73be) Importer(2089858483,b0f066a214c2f5e87bad3c948f4d605d) (ScriptedImporter) -> (artifact id: '5c1f56332643401fae40f5a3e4725b75') in 0.0093435 seconds
Number of updated asset objects reloaded before import = 0Number of asset objects unloaded after import = 0

========================================================================
Received Import Request.
  Time since last request: 0.000037 seconds.
  path: Assets/Import/Lahmadju/ImportedModels/Spacecraft_Control_Terminal_Console_ORANGE/textures/F_1001_metallicRoughness_216_metal.png
  artifactKey: Guid(e46684a8a96669c4f9696063ae32f61b) Importer(2089858483,b0f066a214c2f5e87bad3c948f4d605d)
Start importing Assets/Import/Lahmadju/ImportedModels/Spacecraft_Control_Terminal_Console_ORANGE/textures/F_1001_metallicRoughness_216_metal.png using Guid(e46684a8a96669c4f9696063ae32f61b) Importer(2089858483,b0f066a214c2f5e87bad3c948f4d605d) (ScriptedImporter) -> (artifact id: '9971ee327303943638719c31e5f3019e') in 0.0288162 seconds
Number of updated asset objects reloaded before import = 0Number of asset objects unloaded after import = 1

========================================================================
Received Import Request.
  Time since last request: 0.000037 seconds.
  path: Assets/Import/Lahmadju/ImportedModels/Spacecraft_Control_Terminal_Console_ORANGE/textures/Material.073_1001_normal_190.png
  artifactKey: Guid(cd81610908de9404bb8cbcfe5650915a) Importer(2089858483,b0f066a214c2f5e87bad3c948f4d605d)
Start importing Assets/Import/Lahmadju/ImportedModels/Spacecraft_Control_Terminal_Console_ORANGE/textures/Material.073_1001_normal_190.png using Guid(cd81610908de9404bb8cbcfe5650915a) Importer(2089858483,b0f066a214c2f5e87bad3c948f4d605d) (ScriptedImporter) -> (artifact id: 'fde51dc1553335a5791fb53142dd058a') in 0.0261872 seconds
Number of updated asset objects reloaded before import = 0Number of asset objects unloaded after import = 1

========================================================================
Received Import Request.
  Time since last request: 0.000026 seconds.
  path: Assets/Import/Lahmadju/AstarPathfindingProject/RVO/RVOController.cs
  artifactKey: Guid(560112f876f5746c780eca0d404e7139) Importer(2089858483,b0f066a214c2f5e87bad3c948f4d605d)
Start importing Assets/Import/Lahmadju/AstarPathfindingProject/RVO/RVOController.cs using Guid(560112f876f5746c780eca0d404e7139) Importer(2089858483,b0f066a214c2f5e87bad3c948f4d605d) (ScriptedImporter) -> (artifact id: '466b3d4c5b04e6ed64ebd0df9dda78c2') in 0.0095158 seconds
Number of updated asset objects reloaded before import = 0Number of asset objects unloaded after import = 0

========================================================================
Received Import Request.
  Time since last request: 0.000028 seconds.
  path: Assets/Import/Lahmadju/ImportedModels/Spacecraft_Control_Terminal_Console_ORANGE/textures/6_1001_metallicRoughness_114_occlusion.png
  artifactKey: Guid(3cc267c8d84612241923e84c3c05031e) Importer(2089858483,b0f066a214c2f5e87bad3c948f4d605d)
Start importing Assets/Import/Lahmadju/ImportedModels/Spacecraft_Control_Terminal_Console_ORANGE/textures/6_1001_metallicRoughness_114_occlusion.png using Guid(3cc267c8d84612241923e84c3c05031e) Importer(2089858483,b0f066a214c2f5e87bad3c948f4d605d) (ScriptedImporter) -> (artifact id: 'b228a4f1ac03357ecfe9fd23648dd202') in 0.0312963 seconds
Number of updated asset objects reloaded before import = 0Number of asset objects unloaded after import = 1

========================================================================
Received Import Request.
  Time since last request: 0.000039 seconds.
  path: Assets/Import/Lahmadju/ImportedModels/Spacecraft_Control_Terminal_Console_ORANGE/textures/R_1001_metallicRoughness_150_occlusion.png
  artifactKey: Guid(33b6de696de6ad344afd8aa5b0d2a32f) Importer(2089858483,b0f066a214c2f5e87bad3c948f4d605d)
Start importing Assets/Import/Lahmadju/ImportedModels/Spacecraft_Control_Terminal_Console_ORANGE/textures/R_1001_metallicRoughness_150_occlusion.png using Guid(33b6de696de6ad344afd8aa5b0d2a32f) Importer(2089858483,b0f066a214c2f5e87bad3c948f4d605d) (ScriptedImporter) -> (artifact id: '53d9b70141013a63966fc939fdc61d8b') in 0.0230597 seconds
Number of updated asset objects reloaded before import = 0Number of asset objects unloaded after import = 1

========================================================================
Received Import Request.
  Time since last request: 0.000019 seconds.
  path: Assets/Import/Lahmadju/ImportedModels/Sci-Fi_Personal_Space_Pod_Ship(weekly_challenge)/meshes/defaultMaterial_0_0.asset
  artifactKey: Guid(6579fc3901f00794282a007d23917402) Importer(2089858483,b0f066a214c2f5e87bad3c948f4d605d)
Start importing Assets/Import/Lahmadju/ImportedModels/Sci-Fi_Personal_Space_Pod_Ship(weekly_challenge)/meshes/defaultMaterial_0_0.asset using Guid(6579fc3901f00794282a007d23917402) Importer(2089858483,b0f066a214c2f5e87bad3c948f4d605d) (ScriptedImporter) -> (artifact id: 'f3b2a96752b82e5ba3a7098cd2d4a4f5') in 0.020521 seconds
Number of updated asset objects reloaded before import = 0Number of asset objects unloaded after import = 1

========================================================================
Received Import Request.
  Time since last request: 0.000021 seconds.
  path: Assets/Import/Lahmadju/ImportedModels/Sci-Fi_Personal_Space_Pod_Ship(weekly_challenge)/textures/material_metallicRoughness_1_metal.png
  artifactKey: Guid(d9fe3169b80321a4398027337e748bdd) Importer(2089858483,b0f066a214c2f5e87bad3c948f4d605d)
Start importing Assets/Import/Lahmadju/ImportedModels/Sci-Fi_Personal_Space_Pod_Ship(weekly_challenge)/textures/material_metallicRoughness_1_metal.png using Guid(d9fe3169b80321a4398027337e748bdd) Importer(2089858483,b0f066a214c2f5e87bad3c948f4d605d) (ScriptedImporter) -> (artifact id: '76d7096bdb88d6c62e566ffbc831f4ea') in 0.028056 seconds
Number of updated asset objects reloaded before import = 0Number of asset objects unloaded after import = 1

========================================================================
Received Import Request.
  Time since last request: 0.000032 seconds.
  path: Assets/Import/Lahmadju/AstarPathfindingProject/Legacy/LegacyRVOController.cs
  artifactKey: Guid(533427594e96f4344a2564c629ef0383) Importer(2089858483,b0f066a214c2f5e87bad3c948f4d605d)
Start importing Assets/Import/Lahmadju/AstarPathfindingProject/Legacy/LegacyRVOController.cs using Guid(533427594e96f4344a2564c629ef0383) Importer(2089858483,b0f066a214c2f5e87bad3c948f4d605d) (ScriptedImporter) -> (artifact id: 'ad6cb810350385c5d047090f65b745da') in 0.0110852 seconds
Number of updated asset objects reloaded before import = 0Number of asset objects unloaded after import = 0

========================================================================
Received Import Request.
  Time since last request: 0.000038 seconds.
  path: Assets/Import/Lahmadju/ImportedModels/Sci-fi_Single_Chair/meshes/Cube.050_sci-fi chair 3 back rest_0_2_0.asset
  artifactKey: Guid(5d8fb159bcc493641920e31950953962) Importer(2089858483,b0f066a214c2f5e87bad3c948f4d605d)
Start importing Assets/Import/Lahmadju/ImportedModels/Sci-fi_Single_Chair/meshes/Cube.050_sci-fi chair 3 back rest_0_2_0.asset using Guid(5d8fb159bcc493641920e31950953962) Importer(2089858483,b0f066a214c2f5e87bad3c948f4d605d) (ScriptedImporter) -> (artifact id: '9398f3ea94286b3aae1d381ee6c70a39') in 0.0115273 seconds
Number of updated asset objects reloaded before import = 0Number of asset objects unloaded after import = 1

========================================================================
Received Import Request.
  Time since last request: 0.000029 seconds.
  path: Assets/Import/Lahmadju/ImportedModels/Spacecraft_Control_Terminal_Console_ORANGE/meshes/Object_76_76_0.asset
  artifactKey: Guid(dc4e5ab8d69273b45b10d7cc4173ea10) Importer(2089858483,b0f066a214c2f5e87bad3c948f4d605d)
Start importing Assets/Import/Lahmadju/ImportedModels/Spacecraft_Control_Terminal_Console_ORANGE/meshes/Object_76_76_0.asset using Guid(dc4e5ab8d69273b45b10d7cc4173ea10) Importer(2089858483,b0f066a214c2f5e87bad3c948f4d605d) (ScriptedImporter) -> (artifact id: 'b0241e4e342106063a82ec5a7163fcea') in 0.0120223 seconds
Number of updated asset objects reloaded before import = 0Number of asset objects unloaded after import = 1

========================================================================
Received Import Request.
  Time since last request: 0.000029 seconds.
  path: Assets/Import/Lahmadju/Sounds And Music/zvuk-zakrytiya-dveri-v-kosmicheskom-korable-11.mp3
  artifactKey: Guid(48e6aa2372b7d1e4192c0665239a7bea) Importer(2089858483,b0f066a214c2f5e87bad3c948f4d605d)
Start importing Assets/Import/Lahmadju/Sounds And Music/zvuk-zakrytiya-dveri-v-kosmicheskom-korable-11.mp3 using Guid(48e6aa2372b7d1e4192c0665239a7bea) Importer(2089858483,b0f066a214c2f5e87bad3c948f4d605d) (ScriptedImporter) -> (artifact id: 'c536210355fe302a330deb4467c3ef21') in 0.0732619 seconds
Number of updated asset objects reloaded before import = 0Number of asset objects unloaded after import = 1

========================================================================
Received Import Request.
  Time since last request: 0.000037 seconds.
  path: Assets/Import/Lahmadju/ImportedModels/Spacecraft_Control_Terminal_Console_ORANGE/textures/8_1001_baseColor_119.png
  artifactKey: Guid(4f89f599243e5134b9acb8d472454a59) Importer(2089858483,b0f066a214c2f5e87bad3c948f4d605d)
Start importing Assets/Import/Lahmadju/ImportedModels/Spacecraft_Control_Terminal_Console_ORANGE/textures/8_1001_baseColor_119.png using Guid(4f89f599243e5134b9acb8d472454a59) Importer(2089858483,b0f066a214c2f5e87bad3c948f4d605d) (ScriptedImporter) -> (artifact id: '3f151754da8496838ec904821995469f') in 0.0373736 seconds
Number of updated asset objects reloaded before import = 0Number of asset objects unloaded after import = 1

========================================================================
Received Import Request.
  Time since last request: 0.000040 seconds.
  path: Assets/Import/Lahmadju/ImportedModels/Spacecraft_Control_Terminal_Console_ORANGE/textures/Material.061_1001_normal_205.png
  artifactKey: Guid(807174b9de207904a9a0aae22708d7e3) Importer(2089858483,b0f066a214c2f5e87bad3c948f4d605d)
Start importing Assets/Import/Lahmadju/ImportedModels/Spacecraft_Control_Terminal_Console_ORANGE/textures/Material.061_1001_normal_205.png using Guid(807174b9de207904a9a0aae22708d7e3) Importer(2089858483,b0f066a214c2f5e87bad3c948f4d605d) (ScriptedImporter) -> (artifact id: 'e8a70abbbe1521680b05c82430db070f') in 0.0550525 seconds
Number of updated asset objects reloaded before import = 0Number of asset objects unloaded after import = 1

========================================================================
Received Import Request.
  Time since last request: 0.000034 seconds.
  path: Assets/Import/Lahmadju/ImportedModels/Lava_planet/textures/planet_baseColor_0.png
  artifactKey: Guid(124600a9df2982449814f794263a3309) Importer(2089858483,b0f066a214c2f5e87bad3c948f4d605d)
Start importing Assets/Import/Lahmadju/ImportedModels/Lava_planet/textures/planet_baseColor_0.png using Guid(124600a9df2982449814f794263a3309) Importer(2089858483,b0f066a214c2f5e87bad3c948f4d605d) (ScriptedImporter) -> (artifact id: 'bc6a3149e06a526a4bc966b6d3fe0421') in 0.0700541 seconds
Number of updated asset objects reloaded before import = 0Number of asset objects unloaded after import = 1

========================================================================
Received Import Request.
  Time since last request: 0.000039 seconds.
  path: Assets/Import/Lahmadju/Materials/Black-Red BFS.mat
  artifactKey: Guid(7444eeb98535fc44da99a9e2e8296f7a) Importer(2089858483,b0f066a214c2f5e87bad3c948f4d605d)
Start importing Assets/Import/Lahmadju/Materials/Black-Red BFS.mat using Guid(7444eeb98535fc44da99a9e2e8296f7a) Importer(2089858483,b0f066a214c2f5e87bad3c948f4d605d) (ScriptedImporter) -> (artifact id: '9c94f001a46836341ca56b5cc9f27e55') in 0.0163218 seconds
Number of updated asset objects reloaded before import = 0Number of asset objects unloaded after import = 1

========================================================================
Received Import Request.
  Time since last request: 0.000025 seconds.
  path: Assets/Import/Lahmadju/AstarPathfindingProject/Generators/Utilities/RecastBBTree.cs
  artifactKey: Guid(183e10f9cadca424792b5f940ce3fe3d) Importer(2089858483,b0f066a214c2f5e87bad3c948f4d605d)
Start importing Assets/Import/Lahmadju/AstarPathfindingProject/Generators/Utilities/RecastBBTree.cs using Guid(183e10f9cadca424792b5f940ce3fe3d) Importer(2089858483,b0f066a214c2f5e87bad3c948f4d605d) (ScriptedImporter) -> (artifact id: '39390e1c31c9a7e482edea03ca1e289d') in 0.0094917 seconds
Number of updated asset objects reloaded before import = 0Number of asset objects unloaded after import = 0

========================================================================
Received Import Request.
  Time since last request: 0.000033 seconds.
  path: Assets/Import/Lahmadju/Imported Models/_Barking_Dog/3D Free Modular Kit/_Meshes/Roof_Angle_Large_01.FBX
  artifactKey: Guid(c7f0be1a7661a448388e936acefcd607) Importer(2089858483,b0f066a214c2f5e87bad3c948f4d605d)
Start importing Assets/Import/Lahmadju/Imported Models/_Barking_Dog/3D Free Modular Kit/_Meshes/Roof_Angle_Large_01.FBX using Guid(c7f0be1a7661a448388e936acefcd607) Importer(2089858483,b0f066a214c2f5e87bad3c948f4d605d) (ScriptedImporter) -> (artifact id: 'd04adf31e901dddfdea29fd5f0b11269') in 0.0402086 seconds
Number of updated asset objects reloaded before import = 0Number of asset objects unloaded after import = 8

========================================================================
Received Import Request.
  Time since last request: 0.000036 seconds.
  path: Assets/Import/Lahmadju/Scripts/Player And Weapons/Player Accept Incoming Damage.cs
  artifactKey: Guid(60bc340acc6128a45bfb445f52db8c4d) Importer(2089858483,b0f066a214c2f5e87bad3c948f4d605d)
Start importing Assets/Import/Lahmadju/Scripts/Player And Weapons/Player Accept Incoming Damage.cs using Guid(60bc340acc6128a45bfb445f52db8c4d) Importer(2089858483,b0f066a214c2f5e87bad3c948f4d605d) (ScriptedImporter) -> (artifact id: '6229d984ffed8c6f799838c2d8ceeb44') in 0.0100144 seconds
Number of updated asset objects reloaded before import = 0Number of asset objects unloaded after import = 0

========================================================================
Received Import Request.
  Time since last request: 0.000024 seconds.
  path: Assets/Import/Lahmadju/ImportedModels/Free_Sci_Fi_Helmet/textures/Material.003_metallicRoughness_4_metal.png
  artifactKey: Guid(3d8066a9de62d9d4bbf4ff6e7dd62731) Importer(2089858483,b0f066a214c2f5e87bad3c948f4d605d)
Start importing Assets/Import/Lahmadju/ImportedModels/Free_Sci_Fi_Helmet/textures/Material.003_metallicRoughness_4_metal.png using Guid(3d8066a9de62d9d4bbf4ff6e7dd62731) Importer(2089858483,b0f066a214c2f5e87bad3c948f4d605d) (ScriptedImporter) -> (artifact id: 'e9c4efa371b47193fe524b270ccf2ae5') in 0.0424409 seconds
Number of updated asset objects reloaded before import = 0Number of asset objects unloaded after import = 1

========================================================================
Received Import Request.
  Time since last request: 0.000031 seconds.
  path: Assets/Import/Lahmadju/AstarPathfindingProject/Modifiers/RaycastModifier.cs
  artifactKey: Guid(b090bec917bbe4c3bbc612ef13f7c4a1) Importer(2089858483,b0f066a214c2f5e87bad3c948f4d605d)
Start importing Assets/Import/Lahmadju/AstarPathfindingProject/Modifiers/RaycastModifier.cs using Guid(b090bec917bbe4c3bbc612ef13f7c4a1) Importer(2089858483,b0f066a214c2f5e87bad3c948f4d605d) (ScriptedImporter) -> (artifact id: '690803afccb5c0de927cdc8ac6569b93') in 0.0186943 seconds
Number of updated asset objects reloaded before import = 0Number of asset objects unloaded after import = 0

========================================================================
Received Import Request.
  Time since last request: 0.000045 seconds.
  path: Assets/Import/Lahmadju/ImportedModels/Lava_planet/textures/planet_normal_3.png
  artifactKey: Guid(ecd1392a0cf64bd4898e5c1dbb7e0ee2) Importer(2089858483,b0f066a214c2f5e87bad3c948f4d605d)
Start importing Assets/Import/Lahmadju/ImportedModels/Lava_planet/textures/planet_normal_3.png using Guid(ecd1392a0cf64bd4898e5c1dbb7e0ee2) Importer(2089858483,b0f066a214c2f5e87bad3c948f4d605d) (ScriptedImporter) -> (artifact id: 'b84e944a0a89e5daba0dd124d26339b2') in 0.0409597 seconds
Number of updated asset objects reloaded before import = 0Number of asset objects unloaded after import = 1

========================================================================
Received Import Request.
  Time since last request: 0.000033 seconds.
  path: Assets/Import/Lahmadju/ImportedModels/Scifi_Chair_Concept/textures/Material_metallicRoughness_1_metal.png
  artifactKey: Guid(ab8bcb3a12eb3594d872694c3f25a14f) Importer(2089858483,b0f066a214c2f5e87bad3c948f4d605d)
Start importing Assets/Import/Lahmadju/ImportedModels/Scifi_Chair_Concept/textures/Material_metallicRoughness_1_metal.png using Guid(ab8bcb3a12eb3594d872694c3f25a14f) Importer(2089858483,b0f066a214c2f5e87bad3c948f4d605d) (ScriptedImporter) -> (artifact id: '234323a799f0e7bc11bb7d65557924ef') in 0.1196632 seconds
Number of updated asset objects reloaded before import = 0Number of asset objects unloaded after import = 1

========================================================================
Received Import Request.
  Time since last request: 0.000059 seconds.
  path: Assets/Import/Lahmadju/AstarPathfindingProject/Core/Misc/Int3.cs
  artifactKey: Guid(5826dd4a1809b448291582cd06deadc1) Importer(2089858483,b0f066a214c2f5e87bad3c948f4d605d)
Start importing Assets/Import/Lahmadju/AstarPathfindingProject/Core/Misc/Int3.cs using Guid(5826dd4a1809b448291582cd06deadc1) Importer(2089858483,b0f066a214c2f5e87bad3c948f4d605d) (ScriptedImporter) -> (artifact id: '4c2e5b2455e2de642f94302ec401da5b') in 0.0660692 seconds
Number of updated asset objects reloaded before import = 0Number of asset objects unloaded after import = 0

========================================================================
Received Import Request.
  Time since last request: 0.000031 seconds.
  path: Assets/Import/Lahmadju/ImportedModels/Spacecraft_Control_Terminal_Console_ORANGE/materials/Material.013_1001_22.mat
  artifactKey: Guid(6c86d07a8528ecb42ab58900d3dc03b7) Importer(2089858483,b0f066a214c2f5e87bad3c948f4d605d)
Start importing Assets/Import/Lahmadju/ImportedModels/Spacecraft_Control_Terminal_Console_ORANGE/materials/Material.013_1001_22.mat using Guid(6c86d07a8528ecb42ab58900d3dc03b7) Importer(2089858483,b0f066a214c2f5e87bad3c948f4d605d) (ScriptedImporter) -> (artifact id: 'ad65433854017fc7e3dab28828286d4f') in 0.0641452 seconds
Number of updated asset objects reloaded before import = 0Number of asset objects unloaded after import = 6

========================================================================
Received Import Request.
  Time since last request: 0.000041 seconds.
  path: Assets/Import/Lahmadju/ImportedModels/Space_Music!/Space_Music!.prefab
  artifactKey: Guid(0edc278a8e11af448a16e2a2be00693a) Importer(2089858483,b0f066a214c2f5e87bad3c948f4d605d)
Start importing Assets/Import/Lahmadju/ImportedModels/Space_Music!/Space_Music!.prefab using Guid(0edc278a8e11af448a16e2a2be00693a) Importer(2089858483,b0f066a214c2f5e87bad3c948f4d605d) (ScriptedImporter) -> (artifact id: '5f6647fa3ac81d43777e2e5b29bf76a9') in 0.055601 seconds
Number of updated asset objects reloaded before import = 0Number of asset objects unloaded after import = 111

========================================================================
Received Import Request.
  Time since last request: 0.000031 seconds.
  path: Assets/Import/Lahmadju/Imported Models/_Barking_Dog/3D Free Modular Kit/_Meshes/Materials/Neon_01.mat
  artifactKey: Guid(91a1b05a08a334950a599b252610e8cf) Importer(2089858483,b0f066a214c2f5e87bad3c948f4d605d)
Start importing Assets/Import/Lahmadju/Imported Models/_Barking_Dog/3D Free Modular Kit/_Meshes/Materials/Neon_01.mat using Guid(91a1b05a08a334950a599b252610e8cf) Importer(2089858483,b0f066a214c2f5e87bad3c948f4d605d) (ScriptedImporter) -> (artifact id: 'f85f75ce6517cf772434eef9240ae73f') in 0.01624 seconds
Number of updated asset objects reloaded before import = 0Number of asset objects unloaded after import = 2

========================================================================
Received Import Request.
  Time since last request: 0.000046 seconds.
  path: Assets/Import/Lahmadju/ImportedModels/Spacecraft_Control_Terminal_Console_ORANGE/textures/term_1001_metallicRoughness_13_occlusion.png
  artifactKey: Guid(13099d5a1afe775488ea0b6969415cf0) Importer(2089858483,b0f066a214c2f5e87bad3c948f4d605d)
Start importing Assets/Import/Lahmadju/ImportedModels/Spacecraft_Control_Terminal_Console_ORANGE/textures/term_1001_metallicRoughness_13_occlusion.png using Guid(13099d5a1afe775488ea0b6969415cf0) Importer(2089858483,b0f066a214c2f5e87bad3c948f4d605d) (ScriptedImporter) -> (artifact id: '1fe89d5b1aff6393494f8c4605afe9c1') in 0.0313851 seconds
Number of updated asset objects reloaded before import = 0Number of asset objects unloaded after import = 1

========================================================================
Received Import Request.
  Time since last request: 0.000029 seconds.
  path: Assets/Import/Lahmadju/ImportedModels/Spacecraft_Control_Terminal_Console_ORANGE/textures/L_1001_metallicRoughness_231_metal.png
  artifactKey: Guid(363ff59a504f2334f9c8b1186240f1e2) Importer(2089858483,b0f066a214c2f5e87bad3c948f4d605d)
Start importing Assets/Import/Lahmadju/ImportedModels/Spacecraft_Control_Terminal_Console_ORANGE/textures/L_1001_metallicRoughness_231_metal.png using Guid(363ff59a504f2334f9c8b1186240f1e2) Importer(2089858483,b0f066a214c2f5e87bad3c948f4d605d) (ScriptedImporter) -> (artifact id: 'f36c46823c7c5da2a8147a7a8b240fef') in 0.0327078 seconds
Number of updated asset objects reloaded before import = 0Number of asset objects unloaded after import = 1

========================================================================
Received Import Request.
  Time since last request: 0.000026 seconds.
  path: Assets/Import/Lahmadju/ImportedModels/Spacecraft_Control_Terminal_Console_ORANGE/textures/F8_1001_baseColor_89.png
  artifactKey: Guid(e2f9a19af0351024e868e1ad3bc6fc26) Importer(2089858483,b0f066a214c2f5e87bad3c948f4d605d)
Start importing Assets/Import/Lahmadju/ImportedModels/Spacecraft_Control_Terminal_Console_ORANGE/textures/F8_1001_baseColor_89.png using Guid(e2f9a19af0351024e868e1ad3bc6fc26) Importer(2089858483,b0f066a214c2f5e87bad3c948f4d605d) (ScriptedImporter) -> (artifact id: '89b12b2be3e180af14b78182f307ba3d') in 0.0292574 seconds
Number of updated asset objects reloaded before import = 0Number of asset objects unloaded after import = 1

========================================================================
Received Import Request.
  Time since last request: 0.000046 seconds.
  path: Assets/Import/Lahmadju/ImportedModels/Spacecraft_Control_Terminal_Console_ORANGE/textures/Delete_1001_baseColor_101.png
  artifactKey: Guid(1653e54a025847643bf39a180e7a3a85) Importer(2089858483,b0f066a214c2f5e87bad3c948f4d605d)
Start importing Assets/Import/Lahmadju/ImportedModels/Spacecraft_Control_Terminal_Console_ORANGE/textures/Delete_1001_baseColor_101.png using Guid(1653e54a025847643bf39a180e7a3a85) Importer(2089858483,b0f066a214c2f5e87bad3c948f4d605d) (ScriptedImporter) -> (artifact id: '92fa4937f62b5bdbc1548e5ab98b8340') in 0.032306 seconds
Number of updated asset objects reloaded before import = 0Number of asset objects unloaded after import = 1

========================================================================
Received Import Request.
  Time since last request: 0.000027 seconds.
  path: Assets/Import/Lahmadju/ImportedModels/Spaceship_(EZNO)/textures/Spaceship_1_baseColor_0.png
  artifactKey: Guid(751052c3da2e594469e00bc3c3218785) Importer(2089858483,b0f066a214c2f5e87bad3c948f4d605d)
Start importing Assets/Import/Lahmadju/ImportedModels/Spaceship_(EZNO)/textures/Spaceship_1_baseColor_0.png using Guid(751052c3da2e594469e00bc3c3218785) Importer(2089858483,b0f066a214c2f5e87bad3c948f4d605d) (ScriptedImporter) -> (artifact id: '7a7226cdb664ba7ef5df4853d7131cd7') in 0.0379044 seconds
Number of updated asset objects reloaded before import = 0Number of asset objects unloaded after import = 1

========================================================================
Received Import Request.
  Time since last request: 0.000029 seconds.
  path: Assets/Import/Lahmadju/ImportedModels/Sci-Fi_Personal_Space_Pod_Ship(weekly_challenge)/meshes/defaultMaterial_1_0.asset
  artifactKey: Guid(e35660c4c493ba141bbe58051e05687b) Importer(2089858483,b0f066a214c2f5e87bad3c948f4d605d)
Start importing Assets/Import/Lahmadju/ImportedModels/Sci-Fi_Personal_Space_Pod_Ship(weekly_challenge)/meshes/defaultMaterial_1_0.asset using Guid(e35660c4c493ba141bbe58051e05687b) Importer(2089858483,b0f066a214c2f5e87bad3c948f4d605d) (ScriptedImporter) -> (artifact id: 'cd07dc87313c3044500e84f09ba93de3') in 0.0465056 seconds
Number of updated asset objects reloaded before import = 0Number of asset objects unloaded after import = 1

========================================================================
Received Import Request.
  Time since last request: 0.000036 seconds.
  path: Assets/Import/Lahmadju/ImportedModels/Space_Music!/materials/main_0.mat
  artifactKey: Guid(e21413ca405930d478881ec6a7d6d3bf) Importer(2089858483,b0f066a214c2f5e87bad3c948f4d605d)
Start importing Assets/Import/Lahmadju/ImportedModels/Space_Music!/materials/main_0.mat using Guid(e21413ca405930d478881ec6a7d6d3bf) Importer(2089858483,b0f066a214c2f5e87bad3c948f4d605d) (ScriptedImporter) -> (artifact id: 'f5a35ab659bbad39dd4a0f081213d985') in 0.018925 seconds
Number of updated asset objects reloaded before import = 0Number of asset objects unloaded after import = 3

========================================================================
Received Import Request.
  Time since last request: 0.000029 seconds.
  path: Assets/Import/Lahmadju/ImportedModels/Space_Music!/materials/metal_1.mat
  artifactKey: Guid(378d13ea5dd05644ebb104b6e3b20b3a) Importer(2089858483,b0f066a214c2f5e87bad3c948f4d605d)
Start importing Assets/Import/Lahmadju/ImportedModels/Space_Music!/materials/metal_1.mat using Guid(378d13ea5dd05644ebb104b6e3b20b3a) Importer(2089858483,b0f066a214c2f5e87bad3c948f4d605d) (ScriptedImporter) -> (artifact id: 'e60c7787c30ac2ed29e05e79a6fc6bae') in 0.0144622 seconds
Number of updated asset objects reloaded before import = 0Number of asset objects unloaded after import = 3

========================================================================
Received Import Request.
  Time since last request: 0.000043 seconds.
  path: Assets/Import/Lahmadju/ImportedModels/Free_Sci_Fi_Helmet/meshes/Object_4_4_0.asset
  artifactKey: Guid(589803eab0adc2c488390ceb19337eb7) Importer(2089858483,b0f066a214c2f5e87bad3c948f4d605d)
Start importing Assets/Import/Lahmadju/ImportedModels/Free_Sci_Fi_Helmet/meshes/Object_4_4_0.asset using Guid(589803eab0adc2c488390ceb19337eb7) Importer(2089858483,b0f066a214c2f5e87bad3c948f4d605d) (ScriptedImporter) -> (artifact id: '6d6fc0ee7b1064fa41cf0501f54531e5') in 0.0155368 seconds
Number of updated asset objects reloaded before import = 0Number of asset objects unloaded after import = 1

========================================================================
Received Import Request.
  Time since last request: 0.000033 seconds.
  path: Assets/Import/Lahmadju/Prefabs/DODONPA/Sci-Fi_Space_Station__Rotor_Nexus/meshes/SupportStructure_Beam1_SpaceStation_Parts_0_0_0.asset
  artifactKey: Guid(1ddab1cacdc4c6f47bfde0dd2f10e5f8) Importer(2089858483,b0f066a214c2f5e87bad3c948f4d605d)
Start importing Assets/Import/Lahmadju/Prefabs/DODONPA/Sci-Fi_Space_Station__Rotor_Nexus/meshes/SupportStructure_Beam1_SpaceStation_Parts_0_0_0.asset using Guid(1ddab1cacdc4c6f47bfde0dd2f10e5f8) Importer(2089858483,b0f066a214c2f5e87bad3c948f4d605d) (ScriptedImporter) -> (artifact id: '2ba96dae66f80da63be0048d23a64ed0') in 0.0107392 seconds
Number of updated asset objects reloaded before import = 0Number of asset objects unloaded after import = 1

========================================================================
Received Import Request.
  Time since last request: 0.000023 seconds.
  path: Assets/Import/Lahmadju/Prefabs/DODONPA/Sci-Fi_Space_Station__Rotor_Nexus/meshes/SpaceStationParts_1_SpaceStation_Parts_0_8_0.asset
  artifactKey: Guid(e1f777da84c9906479262cf75f3627a8) Importer(2089858483,b0f066a214c2f5e87bad3c948f4d605d)
Start importing Assets/Import/Lahmadju/Prefabs/DODONPA/Sci-Fi_Space_Station__Rotor_Nexus/meshes/SpaceStationParts_1_SpaceStation_Parts_0_8_0.asset using Guid(e1f777da84c9906479262cf75f3627a8) Importer(2089858483,b0f066a214c2f5e87bad3c948f4d605d) (ScriptedImporter) -> (artifact id: 'f085d8a0400cc2f248d64390cebd639b') in 0.0297204 seconds
Number of updated asset objects reloaded before import = 0Number of asset objects unloaded after import = 1

========================================================================
Received Import Request.
  Time since last request: 0.000021 seconds.
  path: Assets/Import/Lahmadju/ImportedModels/Spacecraft_Control_Terminal_Console_ORANGE/textures/W_1001_metallicRoughness_138_occlusion.png
  artifactKey: Guid(9b9607869807cb646b0a8aa12bd43ff5) Importer(2089858483,b0f066a214c2f5e87bad3c948f4d605d)
Start importing Assets/Import/Lahmadju/ImportedModels/Spacecraft_Control_Terminal_Console_ORANGE/textures/W_1001_metallicRoughness_138_occlusion.png using Guid(9b9607869807cb646b0a8aa12bd43ff5) Importer(2089858483,b0f066a214c2f5e87bad3c948f4d605d) (ScriptedImporter) -> (artifact id: '7df50eb388eebb65473cad978424df8b') in 0.0278428 seconds
Number of updated asset objects reloaded before import = 0Number of asset objects unloaded after import = 1

========================================================================
Received Import Request.
  Time since last request: 0.000027 seconds.
  path: Assets/Import/Lahmadju/ImportedModels/Spacecraft_Control_Terminal_Console_ORANGE/textures/5_1001_baseColor_110.png
  artifactKey: Guid(fc54bd0bc089bac4fadccd0b08036305) Importer(2089858483,b0f066a214c2f5e87bad3c948f4d605d)
Start importing Assets/Import/Lahmadju/ImportedModels/Spacecraft_Control_Terminal_Console_ORANGE/textures/5_1001_baseColor_110.png using Guid(fc54bd0bc089bac4fadccd0b08036305) Importer(2089858483,b0f066a214c2f5e87bad3c948f4d605d) (ScriptedImporter) -> (artifact id: '256df6e303d0bcf893ce3a244020c614') in 0.024677 seconds
Number of updated asset objects reloaded before import = 0Number of asset objects unloaded after import = 1

========================================================================
Received Import Request.
  Time since last request: 0.000035 seconds.
  path: Assets/Import/Lahmadju/Prefabs/DODONPA/Sci-Fi_Space_Station__Rotor_Nexus/meshes/SurfaceBraces_Long4_1_SpaceStation_Parts_0_16_0.asset
  artifactKey: Guid(53ce500b34bd8f049a4a41d1707562ab) Importer(2089858483,b0f066a214c2f5e87bad3c948f4d605d)
Start importing Assets/Import/Lahmadju/Prefabs/DODONPA/Sci-Fi_Space_Station__Rotor_Nexus/meshes/SurfaceBraces_Long4_1_SpaceStation_Parts_0_16_0.asset using Guid(53ce500b34bd8f049a4a41d1707562ab) Importer(2089858483,b0f066a214c2f5e87bad3c948f4d605d) (ScriptedImporter) -> (artifact id: 'da9372fc1ad7cf91e4f5d2e1d11a48da') in 0.0109222 seconds
Number of updated asset objects reloaded before import = 0Number of asset objects unloaded after import = 1

========================================================================
Received Import Request.
  Time since last request: 0.000023 seconds.
  path: Assets/Import/Lahmadju/ImportedModels/Spacecraft_Control_Terminal_Console_ORANGE/textures/Material.044_1001_baseColor_164.png
  artifactKey: Guid(e3518a2bdabce4a4eaa10291abc97556) Importer(2089858483,b0f066a214c2f5e87bad3c948f4d605d)
Start importing Assets/Import/Lahmadju/ImportedModels/Spacecraft_Control_Terminal_Console_ORANGE/textures/Material.044_1001_baseColor_164.png using Guid(e3518a2bdabce4a4eaa10291abc97556) Importer(2089858483,b0f066a214c2f5e87bad3c948f4d605d) (ScriptedImporter) -> (artifact id: '73b187bffa860b87df6b0dd4aab11610') in 0.0252259 seconds
Number of updated asset objects reloaded before import = 0Number of asset objects unloaded after import = 1

========================================================================
Received Import Request.
  Time since last request: 0.000023 seconds.
  path: Assets/Import/Lahmadju/ImportedModels/Spacecraft_Control_Terminal_Console_ORANGE/textures/Material.015_1001_normal_73.png
  artifactKey: Guid(385e9607deaa6714a967bbae278006a4) Importer(2089858483,b0f066a214c2f5e87bad3c948f4d605d)
Start importing Assets/Import/Lahmadju/ImportedModels/Spacecraft_Control_Terminal_Console_ORANGE/textures/Material.015_1001_normal_73.png using Guid(385e9607deaa6714a967bbae278006a4) Importer(2089858483,b0f066a214c2f5e87bad3c948f4d605d) (ScriptedImporter) -> (artifact id: '1b74f0fb50e51e3b582542f0551d1572') in 0.0308195 seconds
Number of updated asset objects reloaded before import = 0Number of asset objects unloaded after import = 1

========================================================================
Received Import Request.
  Time since last request: 0.000031 seconds.
  path: Assets/Import/Lahmadju/ImportedModels/Sci-fi_Single_Chair/materials/sci-fi_chair_3_base_0.mat
  artifactKey: Guid(bd979475e41c1944593c05d1d245b9ce) Importer(2089858483,b0f066a214c2f5e87bad3c948f4d605d)
Start importing Assets/Import/Lahmadju/ImportedModels/Sci-fi_Single_Chair/materials/sci-fi_chair_3_base_0.mat using Guid(bd979475e41c1944593c05d1d245b9ce) Importer(2089858483,b0f066a214c2f5e87bad3c948f4d605d) (ScriptedImporter) -> (artifact id: '76b2e38f4ccdf088779d2333d5b56cb3') in 0.0373407 seconds
Number of updated asset objects reloaded before import = 0Number of asset objects unloaded after import = 6

========================================================================
Received Import Request.
  Time since last request: 0.000034 seconds.
  path: Assets/Import/Lahmadju/ImportedModels/Sci-Fi_Table/materials/Table_Holder_3.mat
  artifactKey: Guid(ddee0c94b4a8cb9479cd5a20ea4c4b2e) Importer(2089858483,b0f066a214c2f5e87bad3c948f4d605d)
Start importing Assets/Import/Lahmadju/ImportedModels/Sci-Fi_Table/materials/Table_Holder_3.mat using Guid(ddee0c94b4a8cb9479cd5a20ea4c4b2e) Importer(2089858483,b0f066a214c2f5e87bad3c948f4d605d) (ScriptedImporter) -> (artifact id: '742d979d5df22b1c409f9f7b47565c57') in 0.0120932 seconds
Number of updated asset objects reloaded before import = 0Number of asset objects unloaded after import = 2

========================================================================
Received Import Request.
  Time since last request: 0.000026 seconds.
  path: Assets/Import/Lahmadju/AstarPathfindingProject/Editor/AILerpEditor.cs
  artifactKey: Guid(e9e1d37b65158413c85aad4706d94ff0) Importer(2089858483,b0f066a214c2f5e87bad3c948f4d605d)
Start importing Assets/Import/Lahmadju/AstarPathfindingProject/Editor/AILerpEditor.cs using Guid(e9e1d37b65158413c85aad4706d94ff0) Importer(2089858483,b0f066a214c2f5e87bad3c948f4d605d) (ScriptedImporter) -> (artifact id: '1c823a93f62820b2d68a19c8cac1e517') in 0.0095674 seconds
Number of updated asset objects reloaded before import = 0Number of asset objects unloaded after import = 0

========================================================================
Received Import Request.
  Time since last request: 0.000022 seconds.
  path: Assets/Import/Lahmadju/ImportedModels/Arcade_Game_-_Space_Invaders/materials/CR_videogame_machine_1.mat
  artifactKey: Guid(5688084bc217c3443adc1df9d97ebc63) Importer(2089858483,b0f066a214c2f5e87bad3c948f4d605d)
Start importing Assets/Import/Lahmadju/ImportedModels/Arcade_Game_-_Space_Invaders/materials/CR_videogame_machine_1.mat using Guid(5688084bc217c3443adc1df9d97ebc63) Importer(2089858483,b0f066a214c2f5e87bad3c948f4d605d) (ScriptedImporter) -> (artifact id: 'da5ae314e5a85087d33127057096b218') in 0.0286975 seconds
Number of updated asset objects reloaded before import = 0Number of asset objects unloaded after import = 5

========================================================================
Received Import Request.
  Time since last request: 0.000034 seconds.
  path: Assets/Import/Lahmadju/AstarPathfindingProject/Core/Misc/ObjectPool.cs
  artifactKey: Guid(10837c5b030bd47a2a0e6e213fea0868) Importer(2089858483,b0f066a214c2f5e87bad3c948f4d605d)
Start importing Assets/Import/Lahmadju/AstarPathfindingProject/Core/Misc/ObjectPool.cs using Guid(10837c5b030bd47a2a0e6e213fea0868) Importer(2089858483,b0f066a214c2f5e87bad3c948f4d605d) (ScriptedImporter) -> (artifact id: '7b6de2768363e21de3d7c3b55e9be2eb') in 0.0094363 seconds
Number of updated asset objects reloaded before import = 0Number of asset objects unloaded after import = 0

========================================================================
Received Import Request.
  Time since last request: 0.000044 seconds.
  path: Assets/Import/Lahmadju/AstarPathfindingProject/Utilities/AstarChecksum.cs
  artifactKey: Guid(8959628b7b47f4ccca91bcfa87d9f77e) Importer(2089858483,b0f066a214c2f5e87bad3c948f4d605d)
Start importing Assets/Import/Lahmadju/AstarPathfindingProject/Utilities/AstarChecksum.cs using Guid(8959628b7b47f4ccca91bcfa87d9f77e) Importer(2089858483,b0f066a214c2f5e87bad3c948f4d605d) (ScriptedImporter) -> (artifact id: '6291419c537ce19afb6bda6a0b26c04d') in 0.0081776 seconds
Number of updated asset objects reloaded before import = 0Number of asset objects unloaded after import = 0

========================================================================
Received Import Request.
  Time since last request: 0.000035 seconds.
  path: Assets/Import/Lahmadju/Imported Models/_Barking_Dog/3D Free Modular Kit/_Textures/Metal_01.tif
  artifactKey: Guid(1d3de45b986d240139bd085299915265) Importer(2089858483,b0f066a214c2f5e87bad3c948f4d605d)
Start importing Assets/Import/Lahmadju/Imported Models/_Barking_Dog/3D Free Modular Kit/_Textures/Metal_01.tif using Guid(1d3de45b986d240139bd085299915265) Importer(2089858483,b0f066a214c2f5e87bad3c948f4d605d) (ScriptedImporter) -> (artifact id: '8442ecb4807e012da1e435fb4f358d07') in 0.0340098 seconds
Number of updated asset objects reloaded before import = 0Number of asset objects unloaded after import = 1

========================================================================
Received Import Request.
  Time since last request: 0.000034 seconds.
  path: Assets/Import/Lahmadju/Animations/Bottom Attack.anim
  artifactKey: Guid(928ec547ffab66349bbd1ec1ba44d0b6) Importer(2089858483,b0f066a214c2f5e87bad3c948f4d605d)
Start importing Assets/Import/Lahmadju/Animations/Bottom Attack.anim using Guid(928ec547ffab66349bbd1ec1ba44d0b6) Importer(2089858483,b0f066a214c2f5e87bad3c948f4d605d) (ScriptedImporter) -> (artifact id: '85f2c9f83d28823228e8c0cf93de9b31') in 0.0866274 seconds
Number of updated asset objects reloaded before import = 0Number of asset objects unloaded after import = 1

========================================================================
Received Import Request.
  Time since last request: 0.000038 seconds.
  path: Assets/Import/Lahmadju/AstarPathfindingProject/Core/Serialization/JsonConverters.cs
  artifactKey: Guid(e736879b230a341c59bfcaed0bec3ac3) Importer(2089858483,b0f066a214c2f5e87bad3c948f4d605d)
Start importing Assets/Import/Lahmadju/AstarPathfindingProject/Core/Serialization/JsonConverters.cs using Guid(e736879b230a341c59bfcaed0bec3ac3) Importer(2089858483,b0f066a214c2f5e87bad3c948f4d605d) (ScriptedImporter) -> (artifact id: 'a700055c92f6c0196f269629535bc422') in 0.0093717 seconds
Number of updated asset objects reloaded before import = 0Number of asset objects unloaded after import = 0

========================================================================
Received Import Request.
  Time since last request: 0.000033 seconds.
  path: Assets/Import/Lahmadju/ImportedModels/Spacecraft_Control_Terminal_Console_ORANGE/textures/B_1001_metallicRoughness_210_occlusion.png
  artifactKey: Guid(06c1489bbc479bc4097d2ca0197684b8) Importer(2089858483,b0f066a214c2f5e87bad3c948f4d605d)
Start importing Assets/Import/Lahmadju/ImportedModels/Spacecraft_Control_Terminal_Console_ORANGE/textures/B_1001_metallicRoughness_210_occlusion.png using Guid(06c1489bbc479bc4097d2ca0197684b8) Importer(2089858483,b0f066a214c2f5e87bad3c948f4d605d) (ScriptedImporter) -> (artifact id: '34e943b80145f85b76f0b7bd149100cb') in 0.0253757 seconds
Number of updated asset objects reloaded before import = 0Number of asset objects unloaded after import = 1

========================================================================
Received Import Request.
  Time since last request: 0.000025 seconds.
  path: Assets/Import/Lahmadju/ImportedModels/Spacecraft_Control_Terminal_Console_ORANGE/textures/Bacspace_1001_baseColor_134.png
  artifactKey: Guid(22016d9b1a01a5c4fb5183f8e985ab87) Importer(2089858483,b0f066a214c2f5e87bad3c948f4d605d)
Start importing Assets/Import/Lahmadju/ImportedModels/Spacecraft_Control_Terminal_Console_ORANGE/textures/Bacspace_1001_baseColor_134.png using Guid(22016d9b1a01a5c4fb5183f8e985ab87) Importer(2089858483,b0f066a214c2f5e87bad3c948f4d605d) (ScriptedImporter) -> (artifact id: 'cce3e6562504a8bf21b81f35c8d0e752') in 0.0245078 seconds
Number of updated asset objects reloaded before import = 0Number of asset objects unloaded after import = 1

========================================================================
Received Import Request.
  Time since last request: 0.000026 seconds.
  path: Assets/Import/Lahmadju/Prefabs/DODONPA/Sci-Fi_Space_Station__Rotor_Nexus/meshes/SurfaceBraces_Short1_2_SpaceStation_Parts_0_9_0.asset
  artifactKey: Guid(ad1c04bb6840c734a8eef52e0f10087a) Importer(2089858483,b0f066a214c2f5e87bad3c948f4d605d)
Start importing Assets/Import/Lahmadju/Prefabs/DODONPA/Sci-Fi_Space_Station__Rotor_Nexus/meshes/SurfaceBraces_Short1_2_SpaceStation_Parts_0_9_0.asset using Guid(ad1c04bb6840c734a8eef52e0f10087a) Importer(2089858483,b0f066a214c2f5e87bad3c948f4d605d) (ScriptedImporter) -> (artifact id: 'a5f6952e0f6de66af7275f7faa3d0957') in 0.0102586 seconds
Number of updated asset objects reloaded before import = 0Number of asset objects unloaded after import = 1

========================================================================
Received Import Request.
  Time since last request: 0.000046 seconds.
  path: Assets/Import/Lahmadju/ImportedModels/Spacecraft_Control_Terminal_Console_ORANGE/textures/4_1001_normal_109.png
  artifactKey: Guid(beef45751681f9a4cbd3ebeb70272b45) Importer(2089858483,b0f066a214c2f5e87bad3c948f4d605d)
Start importing Assets/Import/Lahmadju/ImportedModels/Spacecraft_Control_Terminal_Console_ORANGE/textures/4_1001_normal_109.png using Guid(beef45751681f9a4cbd3ebeb70272b45) Importer(2089858483,b0f066a214c2f5e87bad3c948f4d605d) (ScriptedImporter) -> (artifact id: 'f18bde70c91b1e0558f88615b3f8382a') in 0.0309285 seconds
Number of updated asset objects reloaded before import = 0Number of asset objects unloaded after import = 1

========================================================================
Received Import Request.
  Time since last request: 0.000027 seconds.
  path: Assets/Import/Lahmadju/ImportedModels/Spacecraft_Control_Terminal_Console_ORANGE/textures/Material.012_1001_metallicRoughness_63_metal.png
  artifactKey: Guid(1e8256fb799db6b4f8038bca73bf83d6) Importer(2089858483,b0f066a214c2f5e87bad3c948f4d605d)
Start importing Assets/Import/Lahmadju/ImportedModels/Spacecraft_Control_Terminal_Console_ORANGE/textures/Material.012_1001_metallicRoughness_63_metal.png using Guid(1e8256fb799db6b4f8038bca73bf83d6) Importer(2089858483,b0f066a214c2f5e87bad3c948f4d605d) (ScriptedImporter) -> (artifact id: '4b8d283db21b2afcaa2bb5331d7b1465') in 0.0356326 seconds
Number of updated asset objects reloaded before import = 0Number of asset objects unloaded after import = 1

========================================================================
Received Import Request.
  Time since last request: 0.000024 seconds.
  path: Assets/Import/Lahmadju/ImportedModels/Sci-Fi_Sword/meshes/Object_3_3_0.asset
  artifactKey: Guid(881366ebb1d320f49806b4eafe22c721) Importer(2089858483,b0f066a214c2f5e87bad3c948f4d605d)
Start importing Assets/Import/Lahmadju/ImportedModels/Sci-Fi_Sword/meshes/Object_3_3_0.asset using Guid(881366ebb1d320f49806b4eafe22c721) Importer(2089858483,b0f066a214c2f5e87bad3c948f4d605d) (ScriptedImporter) -> (artifact id: '5d93c6ae9ebbea07e786802225a899c3') in 0.0146127 seconds
Number of updated asset objects reloaded before import = 0Number of asset objects unloaded after import = 1

========================================================================
Received Import Request.
  Time since last request: 0.000038 seconds.
  path: Assets/Import/Lahmadju/AstarPathfindingProject/ExampleScenes/ExampleScripts/DoorController.cs
  artifactKey: Guid(e96422fbb088f477baaf6f2ada396863) Importer(2089858483,b0f066a214c2f5e87bad3c948f4d605d)
Start importing Assets/Import/Lahmadju/AstarPathfindingProject/ExampleScenes/ExampleScripts/DoorController.cs using Guid(e96422fbb088f477baaf6f2ada396863) Importer(2089858483,b0f066a214c2f5e87bad3c948f4d605d) (ScriptedImporter) -> (artifact id: '092dc735ee33de0f8eded2dabbce3af1') in 0.0091298 seconds
Number of updated asset objects reloaded before import = 0Number of asset objects unloaded after import = 0

========================================================================
Received Import Request.
  Time since last request: 0.000025 seconds.
  path: Assets/Import/Lahmadju/ImportedModels/Spacecraft_Control_Terminal_Console_ORANGE/textures/F8_1001_metallicRoughness_90_metal.png
  artifactKey: Guid(fa9b761c13c7e51469780a36bb8f6162) Importer(2089858483,b0f066a214c2f5e87bad3c948f4d605d)
Start importing Assets/Import/Lahmadju/ImportedModels/Spacecraft_Control_Terminal_Console_ORANGE/textures/F8_1001_metallicRoughness_90_metal.png using Guid(fa9b761c13c7e51469780a36bb8f6162) Importer(2089858483,b0f066a214c2f5e87bad3c948f4d605d) (ScriptedImporter) -> (artifact id: '9646d189960e3d5f202c9a025d68f856') in 0.0278587 seconds
Number of updated asset objects reloaded before import = 0Number of asset objects unloaded after import = 1

========================================================================
Received Import Request.
  Time since last request: 0.000024 seconds.
  path: Assets/Import/Lahmadju/Imported Models/Ultimate 10 Plus Shaders/Materials/Textures/rock.png
  artifactKey: Guid(1d557bc533f5684438d25d03042b1025) Importer(2089858483,b0f066a214c2f5e87bad3c948f4d605d)
Start importing Assets/Import/Lahmadju/Imported Models/Ultimate 10 Plus Shaders/Materials/Textures/rock.png using Guid(1d557bc533f5684438d25d03042b1025) Importer(2089858483,b0f066a214c2f5e87bad3c948f4d605d) (ScriptedImporter) -> (artifact id: '9bc249d4dc3bdc8dd6f9d900eff1e9a9') in 0.0264586 seconds
Number of updated asset objects reloaded before import = 0Number of asset objects unloaded after import = 1

========================================================================
Received Import Request.
  Time since last request: 0.000028 seconds.
  path: Assets/Import/Lahmadju/Imported Models/_Barking_Dog/Common Scripts/MouseLook.cs
  artifactKey: Guid(419e976ce3354ca4895c43e78bbd4dec) Importer(2089858483,b0f066a214c2f5e87bad3c948f4d605d)
Start importing Assets/Import/Lahmadju/Imported Models/_Barking_Dog/Common Scripts/MouseLook.cs using Guid(419e976ce3354ca4895c43e78bbd4dec) Importer(2089858483,b0f066a214c2f5e87bad3c948f4d605d) (ScriptedImporter) -> (artifact id: 'c4198a27795412192993ce6016eb9cd4') in 0.0088998 seconds
Number of updated asset objects reloaded before import = 0Number of asset objects unloaded after import = 0

========================================================================
Received Import Request.
  Time since last request: 0.000035 seconds.
  path: Assets/Import/Lahmadju/ImportedModels/Spacecraft_Control_Terminal_Console_ORANGE/meshes/Object_78_78_0.asset
  artifactKey: Guid(4392636c8bf1ee44899cda87637e47a8) Importer(2089858483,b0f066a214c2f5e87bad3c948f4d605d)
Start importing Assets/Import/Lahmadju/ImportedModels/Spacecraft_Control_Terminal_Console_ORANGE/meshes/Object_78_78_0.asset using Guid(4392636c8bf1ee44899cda87637e47a8) Importer(2089858483,b0f066a214c2f5e87bad3c948f4d605d) (ScriptedImporter) -> (artifact id: '529ce5e6400ca91b2b140c1418cb7666') in 0.009973 seconds
Number of updated asset objects reloaded before import = 0Number of asset objects unloaded after import = 1

========================================================================
Received Import Request.
  Time since last request: 0.000025 seconds.
  path: Assets/Import/Lahmadju/AstarPathfindingProject/Generators/Utilities/ObjImporter.cs
  artifactKey: Guid(a4ed1c6c3af454395b428ad955994366) Importer(2089858483,b0f066a214c2f5e87bad3c948f4d605d)
Start importing Assets/Import/Lahmadju/AstarPathfindingProject/Generators/Utilities/ObjImporter.cs using Guid(a4ed1c6c3af454395b428ad955994366) Importer(2089858483,b0f066a214c2f5e87bad3c948f4d605d) (ScriptedImporter) -> (artifact id: '88e3baeece4dfccf93f67240f68c1409') in 0.0105945 seconds
Number of updated asset objects reloaded before import = 0Number of asset objects unloaded after import = 0

========================================================================
Received Import Request.
  Time since last request: 0.000025 seconds.
  path: Assets/Import/Lahmadju/ImportedModels/Spacecraft_Control_Terminal_Console_ORANGE/textures/T_1001_baseColor_152.png
  artifactKey: Guid(9c916a5cfa65d0644b177a629af6ee8a) Importer(2089858483,b0f066a214c2f5e87bad3c948f4d605d)
Start importing Assets/Import/Lahmadju/ImportedModels/Spacecraft_Control_Terminal_Console_ORANGE/textures/T_1001_baseColor_152.png using Guid(9c916a5cfa65d0644b177a629af6ee8a) Importer(2089858483,b0f066a214c2f5e87bad3c948f4d605d) (ScriptedImporter) -> (artifact id: '83d79c5d4d648871a535dc6dd0bc679b') in 0.0277763 seconds
Number of updated asset objects reloaded before import = 0Number of asset objects unloaded after import = 1

========================================================================
Received Import Request.
  Time since last request: 0.000036 seconds.
  path: Assets/Import/Lahmadju/ImportedModels/Spacecraft_Control_Terminal_Console_ORANGE/textures/1001_normal_34.png
  artifactKey: Guid(898e65665f5316f4d995b49f60b77812) Importer(2089858483,b0f066a214c2f5e87bad3c948f4d605d)
Start importing Assets/Import/Lahmadju/ImportedModels/Spacecraft_Control_Terminal_Console_ORANGE/textures/1001_normal_34.png using Guid(898e65665f5316f4d995b49f60b77812) Importer(2089858483,b0f066a214c2f5e87bad3c948f4d605d) (ScriptedImporter) -> (artifact id: 'c4ed8015091323108ea22788e4607dd3') in 0.0321621 seconds
Number of updated asset objects reloaded before import = 0Number of asset objects unloaded after import = 1

========================================================================
Received Import Request.
  Time since last request: 0.000035 seconds.
  path: Assets/Import/Lahmadju/ImportedModels/Spacecraft_Control_Terminal_Console_ORANGE/textures/Bok1_1001_1001_metallicRoughness_4_metal.png
  artifactKey: Guid(7a8328d51a1971745b5e8c507246d097) Importer(2089858483,b0f066a214c2f5e87bad3c948f4d605d)
Start importing Assets/Import/Lahmadju/ImportedModels/Spacecraft_Control_Terminal_Console_ORANGE/textures/Bok1_1001_1001_metallicRoughness_4_metal.png using Guid(7a8328d51a1971745b5e8c507246d097) Importer(2089858483,b0f066a214c2f5e87bad3c948f4d605d) (ScriptedImporter) -> (artifact id: '20bf9b6fc6d66a77363009a534635ec6') in 0.0306979 seconds
Number of updated asset objects reloaded before import = 0Number of asset objects unloaded after import = 1

========================================================================
Received Import Request.
  Time since last request: 0.000023 seconds.
  path: Assets/Import/Lahmadju/AstarPathfindingProject/TurnBased/BlockManager.cs
  artifactKey: Guid(df8c077ca577944689559bb9e97f9576) Importer(2089858483,b0f066a214c2f5e87bad3c948f4d605d)
Start importing Assets/Import/Lahmadju/AstarPathfindingProject/TurnBased/BlockManager.cs using Guid(df8c077ca577944689559bb9e97f9576) Importer(2089858483,b0f066a214c2f5e87bad3c948f4d605d) (ScriptedImporter) -> (artifact id: '1836b3be13dc6601b80171746abda2c1') in 0.0152282 seconds
Number of updated asset objects reloaded before import = 0Number of asset objects unloaded after import = 0

========================================================================
Received Import Request.
  Time since last request: 0.000031 seconds.
  path: Assets/Import/Lahmadju/AstarPathfindingProject/Utilities/ProfileHelper.cs
  artifactKey: Guid(8ec9029c797ec471fa8b5640e1829fc0) Importer(2089858483,b0f066a214c2f5e87bad3c948f4d605d)
Start importing Assets/Import/Lahmadju/AstarPathfindingProject/Utilities/ProfileHelper.cs using Guid(8ec9029c797ec471fa8b5640e1829fc0) Importer(2089858483,b0f066a214c2f5e87bad3c948f4d605d) (ScriptedImporter) -> (artifact id: '10af639d0e862ed882826faaed680ab4') in 0.0102482 seconds
Number of updated asset objects reloaded before import = 0Number of asset objects unloaded after import = 0

========================================================================
Received Import Request.
  Time since last request: 0.000039 seconds.
  path: Assets/Import/Lahmadju/ImportedModels/Arcade_Game_-_Space_Invaders/textures/CR_videogamedesign2_baseColor_7.png
  artifactKey: Guid(86b9d49ce873f1246863a8cdb4abd322) Importer(2089858483,b0f066a214c2f5e87bad3c948f4d605d)
Start importing Assets/Import/Lahmadju/ImportedModels/Arcade_Game_-_Space_Invaders/textures/CR_videogamedesign2_baseColor_7.png using Guid(86b9d49ce873f1246863a8cdb4abd322) Importer(2089858483,b0f066a214c2f5e87bad3c948f4d605d) (ScriptedImporter) -> (artifact id: '3a460e74ddee4cce9d1bceee256e651c') in 0.0316411 seconds
Number of updated asset objects reloaded before import = 0Number of asset objects unloaded after import = 1

========================================================================
Received Import Request.
  Time since last request: 0.000025 seconds.
  path: Assets/Import/Lahmadju/ImportedModels/Spacecraft_Control_Terminal_Console_ORANGE/textures/3_1001_metallicRoughness_105_occlusion.png
  artifactKey: Guid(34e8c2cc432e68847b2d5cd131092445) Importer(2089858483,b0f066a214c2f5e87bad3c948f4d605d)
Start importing Assets/Import/Lahmadju/ImportedModels/Spacecraft_Control_Terminal_Console_ORANGE/textures/3_1001_metallicRoughness_105_occlusion.png using Guid(34e8c2cc432e68847b2d5cd131092445) Importer(2089858483,b0f066a214c2f5e87bad3c948f4d605d) (ScriptedImporter) -> (artifact id: 'b30506036831fed139f6fef4c71f65be') in 0.031411 seconds
Number of updated asset objects reloaded before import = 0Number of asset objects unloaded after import = 1

========================================================================
Received Import Request.
  Time since last request: 0.000029 seconds.
  path: Assets/Import/Lahmadju/ImportedModels/Space_container_-_Mars_mission/meshes/MarsBox_around_caps_low_UV_0_2_0.asset
  artifactKey: Guid(83dc6e9c733567047b84911c0d1dce23) Importer(2089858483,b0f066a214c2f5e87bad3c948f4d605d)
Start importing Assets/Import/Lahmadju/ImportedModels/Space_container_-_Mars_mission/meshes/MarsBox_around_caps_low_UV_0_2_0.asset using Guid(83dc6e9c733567047b84911c0d1dce23) Importer(2089858483,b0f066a214c2f5e87bad3c948f4d605d) (ScriptedImporter) -> (artifact id: 'f0fbedf54262a8561326cfb71e543ae7') in 0.0122577 seconds
Number of updated asset objects reloaded before import = 0Number of asset objects unloaded after import = 1

========================================================================
Received Import Request.
  Time since last request: 0.000039 seconds.
  path: Assets/Import/Lahmadju/ImportedModels/Spacecraft_Control_Terminal_Console_ORANGE/materials/tab_1001_11.mat
  artifactKey: Guid(73b617cc045f50e4caf816ae098e2391) Importer(2089858483,b0f066a214c2f5e87bad3c948f4d605d)
Start importing Assets/Import/Lahmadju/ImportedModels/Spacecraft_Control_Terminal_Console_ORANGE/materials/tab_1001_11.mat using Guid(73b617cc045f50e4caf816ae098e2391) Importer(2089858483,b0f066a214c2f5e87bad3c948f4d605d) (ScriptedImporter) -> (artifact id: '2f700d7d16c9fea10dba76087695e81a') in 0.0207071 seconds
Number of updated asset objects reloaded before import = 0Number of asset objects unloaded after import = 6

========================================================================
Received Import Request.
  Time since last request: 0.000034 seconds.
  path: Assets/Import/Lahmadju/ImportedModels/Spacecraft_Control_Terminal_Console_ORANGE/textures/I_1001_metallicRoughness_162_occlusion.png
  artifactKey: Guid(bcda3cecc95909d4bb03d063f1a89faf) Importer(2089858483,b0f066a214c2f5e87bad3c948f4d605d)
Start importing Assets/Import/Lahmadju/ImportedModels/Spacecraft_Control_Terminal_Console_ORANGE/textures/I_1001_metallicRoughness_162_occlusion.png using Guid(bcda3cecc95909d4bb03d063f1a89faf) Importer(2089858483,b0f066a214c2f5e87bad3c948f4d605d) (ScriptedImporter) -> (artifact id: '7f1b79bc03b16bec961ca620c51ed19c') in 0.0288935 seconds
Number of updated asset objects reloaded before import = 0Number of asset objects unloaded after import = 1

========================================================================
Received Import Request.
  Time since last request: 0.000032 seconds.
  path: Assets/Import/Lahmadju/AstarPathfindingProject/Editor/AstarUpdateWindow.cs
  artifactKey: Guid(97d8d5fc46a644f22b0d66c6ee18e753) Importer(2089858483,b0f066a214c2f5e87bad3c948f4d605d)
Start importing Assets/Import/Lahmadju/AstarPathfindingProject/Editor/AstarUpdateWindow.cs using Guid(97d8d5fc46a644f22b0d66c6ee18e753) Importer(2089858483,b0f066a214c2f5e87bad3c948f4d605d) (ScriptedImporter) -> (artifact id: '0c34eda67b650d91e5c182a3655623c8') in 0.0090849 seconds
Number of updated asset objects reloaded before import = 0Number of asset objects unloaded after import = 0

========================================================================
Received Import Request.
  Time since last request: 0.000042 seconds.
  path: Assets/Import/Lahmadju/ImportedModels/Spacecraft_Control_Terminal_Console_ORANGE/textures/5_1001_normal_112.png
  artifactKey: Guid(3fdc341df56d6ef45a5e314a450771e3) Importer(2089858483,b0f066a214c2f5e87bad3c948f4d605d)
Start importing Assets/Import/Lahmadju/ImportedModels/Spacecraft_Control_Terminal_Console_ORANGE/textures/5_1001_normal_112.png using Guid(3fdc341df56d6ef45a5e314a450771e3) Importer(2089858483,b0f066a214c2f5e87bad3c948f4d605d) (ScriptedImporter) -> (artifact id: '5bb1b353da5d92cb8bbd6d9b5bb97f17') in 0.0266025 seconds
Number of updated asset objects reloaded before import = 0Number of asset objects unloaded after import = 1

========================================================================
Received Import Request.
  Time since last request: 0.000025 seconds.
  path: Assets/Import/Lahmadju/ImportedModels/Spacecraft_Control_Terminal_Console_ORANGE/materials/W_1001_45.mat
  artifactKey: Guid(5dec858a756396a44b036a0ec6060772) Importer(2089858483,b0f066a214c2f5e87bad3c948f4d605d)
Start importing Assets/Import/Lahmadju/ImportedModels/Spacecraft_Control_Terminal_Console_ORANGE/materials/W_1001_45.mat using Guid(5dec858a756396a44b036a0ec6060772) Importer(2089858483,b0f066a214c2f5e87bad3c948f4d605d) (ScriptedImporter) -> (artifact id: '4561001aed4f7820e3f6c7ececf3d7e3') in 0.018136 seconds
Number of updated asset objects reloaded before import = 0Number of asset objects unloaded after import = 6

========================================================================
Received Import Request.
  Time since last request: 0.000026 seconds.
  path: Assets/Import/Lahmadju/ImportedModels/Spacecraft_Control_Terminal_Console_ORANGE/meshes/Object_35_35_0.asset
  artifactKey: Guid(d5b1eff549acf6941a4650cbf74fa3c8) Importer(2089858483,b0f066a214c2f5e87bad3c948f4d605d)
Start importing Assets/Import/Lahmadju/ImportedModels/Spacecraft_Control_Terminal_Console_ORANGE/meshes/Object_35_35_0.asset using Guid(d5b1eff549acf6941a4650cbf74fa3c8) Importer(2089858483,b0f066a214c2f5e87bad3c948f4d605d) (ScriptedImporter) -> (artifact id: 'a36251799eba2f3d566aef0165b59ac1') in 0.0105095 seconds
Number of updated asset objects reloaded before import = 0Number of asset objects unloaded after import = 1

========================================================================
Received Import Request.
  Time since last request: 0.000027 seconds.
  path: Assets/Import/Lahmadju/AstarPathfindingProject/Core/Misc/WorkItemProcessor.cs
  artifactKey: Guid(4236764d0fc1041abaac13b858be5118) Importer(2089858483,b0f066a214c2f5e87bad3c948f4d605d)
Start importing Assets/Import/Lahmadju/AstarPathfindingProject/Core/Misc/WorkItemProcessor.cs using Guid(4236764d0fc1041abaac13b858be5118) Importer(2089858483,b0f066a214c2f5e87bad3c948f4d605d) (ScriptedImporter) -> (artifact id: '115ddb6ed01b905c9683a1408033c407') in 0.0080382 seconds
Number of updated asset objects reloaded before import = 0Number of asset objects unloaded after import = 0

========================================================================
Received Import Request.
  Time since last request: 0.000036 seconds.
  path: Assets/Import/Lahmadju/AstarPathfindingProject/Legacy/Editor/LegacyEditorHelper.cs
  artifactKey: Guid(f97cec2d4f06c4d0eb0068c24cb47ca1) Importer(2089858483,b0f066a214c2f5e87bad3c948f4d605d)
Start importing Assets/Import/Lahmadju/AstarPathfindingProject/Legacy/Editor/LegacyEditorHelper.cs using Guid(f97cec2d4f06c4d0eb0068c24cb47ca1) Importer(2089858483,b0f066a214c2f5e87bad3c948f4d605d) (ScriptedImporter) -> (artifact id: 'a6eb9e8148faad4ba87764720484a4d8') in 0.0091689 seconds
Number of updated asset objects reloaded before import = 0Number of asset objects unloaded after import = 0

========================================================================
Received Import Request.
  Time since last request: 0.000023 seconds.
  path: Assets/Import/Lahmadju/ImportedModels/Spacecraft_Control_Terminal_Console_ORANGE/meshes/Object_65_65_0.asset
  artifactKey: Guid(3f263a5d77becd346a7a9343ce7616e9) Importer(2089858483,b0f066a214c2f5e87bad3c948f4d605d)
Start importing Assets/Import/Lahmadju/ImportedModels/Spacecraft_Control_Terminal_Console_ORANGE/meshes/Object_65_65_0.asset using Guid(3f263a5d77becd346a7a9343ce7616e9) Importer(2089858483,b0f066a214c2f5e87bad3c948f4d605d) (ScriptedImporter) -> (artifact id: 'ea963351c13ec4dfb8c749ef3f51b047') in 0.0134112 seconds
Number of updated asset objects reloaded before import = 0Number of asset objects unloaded after import = 1

========================================================================
Received Import Request.
  Time since last request: 0.000018 seconds.
  path: Assets/Import/Lahmadju/ImportedModels/Lava_planet/materials/planet_0.mat
  artifactKey: Guid(3cbed85d1cde80b4f97ed9a399900451) Importer(2089858483,b0f066a214c2f5e87bad3c948f4d605d)
Start importing Assets/Import/Lahmadju/ImportedModels/Lava_planet/materials/planet_0.mat using Guid(3cbed85d1cde80b4f97ed9a399900451) Importer(2089858483,b0f066a214c2f5e87bad3c948f4d605d) (ScriptedImporter) -> (artifact id: 'fa96765cd5ea969ae8da75825fd9fc5b') in 0.0228697 seconds
Number of updated asset objects reloaded before import = 0Number of asset objects unloaded after import = 5

========================================================================
Received Import Request.
  Time since last request: 0.000027 seconds.
  path: Assets/Import/Lahmadju/ImportedModels/Space_container_-_Mars_mission/meshes/MarsBox_Body_low_UV_0_0_0.asset
  artifactKey: Guid(347248804a2a0b846933fea00038e95a) Importer(2089858483,b0f066a214c2f5e87bad3c948f4d605d)
Start importing Assets/Import/Lahmadju/ImportedModels/Space_container_-_Mars_mission/meshes/MarsBox_Body_low_UV_0_0_0.asset using Guid(347248804a2a0b846933fea00038e95a) Importer(2089858483,b0f066a214c2f5e87bad3c948f4d605d) (ScriptedImporter) -> (artifact id: '6a40c469d12b00c2515fb773953fc9e5') in 0.0100738 seconds
Number of updated asset objects reloaded before import = 0Number of asset objects unloaded after import = 1

========================================================================
Received Import Request.
  Time since last request: 0.000035 seconds.
  path: Assets/Import/Lahmadju/ImportedModels/Spacecraft_Control_Terminal_Console_ORANGE/textures/ctrl_2_1001_metallicRoughness_45_metal.png
  artifactKey: Guid(a6c7ca0cb5299e443b35ae1362e8c406) Importer(2089858483,b0f066a214c2f5e87bad3c948f4d605d)
Start importing Assets/Import/Lahmadju/ImportedModels/Spacecraft_Control_Terminal_Console_ORANGE/textures/ctrl_2_1001_metallicRoughness_45_metal.png using Guid(a6c7ca0cb5299e443b35ae1362e8c406) Importer(2089858483,b0f066a214c2f5e87bad3c948f4d605d) (ScriptedImporter) -> (artifact id: '30352cd2121e1f2cf59b2a705f430c38') in 0.027437 seconds
Number of updated asset objects reloaded before import = 0Number of asset objects unloaded after import = 1

========================================================================
Received Import Request.
  Time since last request: 0.000026 seconds.
  path: Assets/Import/Lahmadju/AstarPathfindingProject/ExampleScenes/Example12_Procedural/ProceduralWorld.cs
  artifactKey: Guid(b265527da9152484fa74392751085576) Importer(2089858483,b0f066a214c2f5e87bad3c948f4d605d)
Start importing Assets/Import/Lahmadju/AstarPathfindingProject/ExampleScenes/Example12_Procedural/ProceduralWorld.cs using Guid(b265527da9152484fa74392751085576) Importer(2089858483,b0f066a214c2f5e87bad3c948f4d605d) (ScriptedImporter) -> (artifact id: '7f5d389a0d783b588896f3ce217a8c22') in 0.0085077 seconds
Number of updated asset objects reloaded before import = 0Number of asset objects unloaded after import = 0

========================================================================
Received Import Request.
  Time since last request: 0.000024 seconds.
  path: Assets/Import/Lahmadju/ImportedModels/Spacecraft_Control_Terminal_Console_ORANGE/textures/H_1001_metallicRoughness_222_occlusion.png
  artifactKey: Guid(8f5464ad5c7ca8e449f858ed235c8c78) Importer(2089858483,b0f066a214c2f5e87bad3c948f4d605d)
Start importing Assets/Import/Lahmadju/ImportedModels/Spacecraft_Control_Terminal_Console_ORANGE/textures/H_1001_metallicRoughness_222_occlusion.png using Guid(8f5464ad5c7ca8e449f858ed235c8c78) Importer(2089858483,b0f066a214c2f5e87bad3c948f4d605d) (ScriptedImporter) -> (artifact id: 'a1a49529d7b7f60f9dd80c6695b9bf14') in 0.0287627 seconds
Number of updated asset objects reloaded before import = 0Number of asset objects unloaded after import = 1

========================================================================
Received Import Request.
  Time since last request: 0.000029 seconds.
  path: Assets/Import/Lahmadju/Imported Models/_Barking_Dog/3D Free Modular Kit/_Textures/Neon.png
  artifactKey: Guid(b5c9448ddba954bc0afcc5c19cf42525) Importer(2089858483,b0f066a214c2f5e87bad3c948f4d605d)
Start importing Assets/Import/Lahmadju/Imported Models/_Barking_Dog/3D Free Modular Kit/_Textures/Neon.png using Guid(b5c9448ddba954bc0afcc5c19cf42525) Importer(2089858483,b0f066a214c2f5e87bad3c948f4d605d) (ScriptedImporter) -> (artifact id: 'e3949df04db4b9132b8b2b7317470814') in 0.0260244 seconds
Number of updated asset objects reloaded before import = 0Number of asset objects unloaded after import = 1

========================================================================
Received Import Request.
  Time since last request: 0.000032 seconds.
  path: Assets/Import/Lahmadju/AstarPathfindingProject/Utilities/PathUtilities.cs
  artifactKey: Guid(7d93ae7d64ab84e23819ac5754065f34) Importer(2089858483,b0f066a214c2f5e87bad3c948f4d605d)
Start importing Assets/Import/Lahmadju/AstarPathfindingProject/Utilities/PathUtilities.cs using Guid(7d93ae7d64ab84e23819ac5754065f34) Importer(2089858483,b0f066a214c2f5e87bad3c948f4d605d) (ScriptedImporter) -> (artifact id: '86f78215c7c5654694404540480513c9') in 0.0107595 seconds
Number of updated asset objects reloaded before import = 0Number of asset objects unloaded after import = 0

========================================================================
Received Import Request.
  Time since last request: 0.000026 seconds.
  path: Assets/Import/Lahmadju/ImportedModels/Spacecraft_Control_Terminal_Console_ORANGE/materials/L_1001_76.mat
  artifactKey: Guid(b05d119d7de85ef4dbed6b1ff8efa6e0) Importer(2089858483,b0f066a214c2f5e87bad3c948f4d605d)
Start importing Assets/Import/Lahmadju/ImportedModels/Spacecraft_Control_Terminal_Console_ORANGE/materials/L_1001_76.mat using Guid(b05d119d7de85ef4dbed6b1ff8efa6e0) Importer(2089858483,b0f066a214c2f5e87bad3c948f4d605d) (ScriptedImporter) -> (artifact id: '2211474cc1cbd07df85a77df1afa5d51') in 0.0248776 seconds
Number of updated asset objects reloaded before import = 0Number of asset objects unloaded after import = 6

========================================================================
Received Import Request.
  Time since last request: 0.000031 seconds.
  path: Assets/Import/Lahmadju/AstarPathfindingProject/Plugins/DotNetZip/Pathfinding.Ionic.Zip.Reduced.dll
  artifactKey: Guid(fe33c6edd001f4cc2a772cb71aff86be) Importer(2089858483,b0f066a214c2f5e87bad3c948f4d605d)
Start importing Assets/Import/Lahmadju/AstarPathfindingProject/Plugins/DotNetZip/Pathfinding.Ionic.Zip.Reduced.dll using Guid(fe33c6edd001f4cc2a772cb71aff86be) Importer(2089858483,b0f066a214c2f5e87bad3c948f4d605d) (ScriptedImporter) -> (artifact id: '2de1cca8317420284aefc7fdb2a1bac9') in 0.0172816 seconds
Number of updated asset objects reloaded before import = 0Number of asset objects unloaded after import = 0

========================================================================
Received Import Request.
  Time since last request: 0.000038 seconds.
  path: Assets/Import/Lahmadju/ImportedModels/Spacecraft_Control_Terminal_Console_ORANGE/textures/ctrl_1001_metallicRoughness_192_occlusion.png
  artifactKey: Guid(2aa5c4edffda7b44cbeff311ff4f7f67) Importer(2089858483,b0f066a214c2f5e87bad3c948f4d605d)
Start importing Assets/Import/Lahmadju/ImportedModels/Spacecraft_Control_Terminal_Console_ORANGE/textures/ctrl_1001_metallicRoughness_192_occlusion.png using Guid(2aa5c4edffda7b44cbeff311ff4f7f67) Importer(2089858483,b0f066a214c2f5e87bad3c948f4d605d) (ScriptedImporter) -> (artifact id: '09a3254341b4441f9c37593733cb6230') in 0.0270657 seconds
Number of updated asset objects reloaded before import = 0Number of asset objects unloaded after import = 1

========================================================================
Received Import Request.
  Time since last request: 0.000042 seconds.
  path: Assets/Import/Lahmadju/Imported Models/Low Poly Cyber Ninja Sword/Textures/Sword_Cyber_Plasma_Emission.png
  artifactKey: Guid(1e6b32ed5a9fcba47a55618d867c0694) Importer(2089858483,b0f066a214c2f5e87bad3c948f4d605d)
Start importing Assets/Import/Lahmadju/Imported Models/Low Poly Cyber Ninja Sword/Textures/Sword_Cyber_Plasma_Emission.png using Guid(1e6b32ed5a9fcba47a55618d867c0694) Importer(2089858483,b0f066a214c2f5e87bad3c948f4d605d) (ScriptedImporter) -> (artifact id: 'cac64366515684be3543fac2e0f6ea0d') in 0.0222739 seconds
Number of updated asset objects reloaded before import = 0Number of asset objects unloaded after import = 1

========================================================================
Received Import Request.
  Time since last request: 0.000028 seconds.
  path: Assets/Import/Lahmadju/AstarPathfindingProject/Utilities/DynamicGridObstacle.cs
  artifactKey: Guid(183748dd497aa473a98ff0cd8cb67fc5) Importer(2089858483,b0f066a214c2f5e87bad3c948f4d605d)
Start importing Assets/Import/Lahmadju/AstarPathfindingProject/Utilities/DynamicGridObstacle.cs using Guid(183748dd497aa473a98ff0cd8cb67fc5) Importer(2089858483,b0f066a214c2f5e87bad3c948f4d605d) (ScriptedImporter) -> (artifact id: 'c4004805586da8b0912db3662afb547c') in 0.0087675 seconds
Number of updated asset objects reloaded before import = 0Number of asset objects unloaded after import = 0

========================================================================
Received Import Request.
  Time since last request: 0.000024 seconds.
  path: Assets/Import/Lahmadju/ImportedModels/Space_core_-_from_portal_2_(original)/textures/personality_sphere_light_damaged_emissive_1.png
  artifactKey: Guid(a33139dd00b36e942b62fa6348ea4ff7) Importer(2089858483,b0f066a214c2f5e87bad3c948f4d605d)
Start importing Assets/Import/Lahmadju/ImportedModels/Space_core_-_from_portal_2_(original)/textures/personality_sphere_light_damaged_emissive_1.png using Guid(a33139dd00b36e942b62fa6348ea4ff7) Importer(2089858483,b0f066a214c2f5e87bad3c948f4d605d) (ScriptedImporter) -> (artifact id: 'f71cbcb0bb504f9cbed8022a60a0c2ee') in 0.0250422 seconds
Number of updated asset objects reloaded before import = 0Number of asset objects unloaded after import = 1

========================================================================
Received Import Request.
  Time since last request: 0.000030 seconds.
  path: Assets/Import/Lahmadju/AstarPathfindingProject/PackageTools/Editor/EditorBase.cs
  artifactKey: Guid(58753931a68ae48b3973d0ce32d1a760) Importer(2089858483,b0f066a214c2f5e87bad3c948f4d605d)
Start importing Assets/Import/Lahmadju/AstarPathfindingProject/PackageTools/Editor/EditorBase.cs using Guid(58753931a68ae48b3973d0ce32d1a760) Importer(2089858483,b0f066a214c2f5e87bad3c948f4d605d) (ScriptedImporter) -> (artifact id: '9aa4e4e22663e1b06a563fdd1480ee8a') in 0.0153687 seconds
Number of updated asset objects reloaded before import = 0Number of asset objects unloaded after import = 0

========================================================================
Received Import Request.
  Time since last request: 0.000051 seconds.
  path: Assets/Import/Lahmadju/Scripts/Player And Weapons/Bullet Spawn.cs
  artifactKey: Guid(c80c01b645fa9b04bb201934e752c3fe) Importer(2089858483,b0f066a214c2f5e87bad3c948f4d605d)
Start importing Assets/Import/Lahmadju/Scripts/Player And Weapons/Bullet Spawn.cs using Guid(c80c01b645fa9b04bb201934e752c3fe) Importer(2089858483,b0f066a214c2f5e87bad3c948f4d605d) (ScriptedImporter) -> (artifact id: 'c5b62c31809f86b46965a742f8518024') in 0.0119915 seconds
Number of updated asset objects reloaded before import = 0Number of asset objects unloaded after import = 0

========================================================================
Received Import Request.
  Time since last request: 0.000027 seconds.
  path: Assets/Import/Lahmadju/ImportedModels/Spacecraft_Control_Terminal_Console_ORANGE/meshes/Object_2_2_0.asset
  artifactKey: Guid(0195e546c29109b429e8a6ef6ffb80db) Importer(2089858483,b0f066a214c2f5e87bad3c948f4d605d)
Start importing Assets/Import/Lahmadju/ImportedModels/Spacecraft_Control_Terminal_Console_ORANGE/meshes/Object_2_2_0.asset using Guid(0195e546c29109b429e8a6ef6ffb80db) Importer(2089858483,b0f066a214c2f5e87bad3c948f4d605d) (ScriptedImporter) -> (artifact id: '4abe3c35fbe504d7236e465673b34da6') in 0.0134312 seconds
Number of updated asset objects reloaded before import = 0Number of asset objects unloaded after import = 1

========================================================================
Received Import Request.
  Time since last request: 0.000038 seconds.
  path: Assets/Import/Lahmadju/ImportedModels/Spacecraft_Control_Terminal_Console_ORANGE/meshes/Object_17_17_0.asset
  artifactKey: Guid(78071d86956e0c4448d68ec1609273cf) Importer(2089858483,b0f066a214c2f5e87bad3c948f4d605d)
Start importing Assets/Import/Lahmadju/ImportedModels/Spacecraft_Control_Terminal_Console_ORANGE/meshes/Object_17_17_0.asset using Guid(78071d86956e0c4448d68ec1609273cf) Importer(2089858483,b0f066a214c2f5e87bad3c948f4d605d) (ScriptedImporter) -> (artifact id: 'cbffb1b037471408a2b99d6a584fe95b') in 0.0108873 seconds
Number of updated asset objects reloaded before import = 0Number of asset objects unloaded after import = 1

========================================================================
Received Import Request.
  Time since last request: 0.000035 seconds.
  path: Assets/Import/Lahmadju/ImportedModels/Free_Sci_Fi_Helmet/textures/Material.003_baseColor_3.png
  artifactKey: Guid(dadead3174e72214480ad3ce945a60ad) Importer(2089858483,b0f066a214c2f5e87bad3c948f4d605d)
Start importing Assets/Import/Lahmadju/ImportedModels/Free_Sci_Fi_Helmet/textures/Material.003_baseColor_3.png using Guid(dadead3174e72214480ad3ce945a60ad) Importer(2089858483,b0f066a214c2f5e87bad3c948f4d605d) (ScriptedImporter) -> (artifact id: '5b3901177205cf7dd7ce49f396d0d772') in 0.0240985 seconds
Number of updated asset objects reloaded before import = 0Number of asset objects unloaded after import = 1

========================================================================
Received Import Request.
  Time since last request: 0.000022 seconds.
  path: Assets/Import/Lahmadju/Imported Models/Low Poly Cyber Ninja Sword/Textures/Sword_Cyber_Plasma_Roughness.png
  artifactKey: Guid(a4476af1bdff8ce4b899b825cc2828df) Importer(2089858483,b0f066a214c2f5e87bad3c948f4d605d)
Start importing Assets/Import/Lahmadju/Imported Models/Low Poly Cyber Ninja Sword/Textures/Sword_Cyber_Plasma_Roughness.png using Guid(a4476af1bdff8ce4b899b825cc2828df) Importer(2089858483,b0f066a214c2f5e87bad3c948f4d605d) (ScriptedImporter) -> (artifact id: '1311bb50878a8c3c46d901c2a1d3baf9') in 0.0274439 seconds
Number of updated asset objects reloaded before import = 0Number of asset objects unloaded after import = 1

========================================================================
Received Import Request.
  Time since last request: 0.000029 seconds.
  path: Assets/Import/Lahmadju/ImportedModels/Spaceship_(EZNO)/textures/Spaceship_1_metallicRoughness_1.png
  artifactKey: Guid(a246d58c256ca784eab84163fed16f35) Importer(2089858483,b0f066a214c2f5e87bad3c948f4d605d)
Start importing Assets/Import/Lahmadju/ImportedModels/Spaceship_(EZNO)/textures/Spaceship_1_metallicRoughness_1.png using Guid(a246d58c256ca784eab84163fed16f35) Importer(2089858483,b0f066a214c2f5e87bad3c948f4d605d) (ScriptedImporter) -> (artifact id: '114c2a6da72c6060066c78ed795117fd') in 0.1341419 seconds
Number of updated asset objects reloaded before import = 0Number of asset objects unloaded after import = 1

========================================================================
Received Import Request.
  Time since last request: 0.000054 seconds.
  path: Assets/Import/Lahmadju/ImportedModels/Arcade_Game_-_Space_Invaders/meshes/Object_0_0_0.asset
  artifactKey: Guid(19fe737b9b321a34091289a693d84ba0) Importer(2089858483,b0f066a214c2f5e87bad3c948f4d605d)
Start importing Assets/Import/Lahmadju/ImportedModels/Arcade_Game_-_Space_Invaders/meshes/Object_0_0_0.asset using Guid(19fe737b9b321a34091289a693d84ba0) Importer(2089858483,b0f066a214c2f5e87bad3c948f4d605d) (ScriptedImporter) -> (artifact id: '5496ace5a5237ac1c16ea66bb3306363') in 0.0161401 seconds
Number of updated asset objects reloaded before import = 0Number of asset objects unloaded after import = 1

========================================================================
Received Import Request.
  Time since last request: 0.000024 seconds.
  path: Assets/Import/Lahmadju/ImportedModels/Spacecraft_Control_Terminal_Console_ORANGE/textures/tab_1001_metallicRoughness_36_metal.png
  artifactKey: Guid(5587d8c4b2f34924a9cc58edfa695f2f) Importer(2089858483,b0f066a214c2f5e87bad3c948f4d605d)
Start importing Assets/Import/Lahmadju/ImportedModels/Spacecraft_Control_Terminal_Console_ORANGE/textures/tab_1001_metallicRoughness_36_metal.png using Guid(5587d8c4b2f34924a9cc58edfa695f2f) Importer(2089858483,b0f066a214c2f5e87bad3c948f4d605d) (ScriptedImporter) -> (artifact id: '314377dddb82af5cbdb9d891ab549202') in 0.0288276 seconds
Number of updated asset objects reloaded before import = 0Number of asset objects unloaded after import = 1

========================================================================
Received Import Request.
  Time since last request: 0.000024 seconds.
  path: Assets/Import/Lahmadju/ImportedModels/Space_Music!/meshes/Circle.004_main_0_8_0.asset
  artifactKey: Guid(02f3faa0fd7447e49ad477d4e66a9331) Importer(2089858483,b0f066a214c2f5e87bad3c948f4d605d)
Start importing Assets/Import/Lahmadju/ImportedModels/Space_Music!/meshes/Circle.004_main_0_8_0.asset using Guid(02f3faa0fd7447e49ad477d4e66a9331) Importer(2089858483,b0f066a214c2f5e87bad3c948f4d605d) (ScriptedImporter) -> (artifact id: '18731cad1e4957546c5d9a611ae9be91') in 0.0091719 seconds
Number of updated asset objects reloaded before import = 0Number of asset objects unloaded after import = 1

========================================================================
Received Import Request.
  Time since last request: 0.000036 seconds.
  path: Assets/Import/Lahmadju/ImportedModels/Sci-fi_Single_Chair/meshes/Cube.052_sci-fi chair 3 arms_0_3_0.asset
  artifactKey: Guid(3ed8deca67a73ef49bddde19da7bfdc2) Importer(2089858483,b0f066a214c2f5e87bad3c948f4d605d)
Start importing Assets/Import/Lahmadju/ImportedModels/Sci-fi_Single_Chair/meshes/Cube.052_sci-fi chair 3 arms_0_3_0.asset using Guid(3ed8deca67a73ef49bddde19da7bfdc2) Importer(2089858483,b0f066a214c2f5e87bad3c948f4d605d) (ScriptedImporter) -> (artifact id: 'cd8af70df13427950d61f4c73d18c82f') in 0.010232 seconds
Number of updated asset objects reloaded before import = 0Number of asset objects unloaded after import = 1

========================================================================
Received Import Request.
  Time since last request: 0.000025 seconds.
  path: Assets/Import/Lahmadju/ImportedModels/Spacecraft_Control_Terminal_Console_ORANGE/textures/V_1001_metallicRoughness_207_metal.png
  artifactKey: Guid(50516f0c3b2d5d64ab90534b2c5362e2) Importer(2089858483,b0f066a214c2f5e87bad3c948f4d605d)
Start importing Assets/Import/Lahmadju/ImportedModels/Spacecraft_Control_Terminal_Console_ORANGE/textures/V_1001_metallicRoughness_207_metal.png using Guid(50516f0c3b2d5d64ab90534b2c5362e2) Importer(2089858483,b0f066a214c2f5e87bad3c948f4d605d) (ScriptedImporter) -> (artifact id: '956f605895429bd1c69237bd2bc323a8') in 0.0252593 seconds
Number of updated asset objects reloaded before import = 0Number of asset objects unloaded after import = 1

========================================================================
Received Import Request.
  Time since last request: 0.000025 seconds.
  path: Assets/Import/Lahmadju/ImportedModels/Spacecraft_Control_Terminal_Console_ORANGE/textures/Material.006_1001_1001_emissive_24.png
  artifactKey: Guid(fa4aaae55aa9c404da7ff18a39a6e3cb) Importer(2089858483,b0f066a214c2f5e87bad3c948f4d605d)
Start importing Assets/Import/Lahmadju/ImportedModels/Spacecraft_Control_Terminal_Console_ORANGE/textures/Material.006_1001_1001_emissive_24.png using Guid(fa4aaae55aa9c404da7ff18a39a6e3cb) Importer(2089858483,b0f066a214c2f5e87bad3c948f4d605d) (ScriptedImporter) -> (artifact id: '73dd332b93aac58f780d21c8c70d4d49') in 0.0236264 seconds
Number of updated asset objects reloaded before import = 0Number of asset objects unloaded after import = 1

========================================================================
Received Import Request.
  Time since last request: 0.000028 seconds.
  path: Assets/Import/Lahmadju/ImportedModels/Spacecraft_Control_Terminal_Console_ORANGE/textures/L_1001_baseColor_230.png
  artifactKey: Guid(8d3fb4a0d7805a44f98b62aeded8837a) Importer(2089858483,b0f066a214c2f5e87bad3c948f4d605d)
Start importing Assets/Import/Lahmadju/ImportedModels/Spacecraft_Control_Terminal_Console_ORANGE/textures/L_1001_baseColor_230.png using Guid(8d3fb4a0d7805a44f98b62aeded8837a) Importer(2089858483,b0f066a214c2f5e87bad3c948f4d605d) (ScriptedImporter) -> (artifact id: '74723dbfc297fe5b472a4482ff6e455a') in 0.0251673 seconds
Number of updated asset objects reloaded before import = 0Number of asset objects unloaded after import = 1

========================================================================
Received Import Request.
  Time since last request: 0.000036 seconds.
  path: Assets/Import/Lahmadju/ImportedModels/Space_container_-_Mars_mission/textures/material_metallicRoughness_1_occlusion.png
  artifactKey: Guid(0796eaa3c0f82754fb7f2070f0a0bd90) Importer(2089858483,b0f066a214c2f5e87bad3c948f4d605d)
Start importing Assets/Import/Lahmadju/ImportedModels/Space_container_-_Mars_mission/textures/material_metallicRoughness_1_occlusion.png using Guid(0796eaa3c0f82754fb7f2070f0a0bd90) Importer(2089858483,b0f066a214c2f5e87bad3c948f4d605d) (ScriptedImporter) -> (artifact id: '6e2fbaad568586c2d7908ee7e5f70750') in 0.0388344 seconds
Number of updated asset objects reloaded before import = 0Number of asset objects unloaded after import = 1

========================================================================
Received Import Request.
  Time since last request: 0.000023 seconds.
  path: Assets/Import/Lahmadju/ImportedModels/Free_Sci_Fi_Helmet/textures/Material.003_metallicRoughness_4_occlusion.png
  artifactKey: Guid(c9f8affb9039ada42bc6e7ab9d0cfe4a) Importer(2089858483,b0f066a214c2f5e87bad3c948f4d605d)
Start importing Assets/Import/Lahmadju/ImportedModels/Free_Sci_Fi_Helmet/textures/Material.003_metallicRoughness_4_occlusion.png using Guid(c9f8affb9039ada42bc6e7ab9d0cfe4a) Importer(2089858483,b0f066a214c2f5e87bad3c948f4d605d) (ScriptedImporter) -> (artifact id: '949f954cf48e105630014d03e239430b') in 0.0275836 seconds
Number of updated asset objects reloaded before import = 0Number of asset objects unloaded after import = 1

========================================================================
Received Import Request.
  Time since last request: 0.000033 seconds.
  path: Assets/Import/Lahmadju/ImportedModels/Space_container_-_Mars_mission/meshes/MarsBox_hands_2_low_UV_0_7_0.asset
  artifactKey: Guid(784c2e58043c6ed4da04bf321546b225) Importer(2089858483,b0f066a214c2f5e87bad3c948f4d605d)
Start importing Assets/Import/Lahmadju/ImportedModels/Space_container_-_Mars_mission/meshes/MarsBox_hands_2_low_UV_0_7_0.asset using Guid(784c2e58043c6ed4da04bf321546b225) Importer(2089858483,b0f066a214c2f5e87bad3c948f4d605d) (ScriptedImporter) -> (artifact id: '894a24489e4e6b6d72aa6033c069fdb1') in 0.0118687 seconds
Number of updated asset objects reloaded before import = 0Number of asset objects unloaded after import = 1

========================================================================
Received Import Request.
  Time since last request: 0.000035 seconds.
  path: Assets/Import/Lahmadju/ImportedModels/Space_core_-_from_portal_2_(original)/textures/personality_sphere_baseColor_0.png
  artifactKey: Guid(099efc7406206274fa07c48fe144d9c2) Importer(2089858483,b0f066a214c2f5e87bad3c948f4d605d)
Start importing Assets/Import/Lahmadju/ImportedModels/Space_core_-_from_portal_2_(original)/textures/personality_sphere_baseColor_0.png using Guid(099efc7406206274fa07c48fe144d9c2) Importer(2089858483,b0f066a214c2f5e87bad3c948f4d605d) (ScriptedImporter) -> (artifact id: '8a3eeacdd3913ac98fc4c4e06fe4c0e6') in 0.035124 seconds
Number of updated asset objects reloaded before import = 0Number of asset objects unloaded after import = 1

========================================================================
Received Import Request.
  Time since last request: 0.000029 seconds.
  path: Assets/Import/Lahmadju/ImportedModels/Scifi_Chair_Concept/materials/Material_0.mat
  artifactKey: Guid(e22ee2d11cecc4d478d81b04a4988479) Importer(2089858483,b0f066a214c2f5e87bad3c948f4d605d)
Start importing Assets/Import/Lahmadju/ImportedModels/Scifi_Chair_Concept/materials/Material_0.mat using Guid(e22ee2d11cecc4d478d81b04a4988479) Importer(2089858483,b0f066a214c2f5e87bad3c948f4d605d) (ScriptedImporter) -> (artifact id: '06e3c21de1fb3a7ee064f9212fb0e3fd') in 0.0334214 seconds
Number of updated asset objects reloaded before import = 0Number of asset objects unloaded after import = 6

========================================================================
Received Import Request.
  Time since last request: 0.000038 seconds.
  path: Assets/Import/Lahmadju/ImportedModels/Spacecraft_Control_Terminal_Console_ORANGE/textures/F10_1001_baseColor_92.png
  artifactKey: Guid(8d16b4cc5740b59418181524cc34ea35) Importer(2089858483,b0f066a214c2f5e87bad3c948f4d605d)
Start importing Assets/Import/Lahmadju/ImportedModels/Spacecraft_Control_Terminal_Console_ORANGE/textures/F10_1001_baseColor_92.png using Guid(8d16b4cc5740b59418181524cc34ea35) Importer(2089858483,b0f066a214c2f5e87bad3c948f4d605d) (ScriptedImporter) -> (artifact id: 'c96ad16280323a575772032c881614f6') in 0.0309537 seconds
Number of updated asset objects reloaded before import = 0Number of asset objects unloaded after import = 1

========================================================================
Received Import Request.
  Time since last request: 0.000023 seconds.
  path: Assets/Import/Lahmadju/ImportedModels/Space_core_-_from_portal_2_(original)/meshes/personality_sphere_model_personality_sphere_0_0_0.asset
  artifactKey: Guid(3a1744567b7ecde40960ba4ae2e5f37d) Importer(2089858483,b0f066a214c2f5e87bad3c948f4d605d)
Start importing Assets/Import/Lahmadju/ImportedModels/Space_core_-_from_portal_2_(original)/meshes/personality_sphere_model_personality_sphere_0_0_0.asset using Guid(3a1744567b7ecde40960ba4ae2e5f37d) Importer(2089858483,b0f066a214c2f5e87bad3c948f4d605d) (ScriptedImporter) -> (artifact id: 'e364516cdb703283aa067362222c5598') in 0.0358523 seconds
Number of updated asset objects reloaded before import = 0Number of asset objects unloaded after import = 1

========================================================================
Received Import Request.
  Time since last request: 0.000026 seconds.
  path: Assets/Import/Lahmadju/ImportedModels/Free_Sci_Fi_Helmet/textures/Visor01_metallicRoughness_12_metal.png
  artifactKey: Guid(4ac6038ad44046648afefa72c5a51368) Importer(2089858483,b0f066a214c2f5e87bad3c948f4d605d)
Start importing Assets/Import/Lahmadju/ImportedModels/Free_Sci_Fi_Helmet/textures/Visor01_metallicRoughness_12_metal.png using Guid(4ac6038ad44046648afefa72c5a51368) Importer(2089858483,b0f066a214c2f5e87bad3c948f4d605d) (ScriptedImporter) -> (artifact id: 'fde6f86c34df0ddc87a89bcd6823338f') in 0.030646 seconds
Number of updated asset objects reloaded before import = 0Number of asset objects unloaded after import = 1

========================================================================
Received Import Request.
  Time since last request: 0.000053 seconds.
  path: Assets/Import/Lahmadju/ImportedModels/Spacecraft_Control_Terminal_Console_ORANGE/textures/8_1001_metallicRoughness_120_occlusion.png
  artifactKey: Guid(23eafafa8cde34045a954ae8119cae7d) Importer(2089858483,b0f066a214c2f5e87bad3c948f4d605d)
Start importing Assets/Import/Lahmadju/ImportedModels/Spacecraft_Control_Terminal_Console_ORANGE/textures/8_1001_metallicRoughness_120_occlusion.png using Guid(23eafafa8cde34045a954ae8119cae7d) Importer(2089858483,b0f066a214c2f5e87bad3c948f4d605d) (ScriptedImporter) -> (artifact id: '49d4d0c1fee7813a0212b55f06877b29') in 0.0264728 seconds
Number of updated asset objects reloaded before import = 0Number of asset objects unloaded after import = 1

========================================================================
Received Import Request.
  Time since last request: 0.000023 seconds.
  path: Assets/Import/Lahmadju/ImportedModels/Sci-Fi_Personal_Space_Pod_Ship(weekly_challenge)/textures/material_normal_2.png
  artifactKey: Guid(b4cb2d54737b9554c8ee1d4e055a703b) Importer(2089858483,b0f066a214c2f5e87bad3c948f4d605d)
Start importing Assets/Import/Lahmadju/ImportedModels/Sci-Fi_Personal_Space_Pod_Ship(weekly_challenge)/textures/material_normal_2.png using Guid(b4cb2d54737b9554c8ee1d4e055a703b) Importer(2089858483,b0f066a214c2f5e87bad3c948f4d605d) (ScriptedImporter) -> (artifact id: '945a76cc81b181557f5b6e08b555b4d3') in 0.0908527 seconds
Number of updated asset objects reloaded before import = 0Number of asset objects unloaded after import = 1

========================================================================
Received Import Request.
  Time since last request: 0.000029 seconds.
  path: Assets/Import/Lahmadju/ImportedModels/Planet_Afroditi/textures/Material.001_normal_0.png
  artifactKey: Guid(ae633747fed85d8459c1d9e64b90ddf7) Importer(2089858483,b0f066a214c2f5e87bad3c948f4d605d)
Start importing Assets/Import/Lahmadju/ImportedModels/Planet_Afroditi/textures/Material.001_normal_0.png using Guid(ae633747fed85d8459c1d9e64b90ddf7) Importer(2089858483,b0f066a214c2f5e87bad3c948f4d605d) (ScriptedImporter) -> (artifact id: '7097dc308454a759b8d8a4ae28aafffc') in 0.0265394 seconds
Number of updated asset objects reloaded before import = 0Number of asset objects unloaded after import = 1

========================================================================
Received Import Request.
  Time since last request: 0.000039 seconds.
  path: Assets/Import/Lahmadju/ImportedModels/Spaceship_-_Evil_(Gravity)/textures/ship_metallicRoughness_1_occlusion.png
  artifactKey: Guid(e036e13156d092845b8533643bc1cf90) Importer(2089858483,b0f066a214c2f5e87bad3c948f4d605d)
Start importing Assets/Import/Lahmadju/ImportedModels/Spaceship_-_Evil_(Gravity)/textures/ship_metallicRoughness_1_occlusion.png using Guid(e036e13156d092845b8533643bc1cf90) Importer(2089858483,b0f066a214c2f5e87bad3c948f4d605d) (ScriptedImporter) -> (artifact id: 'aa5acd6cf910a8116533fe5b4df0b5e9') in 0.0294481 seconds
Number of updated asset objects reloaded before import = 0Number of asset objects unloaded after import = 1

========================================================================
Received Import Request.
  Time since last request: 0.000024 seconds.
  path: Assets/Import/Lahmadju/ImportedModels/Spacecraft_Control_Terminal_Console_ORANGE/materials/ctrl_2_1001_14.mat
  artifactKey: Guid(f0d6c307a60d504418fba714ac3eaabd) Importer(2089858483,b0f066a214c2f5e87bad3c948f4d605d)
Start importing Assets/Import/Lahmadju/ImportedModels/Spacecraft_Control_Terminal_Console_ORANGE/materials/ctrl_2_1001_14.mat using Guid(f0d6c307a60d504418fba714ac3eaabd) Importer(2089858483,b0f066a214c2f5e87bad3c948f4d605d) (ScriptedImporter) -> (artifact id: 'ae9145d8c51769ca1a0aee3e5ac176c1') in 0.0182421 seconds
Number of updated asset objects reloaded before import = 0Number of asset objects unloaded after import = 6

========================================================================
Received Import Request.
  Time since last request: 0.000027 seconds.
  path: Assets/Import/Lahmadju/ImportedModels/Arcade_Game_-_Space_Invaders/textures/CR_videogame_door_normal_2.png
  artifactKey: Guid(6e3ae4cd445bff54db3eab80be8a6245) Importer(2089858483,b0f066a214c2f5e87bad3c948f4d605d)
Start importing Assets/Import/Lahmadju/ImportedModels/Arcade_Game_-_Space_Invaders/textures/CR_videogame_door_normal_2.png using Guid(6e3ae4cd445bff54db3eab80be8a6245) Importer(2089858483,b0f066a214c2f5e87bad3c948f4d605d) (ScriptedImporter) -> (artifact id: '7b86d1384f1e617d7f761366249172be') in 0.0247553 seconds
Number of updated asset objects reloaded before import = 0Number of asset objects unloaded after import = 1

========================================================================
Received Import Request.
  Time since last request: 0.000024 seconds.
  path: Assets/Import/Lahmadju/ImportedModels/Spacecraft_Control_Terminal_Console_ORANGE/textures/Material.068_1001_baseColor_239.png
  artifactKey: Guid(37c47304b7b48b042b391ddb2bde4375) Importer(2089858483,b0f066a214c2f5e87bad3c948f4d605d)
Start importing Assets/Import/Lahmadju/ImportedModels/Spacecraft_Control_Terminal_Console_ORANGE/textures/Material.068_1001_baseColor_239.png using Guid(37c47304b7b48b042b391ddb2bde4375) Importer(2089858483,b0f066a214c2f5e87bad3c948f4d605d) (ScriptedImporter) -> (artifact id: 'd062c3a6721ee59d6c7f013779b56f8a') in 0.0346301 seconds
Number of updated asset objects reloaded before import = 0Number of asset objects unloaded after import = 1

========================================================================
Received Import Request.
  Time since last request: 0.000043 seconds.
  path: Assets/Import/Lahmadju/ImportedModels/Spacecraft_Control_Terminal_Console_ORANGE/Spacecraft_Control_Terminal_Console_ORANGE.prefab
  artifactKey: Guid(fd702d39062b7f8439703a428874e577) Importer(2089858483,b0f066a214c2f5e87bad3c948f4d605d)
Start importing Assets/Import/Lahmadju/ImportedModels/Spacecraft_Control_Terminal_Console_ORANGE/Spacecraft_Control_Terminal_Console_ORANGE.prefab using Guid(fd702d39062b7f8439703a428874e577) Importer(2089858483,b0f066a214c2f5e87bad3c948f4d605d) (ScriptedImporter) -> (artifact id: '81e5a2ff9d6f53ade6f8cd77558860ce') in 0.1152377 seconds
Number of updated asset objects reloaded before import = 0Number of asset objects unloaded after import = 777

========================================================================
Received Import Request.
  Time since last request: 0.000027 seconds.
  path: Assets/Import/Lahmadju/ImportedModels/Control-Device_X_II/textures/tripo_material_b589396f-5f6d-4878-a59f-b4a5ff57f2a0_baseColor_0.png
  artifactKey: Guid(c0ba3475a733b3643ba7c32fb3a97424) Importer(2089858483,b0f066a214c2f5e87bad3c948f4d605d)
Start importing Assets/Import/Lahmadju/ImportedModels/Control-Device_X_II/textures/tripo_material_b589396f-5f6d-4878-a59f-b4a5ff57f2a0_baseColor_0.png using Guid(c0ba3475a733b3643ba7c32fb3a97424) Importer(2089858483,b0f066a214c2f5e87bad3c948f4d605d) (ScriptedImporter) -> (artifact id: 'cfbadd49837718e18be174858b848b10') in 0.0331471 seconds
Number of updated asset objects reloaded before import = 0Number of asset objects unloaded after import = 1

========================================================================
Received Import Request.
  Time since last request: 2.683418 seconds.
  path: Assets/Import/Lahmadju/AstarPathfindingProject/Core/Misc/AnimationLink.cs
  artifactKey: Guid(d2e8b1fd6fa484fc29f8a26fb5e8662b) Importer(2089858483,b0f066a214c2f5e87bad3c948f4d605d)
Start importing Assets/Import/Lahmadju/AstarPathfindingProject/Core/Misc/AnimationLink.cs using Guid(d2e8b1fd6fa484fc29f8a26fb5e8662b) Importer(2089858483,b0f066a214c2f5e87bad3c948f4d605d) (ScriptedImporter) -> (artifact id: 'ebe07c10c1953a1525723035787374d1') in 0.0077037 seconds
Number of updated asset objects reloaded before import = 0Number of asset objects unloaded after import = 0

========================================================================
Received Import Request.
  Time since last request: 0.000021 seconds.
  path: Assets/Import/Lahmadju/ImportedModels/Sci-fi_Single_Chair/materials/sci-fi_chair_3_back_rest_1.mat
  artifactKey: Guid(ace8f18eea2c5f447aaf4f35a212312d) Importer(2089858483,b0f066a214c2f5e87bad3c948f4d605d)
Start importing Assets/Import/Lahmadju/ImportedModels/Sci-fi_Single_Chair/materials/sci-fi_chair_3_back_rest_1.mat using Guid(ace8f18eea2c5f447aaf4f35a212312d) Importer(2089858483,b0f066a214c2f5e87bad3c948f4d605d) (ScriptedImporter) -> (artifact id: '71f0a2f7276ae8730b2dff9bbb291d20') in 0.0304388 seconds
Number of updated asset objects reloaded before import = 0Number of asset objects unloaded after import = 6

========================================================================
Received Import Request.
  Time since last request: 0.000025 seconds.
  path: Assets/Import/Lahmadju/ImportedModels/Spacecraft_Control_Terminal_Console_ORANGE/textures/Material.044_1001_metallicRoughness_165_metal.png
  artifactKey: Guid(e5d3876e47823cf48b48d1a65d25bd3e) Importer(2089858483,b0f066a214c2f5e87bad3c948f4d605d)
Start importing Assets/Import/Lahmadju/ImportedModels/Spacecraft_Control_Terminal_Console_ORANGE/textures/Material.044_1001_metallicRoughness_165_metal.png using Guid(e5d3876e47823cf48b48d1a65d25bd3e) Importer(2089858483,b0f066a214c2f5e87bad3c948f4d605d) (ScriptedImporter) -> (artifact id: '18f7382d7635d6df26ea48073f2dff27') in 0.0231111 seconds
Number of updated asset objects reloaded before import = 0Number of asset objects unloaded after import = 1

========================================================================
Received Import Request.
  Time since last request: 0.000047 seconds.
  path: Assets/Import/Lahmadju/ImportedModels/Spacecraft_Control_Terminal_Console_ORANGE/meshes/Object_75_75_0.asset
  artifactKey: Guid(067df95e66c6618429d9bbd2fd04cece) Importer(2089858483,b0f066a214c2f5e87bad3c948f4d605d)
Start importing Assets/Import/Lahmadju/ImportedModels/Spacecraft_Control_Terminal_Console_ORANGE/meshes/Object_75_75_0.asset using Guid(067df95e66c6618429d9bbd2fd04cece) Importer(2089858483,b0f066a214c2f5e87bad3c948f4d605d) (ScriptedImporter) -> (artifact id: '76fb71d662bcd19815824955985147bc') in 0.0115082 seconds
Number of updated asset objects reloaded before import = 0Number of asset objects unloaded after import = 1

========================================================================
Received Import Request.
  Time since last request: 0.000032 seconds.
  path: Assets/Import/Lahmadju/Prefabs/DODONPA/Sci-Fi_Space_Station__Rotor_Nexus/meshes/SurfaceBraces_Short4_1_SpaceStation_Parts_0_15_0.asset
  artifactKey: Guid(4d60138fcccf6d84aa6599b920fbe18b) Importer(2089858483,b0f066a214c2f5e87bad3c948f4d605d)
Start importing Assets/Import/Lahmadju/Prefabs/DODONPA/Sci-Fi_Space_Station__Rotor_Nexus/meshes/SurfaceBraces_Short4_1_SpaceStation_Parts_0_15_0.asset using Guid(4d60138fcccf6d84aa6599b920fbe18b) Importer(2089858483,b0f066a214c2f5e87bad3c948f4d605d) (ScriptedImporter) -> (artifact id: 'baf963ab12d56b2287a9fe8ac4efa7a0') in 0.0124082 seconds
Number of updated asset objects reloaded before import = 0Number of asset objects unloaded after import = 1

========================================================================
Received Import Request.
  Time since last request: 0.000024 seconds.
  path: Assets/Import/Lahmadju/Scripts/Player And Weapons/Incoming Hit Handler Position.cs
  artifactKey: Guid(b843bdde231d9ad4c8bf1565f77bd7b5) Importer(2089858483,b0f066a214c2f5e87bad3c948f4d605d)
Start importing Assets/Import/Lahmadju/Scripts/Player And Weapons/Incoming Hit Handler Position.cs using Guid(b843bdde231d9ad4c8bf1565f77bd7b5) Importer(2089858483,b0f066a214c2f5e87bad3c948f4d605d) (ScriptedImporter) -> (artifact id: 'be3faec9d03ce3f51a8deabc9aea383a') in 0.011128 seconds
Number of updated asset objects reloaded before import = 0Number of asset objects unloaded after import = 0

========================================================================
Received Import Request.
  Time since last request: 0.000053 seconds.
  path: Assets/Import/Lahmadju/ImportedModels/Spacecraft_Control_Terminal_Console_ORANGE/textures/1001_metallicRoughness_33_occlusion.png
  artifactKey: Guid(1ed7a0ee09fda0d48ab81dba1bad5bc4) Importer(2089858483,b0f066a214c2f5e87bad3c948f4d605d)
Start importing Assets/Import/Lahmadju/ImportedModels/Spacecraft_Control_Terminal_Console_ORANGE/textures/1001_metallicRoughness_33_occlusion.png using Guid(1ed7a0ee09fda0d48ab81dba1bad5bc4) Importer(2089858483,b0f066a214c2f5e87bad3c948f4d605d) (ScriptedImporter) -> (artifact id: '36c83320f3f628c5bfcd7ad0b6aeadfd') in 0.0286577 seconds
Number of updated asset objects reloaded before import = 0Number of asset objects unloaded after import = 1

========================================================================
Received Import Request.
  Time since last request: 0.000043 seconds.
  path: Assets/Import/Lahmadju/ImportedModels/Spacecraft_Control_Terminal_Console_ORANGE/textures/X_1001_metallicRoughness_201_occlusion.png
  artifactKey: Guid(9b10e3cebd0ce9442abe9a78c65676c2) Importer(2089858483,b0f066a214c2f5e87bad3c948f4d605d)
Start importing Assets/Import/Lahmadju/ImportedModels/Spacecraft_Control_Terminal_Console_ORANGE/textures/X_1001_metallicRoughness_201_occlusion.png using Guid(9b10e3cebd0ce9442abe9a78c65676c2) Importer(2089858483,b0f066a214c2f5e87bad3c948f4d605d) (ScriptedImporter) -> (artifact id: 'c3501a688d057aa4eb4b095232efe22d') in 0.040505 seconds
Number of updated asset objects reloaded before import = 0Number of asset objects unloaded after import = 1

========================================================================
Received Import Request.
  Time since last request: 0.000039 seconds.
  path: Assets/Import/Lahmadju/ImportedModels/Free_Sci_Fi_Helmet/textures/base01_metallicRoughness_18_metal.png
  artifactKey: Guid(1c5e478ea3eb7c448ad62ce8e81e926a) Importer(2089858483,b0f066a214c2f5e87bad3c948f4d605d)
Start importing Assets/Import/Lahmadju/ImportedModels/Free_Sci_Fi_Helmet/textures/base01_metallicRoughness_18_metal.png using Guid(1c5e478ea3eb7c448ad62ce8e81e926a) Importer(2089858483,b0f066a214c2f5e87bad3c948f4d605d) (ScriptedImporter) -> (artifact id: '7f9662682df70ccd642a238599dc86fe') in 0.0331678 seconds
Number of updated asset objects reloaded before import = 0Number of asset objects unloaded after import = 1

========================================================================
Received Import Request.
  Time since last request: 0.000037 seconds.
  path: Assets/Import/Lahmadju/Prefabs/Space Ship 1.2.prefab
  artifactKey: Guid(8eca438fb49a6d747b0019bfd717d3e2) Importer(2089858483,b0f066a214c2f5e87bad3c948f4d605d)
Start importing Assets/Import/Lahmadju/Prefabs/Space Ship 1.2.prefab using Guid(8eca438fb49a6d747b0019bfd717d3e2) Importer(2089858483,b0f066a214c2f5e87bad3c948f4d605d) (ScriptedImporter) -> (artifact id: 'c05c787d1550b3c5628959ff39732251') in 0.0559684 seconds
Number of updated asset objects reloaded before import = 0Number of asset objects unloaded after import = 33

========================================================================
Received Import Request.
  Time since last request: 0.000030 seconds.
  path: Assets/Import/Lahmadju/ImportedModels/Space_Bottle/meshes/Cube.004__0_10_0.asset
  artifactKey: Guid(6c0c323f3d858ec4ba1575028bff2f7e) Importer(2089858483,b0f066a214c2f5e87bad3c948f4d605d)
Start importing Assets/Import/Lahmadju/ImportedModels/Space_Bottle/meshes/Cube.004__0_10_0.asset using Guid(6c0c323f3d858ec4ba1575028bff2f7e) Importer(2089858483,b0f066a214c2f5e87bad3c948f4d605d) (ScriptedImporter) -> (artifact id: '3ca99b786fcd7b6cd8ed02ca26c8d574') in 0.0108351 seconds
Number of updated asset objects reloaded before import = 0Number of asset objects unloaded after import = 1

========================================================================
Received Import Request.
  Time since last request: 0.000025 seconds.
  path: Assets/Import/Lahmadju/ImportedModels/Free_Sci_Fi_Helmet/meshes/Object_5_5_0.asset
  artifactKey: Guid(e96632fe101d01245b44664471fdf450) Importer(2089858483,b0f066a214c2f5e87bad3c948f4d605d)
Start importing Assets/Import/Lahmadju/ImportedModels/Free_Sci_Fi_Helmet/meshes/Object_5_5_0.asset using Guid(e96632fe101d01245b44664471fdf450) Importer(2089858483,b0f066a214c2f5e87bad3c948f4d605d) (ScriptedImporter) -> (artifact id: '5b39ea745332ec6d5317b051373328bb') in 0.0247922 seconds
Number of updated asset objects reloaded before import = 0Number of asset objects unloaded after import = 1

========================================================================
Received Import Request.
  Time since last request: 0.000047 seconds.
  path: Assets/Import/Lahmadju/ImportedModels/Spaceship_(EZNO)/textures/Spaceship_1_normal_3.png
  artifactKey: Guid(6292901e91947f840ad247ac7ed1a363) Importer(2089858483,b0f066a214c2f5e87bad3c948f4d605d)
Start importing Assets/Import/Lahmadju/ImportedModels/Spaceship_(EZNO)/textures/Spaceship_1_normal_3.png using Guid(6292901e91947f840ad247ac7ed1a363) Importer(2089858483,b0f066a214c2f5e87bad3c948f4d605d) (ScriptedImporter) -> (artifact id: '9e3f65e239fb11cfa4a5ffd29977e2f0') in 0.0412927 seconds
Number of updated asset objects reloaded before import = 0Number of asset objects unloaded after import = 1

========================================================================
Received Import Request.
  Time since last request: 0.000042 seconds.
  path: Assets/Import/Lahmadju/ImportedModels/Spacecraft_Control_Terminal_Console_ORANGE/textures/Stop_1001_normal_184.png
  artifactKey: Guid(b1dbf77e5c5bed542bfd87d6ca49678b) Importer(2089858483,b0f066a214c2f5e87bad3c948f4d605d)
Start importing Assets/Import/Lahmadju/ImportedModels/Spacecraft_Control_Terminal_Console_ORANGE/textures/Stop_1001_normal_184.png using Guid(b1dbf77e5c5bed542bfd87d6ca49678b) Importer(2089858483,b0f066a214c2f5e87bad3c948f4d605d) (ScriptedImporter) -> (artifact id: 'f5b4e37b9ea51c1d8131bbe8f16e91ed') in 0.0682808 seconds
Number of updated asset objects reloaded before import = 0Number of asset objects unloaded after import = 1

========================================================================
Received Import Request.
  Time since last request: 0.000028 seconds.
  path: Assets/Import/Lahmadju/Animations/Cinema/Character/Unarmed Idle.anim
  artifactKey: Guid(6abea8def3ae3ae41a94b9a161615c6b) Importer(2089858483,b0f066a214c2f5e87bad3c948f4d605d)
Start importing Assets/Import/Lahmadju/Animations/Cinema/Character/Unarmed Idle.anim using Guid(6abea8def3ae3ae41a94b9a161615c6b) Importer(2089858483,b0f066a214c2f5e87bad3c948f4d605d) (ScriptedImporter) -> (artifact id: 'e4f7f711912bbd710280af5edff56bf4') in 0.0234453 seconds
Number of updated asset objects reloaded before import = 0Number of asset objects unloaded after import = 1

========================================================================
Received Import Request.
  Time since last request: 0.000051 seconds.
  path: Assets/Import/Lahmadju/ImportedModels/Spacecraft_Control_Terminal_Console_ORANGE/textures/Material.044_1001_metallicRoughness_165_occlusion.png
  artifactKey: Guid(ea78a4cec6a62b74eb8d6a5a04e7da13) Importer(2089858483,b0f066a214c2f5e87bad3c948f4d605d)
Start importing Assets/Import/Lahmadju/ImportedModels/Spacecraft_Control_Terminal_Console_ORANGE/textures/Material.044_1001_metallicRoughness_165_occlusion.png using Guid(ea78a4cec6a62b74eb8d6a5a04e7da13) Importer(2089858483,b0f066a214c2f5e87bad3c948f4d605d) (ScriptedImporter) -> (artifact id: 'd10ba2a212e5d75e5010b268a5cf0d17') in 0.0271121 seconds
Number of updated asset objects reloaded before import = 0Number of asset objects unloaded after import = 1

========================================================================
Received Import Request.
  Time since last request: 0.000023 seconds.
  path: Assets/Import/Lahmadju/AstarPathfindingProject/ExampleScenes/Example14_TurnBased_Hexagon/HexagonTrigger.cs
  artifactKey: Guid(37801f8edc1e3434d9d759f1aaeedb15) Importer(2089858483,b0f066a214c2f5e87bad3c948f4d605d)
Start importing Assets/Import/Lahmadju/AstarPathfindingProject/ExampleScenes/Example14_TurnBased_Hexagon/HexagonTrigger.cs using Guid(37801f8edc1e3434d9d759f1aaeedb15) Importer(2089858483,b0f066a214c2f5e87bad3c948f4d605d) (ScriptedImporter) -> (artifact id: '436249603ad28c8eaacf2146caf8cda8') in 0.0082246 seconds
Number of updated asset objects reloaded before import = 0Number of asset objects unloaded after import = 0

========================================================================
Received Import Request.
  Time since last request: 0.000028 seconds.
  path: Assets/Import/Lahmadju/ImportedModels/Spacecraft_Control_Terminal_Console_ORANGE/textures/Material.010_1001_baseColor_56.png
  artifactKey: Guid(345b4bce8e733214e8ebc84ffb375602) Importer(2089858483,b0f066a214c2f5e87bad3c948f4d605d)
Start importing Assets/Import/Lahmadju/ImportedModels/Spacecraft_Control_Terminal_Console_ORANGE/textures/Material.010_1001_baseColor_56.png using Guid(345b4bce8e733214e8ebc84ffb375602) Importer(2089858483,b0f066a214c2f5e87bad3c948f4d605d) (ScriptedImporter) -> (artifact id: 'e5dcc7ca4383f1aa218384a9e12607b8') in 0.0310593 seconds
Number of updated asset objects reloaded before import = 0Number of asset objects unloaded after import = 1

========================================================================
Received Import Request.
  Time since last request: 0.000037 seconds.
  path: Assets/Import/Lahmadju/ImportedModels/Spacecraft_Control_Terminal_Console_ORANGE/textures/Material.001_1001_1001_metallicRoughness_7_occlusion.png
  artifactKey: Guid(950515cf6fe81dd4880d638c16986323) Importer(2089858483,b0f066a214c2f5e87bad3c948f4d605d)
Start importing Assets/Import/Lahmadju/ImportedModels/Spacecraft_Control_Terminal_Console_ORANGE/textures/Material.001_1001_1001_metallicRoughness_7_occlusion.png using Guid(950515cf6fe81dd4880d638c16986323) Importer(2089858483,b0f066a214c2f5e87bad3c948f4d605d) (ScriptedImporter) -> (artifact id: 'b50610e6e619834063b730e6d7bb502f') in 0.0337493 seconds
Number of updated asset objects reloaded before import = 0Number of asset objects unloaded after import = 1

========================================================================
Received Import Request.
  Time since last request: 0.000036 seconds.
  path: Assets/Import/Lahmadju/ImportedModels/Free_Sci_Fi_Helmet/textures/material_baseColor_14.png
  artifactKey: Guid(59a90e4ecd322c54aadc3e4b38d4e98b) Importer(2089858483,b0f066a214c2f5e87bad3c948f4d605d)
Start importing Assets/Import/Lahmadju/ImportedModels/Free_Sci_Fi_Helmet/textures/material_baseColor_14.png using Guid(59a90e4ecd322c54aadc3e4b38d4e98b) Importer(2089858483,b0f066a214c2f5e87bad3c948f4d605d) (ScriptedImporter) -> (artifact id: '0c21431fd26a30ffe6b40b8b403e4cc3') in 0.0323958 seconds
Number of updated asset objects reloaded before import = 0Number of asset objects unloaded after import = 1

========================================================================
Received Import Request.
  Time since last request: 0.000031 seconds.
  path: Assets/Import/Lahmadju/Imported Models/Oculus Hands/Animations/l_hand_pinch_anim.fbx
  artifactKey: Guid(a91ff20f7450bf446a6bf0bfb5e932ae) Importer(2089858483,b0f066a214c2f5e87bad3c948f4d605d)
Start importing Assets/Import/Lahmadju/Imported Models/Oculus Hands/Animations/l_hand_pinch_anim.fbx using Guid(a91ff20f7450bf446a6bf0bfb5e932ae) Importer(2089858483,b0f066a214c2f5e87bad3c948f4d605d) (ScriptedImporter) -> (artifact id: '88185057ce91989d134e22536c666f79') in 0.0476979 seconds
Number of updated asset objects reloaded before import = 0Number of asset objects unloaded after import = 57

========================================================================
Received Import Request.
  Time since last request: 0.000025 seconds.
  path: Assets/Import/Lahmadju/AstarPathfindingProject/ExampleScenes/ExampleScripts/RecastTileUpdateHandler.cs
  artifactKey: Guid(e5e3ec6ef8d2e4827b1645ee843bbe16) Importer(2089858483,b0f066a214c2f5e87bad3c948f4d605d)
Start importing Assets/Import/Lahmadju/AstarPathfindingProject/ExampleScenes/ExampleScripts/RecastTileUpdateHandler.cs using Guid(e5e3ec6ef8d2e4827b1645ee843bbe16) Importer(2089858483,b0f066a214c2f5e87bad3c948f4d605d) (ScriptedImporter) -> (artifact id: 'c5c0b179845bc230efe7968e2298ca0f') in 0.0092732 seconds
Number of updated asset objects reloaded before import = 0Number of asset objects unloaded after import = 0

========================================================================
Received Import Request.
  Time since last request: 0.000036 seconds.
  path: Assets/Import/Lahmadju/AstarPathfindingProject/Core/Misc/Draw.cs
  artifactKey: Guid(506739df886ce4ebb9b14b16d86b5e13) Importer(2089858483,b0f066a214c2f5e87bad3c948f4d605d)
Start importing Assets/Import/Lahmadju/AstarPathfindingProject/Core/Misc/Draw.cs using Guid(506739df886ce4ebb9b14b16d86b5e13) Importer(2089858483,b0f066a214c2f5e87bad3c948f4d605d) (ScriptedImporter) -> (artifact id: 'd57b0bd2de8a4e3e04aa2787722d5531') in 0.0077609 seconds
Number of updated asset objects reloaded before import = 0Number of asset objects unloaded after import = 0

========================================================================
Received Import Request.
  Time since last request: 0.000026 seconds.
  path: Assets/Import/Lahmadju/Imported Models/Oculus Hands/Animations/l_hand_default_anim.fbx
  artifactKey: Guid(1ae9aefe37a62de429ddc2edd1ca36f3) Importer(2089858483,b0f066a214c2f5e87bad3c948f4d605d)
Start importing Assets/Import/Lahmadju/Imported Models/Oculus Hands/Animations/l_hand_default_anim.fbx using Guid(1ae9aefe37a62de429ddc2edd1ca36f3) Importer(2089858483,b0f066a214c2f5e87bad3c948f4d605d) (ScriptedImporter) -> (artifact id: '386c8362da4a18016287944c2bdf999e') in 0.0359245 seconds
Number of updated asset objects reloaded before import = 0Number of asset objects unloaded after import = 57

========================================================================
Received Import Request.
  Time since last request: 0.000031 seconds.
  path: Assets/Import/Lahmadju/ImportedModels/Spacecraft_Control_Terminal_Console_ORANGE/textures/Material.001_1001_1001_baseColor_6.png
  artifactKey: Guid(706fe09eec7cadf4c9a054def6f9ab8e) Importer(2089858483,b0f066a214c2f5e87bad3c948f4d605d)
Start importing Assets/Import/Lahmadju/ImportedModels/Spacecraft_Control_Terminal_Console_ORANGE/textures/Material.001_1001_1001_baseColor_6.png using Guid(706fe09eec7cadf4c9a054def6f9ab8e) Importer(2089858483,b0f066a214c2f5e87bad3c948f4d605d) (ScriptedImporter) -> (artifact id: 'cfda69700a6a93969badeeb54cafb604') in 0.0283549 seconds
Number of updated asset objects reloaded before import = 0Number of asset objects unloaded after import = 1

========================================================================
Received Import Request.
  Time since last request: 0.000030 seconds.
  path: Assets/Import/Lahmadju/ImportedModels/Spacecraft_Control_Terminal_Console_ORANGE/textures/Material.055_1001_metallicRoughness_228_metal.png
  artifactKey: Guid(2e0d804f7319eb84eb1f1415f11b4f77) Importer(2089858483,b0f066a214c2f5e87bad3c948f4d605d)
Start importing Assets/Import/Lahmadju/ImportedModels/Spacecraft_Control_Terminal_Console_ORANGE/textures/Material.055_1001_metallicRoughness_228_metal.png using Guid(2e0d804f7319eb84eb1f1415f11b4f77) Importer(2089858483,b0f066a214c2f5e87bad3c948f4d605d) (ScriptedImporter) -> (artifact id: '2358eea9618617e673074b7f5d42cadd') in 0.0303572 seconds
Number of updated asset objects reloaded before import = 0Number of asset objects unloaded after import = 1

========================================================================
Received Import Request.
  Time since last request: 0.000046 seconds.
  path: Assets/Import/Lahmadju/ImportedModels/Spacecraft_Control_Terminal_Console_ORANGE/materials/Material.002_1001_1001_3.mat
  artifactKey: Guid(318e9a5f43c942f4cbf053161783d1e1) Importer(2089858483,b0f066a214c2f5e87bad3c948f4d605d)
Start importing Assets/Import/Lahmadju/ImportedModels/Spacecraft_Control_Terminal_Console_ORANGE/materials/Material.002_1001_1001_3.mat using Guid(318e9a5f43c942f4cbf053161783d1e1) Importer(2089858483,b0f066a214c2f5e87bad3c948f4d605d) (ScriptedImporter) -> (artifact id: '890443771f6bd731df9e2c1692e0e95b') in 0.0260888 seconds
Number of updated asset objects reloaded before import = 0Number of asset objects unloaded after import = 6

========================================================================
Received Import Request.
  Time since last request: 0.000028 seconds.
  path: Assets/Import/Lahmadju/ImportedModels/Spacecraft_Control_Terminal_Console_ORANGE/textures/N_1001_metallicRoughness_213_occlusion.png
  artifactKey: Guid(c139514f3ba46c94f92b895dfb89e53c) Importer(2089858483,b0f066a214c2f5e87bad3c948f4d605d)
Start importing Assets/Import/Lahmadju/ImportedModels/Spacecraft_Control_Terminal_Console_ORANGE/textures/N_1001_metallicRoughness_213_occlusion.png using Guid(c139514f3ba46c94f92b895dfb89e53c) Importer(2089858483,b0f066a214c2f5e87bad3c948f4d605d) (ScriptedImporter) -> (artifact id: '411a03c38c96203b5d9fb5da9ae4bfa2') in 0.0284959 seconds
Number of updated asset objects reloaded before import = 0Number of asset objects unloaded after import = 1

========================================================================
Received Import Request.
  Time since last request: 0.000028 seconds.
  path: Assets/Import/Lahmadju/ImportedModels/Free_Sci_Fi_Helmet/materials/Visor01_5.mat
  artifactKey: Guid(ad8e7e7f7e7a70648a9609b18e775aa8) Importer(2089858483,b0f066a214c2f5e87bad3c948f4d605d)
Start importing Assets/Import/Lahmadju/ImportedModels/Free_Sci_Fi_Helmet/materials/Visor01_5.mat using Guid(ad8e7e7f7e7a70648a9609b18e775aa8) Importer(2089858483,b0f066a214c2f5e87bad3c948f4d605d) (ScriptedImporter) -> (artifact id: 'ac020336e8e26c10fe39e2cb696ad3d6') in 0.1064117 seconds
Number of updated asset objects reloaded before import = 0Number of asset objects unloaded after import = 6

========================================================================
Received Import Request.
  Time since last request: 0.000048 seconds.
  path: Assets/Import/Lahmadju/ImportedModels/Spaceship_(EZNO)/meshes/Thrusters_Spaceship_1_0_4_0.asset
  artifactKey: Guid(7e8c0c4f2a835c7408b88666f010349e) Importer(2089858483,b0f066a214c2f5e87bad3c948f4d605d)
Start importing Assets/Import/Lahmadju/ImportedModels/Spaceship_(EZNO)/meshes/Thrusters_Spaceship_1_0_4_0.asset using Guid(7e8c0c4f2a835c7408b88666f010349e) Importer(2089858483,b0f066a214c2f5e87bad3c948f4d605d) (ScriptedImporter) -> (artifact id: '4009cf37e8f2d7e1c41065742d7369f1') in 0.2434313 seconds
Number of updated asset objects reloaded before import = 0Number of asset objects unloaded after import = 1

========================================================================
Received Import Request.
  Time since last request: 0.000032 seconds.
  path: Assets/Import/Lahmadju/ImportedModels/Space_Music!/meshes/Plane.006_main_0_14_0.asset
  artifactKey: Guid(58529bbf4f88a4b4f929db01bbd3d24c) Importer(2089858483,b0f066a214c2f5e87bad3c948f4d605d)
Start importing Assets/Import/Lahmadju/ImportedModels/Space_Music!/meshes/Plane.006_main_0_14_0.asset using Guid(58529bbf4f88a4b4f929db01bbd3d24c) Importer(2089858483,b0f066a214c2f5e87bad3c948f4d605d) (ScriptedImporter) -> (artifact id: 'c9f7489a1e06a2daa33772e58f7a4314') in 0.0117775 seconds
Number of updated asset objects reloaded before import = 0Number of asset objects unloaded after import = 1

========================================================================
Received Import Request.
  Time since last request: 0.000037 seconds.
  path: Assets/Import/Lahmadju/ImportedModels/Spacecraft_Control_Terminal_Console_ORANGE/textures/U_1001_metallicRoughness_159_occlusion.png
  artifactKey: Guid(43fb36ee9eabd6946b75bda3501eedf4) Importer(2089858483,b0f066a214c2f5e87bad3c948f4d605d)
Start importing Assets/Import/Lahmadju/ImportedModels/Spacecraft_Control_Terminal_Console_ORANGE/textures/U_1001_metallicRoughness_159_occlusion.png using Guid(43fb36ee9eabd6946b75bda3501eedf4) Importer(2089858483,b0f066a214c2f5e87bad3c948f4d605d) (ScriptedImporter) -> (artifact id: '2d5a03156835a0e76df7585b21fe808a') in 0.024613 seconds
Number of updated asset objects reloaded before import = 0Number of asset objects unloaded after import = 1

========================================================================
Received Import Request.
  Time since last request: 0.000029 seconds.
  path: Assets/Import/Lahmadju/ImportedModels/Spacecraft_Control_Terminal_Console_ORANGE/materials/Bok1_1001_1001_1.mat
  artifactKey: Guid(3dbbfa0f159f7b6498b06db199a553dc) Importer(2089858483,b0f066a214c2f5e87bad3c948f4d605d)
Start importing Assets/Import/Lahmadju/ImportedModels/Spacecraft_Control_Terminal_Console_ORANGE/materials/Bok1_1001_1001_1.mat using Guid(3dbbfa0f159f7b6498b06db199a553dc) Importer(2089858483,b0f066a214c2f5e87bad3c948f4d605d) (ScriptedImporter) -> (artifact id: '46c1ac21e6bd74d17463da51d0e4cd07') in 0.0200773 seconds
Number of updated asset objects reloaded before import = 0Number of asset objects unloaded after import = 6

========================================================================
Received Import Request.
  Time since last request: 0.000035 seconds.
  path: Assets/Import/Lahmadju/ImportedModels/Spacecraft_Control_Terminal_Console_ORANGE/textures/Material.010_1001_normal_58.png
  artifactKey: Guid(e5425bce73b28c948842b13b1a17cae3) Importer(2089858483,b0f066a214c2f5e87bad3c948f4d605d)
Start importing Assets/Import/Lahmadju/ImportedModels/Spacecraft_Control_Terminal_Console_ORANGE/textures/Material.010_1001_normal_58.png using Guid(e5425bce73b28c948842b13b1a17cae3) Importer(2089858483,b0f066a214c2f5e87bad3c948f4d605d) (ScriptedImporter) -> (artifact id: 'ebbf772cdf6543628ce9049b60919fba') in 0.0328875 seconds
Number of updated asset objects reloaded before import = 0Number of asset objects unloaded after import = 1

========================================================================
Received Import Request.
  Time since last request: 0.000056 seconds.
  path: Assets/Import/Lahmadju/ImportedModels/Control-Device_X_II/textures/tripo_material_b589396f-5f6d-4878-a59f-b4a5ff57f2a0_metallicRoughness_1_metal.png
  artifactKey: Guid(147eee1e0d4f3ab4cadce31ff88b62ef) Importer(2089858483,b0f066a214c2f5e87bad3c948f4d605d)
Start importing Assets/Import/Lahmadju/ImportedModels/Control-Device_X_II/textures/tripo_material_b589396f-5f6d-4878-a59f-b4a5ff57f2a0_metallicRoughness_1_metal.png using Guid(147eee1e0d4f3ab4cadce31ff88b62ef) Importer(2089858483,b0f066a214c2f5e87bad3c948f4d605d) (ScriptedImporter) -> (artifact id: '6e2c17dfda28ce9fa496e693cfd00a0f') in 0.0362186 seconds
Number of updated asset objects reloaded before import = 0Number of asset objects unloaded after import = 1

========================================================================
Received Import Request.
  Time since last request: 0.000026 seconds.
  path: Assets/Import/Lahmadju/ImportedModels/Spacecraft_Control_Terminal_Console_ORANGE/textures/Material.067_1001_metallicRoughness_243_metal.png
  artifactKey: Guid(fbf20e3f8a854ad4e82ca66a05f2d56a) Importer(2089858483,b0f066a214c2f5e87bad3c948f4d605d)
Start importing Assets/Import/Lahmadju/ImportedModels/Spacecraft_Control_Terminal_Console_ORANGE/textures/Material.067_1001_metallicRoughness_243_metal.png using Guid(fbf20e3f8a854ad4e82ca66a05f2d56a) Importer(2089858483,b0f066a214c2f5e87bad3c948f4d605d) (ScriptedImporter) -> (artifact id: 'd81eb202bede20ee44cec77d63fb4dd3') in 0.033088 seconds
Number of updated asset objects reloaded before import = 0Number of asset objects unloaded after import = 1

========================================================================
Received Import Request.
  Time since last request: 0.000027 seconds.
  path: Assets/Import/Lahmadju/ImportedModels/Free_Sci_Fi_Helmet/textures/material_metallicRoughness_15_metal.png
  artifactKey: Guid(c955673fb5425634ba9f56ffe295ca33) Importer(2089858483,b0f066a214c2f5e87bad3c948f4d605d)
Start importing Assets/Import/Lahmadju/ImportedModels/Free_Sci_Fi_Helmet/textures/material_metallicRoughness_15_metal.png using Guid(c955673fb5425634ba9f56ffe295ca33) Importer(2089858483,b0f066a214c2f5e87bad3c948f4d605d) (ScriptedImporter) -> (artifact id: '9627b53025c3787e3a29e8f9df9ec740') in 0.0311622 seconds
Number of updated asset objects reloaded before import = 0Number of asset objects unloaded after import = 1

========================================================================
Received Import Request.
  Time since last request: 0.000036 seconds.
  path: Assets/Import/Lahmadju/ImportedModels/Arcade_Game_-_Space_Invaders/textures/CR_videogamecoins_baseColor_6.png
  artifactKey: Guid(6c4f5a8ef8c54b6428ca443c9b9f4684) Importer(2089858483,b0f066a214c2f5e87bad3c948f4d605d)
Start importing Assets/Import/Lahmadju/ImportedModels/Arcade_Game_-_Space_Invaders/textures/CR_videogamecoins_baseColor_6.png using Guid(6c4f5a8ef8c54b6428ca443c9b9f4684) Importer(2089858483,b0f066a214c2f5e87bad3c948f4d605d) (ScriptedImporter) -> (artifact id: '01e7a44b19cc617ceb858bcdedec9d92') in 0.0284556 seconds
Number of updated asset objects reloaded before import = 0Number of asset objects unloaded after import = 1

========================================================================
Received Import Request.
  Time since last request: 12.867576 seconds.
  path: Assets/Import/Lahmadju/AstarPathfindingProject/Utilities/AstarMemory.cs
  artifactKey: Guid(9bdecddfdfec947eb8ed96282e4b1fe1) Importer(2089858483,b0f066a214c2f5e87bad3c948f4d605d)
Start importing Assets/Import/Lahmadju/AstarPathfindingProject/Utilities/AstarMemory.cs using Guid(9bdecddfdfec947eb8ed96282e4b1fe1) Importer(2089858483,b0f066a214c2f5e87bad3c948f4d605d) (ScriptedImporter) -> (artifact id: '048e05caf18d94c57e58bed75689730e') in 0.0097068 seconds
Number of updated asset objects reloaded before import = 0Number of asset objects unloaded after import = 0

========================================================================
Received Import Request.
  Time since last request: 0.000023 seconds.
  path: Assets/Import/Lahmadju/Animations/Cinema/Character/Fast Running.anim
  artifactKey: Guid(f58017ff15a4e66429f07eb97acad8d3) Importer(2089858483,b0f066a214c2f5e87bad3c948f4d605d)
Start importing Assets/Import/Lahmadju/Animations/Cinema/Character/Fast Running.anim using Guid(f58017ff15a4e66429f07eb97acad8d3) Importer(2089858483,b0f066a214c2f5e87bad3c948f4d605d) (ScriptedImporter) -> (artifact id: '62d443d61965fc979081aac800419632') in 0.0429045 seconds
Number of updated asset objects reloaded before import = 0Number of asset objects unloaded after import = 1

========================================================================
Received Import Request.
  Time since last request: 4.266895 seconds.
  path: Assets/Import/Lahmadju/Scenes/Bossfight Scene/LightingData.asset
  artifactKey: Guid(2ce9df645d275ab4bb9d3e02bc7820b7) Importer(2089858483,b0f066a214c2f5e87bad3c948f4d605d)
Start importing Assets/Import/Lahmadju/Scenes/Bossfight Scene/LightingData.asset using Guid(2ce9df645d275ab4bb9d3e02bc7820b7) Importer(2089858483,b0f066a214c2f5e87bad3c948f4d605d) (ScriptedImporter) -> (artifact id: '6d371176cd24f8073e3584424620e6e1') in 1.0848447 seconds
Number of updated asset objects reloaded before import = 0Number of asset objects unloaded after import = 2

========================================================================
Received Prepare
'Packages/com.unity.cinemachine/Editor/Obsolete/CinemachineVirtualCameraBaseEditor.cs' contains partial class of Unity.Object, exactly 1 of the partial classes needs to be in a file with the same filename. This is to know the one that can be referenced from ie. GameObjects
'Packages/com.unity.cinemachine/Editor/Editors/CinemachineVirtualCameraBaseEditor.cs' contains partial class of Unity.Object, exactly 1 of the partial classes needs to be in a file with the same filename. This is to know the one that can be referenced from ie. GameObjects
Refreshing native plugins compatible for Editor in 1.76 ms, found 3 plugins.
Preloading 0 native plugins for Editor in 0.00 ms.
Unloading 17 Unused Serialized files (Serialized files now loaded: 0)
Unloading 7056 unused Assets / (4.1 MB). Loaded Objects now: 7901.
Memory consumption went from 156.6 MB to 152.5 MB.
Total: 15.934000 ms (FindLiveObjects: 1.083800 ms CreateObjectMapping: 1.029400 ms MarkObjects: 10.791300 ms  DeleteObjects: 3.027900 ms)

Prepare: number of updated asset objects reloaded= 0
========================================================================
Received Prepare
'Packages/com.unity.cinemachine/Editor/Obsolete/CinemachineVirtualCameraBaseEditor.cs' contains partial class of Unity.Object, exactly 1 of the partial classes needs to be in a file with the same filename. This is to know the one that can be referenced from ie. GameObjects
'Packages/com.unity.cinemachine/Editor/Editors/CinemachineVirtualCameraBaseEditor.cs' contains partial class of Unity.Object, exactly 1 of the partial classes needs to be in a file with the same filename. This is to know the one that can be referenced from ie. GameObjects
Refreshing native plugins compatible for Editor in 2.09 ms, found 3 plugins.
Preloading 0 native plugins for Editor in 0.00 ms.
Unloading 17 Unused Serialized files (Serialized files now loaded: 0)
Unloading 7053 unused Assets / (4.1 MB). Loaded Objects now: 7900.
Memory consumption went from 156.5 MB to 152.5 MB.
Total: 17.770800 ms (FindLiveObjects: 1.116800 ms CreateObjectMapping: 1.262400 ms MarkObjects: 11.112900 ms  DeleteObjects: 4.276600 ms)

Prepare: number of updated asset objects reloaded= 0
========================================================================
Received Prepare
'Packages/com.unity.cinemachine/Editor/Obsolete/CinemachineVirtualCameraBaseEditor.cs' contains partial class of Unity.Object, exactly 1 of the partial classes needs to be in a file with the same filename. This is to know the one that can be referenced from ie. GameObjects
'Packages/com.unity.cinemachine/Editor/Editors/CinemachineVirtualCameraBaseEditor.cs' contains partial class of Unity.Object, exactly 1 of the partial classes needs to be in a file with the same filename. This is to know the one that can be referenced from ie. GameObjects
Refreshing native plugins compatible for Editor in 1.72 ms, found 3 plugins.
Preloading 0 native plugins for Editor in 0.00 ms.
Unloading 17 Unused Serialized files (Serialized files now loaded: 0)
Unloading 7053 unused Assets / (4.5 MB). Loaded Objects now: 7900.
Memory consumption went from 156.5 MB to 152.0 MB.
Total: 16.179200 ms (FindLiveObjects: 1.153300 ms CreateObjectMapping: 1.122400 ms MarkObjects: 10.197600 ms  DeleteObjects: 3.704500 ms)

Prepare: number of updated asset objects reloaded= 0
========================================================================
Received Prepare
'Packages/com.unity.cinemachine/Editor/Obsolete/CinemachineVirtualCameraBaseEditor.cs' contains partial class of Unity.Object, exactly 1 of the partial classes needs to be in a file with the same filename. This is to know the one that can be referenced from ie. GameObjects
'Packages/com.unity.cinemachine/Editor/Editors/CinemachineVirtualCameraBaseEditor.cs' contains partial class of Unity.Object, exactly 1 of the partial classes needs to be in a file with the same filename. This is to know the one that can be referenced from ie. GameObjects
Refreshing native plugins compatible for Editor in 1.81 ms, found 3 plugins.
Preloading 0 native plugins for Editor in 0.00 ms.
Unloading 17 Unused Serialized files (Serialized files now loaded: 0)
Unloading 7052 unused Assets / (4.1 MB). Loaded Objects now: 7899.
Memory consumption went from 156.5 MB to 152.4 MB.
Total: 15.670100 ms (FindLiveObjects: 1.163500 ms CreateObjectMapping: 1.643300 ms MarkObjects: 9.703700 ms  DeleteObjects: 3.157600 ms)

Prepare: number of updated asset objects reloaded= 0
========================================================================
Received Prepare
Assembly reference Packages/com.unity.cinemachine/Editor/Samples/ExposeHDRPInternals/HDRP-Editor-ref.asmref has no target assembly definition
Assembly reference Packages/com.unity.cinemachine/Editor/Samples/ExposeHDRPInternals/HDRP-Editor-ref.asmref has no target assembly definition
Begin MonoManager ReloadAssembly
[Licensing::Client] Successfully resolved entitlement details
[Licensing::Module] License group:
  Id: F4-C7SA-D7MS-282S-YHFX-XXXX
  Product: Unity Personal
  Type: ULF
  Expiration: Unlimited
[Licensing::Module] License group:
  Id: 10170697332008-UnityPersXXXX
  Product: Unity Personal
  Type: Assigned
  Expiration: Unlimited
ADTM: Control thread waiting for realtime thread timed out, have to lock...
Duplicate assembly 'System.Collections.Immutable.FSR.dll' with different versions detected, using 'Assets/FastScriptReload/Plugins/Roslyn/2021+/System.Collections.Immutable.FSR.dll, AssemblyName=System.Collections.Immutable, Version=7.0.0.0, Culture=neutral, PublicKeyToken=b03f5f7f11d50a3a' and ignoring 'Assets/FastScriptReload/Plugins/Roslyn/System.Collections.Immutable.dll, AssemblyName=System.Collections.Immutable, Version=1.2.3.0, Culture=neutral, PublicKeyToken=b03f5f7f11d50a3a'.Duplicate assembly 'System.Collections.Immutable.FSR.dll' with different versions detected, using 'Assets/FastScriptReload/Plugins/Roslyn/2021+/System.Collections.Immutable.FSR.dll, AssemblyName=System.Collections.Immutable, Version=7.0.0.0, Culture=neutral, PublicKeyToken=b03f5f7f11d50a3a' and ignoring 'Assets/FastScriptReload/Plugins/Roslyn/2021+/System.Collections.Immutable.dll, AssemblyName=System.Collections.Immutable, Version=1.2.3.0, Culture=neutral, PublicKeyToken=b03f5f7f11d50a3a'.Duplicate assembly 'Microsoft.CodeAnalysis.CSharp.dll' with different versions detected, using 'Assets/FastScriptReload/Plugins/Roslyn/2021+/Microsoft.CodeAnalysis.CSharp.dll, AssemblyName=Microsoft.CodeAnalysis.CSharp, Version=4.6.0.0, Culture=neutral, PublicKeyToken=31bf3856ad364e35' and ignoring 'Assets/FastScriptReload/Plugins/Roslyn/Microsoft.CodeAnalysis.CSharp.dll, AssemblyName=Microsoft.CodeAnalysis.CSharp, Version=2.10.0.0, Culture=neutral, PublicKeyToken=31bf3856ad364e35'.Duplicate assembly 'System.Reflection.Metadata.dll' with different versions detected, using 'Assets/FastScriptReload/Plugins/Roslyn/2021+/System.Reflection.Metadata.dll, AssemblyName=System.Reflection.Metadata, Version=7.0.0.0, Culture=neutral, PublicKeyToken=b03f5f7f11d50a3a' and ignoring 'Assets/FastScriptReload/Plugins/Roslyn/System.Reflection.Metadata.dll, AssemblyName=System.Reflection.Metadata, Version=1.4.3.0, Culture=neutral, PublicKeyToken=b03f5f7f11d50a3a'.Duplicate assembly 'Microsoft.CodeAnalysis.dll' with different versions detected, using 'Assets/FastScriptReload/Plugins/Roslyn/2021+/Microsoft.CodeAnalysis.dll, AssemblyName=Microsoft.CodeAnalysis, Version=4.6.0.0, Culture=neutral, PublicKeyToken=31bf3856ad364e35' and ignoring 'Assets/FastScriptReload/Plugins/Roslyn/Microsoft.CodeAnalysis.dll, AssemblyName=Microsoft.CodeAnalysis, Version=2.10.0.0, Culture=neutral, PublicKeyToken=31bf3856ad364e35'.- Loaded All Assemblies, in  2.761 seconds
Assembly reference Packages/com.unity.cinemachine/Editor/Samples/ExposeHDRPInternals/HDRP-Editor-ref.asmref has no target assembly definition
'Packages/com.unity.cinemachine/Editor/Obsolete/CinemachineVirtualCameraBaseEditor.cs' contains partial class of Unity.Object, exactly 1 of the partial classes needs to be in a file with the same filename. This is to know the one that can be referenced from ie. GameObjects
'Packages/com.unity.cinemachine/Editor/Editors/CinemachineVirtualCameraBaseEditor.cs' contains partial class of Unity.Object, exactly 1 of the partial classes needs to be in a file with the same filename. This is to know the one that can be referenced from ie. GameObjects
Refreshing native plugins compatible for Editor in 1.58 ms, found 3 plugins.
Native extension for UWP target not found
Native extension for WindowsStandalone target not found
Assembly reference Packages/com.unity.cinemachine/Editor/Samples/ExposeHDRPInternals/HDRP-Editor-ref.asmref has no target assembly definition
[Package Manager] Failed to launch server process. Reason: Unity was launched with the -noUpm command-line argument
[Package Manager] Unable to send message (not connected to server process).
[Package Manager] Cannot connect to Unity Package Manager local server
[Package Manager] Failed to launch server process. Reason: Unity was launched with the -noUpm command-line argument
[Package Manager] Unable to send message (not connected to server process).
[Package Manager] Cannot connect to Unity Package Manager local server
ScheduleIndexationOnStartup MainProcess:False IndexOnStartup:True
Mono: successfully reloaded assembly
- Finished resetting the current domain, in  2.153 seconds
Domain Reload Profiling: 4916ms
	BeginReloadAssembly (1422ms)
		ExecutionOrderSort (0ms)
		DisableScriptedObjects (13ms)
		BackupInstance (0ms)
		ReleaseScriptingObjects (0ms)
		CreateAndSetChildDomain (1106ms)
	RebuildCommonClasses (62ms)
	RebuildNativeTypeToScriptingClass (25ms)
	initialDomainReloadingComplete (96ms)
	LoadAllAssembliesAndSetupDomain (1158ms)
		LoadAssemblies (861ms)
		RebuildTransferFunctionScriptingTraits (0ms)
		AnalyzeDomain (513ms)
			TypeCache.Refresh (27ms)
				TypeCache.ScanAssembly (11ms)
			BuildScriptInfoCaches (448ms)
			ResolveRequiredComponents (32ms)
	FinalizeReload (2154ms)
		ReleaseScriptCaches (0ms)
		RebuildScriptCaches (0ms)
		SetupLoadedEditorAssemblies (1864ms)
			LogAssemblyErrors (0ms)
			InitializePlatformSupportModulesInManaged (3ms)
			SetLoadedEditorAssemblies (13ms)
			BeforeProcessingInitializeOnLoad (406ms)
			ProcessInitializeOnLoadAttributes (1315ms)
			ProcessInitializeOnLoadMethodAttributes (122ms)
			AfterProcessingInitializeOnLoad (5ms)
			EditorAssembliesLoaded (1ms)
		ExecutionOrderSort2 (0ms)
		AwakeInstancesAfterBackupRestoration (28ms)
Refreshing native plugins compatible for Editor in 1.57 ms, found 3 plugins.
Preloading 0 native plugins for Editor in 0.00 ms.
Unloading 17 Unused Serialized files (Serialized files now loaded: 0)
Unloading 7061 unused Assets / (5.4 MB). Loaded Objects now: 7916.
Memory consumption went from 164.5 MB to 159.1 MB.
Total: 14.033700 ms (FindLiveObjects: 1.164800 ms CreateObjectMapping: 0.847100 ms MarkObjects: 8.166000 ms  DeleteObjects: 3.854200 ms)

Prepare: number of updated asset objects reloaded= 0
========================================================================
Received Import Request.
  Time since last request: 604.103659 seconds.
  path: Assets/Import/Lahmadju/ImportedModels/Spacecraft_Control_Terminal_Console_ORANGE/materials/Bacspace_1001_44.mat
  artifactKey: Guid(91a0464649e3bbf46a0d2c332d1f3b4d) Importer(2089858483,b0f066a214c2f5e87bad3c948f4d605d)
Start importing Assets/Import/Lahmadju/ImportedModels/Spacecraft_Control_Terminal_Console_ORANGE/materials/Bacspace_1001_44.mat using Guid(91a0464649e3bbf46a0d2c332d1f3b4d) Importer(2089858483,b0f066a214c2f5e87bad3c948f4d605d) (ScriptedImporter) -> (artifact id: 'f942ff423b24cc162e3db70782efed75') in 2.6608269 seconds
Number of updated asset objects reloaded before import = 0Number of asset objects unloaded after import = 6

========================================================================
Received Import Request.
  Time since last request: 0.000106 seconds.
  path: Assets/Import/Lahmadju/ImportedModels/Mercury_planet_(brass_stylised)/materials/Material_2_0.mat
  artifactKey: Guid(3d71f47f2df9bd24b887160c58126a36) Importer(2089858483,b0f066a214c2f5e87bad3c948f4d605d)
Start importing Assets/Import/Lahmadju/ImportedModels/Mercury_planet_(brass_stylised)/materials/Material_2_0.mat using Guid(3d71f47f2df9bd24b887160c58126a36) Importer(2089858483,b0f066a214c2f5e87bad3c948f4d605d) (ScriptedImporter) -> (artifact id: '29f897a3153ad652a6cc459bf51166cb') in 0.1788377 seconds
Number of updated asset objects reloaded before import = 0Number of asset objects unloaded after import = 5

========================================================================
Received Import Request.
  Time since last request: 0.000102 seconds.
  path: Assets/Import/Lahmadju/ImportedModels/Sci-Fi_Sword/materials/Material.001_0.mat
  artifactKey: Guid(9576bb55de7a2a445a2e221826ba28fb) Importer(2089858483,b0f066a214c2f5e87bad3c948f4d605d)
Start importing Assets/Import/Lahmadju/ImportedModels/Sci-Fi_Sword/materials/Material.001_0.mat using Guid(9576bb55de7a2a445a2e221826ba28fb) Importer(2089858483,b0f066a214c2f5e87bad3c948f4d605d) (ScriptedImporter) -> (artifact id: '8139f168d67d3eee43db5340951a0d1c') in 0.1052479 seconds
Number of updated asset objects reloaded before import = 0Number of asset objects unloaded after import = 2

========================================================================
Received Import Request.
  Time since last request: 0.000138 seconds.
  path: Assets/Import/Lahmadju/ImportedModels/Spacecraft_Control_Terminal_Console_ORANGE/materials/Material.068_1001_79.mat
  artifactKey: Guid(9314e446231f19644a4a0726ec9495bb) Importer(2089858483,b0f066a214c2f5e87bad3c948f4d605d)
Start importing Assets/Import/Lahmadju/ImportedModels/Spacecraft_Control_Terminal_Console_ORANGE/materials/Material.068_1001_79.mat using Guid(9314e446231f19644a4a0726ec9495bb) Importer(2089858483,b0f066a214c2f5e87bad3c948f4d605d) (ScriptedImporter) -> (artifact id: 'e91a8f71db0d371535af88a504706768') in 0.1410939 seconds
Number of updated asset objects reloaded before import = 0Number of asset objects unloaded after import = 6

========================================================================
Received Import Request.
  Time since last request: 0.000073 seconds.
  path: Assets/Import/Lahmadju/ImportedModels/Space_Music!/materials/metal_1.mat
  artifactKey: Guid(378d13ea5dd05644ebb104b6e3b20b3a) Importer(2089858483,b0f066a214c2f5e87bad3c948f4d605d)
Start importing Assets/Import/Lahmadju/ImportedModels/Space_Music!/materials/metal_1.mat using Guid(378d13ea5dd05644ebb104b6e3b20b3a) Importer(2089858483,b0f066a214c2f5e87bad3c948f4d605d) (ScriptedImporter) -> (artifact id: 'c1f1c37298e083f053f3de08998f45b9') in 0.0683073 seconds
Number of updated asset objects reloaded before import = 0Number of asset objects unloaded after import = 3

========================================================================
Received Import Request.
  Time since last request: 0.000092 seconds.
  path: Assets/Import/Lahmadju/ImportedModels/Spacecraft_Control_Terminal_Console_ORANGE/materials/1001_56_56.mat
  artifactKey: Guid(1c61b210a3f98a240be27916e0c593cc) Importer(2089858483,b0f066a214c2f5e87bad3c948f4d605d)
Start importing Assets/Import/Lahmadju/ImportedModels/Spacecraft_Control_Terminal_Console_ORANGE/materials/1001_56_56.mat using Guid(1c61b210a3f98a240be27916e0c593cc) Importer(2089858483,b0f066a214c2f5e87bad3c948f4d605d) (ScriptedImporter) -> (artifact id: 'c513a2abd1c66fbb232b1f04128fb61d') in 0.1967842 seconds
Number of updated asset objects reloaded before import = 0Number of asset objects unloaded after import = 6

========================================================================
Received Import Request.
  Time since last request: 0.000125 seconds.
  path: Assets/Import/Lahmadju/ImportedModels/Space_Bottle/materials/Material.006_5.mat
  artifactKey: Guid(ee13230f5c1fe3f4f89eb0fc4548e027) Importer(2089858483,b0f066a214c2f5e87bad3c948f4d605d)
Start importing Assets/Import/Lahmadju/ImportedModels/Space_Bottle/materials/Material.006_5.mat using Guid(ee13230f5c1fe3f4f89eb0fc4548e027) Importer(2089858483,b0f066a214c2f5e87bad3c948f4d605d) (ScriptedImporter) -> (artifact id: 'ae64789e28cc2155c875450d66f79c58') in 0.0496948 seconds
Number of updated asset objects reloaded before import = 0Number of asset objects unloaded after import = 2

========================================================================
Received Import Request.
  Time since last request: 0.000079 seconds.
  path: Assets/Import/Lahmadju/ImportedModels/Space_container_-_Mars_mission/materials/material_0.mat
  artifactKey: Guid(46280354352638e41bacc2c73be46b19) Importer(2089858483,b0f066a214c2f5e87bad3c948f4d605d)
Start importing Assets/Import/Lahmadju/ImportedModels/Space_container_-_Mars_mission/materials/material_0.mat using Guid(46280354352638e41bacc2c73be46b19) Importer(2089858483,b0f066a214c2f5e87bad3c948f4d605d) (ScriptedImporter) -> (artifact id: '68d0fd292b045168e982479fee63f24f') in 0.0864555 seconds
Number of updated asset objects reloaded before import = 0Number of asset objects unloaded after import = 6

========================================================================
Received Import Request.
  Time since last request: 0.000074 seconds.
  path: Assets/Import/Lahmadju/ImportedModels/Sci-Fi_Personal_Space_Pod_Ship(weekly_challenge)/materials/material_0.mat
  artifactKey: Guid(f72459f14b0b0654faa38f0819882803) Importer(2089858483,b0f066a214c2f5e87bad3c948f4d605d)
Start importing Assets/Import/Lahmadju/ImportedModels/Sci-Fi_Personal_Space_Pod_Ship(weekly_challenge)/materials/material_0.mat using Guid(f72459f14b0b0654faa38f0819882803) Importer(2089858483,b0f066a214c2f5e87bad3c948f4d605d) (ScriptedImporter) -> (artifact id: 'd41a89c35f58773b9534b8fc0526e3f1') in 0.1247515 seconds
Number of updated asset objects reloaded before import = 0Number of asset objects unloaded after import = 5

========================================================================
Received Import Request.
  Time since last request: 0.000107 seconds.
  path: Assets/Import/Lahmadju/ImportedModels/test_saturn/materials/material_1_1.mat
  artifactKey: Guid(7e7d95a57b30a7a4798340c00ea5b2f5) Importer(2089858483,b0f066a214c2f5e87bad3c948f4d605d)
Start importing Assets/Import/Lahmadju/ImportedModels/test_saturn/materials/material_1_1.mat using Guid(7e7d95a57b30a7a4798340c00ea5b2f5) Importer(2089858483,b0f066a214c2f5e87bad3c948f4d605d) (ScriptedImporter) -> (artifact id: '2cc5d41ed457d7563729c914f37c3ee7') in 0.2646106 seconds
Number of updated asset objects reloaded before import = 0Number of asset objects unloaded after import = 2

========================================================================
Received Import Request.
  Time since last request: 0.000130 seconds.
  path: Assets/Import/Lahmadju/ImportedModels/Spacecraft_Control_Terminal_Console_ORANGE/materials/Material.044_1001_54.mat
  artifactKey: Guid(e120fbb86410e1f43baf5ae430a4e828) Importer(2089858483,b0f066a214c2f5e87bad3c948f4d605d)
Start importing Assets/Import/Lahmadju/ImportedModels/Spacecraft_Control_Terminal_Console_ORANGE/materials/Material.044_1001_54.mat using Guid(e120fbb86410e1f43baf5ae430a4e828) Importer(2089858483,b0f066a214c2f5e87bad3c948f4d605d) (ScriptedImporter) -> (artifact id: '2479884889843d4f7deb9a8b68d0131d') in 0.3066078 seconds
Number of updated asset objects reloaded before import = 0Number of asset objects unloaded after import = 6

========================================================================
Received Import Request.
  Time since last request: 4.722726 seconds.
  path: Assets/Import/Lahmadju/ImportedModels/Spacecraft_Control_Terminal_Console_ORANGE/materials/F5_1001_26.mat
  artifactKey: Guid(aa4d06c581e1cb147b87e7eab727b1bd) Importer(2089858483,b0f066a214c2f5e87bad3c948f4d605d)
Start importing Assets/Import/Lahmadju/ImportedModels/Spacecraft_Control_Terminal_Console_ORANGE/materials/F5_1001_26.mat using Guid(aa4d06c581e1cb147b87e7eab727b1bd) Importer(2089858483,b0f066a214c2f5e87bad3c948f4d605d) (ScriptedImporter) -> (artifact id: '237759c4ae3bcc003f45fb5b7765a65f') in 0.0508386 seconds
Number of updated asset objects reloaded before import = 0Number of asset objects unloaded after import = 6

========================================================================
Received Import Request.
  Time since last request: 0.000044 seconds.
  path: Assets/Import/Lahmadju/ImportedModels/Spacecraft_Control_Terminal_Console_ORANGE/materials/B_1001_69.mat
  artifactKey: Guid(e74200ad2f6e76e4cac801d5dda4b1e2) Importer(2089858483,b0f066a214c2f5e87bad3c948f4d605d)
Start importing Assets/Import/Lahmadju/ImportedModels/Spacecraft_Control_Terminal_Console_ORANGE/materials/B_1001_69.mat using Guid(e74200ad2f6e76e4cac801d5dda4b1e2) Importer(2089858483,b0f066a214c2f5e87bad3c948f4d605d) (ScriptedImporter) -> (artifact id: 'f4f8f5782e53c606ace16b7c8b3d6ee6') in 0.0360576 seconds
Number of updated asset objects reloaded before import = 0Number of asset objects unloaded after import = 6

========================================================================
Received Import Request.
  Time since last request: 0.000046 seconds.
  path: Assets/Import/Lahmadju/ImportedModels/Computer_[X]_Terminal-II/materials/tripo_material_64b90b42-9cbf-4e86-a416-97b809937c5f_0.mat
  artifactKey: Guid(4309e4a06befa4342978e210a813b761) Importer(2089858483,b0f066a214c2f5e87bad3c948f4d605d)
Start importing Assets/Import/Lahmadju/ImportedModels/Computer_[X]_Terminal-II/materials/tripo_material_64b90b42-9cbf-4e86-a416-97b809937c5f_0.mat using Guid(4309e4a06befa4342978e210a813b761) Importer(2089858483,b0f066a214c2f5e87bad3c948f4d605d) (ScriptedImporter) -> (artifact id: '27d6e356ba8cd45dfff0d401d5b79480') in 0.0392221 seconds
Number of updated asset objects reloaded before import = 0Number of asset objects unloaded after import = 5

========================================================================
Received Import Request.
  Time since last request: 0.000032 seconds.
  path: Assets/Import/Lahmadju/ImportedModels/Planet_Afroditi/materials/Material.002_1.mat
  artifactKey: Guid(697344f87f95f8540bbb1ad48f14c33d) Importer(2089858483,b0f066a214c2f5e87bad3c948f4d605d)
Start importing Assets/Import/Lahmadju/ImportedModels/Planet_Afroditi/materials/Material.002_1.mat using Guid(697344f87f95f8540bbb1ad48f14c33d) Importer(2089858483,b0f066a214c2f5e87bad3c948f4d605d) (ScriptedImporter) -> (artifact id: 'eeeaf4188d2adce9cc9cf975167edc12') in 0.0290917 seconds
Number of updated asset objects reloaded before import = 0Number of asset objects unloaded after import = 5

========================================================================
Received Import Request.
  Time since last request: 0.000025 seconds.
  path: Assets/Import/Lahmadju/ImportedModels/space_Terminal/materials/Scene_-_Root_0.mat
  artifactKey: Guid(409eced1678ac014d81a2e5846ba6f80) Importer(2089858483,b0f066a214c2f5e87bad3c948f4d605d)
Start importing Assets/Import/Lahmadju/ImportedModels/space_Terminal/materials/Scene_-_Root_0.mat using Guid(409eced1678ac014d81a2e5846ba6f80) Importer(2089858483,b0f066a214c2f5e87bad3c948f4d605d) (ScriptedImporter) -> (artifact id: 'e10f7986310b48bd88d1b4d03f150a3b') in 0.0399951 seconds
Number of updated asset objects reloaded before import = 0Number of asset objects unloaded after import = 6

========================================================================
Received Import Request.
  Time since last request: 0.000046 seconds.
  path: Assets/Import/Lahmadju/Materials/Ice BFS.mat
  artifactKey: Guid(ce22a8f95dd8e8b42bd1d496990ff0c4) Importer(2089858483,b0f066a214c2f5e87bad3c948f4d605d)
Start importing Assets/Import/Lahmadju/Materials/Ice BFS.mat using Guid(ce22a8f95dd8e8b42bd1d496990ff0c4) Importer(2089858483,b0f066a214c2f5e87bad3c948f4d605d) (ScriptedImporter) -> (artifact id: 'bfed1940641055d7c5ecd3178e3ded8f') in 0.0114051 seconds
Number of updated asset objects reloaded before import = 0Number of asset objects unloaded after import = 1

========================================================================
Received Import Request.
  Time since last request: 0.000023 seconds.
  path: Assets/Import/Lahmadju/ImportedModels/Spacecraft_Control_Terminal_Console_ORANGE/materials/Material.010_1001_18.mat
  artifactKey: Guid(619285d3cb4f7a24e9e1d91ddadc8ce3) Importer(2089858483,b0f066a214c2f5e87bad3c948f4d605d)
Start importing Assets/Import/Lahmadju/ImportedModels/Spacecraft_Control_Terminal_Console_ORANGE/materials/Material.010_1001_18.mat using Guid(619285d3cb4f7a24e9e1d91ddadc8ce3) Importer(2089858483,b0f066a214c2f5e87bad3c948f4d605d) (ScriptedImporter) -> (artifact id: 'fb24dea97f9bda9d65b4038b608ec0ef') in 0.0228073 seconds
Number of updated asset objects reloaded before import = 0Number of asset objects unloaded after import = 6

========================================================================
Received Import Request.
  Time since last request: 0.000025 seconds.
  path: Assets/Import/Lahmadju/ImportedModels/Lava_planet/materials/clouds_1.mat
  artifactKey: Guid(3a73a4c8affba1947b8e804e7a7eb896) Importer(2089858483,b0f066a214c2f5e87bad3c948f4d605d)
Start importing Assets/Import/Lahmadju/ImportedModels/Lava_planet/materials/clouds_1.mat using Guid(3a73a4c8affba1947b8e804e7a7eb896) Importer(2089858483,b0f066a214c2f5e87bad3c948f4d605d) (ScriptedImporter) -> (artifact id: 'c7435e8cfd4d5a931dd07e0976728c1b') in 0.0172213 seconds
Number of updated asset objects reloaded before import = 0Number of asset objects unloaded after import = 2

========================================================================
Received Import Request.
  Time since last request: 0.000026 seconds.
  path: Assets/Import/Lahmadju/ImportedModels/Spacecraft_Control_Terminal_Console_ORANGE/materials/F8_1001_29.mat
  artifactKey: Guid(c0ce7367f4b24194181c7ad7a72b25fc) Importer(2089858483,b0f066a214c2f5e87bad3c948f4d605d)
Start importing Assets/Import/Lahmadju/ImportedModels/Spacecraft_Control_Terminal_Console_ORANGE/materials/F8_1001_29.mat using Guid(c0ce7367f4b24194181c7ad7a72b25fc) Importer(2089858483,b0f066a214c2f5e87bad3c948f4d605d) (ScriptedImporter) -> (artifact id: '97ea76075a9015de964d37590c6d1b3b') in 0.0224012 seconds
Number of updated asset objects reloaded before import = 0Number of asset objects unloaded after import = 6

========================================================================
Received Import Request.
  Time since last request: 0.000045 seconds.
  path: Assets/Import/Lahmadju/ImportedModels/Spacecraft_Control_Terminal_Console_ORANGE/materials/alt_1_1001_16.mat
  artifactKey: Guid(438e701be9063b6439cd91b1d7c90913) Importer(2089858483,b0f066a214c2f5e87bad3c948f4d605d)
Start importing Assets/Import/Lahmadju/ImportedModels/Spacecraft_Control_Terminal_Console_ORANGE/materials/alt_1_1001_16.mat using Guid(438e701be9063b6439cd91b1d7c90913) Importer(2089858483,b0f066a214c2f5e87bad3c948f4d605d) (ScriptedImporter) -> (artifact id: '3c11f1d7cf6c38fa7a70d809ee1ac744') in 0.024215 seconds
Number of updated asset objects reloaded before import = 0Number of asset objects unloaded after import = 6

========================================================================
Received Import Request.
  Time since last request: 0.000046 seconds.
  path: Assets/Import/Lahmadju/ImportedModels/Sci-Fi_Personal_Space_Pod_Ship(weekly_challenge)/materials/material_1_1.mat
  artifactKey: Guid(845129a49d352b34db41d75011fc10b6) Importer(2089858483,b0f066a214c2f5e87bad3c948f4d605d)
Start importing Assets/Import/Lahmadju/ImportedModels/Sci-Fi_Personal_Space_Pod_Ship(weekly_challenge)/materials/material_1_1.mat using Guid(845129a49d352b34db41d75011fc10b6) Importer(2089858483,b0f066a214c2f5e87bad3c948f4d605d) (ScriptedImporter) -> (artifact id: 'e2b4888ba6a9e370ab909032c79e0515') in 0.0495157 seconds
Number of updated asset objects reloaded before import = 0Number of asset objects unloaded after import = 6

========================================================================
Received Import Request.
  Time since last request: 0.000036 seconds.
  path: Assets/Import/Lahmadju/ImportedModels/Space_Bottle/materials/Cube.003__0_0.mat
  artifactKey: Guid(59e62f6940aa79f4c9ef20640b626a5d) Importer(2089858483,b0f066a214c2f5e87bad3c948f4d605d)
Start importing Assets/Import/Lahmadju/ImportedModels/Space_Bottle/materials/Cube.003__0_0.mat using Guid(59e62f6940aa79f4c9ef20640b626a5d) Importer(2089858483,b0f066a214c2f5e87bad3c948f4d605d) (ScriptedImporter) -> (artifact id: 'a5d8c4669782f09b44bd28dacc3444af') in 0.0121231 seconds
Number of updated asset objects reloaded before import = 0Number of asset objects unloaded after import = 2

========================================================================
Received Import Request.
  Time since last request: 0.000035 seconds.
  path: Assets/Import/Lahmadju/ImportedModels/Spacecraft_Control_Terminal_Console_ORANGE/materials/Material.004_1001_1001_5.mat
  artifactKey: Guid(096146b90c7b1c340b518275d24f4325) Importer(2089858483,b0f066a214c2f5e87bad3c948f4d605d)
Start importing Assets/Import/Lahmadju/ImportedModels/Spacecraft_Control_Terminal_Console_ORANGE/materials/Material.004_1001_1001_5.mat using Guid(096146b90c7b1c340b518275d24f4325) Importer(2089858483,b0f066a214c2f5e87bad3c948f4d605d) (ScriptedImporter) -> (artifact id: '7a23d17255118a5c237f115737d9e952') in 0.0232575 seconds
Number of updated asset objects reloaded before import = 0Number of asset objects unloaded after import = 6

========================================================================
Received Import Request.
  Time since last request: 0.000046 seconds.
  path: Assets/Import/Lahmadju/ImportedModels/Arcade_Game_-_Space_Invaders/materials/CR_videogamecoins_2.mat
  artifactKey: Guid(33ab8f2a5755753419d12aa89c779b1a) Importer(2089858483,b0f066a214c2f5e87bad3c948f4d605d)
Start importing Assets/Import/Lahmadju/ImportedModels/Arcade_Game_-_Space_Invaders/materials/CR_videogamecoins_2.mat using Guid(33ab8f2a5755753419d12aa89c779b1a) Importer(2089858483,b0f066a214c2f5e87bad3c948f4d605d) (ScriptedImporter) -> (artifact id: '03a3e4c4560525dfc3eb1d23e1f7bb15') in 0.0236122 seconds
Number of updated asset objects reloaded before import = 0Number of asset objects unloaded after import = 3

========================================================================
Received Import Request.
  Time since last request: 0.000033 seconds.
  path: Assets/Import/Lahmadju/ImportedModels/Spacecraft_Control_Terminal_Console_ORANGE/materials/F3_1001_24.mat
  artifactKey: Guid(9fd4fa90963f17a4fa7b1446e1227bfb) Importer(2089858483,b0f066a214c2f5e87bad3c948f4d605d)
Start importing Assets/Import/Lahmadju/ImportedModels/Spacecraft_Control_Terminal_Console_ORANGE/materials/F3_1001_24.mat using Guid(9fd4fa90963f17a4fa7b1446e1227bfb) Importer(2089858483,b0f066a214c2f5e87bad3c948f4d605d) (ScriptedImporter) -> (artifact id: '4ad8f942e64fd2f0fa0acd78c5136ab9') in 0.025872 seconds
Number of updated asset objects reloaded before import = 0Number of asset objects unloaded after import = 6

========================================================================
Received Import Request.
  Time since last request: 0.000041 seconds.
  path: Assets/Import/Lahmadju/ImportedModels/Spacecraft_Control_Terminal_Console_ORANGE/materials/F10_1001_30.mat
  artifactKey: Guid(7a1530684bea4b94aa440d8ff1fea858) Importer(2089858483,b0f066a214c2f5e87bad3c948f4d605d)
Start importing Assets/Import/Lahmadju/ImportedModels/Spacecraft_Control_Terminal_Console_ORANGE/materials/F10_1001_30.mat using Guid(7a1530684bea4b94aa440d8ff1fea858) Importer(2089858483,b0f066a214c2f5e87bad3c948f4d605d) (ScriptedImporter) -> (artifact id: '3109b1651fa6ed4c51864637f7ae1b02') in 0.0260942 seconds
Number of updated asset objects reloaded before import = 0Number of asset objects unloaded after import = 6

========================================================================
Received Import Request.
  Time since last request: 0.000023 seconds.
  path: Assets/Import/Lahmadju/ImportedModels/Spacecraft_Control_Terminal_Console_ORANGE/materials/alt_1001_64.mat
  artifactKey: Guid(c556c764fed54024ea288f8048cf082a) Importer(2089858483,b0f066a214c2f5e87bad3c948f4d605d)
Start importing Assets/Import/Lahmadju/ImportedModels/Spacecraft_Control_Terminal_Console_ORANGE/materials/alt_1001_64.mat using Guid(c556c764fed54024ea288f8048cf082a) Importer(2089858483,b0f066a214c2f5e87bad3c948f4d605d) (ScriptedImporter) -> (artifact id: '188446976b6f56c75b14336746e20d96') in 0.0286806 seconds
Number of updated asset objects reloaded before import = 0Number of asset objects unloaded after import = 6

========================================================================
Received Import Request.
  Time since last request: 0.000028 seconds.
  path: Assets/Import/Lahmadju/ImportedModels/Spacecraft_Control_Terminal_Console_ORANGE/materials/caps_1001_12.mat
  artifactKey: Guid(2e2f4ce51fd813e4cbc9cff5a173e2a1) Importer(2089858483,b0f066a214c2f5e87bad3c948f4d605d)
Start importing Assets/Import/Lahmadju/ImportedModels/Spacecraft_Control_Terminal_Console_ORANGE/materials/caps_1001_12.mat using Guid(2e2f4ce51fd813e4cbc9cff5a173e2a1) Importer(2089858483,b0f066a214c2f5e87bad3c948f4d605d) (ScriptedImporter) -> (artifact id: '36797687fb77cdcdd4f8a3a7cf7d1c1c') in 0.0256157 seconds
Number of updated asset objects reloaded before import = 0Number of asset objects unloaded after import = 6

========================================================================
Received Import Request.
  Time since last request: 0.000035 seconds.
  path: Assets/Import/Lahmadju/Hovl Studio/Magic effects pack/Materials/Mask1.mat
  artifactKey: Guid(96d60590d2a3f0143a9a84d4568d9de8) Importer(2089858483,b0f066a214c2f5e87bad3c948f4d605d)
Start importing Assets/Import/Lahmadju/Hovl Studio/Magic effects pack/Materials/Mask1.mat using Guid(96d60590d2a3f0143a9a84d4568d9de8) Importer(2089858483,b0f066a214c2f5e87bad3c948f4d605d) (ScriptedImporter) -> (artifact id: '5c9eea886192b17b2fac859a87eaf2d7') in 0.0155865 seconds
Number of updated asset objects reloaded before import = 0Number of asset objects unloaded after import = 2

========================================================================
Received Import Request.
  Time since last request: 0.000023 seconds.
  path: Assets/Import/Lahmadju/Imported Models/Low Poly Cyber Ninja Sword/Model/Materials/MAT_Sword_Cyber_Plasma.mat
  artifactKey: Guid(28929489a7a13cb42ae8924c9b31f0f8) Importer(2089858483,b0f066a214c2f5e87bad3c948f4d605d)
Start importing Assets/Import/Lahmadju/Imported Models/Low Poly Cyber Ninja Sword/Model/Materials/MAT_Sword_Cyber_Plasma.mat using Guid(28929489a7a13cb42ae8924c9b31f0f8) Importer(2089858483,b0f066a214c2f5e87bad3c948f4d605d) (ScriptedImporter) -> (artifact id: 'e974b10f24a9f917605677649a04fcc6') in 0.0493196 seconds
Number of updated asset objects reloaded before import = 0Number of asset objects unloaded after import = 6

========================================================================
Received Import Request.
  Time since last request: 0.000046 seconds.
  path: Assets/Import/Lahmadju/ImportedModels/Spacecraft_Control_Terminal_Console_ORANGE/materials/1001_43_43.mat
  artifactKey: Guid(5f3b8d38386a636448d6911b3e68006d) Importer(2089858483,b0f066a214c2f5e87bad3c948f4d605d)
Start importing Assets/Import/Lahmadju/ImportedModels/Spacecraft_Control_Terminal_Console_ORANGE/materials/1001_43_43.mat using Guid(5f3b8d38386a636448d6911b3e68006d) Importer(2089858483,b0f066a214c2f5e87bad3c948f4d605d) (ScriptedImporter) -> (artifact id: 'c25b811d76a47c21b5aa2089e8a173ed') in 0.0218326 seconds
Number of updated asset objects reloaded before import = 0Number of asset objects unloaded after import = 6

========================================================================
Received Import Request.
  Time since last request: 0.000039 seconds.
  path: Assets/Import/Lahmadju/ImportedModels/Spacecraft_Control_Terminal_Console_ORANGE/materials/M_1001_82.mat
  artifactKey: Guid(7c84f9efda411ab46b6d21a89c0c3a67) Importer(2089858483,b0f066a214c2f5e87bad3c948f4d605d)
Start importing Assets/Import/Lahmadju/ImportedModels/Spacecraft_Control_Terminal_Console_ORANGE/materials/M_1001_82.mat using Guid(7c84f9efda411ab46b6d21a89c0c3a67) Importer(2089858483,b0f066a214c2f5e87bad3c948f4d605d) (ScriptedImporter) -> (artifact id: '0032e5a8653f66de8ef9971337a787ee') in 0.0232275 seconds
Number of updated asset objects reloaded before import = 0Number of asset objects unloaded after import = 6

========================================================================
Received Import Request.
  Time since last request: 0.000021 seconds.
  path: Assets/Import/Lahmadju/ImportedModels/Space_core_-_from_portal_2_(original)/materials/personality_sphere_light_damaged_2.mat
  artifactKey: Guid(0e7f27a8aaa79414287cda39a2426eb5) Importer(2089858483,b0f066a214c2f5e87bad3c948f4d605d)
Start importing Assets/Import/Lahmadju/ImportedModels/Space_core_-_from_portal_2_(original)/materials/personality_sphere_light_damaged_2.mat using Guid(0e7f27a8aaa79414287cda39a2426eb5) Importer(2089858483,b0f066a214c2f5e87bad3c948f4d605d) (ScriptedImporter) -> (artifact id: '5ed0c2d1254eb0ed90da10ff36ce613a') in 0.0132371 seconds
Number of updated asset objects reloaded before import = 0Number of asset objects unloaded after import = 3

========================================================================
Received Import Request.
  Time since last request: 0.000025 seconds.
  path: Assets/Import/Lahmadju/ImportedModels/Spacecraft_Control_Terminal_Console_ORANGE/materials/T_1001_50.mat
  artifactKey: Guid(67878ee0122c1614faeeb0605cd15adb) Importer(2089858483,b0f066a214c2f5e87bad3c948f4d605d)
Start importing Assets/Import/Lahmadju/ImportedModels/Spacecraft_Control_Terminal_Console_ORANGE/materials/T_1001_50.mat using Guid(67878ee0122c1614faeeb0605cd15adb) Importer(2089858483,b0f066a214c2f5e87bad3c948f4d605d) (ScriptedImporter) -> (artifact id: '27e14484328795c5a4bed3469b735cc1') in 0.0251562 seconds
Number of updated asset objects reloaded before import = 0Number of asset objects unloaded after import = 6

========================================================================
Received Import Request.
  Time since last request: 0.000026 seconds.
  path: Assets/Import/Lahmadju/ImportedModels/Spacecraft_Control_Terminal_Console_ORANGE/materials/Material.058_1001_78.mat
  artifactKey: Guid(350eb79332efe16419d63ce2052e71e6) Importer(2089858483,b0f066a214c2f5e87bad3c948f4d605d)
Start importing Assets/Import/Lahmadju/ImportedModels/Spacecraft_Control_Terminal_Console_ORANGE/materials/Material.058_1001_78.mat using Guid(350eb79332efe16419d63ce2052e71e6) Importer(2089858483,b0f066a214c2f5e87bad3c948f4d605d) (ScriptedImporter) -> (artifact id: '7c668860e1dc55570f33699e3d97318e') in 0.0223237 seconds
Number of updated asset objects reloaded before import = 0Number of asset objects unloaded after import = 6

========================================================================
Received Import Request.
  Time since last request: 0.000033 seconds.
  path: Assets/Import/Lahmadju/ImportedModels/Free_Sci_Fi_Helmet/materials/base01_7.mat
  artifactKey: Guid(106385010a0ada04a8a4e865aaa8894c) Importer(2089858483,b0f066a214c2f5e87bad3c948f4d605d)
Start importing Assets/Import/Lahmadju/ImportedModels/Free_Sci_Fi_Helmet/materials/base01_7.mat using Guid(106385010a0ada04a8a4e865aaa8894c) Importer(2089858483,b0f066a214c2f5e87bad3c948f4d605d) (ScriptedImporter) -> (artifact id: '387b4a06235674ec6b27f28b7baa454f') in 0.0377991 seconds
Number of updated asset objects reloaded before import = 0Number of asset objects unloaded after import = 6

========================================================================
Received Import Request.
  Time since last request: 0.000033 seconds.
  path: Assets/Import/Lahmadju/ImportedModels/Spaceship_(EZNO)/materials/Spaceship_1_0.mat
  artifactKey: Guid(3bf19dcda58203149a98aea5a5c27569) Importer(2089858483,b0f066a214c2f5e87bad3c948f4d605d)
Start importing Assets/Import/Lahmadju/ImportedModels/Spaceship_(EZNO)/materials/Spaceship_1_0.mat using Guid(3bf19dcda58203149a98aea5a5c27569) Importer(2089858483,b0f066a214c2f5e87bad3c948f4d605d) (ScriptedImporter) -> (artifact id: '800684637cd91cf468de211b32a058f6') in 0.0255846 seconds
Number of updated asset objects reloaded before import = 0Number of asset objects unloaded after import = 5

========================================================================
Received Import Request.
  Time since last request: 0.000032 seconds.
  path: Assets/Import/Lahmadju/ImportedModels/Spacecraft_Control_Terminal_Console_ORANGE/materials/Bok2_1001_1001_0.mat
  artifactKey: Guid(b2083f9d94172cb48ae26b54df7c9a7a) Importer(2089858483,b0f066a214c2f5e87bad3c948f4d605d)
Start importing Assets/Import/Lahmadju/ImportedModels/Spacecraft_Control_Terminal_Console_ORANGE/materials/Bok2_1001_1001_0.mat using Guid(b2083f9d94172cb48ae26b54df7c9a7a) Importer(2089858483,b0f066a214c2f5e87bad3c948f4d605d) (ScriptedImporter) -> (artifact id: 'd3f77af95b27673f0e8498321e55cfca') in 0.0227228 seconds
Number of updated asset objects reloaded before import = 0Number of asset objects unloaded after import = 6

========================================================================
Received Import Request.
  Time since last request: 0.000035 seconds.
  path: Assets/Import/Lahmadju/ImportedModels/Spacecraft_Control_Terminal_Console_ORANGE/materials/V_1001_68.mat
  artifactKey: Guid(c0a9db255cba8ec4ea62d50e0a37f166) Importer(2089858483,b0f066a214c2f5e87bad3c948f4d605d)
Start importing Assets/Import/Lahmadju/ImportedModels/Spacecraft_Control_Terminal_Console_ORANGE/materials/V_1001_68.mat using Guid(c0a9db255cba8ec4ea62d50e0a37f166) Importer(2089858483,b0f066a214c2f5e87bad3c948f4d605d) (ScriptedImporter) -> (artifact id: '5cf44a0d8d90585ce4fac7cf4c0c5332') in 0.0232824 seconds
Number of updated asset objects reloaded before import = 0Number of asset objects unloaded after import = 6

========================================================================
Received Import Request.
  Time since last request: 0.000050 seconds.
  path: Assets/Import/Lahmadju/ImportedModels/Spacecraft_Control_Terminal_Console_ORANGE/materials/R_1001_49.mat
  artifactKey: Guid(cc853a8614ca15e43b55a6a32e42952e) Importer(2089858483,b0f066a214c2f5e87bad3c948f4d605d)
Start importing Assets/Import/Lahmadju/ImportedModels/Spacecraft_Control_Terminal_Console_ORANGE/materials/R_1001_49.mat using Guid(cc853a8614ca15e43b55a6a32e42952e) Importer(2089858483,b0f066a214c2f5e87bad3c948f4d605d) (ScriptedImporter) -> (artifact id: 'dec1b59a27bdd8dbcf4352e3035ebae7') in 0.0237746 seconds
Number of updated asset objects reloaded before import = 0Number of asset objects unloaded after import = 6

========================================================================
Received Import Request.
  Time since last request: 0.000031 seconds.
  path: Assets/Import/Lahmadju/Imported Models/Oculus Hands/Materials/Hands_solid.mat
  artifactKey: Guid(3637b758ff163493f8bb8b6d7e96d7ae) Importer(2089858483,b0f066a214c2f5e87bad3c948f4d605d)
Start importing Assets/Import/Lahmadju/Imported Models/Oculus Hands/Materials/Hands_solid.mat using Guid(3637b758ff163493f8bb8b6d7e96d7ae) Importer(2089858483,b0f066a214c2f5e87bad3c948f4d605d) (ScriptedImporter) -> (artifact id: '0c1024464e4ae876e679fd1bd6a5b070') in 0.0111338 seconds
Number of updated asset objects reloaded before import = 0Number of asset objects unloaded after import = 1

========================================================================
Received Import Request.
  Time since last request: 0.000024 seconds.
  path: Assets/Import/Lahmadju/ImportedModels/Spacecraft_Control_Terminal_Console_ORANGE/materials/G_1001_72.mat
  artifactKey: Guid(b1847de0de021714d970d1566cbf4956) Importer(2089858483,b0f066a214c2f5e87bad3c948f4d605d)
Start importing Assets/Import/Lahmadju/ImportedModels/Spacecraft_Control_Terminal_Console_ORANGE/materials/G_1001_72.mat using Guid(b1847de0de021714d970d1566cbf4956) Importer(2089858483,b0f066a214c2f5e87bad3c948f4d605d) (ScriptedImporter) -> (artifact id: '6a47786ab571677c9c8e5b2dc1a118c6') in 0.0268252 seconds
Number of updated asset objects reloaded before import = 0Number of asset objects unloaded after import = 6

========================================================================
Received Import Request.
  Time since last request: 0.000033 seconds.
  path: Assets/Import/Lahmadju/Imported Models/_Barking_Dog/3D Free Modular Kit/_Meshes/Materials/Neon_01.mat
  artifactKey: Guid(91a1b05a08a334950a599b252610e8cf) Importer(2089858483,b0f066a214c2f5e87bad3c948f4d605d)
Start importing Assets/Import/Lahmadju/Imported Models/_Barking_Dog/3D Free Modular Kit/_Meshes/Materials/Neon_01.mat using Guid(91a1b05a08a334950a599b252610e8cf) Importer(2089858483,b0f066a214c2f5e87bad3c948f4d605d) (ScriptedImporter) -> (artifact id: '2644c4a8119ffd876e4b939ac0c7cee6') in 0.0130488 seconds
Number of updated asset objects reloaded before import = 0Number of asset objects unloaded after import = 2

========================================================================
Received Import Request.
  Time since last request: 0.000027 seconds.
  path: Assets/Import/Lahmadju/ImportedModels/Arcade_Game_-_Space_Invaders/materials/CR_videogamedesign2_3.mat
  artifactKey: Guid(be8e9b9ca0e16da4897d2a3b0471b2b0) Importer(2089858483,b0f066a214c2f5e87bad3c948f4d605d)
Start importing Assets/Import/Lahmadju/ImportedModels/Arcade_Game_-_Space_Invaders/materials/CR_videogamedesign2_3.mat using Guid(be8e9b9ca0e16da4897d2a3b0471b2b0) Importer(2089858483,b0f066a214c2f5e87bad3c948f4d605d) (ScriptedImporter) -> (artifact id: '228ae7aa8a66e27829263a3899b3de20') in 0.0239173 seconds
Number of updated asset objects reloaded before import = 0Number of asset objects unloaded after import = 4

========================================================================
Received Import Request.
  Time since last request: 0.000028 seconds.
  path: Assets/Import/Lahmadju/ImportedModels/Sci-Fi_Table/materials/Table_Plate_Black_2.mat
  artifactKey: Guid(62ffa62b90f75474ebb84a4cb58730b6) Importer(2089858483,b0f066a214c2f5e87bad3c948f4d605d)
Start importing Assets/Import/Lahmadju/ImportedModels/Sci-Fi_Table/materials/Table_Plate_Black_2.mat using Guid(62ffa62b90f75474ebb84a4cb58730b6) Importer(2089858483,b0f066a214c2f5e87bad3c948f4d605d) (ScriptedImporter) -> (artifact id: '6fff6627161d93751166badb021d641f') in 0.0115133 seconds
Number of updated asset objects reloaded before import = 0Number of asset objects unloaded after import = 2

========================================================================
Received Import Request.
  Time since last request: 0.000027 seconds.
  path: Assets/Import/Lahmadju/ImportedModels/Spacecraft_Control_Terminal_Console_ORANGE/materials/5_1001_36.mat
  artifactKey: Guid(b69c626d5801cca48aff2098b3713651) Importer(2089858483,b0f066a214c2f5e87bad3c948f4d605d)
Start importing Assets/Import/Lahmadju/ImportedModels/Spacecraft_Control_Terminal_Console_ORANGE/materials/5_1001_36.mat using Guid(b69c626d5801cca48aff2098b3713651) Importer(2089858483,b0f066a214c2f5e87bad3c948f4d605d) (ScriptedImporter) -> (artifact id: 'a52a2f7be832a9a814737d6020a9f4be') in 0.0258174 seconds
Number of updated asset objects reloaded before import = 0Number of asset objects unloaded after import = 6

========================================================================
Received Import Request.
  Time since last request: 0.000053 seconds.
  path: Assets/Import/Lahmadju/ImportedModels/Sci-Fi_Table/materials/Table_Light_1.mat
  artifactKey: Guid(32b265237b293d34aa911bb8f937f48a) Importer(2089858483,b0f066a214c2f5e87bad3c948f4d605d)
Start importing Assets/Import/Lahmadju/ImportedModels/Sci-Fi_Table/materials/Table_Light_1.mat using Guid(32b265237b293d34aa911bb8f937f48a) Importer(2089858483,b0f066a214c2f5e87bad3c948f4d605d) (ScriptedImporter) -> (artifact id: 'ef213e356da1f1b59083e5db69ef296a') in 0.014821 seconds
Number of updated asset objects reloaded before import = 0Number of asset objects unloaded after import = 2

========================================================================
Received Import Request.
  Time since last request: 0.000025 seconds.
  path: Assets/Import/Lahmadju/ImportedModels/Alien_Planet/materials/Planet_0.mat
  artifactKey: Guid(42d18c9ff5fb67c46bad77ff96dc5089) Importer(2089858483,b0f066a214c2f5e87bad3c948f4d605d)
Start importing Assets/Import/Lahmadju/ImportedModels/Alien_Planet/materials/Planet_0.mat using Guid(42d18c9ff5fb67c46bad77ff96dc5089) Importer(2089858483,b0f066a214c2f5e87bad3c948f4d605d) (ScriptedImporter) -> (artifact id: '3d357ae8ae436c2b159e1d279a92bc66') in 0.0314865 seconds
Number of updated asset objects reloaded before import = 0Number of asset objects unloaded after import = 4

========================================================================
Received Import Request.
  Time since last request: 0.000022 seconds.
  path: Assets/Import/Lahmadju/ImportedModels/Spacecraft_Control_Terminal_Console_ORANGE/materials/I_1001_53.mat
  artifactKey: Guid(8860c49bf1b750d41a82f65139176af0) Importer(2089858483,b0f066a214c2f5e87bad3c948f4d605d)
Start importing Assets/Import/Lahmadju/ImportedModels/Spacecraft_Control_Terminal_Console_ORANGE/materials/I_1001_53.mat using Guid(8860c49bf1b750d41a82f65139176af0) Importer(2089858483,b0f066a214c2f5e87bad3c948f4d605d) (ScriptedImporter) -> (artifact id: 'cd0386ba9a63820be22419021b531e76') in 0.0311542 seconds
Number of updated asset objects reloaded before import = 0Number of asset objects unloaded after import = 6

========================================================================
Received Import Request.
  Time since last request: 0.000030 seconds.
  path: Assets/Import/Lahmadju/ImportedModels/Spacecraft_Control_Terminal_Console_ORANGE/materials/Material.006_1001_1001_7.mat
  artifactKey: Guid(38a02278840c9134fac877137977ee7f) Importer(2089858483,b0f066a214c2f5e87bad3c948f4d605d)
Start importing Assets/Import/Lahmadju/ImportedModels/Spacecraft_Control_Terminal_Console_ORANGE/materials/Material.006_1001_1001_7.mat using Guid(38a02278840c9134fac877137977ee7f) Importer(2089858483,b0f066a214c2f5e87bad3c948f4d605d) (ScriptedImporter) -> (artifact id: '2002d3e95b68fddce27858925bae675c') in 0.0265051 seconds
Number of updated asset objects reloaded before import = 0Number of asset objects unloaded after import = 7

========================================================================
Received Import Request.
  Time since last request: 0.000039 seconds.
  path: Assets/Import/Lahmadju/ImportedModels/Free_Sci_Fi_Helmet/materials/Material.006_4.mat
  artifactKey: Guid(16b3e7a5a4b5343429ae7c710d9d0fac) Importer(2089858483,b0f066a214c2f5e87bad3c948f4d605d)
Start importing Assets/Import/Lahmadju/ImportedModels/Free_Sci_Fi_Helmet/materials/Material.006_4.mat using Guid(16b3e7a5a4b5343429ae7c710d9d0fac) Importer(2089858483,b0f066a214c2f5e87bad3c948f4d605d) (ScriptedImporter) -> (artifact id: '8bc44b89b410e9f089a7063792d9b135') in 0.0410344 seconds
Number of updated asset objects reloaded before import = 0Number of asset objects unloaded after import = 6

========================================================================
Received Import Request.
  Time since last request: 0.000024 seconds.
  path: Assets/Import/Lahmadju/Sci-FI_Trooper_Man_v.3/Materials/M_Top.mat
  artifactKey: Guid(f6c4fcaea8404a94a87b2205da5208a9) Importer(2089858483,b0f066a214c2f5e87bad3c948f4d605d)
Start importing Assets/Import/Lahmadju/Sci-FI_Trooper_Man_v.3/Materials/M_Top.mat using Guid(f6c4fcaea8404a94a87b2205da5208a9) Importer(2089858483,b0f066a214c2f5e87bad3c948f4d605d) (ScriptedImporter) -> (artifact id: 'a44f9c603b2840fa3a0411eb2e235d2f') in 0.1407942 seconds
Number of updated asset objects reloaded before import = 0Number of asset objects unloaded after import = 5

========================================================================
Received Import Request.
  Time since last request: 0.000034 seconds.
  path: Assets/Import/Lahmadju/ImportedModels/Spacecraft_Control_Terminal_Console_ORANGE/materials/Material.012_1001_20.mat
  artifactKey: Guid(1d5d07ec297da4c46a391be5eb91009d) Importer(2089858483,b0f066a214c2f5e87bad3c948f4d605d)
Start importing Assets/Import/Lahmadju/ImportedModels/Spacecraft_Control_Terminal_Console_ORANGE/materials/Material.012_1001_20.mat using Guid(1d5d07ec297da4c46a391be5eb91009d) Importer(2089858483,b0f066a214c2f5e87bad3c948f4d605d) (ScriptedImporter) -> (artifact id: '76fbfbe302bde4da43036e8f83ddb384') in 0.0308193 seconds
Number of updated asset objects reloaded before import = 0Number of asset objects unloaded after import = 6

========================================================================
Received Import Request.
  Time since last request: 0.000036 seconds.
  path: Assets/Import/Lahmadju/ImportedModels/Spacecraft_Control_Terminal_Console_ORANGE/materials/Material.005_1001_1001_6.mat
  artifactKey: Guid(1e6b49f00a5ffda40a0a8635d3f0b2b6) Importer(2089858483,b0f066a214c2f5e87bad3c948f4d605d)
Start importing Assets/Import/Lahmadju/ImportedModels/Spacecraft_Control_Terminal_Console_ORANGE/materials/Material.005_1001_1001_6.mat using Guid(1e6b49f00a5ffda40a0a8635d3f0b2b6) Importer(2089858483,b0f066a214c2f5e87bad3c948f4d605d) (ScriptedImporter) -> (artifact id: '89fbd1616ba395cfd64dd14a593219c1') in 0.0235133 seconds
Number of updated asset objects reloaded before import = 0Number of asset objects unloaded after import = 7

========================================================================
Received Import Request.
  Time since last request: 0.000023 seconds.
  path: Assets/Import/Lahmadju/ImportedModels/Spacecraft_Control_Terminal_Console_ORANGE/materials/Material.002_1001_1001_3.mat
  artifactKey: Guid(318e9a5f43c942f4cbf053161783d1e1) Importer(2089858483,b0f066a214c2f5e87bad3c948f4d605d)
Start importing Assets/Import/Lahmadju/ImportedModels/Spacecraft_Control_Terminal_Console_ORANGE/materials/Material.002_1001_1001_3.mat using Guid(318e9a5f43c942f4cbf053161783d1e1) Importer(2089858483,b0f066a214c2f5e87bad3c948f4d605d) (ScriptedImporter) -> (artifact id: 'd97d184c47f26f669325695f617b06c9') in 0.0244833 seconds
Number of updated asset objects reloaded before import = 0Number of asset objects unloaded after import = 6

========================================================================
Received Import Request.
  Time since last request: 0.000038 seconds.
  path: Assets/Import/Lahmadju/ImportedModels/Free_Sci_Fi_Helmet/materials/Material.004_2.mat
  artifactKey: Guid(ab32a0c891f31114e8674c4054d0ecb4) Importer(2089858483,b0f066a214c2f5e87bad3c948f4d605d)
Start importing Assets/Import/Lahmadju/ImportedModels/Free_Sci_Fi_Helmet/materials/Material.004_2.mat using Guid(ab32a0c891f31114e8674c4054d0ecb4) Importer(2089858483,b0f066a214c2f5e87bad3c948f4d605d) (ScriptedImporter) -> (artifact id: 'f7c57ece6b0b81127eb153a11b52e5ae') in 0.0301449 seconds
Number of updated asset objects reloaded before import = 0Number of asset objects unloaded after import = 4

========================================================================
Received Import Request.
  Time since last request: 0.000046 seconds.
  path: Assets/Import/Lahmadju/ImportedModels/Spacecraft_Control_Terminal_Console_ORANGE/materials/E_1001_48.mat
  artifactKey: Guid(4465739006b0f7e40bae99248939e8b5) Importer(2089858483,b0f066a214c2f5e87bad3c948f4d605d)
Start importing Assets/Import/Lahmadju/ImportedModels/Spacecraft_Control_Terminal_Console_ORANGE/materials/E_1001_48.mat using Guid(4465739006b0f7e40bae99248939e8b5) Importer(2089858483,b0f066a214c2f5e87bad3c948f4d605d) (ScriptedImporter) -> (artifact id: 'f927dcecf32e390126dacdaaf33e8d51') in 0.0215901 seconds
Number of updated asset objects reloaded before import = 0Number of asset objects unloaded after import = 6

========================================================================
Received Import Request.
  Time since last request: 0.000028 seconds.
  path: Assets/Import/Lahmadju/Materials/Circle 1.mat
  artifactKey: Guid(2669180b802df4a4abc986a27e27563b) Importer(2089858483,b0f066a214c2f5e87bad3c948f4d605d)
Start importing Assets/Import/Lahmadju/Materials/Circle 1.mat using Guid(2669180b802df4a4abc986a27e27563b) Importer(2089858483,b0f066a214c2f5e87bad3c948f4d605d) (ScriptedImporter) -> (artifact id: 'a6b640bc4843825208912625a00cd3a9') in 0.0185867 seconds
Number of updated asset objects reloaded before import = 0Number of asset objects unloaded after import = 2

========================================================================
Received Import Request.
  Time since last request: 0.000022 seconds.
  path: Assets/Import/Lahmadju/ImportedModels/Spacecraft_Control_Terminal_Console_ORANGE/materials/U_1001_52.mat
  artifactKey: Guid(b2ee9b6ce55dab44e8cafe2600bfd145) Importer(2089858483,b0f066a214c2f5e87bad3c948f4d605d)
Start importing Assets/Import/Lahmadju/ImportedModels/Spacecraft_Control_Terminal_Console_ORANGE/materials/U_1001_52.mat using Guid(b2ee9b6ce55dab44e8cafe2600bfd145) Importer(2089858483,b0f066a214c2f5e87bad3c948f4d605d) (ScriptedImporter) -> (artifact id: 'bda7cdb5267e4ca3448364f7c20a7602') in 0.0211578 seconds
Number of updated asset objects reloaded before import = 0Number of asset objects unloaded after import = 6

========================================================================
Received Import Request.
  Time since last request: 0.000026 seconds.
  path: Assets/Import/Lahmadju/ImportedModels/Free_Sci_Fi_Helmet/materials/Material.005_3.mat
  artifactKey: Guid(a79593ad8e412164295d21a6172ab43c) Importer(2089858483,b0f066a214c2f5e87bad3c948f4d605d)
Start importing Assets/Import/Lahmadju/ImportedModels/Free_Sci_Fi_Helmet/materials/Material.005_3.mat using Guid(a79593ad8e412164295d21a6172ab43c) Importer(2089858483,b0f066a214c2f5e87bad3c948f4d605d) (ScriptedImporter) -> (artifact id: '02c521e850410a5d975078b6b57e7e01') in 0.0277382 seconds
Number of updated asset objects reloaded before import = 0Number of asset objects unloaded after import = 4

========================================================================
Received Import Request.
  Time since last request: 0.000034 seconds.
  path: Assets/Import/Lahmadju/ImportedModels/Sci-Fi_Table/materials/Table_Plate_0.mat
  artifactKey: Guid(a7d6eef7ab3a9e64ea8ebc765d27eded) Importer(2089858483,b0f066a214c2f5e87bad3c948f4d605d)
Start importing Assets/Import/Lahmadju/ImportedModels/Sci-Fi_Table/materials/Table_Plate_0.mat using Guid(a7d6eef7ab3a9e64ea8ebc765d27eded) Importer(2089858483,b0f066a214c2f5e87bad3c948f4d605d) (ScriptedImporter) -> (artifact id: '29598f32da3dd237fd4cab66799a27c8') in 0.0119667 seconds
Number of updated asset objects reloaded before import = 0Number of asset objects unloaded after import = 2

========================================================================
Received Import Request.
  Time since last request: 0.000025 seconds.
  path: Assets/Import/Lahmadju/ImportedModels/Spacecraft_Control_Terminal_Console_ORANGE/materials/F_1001_71.mat
  artifactKey: Guid(53ef0d930647419458f91ce39f01733a) Importer(2089858483,b0f066a214c2f5e87bad3c948f4d605d)
Start importing Assets/Import/Lahmadju/ImportedModels/Spacecraft_Control_Terminal_Console_ORANGE/materials/F_1001_71.mat using Guid(53ef0d930647419458f91ce39f01733a) Importer(2089858483,b0f066a214c2f5e87bad3c948f4d605d) (ScriptedImporter) -> (artifact id: '99b74bf456e1c65b686f3f23a0ceea48') in 0.0283194 seconds
Number of updated asset objects reloaded before import = 0Number of asset objects unloaded after import = 6

========================================================================
Received Import Request.
  Time since last request: 0.000021 seconds.
  path: Assets/Import/Lahmadju/ImportedModels/Sci-fi_Single_Chair/materials/sci-fi_chair_3_base_0.mat
  artifactKey: Guid(bd979475e41c1944593c05d1d245b9ce) Importer(2089858483,b0f066a214c2f5e87bad3c948f4d605d)
Start importing Assets/Import/Lahmadju/ImportedModels/Sci-fi_Single_Chair/materials/sci-fi_chair_3_base_0.mat using Guid(bd979475e41c1944593c05d1d245b9ce) Importer(2089858483,b0f066a214c2f5e87bad3c948f4d605d) (ScriptedImporter) -> (artifact id: '188f017e16204cb45cf3fdb3be1fabb7') in 0.0406584 seconds
Number of updated asset objects reloaded before import = 0Number of asset objects unloaded after import = 6

========================================================================
Received Import Request.
  Time since last request: 0.000025 seconds.
  path: Assets/Import/Lahmadju/ImportedModels/Sci-Fi_Table/materials/Table_Holder_3.mat
  artifactKey: Guid(ddee0c94b4a8cb9479cd5a20ea4c4b2e) Importer(2089858483,b0f066a214c2f5e87bad3c948f4d605d)
Start importing Assets/Import/Lahmadju/ImportedModels/Sci-Fi_Table/materials/Table_Holder_3.mat using Guid(ddee0c94b4a8cb9479cd5a20ea4c4b2e) Importer(2089858483,b0f066a214c2f5e87bad3c948f4d605d) (ScriptedImporter) -> (artifact id: '2d70d618913feae10108e8fb6a3c37e1') in 0.0134939 seconds
Number of updated asset objects reloaded before import = 0Number of asset objects unloaded after import = 2

========================================================================
Received Import Request.
  Time since last request: 0.000037 seconds.
  path: Assets/Import/Lahmadju/ImportedModels/Spacecraft_Control_Terminal_Console_ORANGE/materials/Y_1001_51.mat
  artifactKey: Guid(aa2e8a4560175ee469ca329b71bba6c9) Importer(2089858483,b0f066a214c2f5e87bad3c948f4d605d)
Start importing Assets/Import/Lahmadju/ImportedModels/Spacecraft_Control_Terminal_Console_ORANGE/materials/Y_1001_51.mat using Guid(aa2e8a4560175ee469ca329b71bba6c9) Importer(2089858483,b0f066a214c2f5e87bad3c948f4d605d) (ScriptedImporter) -> (artifact id: '424c06fe429a86bd083b1f434184e4dd') in 0.0243831 seconds
Number of updated asset objects reloaded before import = 0Number of asset objects unloaded after import = 6

========================================================================
Received Import Request.
  Time since last request: 0.000023 seconds.
  path: Assets/Import/Lahmadju/ImportedModels/Spacecraft_Control_Terminal_Console_ORANGE/materials/F12_1001_32.mat
  artifactKey: Guid(f753b184429e839419a89a522da0c2d9) Importer(2089858483,b0f066a214c2f5e87bad3c948f4d605d)
Start importing Assets/Import/Lahmadju/ImportedModels/Spacecraft_Control_Terminal_Console_ORANGE/materials/F12_1001_32.mat using Guid(f753b184429e839419a89a522da0c2d9) Importer(2089858483,b0f066a214c2f5e87bad3c948f4d605d) (ScriptedImporter) -> (artifact id: '06e51bad932ccb9a89703bd349a2c2db') in 0.0240863 seconds
Number of updated asset objects reloaded before import = 0Number of asset objects unloaded after import = 6

========================================================================
Received Import Request.
  Time since last request: 0.000022 seconds.
  path: Assets/Import/Lahmadju/ImportedModels/Spacecraft_Control_Terminal_Console_ORANGE/materials/W_1001_45.mat
  artifactKey: Guid(5dec858a756396a44b036a0ec6060772) Importer(2089858483,b0f066a214c2f5e87bad3c948f4d605d)
Start importing Assets/Import/Lahmadju/ImportedModels/Spacecraft_Control_Terminal_Console_ORANGE/materials/W_1001_45.mat using Guid(5dec858a756396a44b036a0ec6060772) Importer(2089858483,b0f066a214c2f5e87bad3c948f4d605d) (ScriptedImporter) -> (artifact id: '5a29bf4470aa31010aed2bc758bf74c5') in 0.0244201 seconds
Number of updated asset objects reloaded before import = 0Number of asset objects unloaded after import = 6

========================================================================
Received Import Request.
  Time since last request: 0.000030 seconds.
  path: Assets/Import/Lahmadju/Materials/Platform Color.mat
  artifactKey: Guid(d2eff564f4312e84289a813e355fe0d6) Importer(2089858483,b0f066a214c2f5e87bad3c948f4d605d)
Start importing Assets/Import/Lahmadju/Materials/Platform Color.mat using Guid(d2eff564f4312e84289a813e355fe0d6) Importer(2089858483,b0f066a214c2f5e87bad3c948f4d605d) (ScriptedImporter) -> (artifact id: '3b5a65b21e7dfa4796a14b3b227dcaf9') in 0.0278128 seconds
Number of updated asset objects reloaded before import = 0Number of asset objects unloaded after import = 3

========================================================================
Received Import Request.
  Time since last request: 0.000034 seconds.
  path: Assets/Import/Lahmadju/Materials/Lava.mat
  artifactKey: Guid(65b3468bf9ed4d343b7d73e920162981) Importer(2089858483,b0f066a214c2f5e87bad3c948f4d605d)
Start importing Assets/Import/Lahmadju/Materials/Lava.mat using Guid(65b3468bf9ed4d343b7d73e920162981) Importer(2089858483,b0f066a214c2f5e87bad3c948f4d605d) (ScriptedImporter) -> (artifact id: '6e76ab9374d01a3794d31adce7f7d22b') in 0.0406411 seconds
Number of updated asset objects reloaded before import = 0Number of asset objects unloaded after import = 6

========================================================================
Received Import Request.
  Time since last request: 0.000027 seconds.
  path: Assets/Import/Lahmadju/Hovl Studio/Magic effects pack/Materials/Flare.mat
  artifactKey: Guid(818e127314f46c844a3b31d893dcfe6a) Importer(2089858483,b0f066a214c2f5e87bad3c948f4d605d)
Start importing Assets/Import/Lahmadju/Hovl Studio/Magic effects pack/Materials/Flare.mat using Guid(818e127314f46c844a3b31d893dcfe6a) Importer(2089858483,b0f066a214c2f5e87bad3c948f4d605d) (ScriptedImporter) -> (artifact id: '5b129db91f58fa97dcc2b8a6cc8e195b') in 0.0171004 seconds
Number of updated asset objects reloaded before import = 0Number of asset objects unloaded after import = 2

========================================================================
Received Import Request.
  Time since last request: 0.000028 seconds.
  path: Assets/Import/Lahmadju/ImportedModels/Space_Bottle/materials/Material.004_3.mat
  artifactKey: Guid(1ac0bafd1ae5e5b4d9ed93a20e3a176c) Importer(2089858483,b0f066a214c2f5e87bad3c948f4d605d)
Start importing Assets/Import/Lahmadju/ImportedModels/Space_Bottle/materials/Material.004_3.mat using Guid(1ac0bafd1ae5e5b4d9ed93a20e3a176c) Importer(2089858483,b0f066a214c2f5e87bad3c948f4d605d) (ScriptedImporter) -> (artifact id: 'ab79f9f7f9367d90edb1ba685be6b90d') in 0.0141622 seconds
Number of updated asset objects reloaded before import = 0Number of asset objects unloaded after import = 2

========================================================================
Received Import Request.
  Time since last request: 0.000040 seconds.
  path: Assets/Import/Lahmadju/ImportedModels/Spacecraft_Control_Terminal_Console_ORANGE/materials/Bok1_1001_1001_1.mat
  artifactKey: Guid(3dbbfa0f159f7b6498b06db199a553dc) Importer(2089858483,b0f066a214c2f5e87bad3c948f4d605d)
Start importing Assets/Import/Lahmadju/ImportedModels/Spacecraft_Control_Terminal_Console_ORANGE/materials/Bok1_1001_1001_1.mat using Guid(3dbbfa0f159f7b6498b06db199a553dc) Importer(2089858483,b0f066a214c2f5e87bad3c948f4d605d) (ScriptedImporter) -> (artifact id: '354f9963da10fd5e6d15ae77e459059e') in 0.0238835 seconds
Number of updated asset objects reloaded before import = 0Number of asset objects unloaded after import = 6

========================================================================
Received Import Request.
  Time since last request: 0.000039 seconds.
  path: Assets/Import/Lahmadju/ImportedModels/Space_core_-_from_portal_2_(original)/materials/personality_sphere_glass_1.mat
  artifactKey: Guid(70d028f6d184ecd498737f2af22da692) Importer(2089858483,b0f066a214c2f5e87bad3c948f4d605d)
Start importing Assets/Import/Lahmadju/ImportedModels/Space_core_-_from_portal_2_(original)/materials/personality_sphere_glass_1.mat using Guid(70d028f6d184ecd498737f2af22da692) Importer(2089858483,b0f066a214c2f5e87bad3c948f4d605d) (ScriptedImporter) -> (artifact id: '6e658af419c6e1b14e59a4ac61857e92') in 0.0156818 seconds
Number of updated asset objects reloaded before import = 0Number of asset objects unloaded after import = 2

========================================================================
Received Import Request.
  Time since last request: 0.000020 seconds.
  path: Assets/Import/Lahmadju/ImportedModels/Sci-Fi_Sword/materials/Material.004_3.mat
  artifactKey: Guid(bd62ea2562bdcb145a927d162173b871) Importer(2089858483,b0f066a214c2f5e87bad3c948f4d605d)
Start importing Assets/Import/Lahmadju/ImportedModels/Sci-Fi_Sword/materials/Material.004_3.mat using Guid(bd62ea2562bdcb145a927d162173b871) Importer(2089858483,b0f066a214c2f5e87bad3c948f4d605d) (ScriptedImporter) -> (artifact id: 'ff42b4605edf38472b78926721e87dcc') in 0.0131 seconds
Number of updated asset objects reloaded before import = 0Number of asset objects unloaded after import = 2

========================================================================
Received Import Request.
  Time since last request: 0.000027 seconds.
  path: Assets/Import/Lahmadju/ImportedModels/Spacecraft_Control_Terminal_Console_ORANGE/materials/enter_1001_58.mat
  artifactKey: Guid(7db41ab5bb8a05846aec11bafe8eed00) Importer(2089858483,b0f066a214c2f5e87bad3c948f4d605d)
Start importing Assets/Import/Lahmadju/ImportedModels/Spacecraft_Control_Terminal_Console_ORANGE/materials/enter_1001_58.mat using Guid(7db41ab5bb8a05846aec11bafe8eed00) Importer(2089858483,b0f066a214c2f5e87bad3c948f4d605d) (ScriptedImporter) -> (artifact id: 'edf273a44167493bc96b9e4534c50860') in 0.0279194 seconds
Number of updated asset objects reloaded before import = 0Number of asset objects unloaded after import = 6

========================================================================
Received Import Request.
  Time since last request: 0.000039 seconds.
  path: Assets/Import/Lahmadju/Materials/Red (Trns Emission) 3.mat
  artifactKey: Guid(6eba1183a1629c943ae60b9b6cbbb4b6) Importer(2089858483,b0f066a214c2f5e87bad3c948f4d605d)
Start importing Assets/Import/Lahmadju/Materials/Red (Trns Emission) 3.mat using Guid(6eba1183a1629c943ae60b9b6cbbb4b6) Importer(2089858483,b0f066a214c2f5e87bad3c948f4d605d) (ScriptedImporter) -> (artifact id: '4cfbc2f2b9859ac116133453e5fb212e') in 0.0125352 seconds
Number of updated asset objects reloaded before import = 0Number of asset objects unloaded after import = 1

========================================================================
Received Import Request.
  Time since last request: 0.000026 seconds.
  path: Assets/Import/Lahmadju/ImportedModels/Sci-Fi_Sword/materials/Material.002_1.mat
  artifactKey: Guid(e742ffdaf4c6abf489d60c8e9fa58470) Importer(2089858483,b0f066a214c2f5e87bad3c948f4d605d)
Start importing Assets/Import/Lahmadju/ImportedModels/Sci-Fi_Sword/materials/Material.002_1.mat using Guid(e742ffdaf4c6abf489d60c8e9fa58470) Importer(2089858483,b0f066a214c2f5e87bad3c948f4d605d) (ScriptedImporter) -> (artifact id: 'ef80825fd0780eed1830e98894198003') in 0.0130803 seconds
Number of updated asset objects reloaded before import = 0Number of asset objects unloaded after import = 2

========================================================================
Received Import Request.
  Time since last request: 0.000025 seconds.
  path: Assets/Import/Lahmadju/ImportedModels/Spacecraft_Control_Terminal_Console_ORANGE/materials/Material.015_1001_23.mat
  artifactKey: Guid(299c3bc1980ba014c8f02ff5d20b1202) Importer(2089858483,b0f066a214c2f5e87bad3c948f4d605d)
Start importing Assets/Import/Lahmadju/ImportedModels/Spacecraft_Control_Terminal_Console_ORANGE/materials/Material.015_1001_23.mat using Guid(299c3bc1980ba014c8f02ff5d20b1202) Importer(2089858483,b0f066a214c2f5e87bad3c948f4d605d) (ScriptedImporter) -> (artifact id: 'aea626d8dc7898704e16589fd05ce0b7') in 0.021649 seconds
Number of updated asset objects reloaded before import = 0Number of asset objects unloaded after import = 6

========================================================================
Received Import Request.
  Time since last request: 0.000030 seconds.
  path: Assets/Import/Lahmadju/ImportedModels/Free_Sci_Fi_Helmet/materials/Material.002_0.mat
  artifactKey: Guid(ca9aac17acadba64684934f604236b1c) Importer(2089858483,b0f066a214c2f5e87bad3c948f4d605d)
Start importing Assets/Import/Lahmadju/ImportedModels/Free_Sci_Fi_Helmet/materials/Material.002_0.mat using Guid(ca9aac17acadba64684934f604236b1c) Importer(2089858483,b0f066a214c2f5e87bad3c948f4d605d) (ScriptedImporter) -> (artifact id: '1e7b3cfa3e95f15bfc0d6a0d45c68347') in 0.0462686 seconds
Number of updated asset objects reloaded before import = 0Number of asset objects unloaded after import = 6

========================================================================
Received Import Request.
  Time since last request: 0.000033 seconds.
  path: Assets/Import/Lahmadju/Imported Models/_Barking_Dog/3D Free Modular Kit/_Meshes/Materials/Diffuse_01.mat
  artifactKey: Guid(34e48a3ce50b34c339d8fc61e309e31d) Importer(2089858483,b0f066a214c2f5e87bad3c948f4d605d)
Start importing Assets/Import/Lahmadju/Imported Models/_Barking_Dog/3D Free Modular Kit/_Meshes/Materials/Diffuse_01.mat using Guid(34e48a3ce50b34c339d8fc61e309e31d) Importer(2089858483,b0f066a214c2f5e87bad3c948f4d605d) (ScriptedImporter) -> (artifact id: '117d2fca5ccd3b79632285580635320b') in 0.0389587 seconds
Number of updated asset objects reloaded before import = 0Number of asset objects unloaded after import = 5

========================================================================
Received Import Request.
  Time since last request: 0.000024 seconds.
  path: Assets/Import/Lahmadju/ImportedModels/Spacecraft_Control_Terminal_Console_ORANGE/materials/7_1001_38.mat
  artifactKey: Guid(12a2fd7b2d370cf40aeabbaf24218a2d) Importer(2089858483,b0f066a214c2f5e87bad3c948f4d605d)
Start importing Assets/Import/Lahmadju/ImportedModels/Spacecraft_Control_Terminal_Console_ORANGE/materials/7_1001_38.mat using Guid(12a2fd7b2d370cf40aeabbaf24218a2d) Importer(2089858483,b0f066a214c2f5e87bad3c948f4d605d) (ScriptedImporter) -> (artifact id: '641b1a1db83db3c5a1db912cf7c3241b') in 0.0230237 seconds
Number of updated asset objects reloaded before import = 0Number of asset objects unloaded after import = 6

========================================================================
Received Import Request.
  Time since last request: 0.000027 seconds.
  path: Assets/Import/Lahmadju/ImportedModels/Spacecraft_Control_Terminal_Console_ORANGE/materials/Material.055_1001_75.mat
  artifactKey: Guid(40dcd7a07c7e52043be17fb6c38094ca) Importer(2089858483,b0f066a214c2f5e87bad3c948f4d605d)
Start importing Assets/Import/Lahmadju/ImportedModels/Spacecraft_Control_Terminal_Console_ORANGE/materials/Material.055_1001_75.mat using Guid(40dcd7a07c7e52043be17fb6c38094ca) Importer(2089858483,b0f066a214c2f5e87bad3c948f4d605d) (ScriptedImporter) -> (artifact id: '4678bde7231df98a7c4f738d5d3649d3') in 0.0221118 seconds
Number of updated asset objects reloaded before import = 0Number of asset objects unloaded after import = 6

========================================================================
Received Import Request.
  Time since last request: 0.000034 seconds.
  path: Assets/Import/Lahmadju/ImportedModels/Spacecraft_Control_Terminal_Console_ORANGE/materials/ctrl_2_1001_14.mat
  artifactKey: Guid(f0d6c307a60d504418fba714ac3eaabd) Importer(2089858483,b0f066a214c2f5e87bad3c948f4d605d)
Start importing Assets/Import/Lahmadju/ImportedModels/Spacecraft_Control_Terminal_Console_ORANGE/materials/ctrl_2_1001_14.mat using Guid(f0d6c307a60d504418fba714ac3eaabd) Importer(2089858483,b0f066a214c2f5e87bad3c948f4d605d) (ScriptedImporter) -> (artifact id: '53db29354db4a7f8dd91694e6dbaaf9d') in 0.0235278 seconds
Number of updated asset objects reloaded before import = 0Number of asset objects unloaded after import = 6

========================================================================
Received Import Request.
  Time since last request: 0.000026 seconds.
  path: Assets/Import/Lahmadju/Materials/Red (Emission).mat
  artifactKey: Guid(09b1a5503b58cf1419a16d54ca7fe911) Importer(2089858483,b0f066a214c2f5e87bad3c948f4d605d)
Start importing Assets/Import/Lahmadju/Materials/Red (Emission).mat using Guid(09b1a5503b58cf1419a16d54ca7fe911) Importer(2089858483,b0f066a214c2f5e87bad3c948f4d605d) (ScriptedImporter) -> (artifact id: 'aebf32f93e49f241bd21f7313889f691') in 0.0121214 seconds
Number of updated asset objects reloaded before import = 0Number of asset objects unloaded after import = 1

========================================================================
Received Import Request.
  Time since last request: 0.000021 seconds.
  path: Assets/Import/Lahmadju/ImportedModels/Spacecraft_Control_Terminal_Console_ORANGE/materials/Material.073_1001_62.mat
  artifactKey: Guid(4095fb771e8adb6438c503cedcc14a10) Importer(2089858483,b0f066a214c2f5e87bad3c948f4d605d)
Start importing Assets/Import/Lahmadju/ImportedModels/Spacecraft_Control_Terminal_Console_ORANGE/materials/Material.073_1001_62.mat using Guid(4095fb771e8adb6438c503cedcc14a10) Importer(2089858483,b0f066a214c2f5e87bad3c948f4d605d) (ScriptedImporter) -> (artifact id: 'd2b01a267824f6c89c2d5dabc55d24bc') in 0.024884 seconds
Number of updated asset objects reloaded before import = 0Number of asset objects unloaded after import = 6

========================================================================
Received Import Request.
  Time since last request: 0.803814 seconds.
  path: Assets/Import/Lahmadju/ImportedModels/Spacecraft_Control_Terminal_Console_ORANGE/materials/Bacspace_1001_44.mat
  artifactKey: Guid(91a0464649e3bbf46a0d2c332d1f3b4d) Importer(2089858483,b0f066a214c2f5e87bad3c948f4d605d)
Start importing Assets/Import/Lahmadju/ImportedModels/Spacecraft_Control_Terminal_Console_ORANGE/materials/Bacspace_1001_44.mat using Guid(91a0464649e3bbf46a0d2c332d1f3b4d) Importer(2089858483,b0f066a214c2f5e87bad3c948f4d605d) (ScriptedImporter) -> (artifact id: '6187848a13a2bc5003f1161fddd40780') in 0.0229387 seconds
Number of updated asset objects reloaded before import = 0Number of asset objects unloaded after import = 6

========================================================================
Received Import Request.
  Time since last request: 0.000027 seconds.
  path: Assets/Import/Lahmadju/ImportedModels/Spacecraft_Control_Terminal_Console_ORANGE/materials/F4_1001_25.mat
  artifactKey: Guid(484fde851edcc454cab614cec0e0600f) Importer(2089858483,b0f066a214c2f5e87bad3c948f4d605d)
Start importing Assets/Import/Lahmadju/ImportedModels/Spacecraft_Control_Terminal_Console_ORANGE/materials/F4_1001_25.mat using Guid(484fde851edcc454cab614cec0e0600f) Importer(2089858483,b0f066a214c2f5e87bad3c948f4d605d) (ScriptedImporter) -> (artifact id: '8cab40bc47b873200f6987e91a0e6c46') in 0.0280291 seconds
Number of updated asset objects reloaded before import = 0Number of asset objects unloaded after import = 6

========================================================================
Received Import Request.
  Time since last request: 0.000035 seconds.
  path: Assets/Import/Lahmadju/Materials/Below Platform.mat
  artifactKey: Guid(1511dbacf9080204d95e1128d1e9c696) Importer(2089858483,b0f066a214c2f5e87bad3c948f4d605d)
Start importing Assets/Import/Lahmadju/Materials/Below Platform.mat using Guid(1511dbacf9080204d95e1128d1e9c696) Importer(2089858483,b0f066a214c2f5e87bad3c948f4d605d) (ScriptedImporter) -> (artifact id: '3a1f58bf5eaa301c946c8278ad400bcb') in 0.0323976 seconds
Number of updated asset objects reloaded before import = 0Number of asset objects unloaded after import = 4

========================================================================
Received Import Request.
  Time since last request: 0.000024 seconds.
  path: Assets/Import/Lahmadju/ImportedModels/Sci-Fi_Sword/materials/Material.003_2.mat
  artifactKey: Guid(a9d3d23581b59544dad699fad5e5c6d5) Importer(2089858483,b0f066a214c2f5e87bad3c948f4d605d)
Start importing Assets/Import/Lahmadju/ImportedModels/Sci-Fi_Sword/materials/Material.003_2.mat using Guid(a9d3d23581b59544dad699fad5e5c6d5) Importer(2089858483,b0f066a214c2f5e87bad3c948f4d605d) (ScriptedImporter) -> (artifact id: 'e3fc98a5906350246bb99b77fdc70e92') in 0.012035 seconds
Number of updated asset objects reloaded before import = 0Number of asset objects unloaded after import = 2

========================================================================
Received Import Request.
  Time since last request: 0.000020 seconds.
  path: Assets/Import/Lahmadju/ImportedModels/Sci-Fi_Sword/materials/Material.001_0.mat
  artifactKey: Guid(9576bb55de7a2a445a2e221826ba28fb) Importer(2089858483,b0f066a214c2f5e87bad3c948f4d605d)
Start importing Assets/Import/Lahmadju/ImportedModels/Sci-Fi_Sword/materials/Material.001_0.mat using Guid(9576bb55de7a2a445a2e221826ba28fb) Importer(2089858483,b0f066a214c2f5e87bad3c948f4d605d) (ScriptedImporter) -> (artifact id: 'd7cf471245d826f2b118f44f7f57a178') in 0.0110924 seconds
Number of updated asset objects reloaded before import = 0Number of asset objects unloaded after import = 2

========================================================================
Received Import Request.
  Time since last request: 0.000025 seconds.
  path: Assets/Import/Lahmadju/ImportedModels/Spacecraft_Control_Terminal_Console_ORANGE/materials/Material.068_1001_79.mat
  artifactKey: Guid(9314e446231f19644a4a0726ec9495bb) Importer(2089858483,b0f066a214c2f5e87bad3c948f4d605d)
Start importing Assets/Import/Lahmadju/ImportedModels/Spacecraft_Control_Terminal_Console_ORANGE/materials/Material.068_1001_79.mat using Guid(9314e446231f19644a4a0726ec9495bb) Importer(2089858483,b0f066a214c2f5e87bad3c948f4d605d) (ScriptedImporter) -> (artifact id: 'ab69935975554e350cee3c8b11d9ed75') in 0.0223336 seconds
Number of updated asset objects reloaded before import = 0Number of asset objects unloaded after import = 6

========================================================================
Received Import Request.
  Time since last request: 0.000034 seconds.
  path: Assets/Import/Lahmadju/ImportedModels/Space_Music!/materials/metal_1.mat
  artifactKey: Guid(378d13ea5dd05644ebb104b6e3b20b3a) Importer(2089858483,b0f066a214c2f5e87bad3c948f4d605d)
Start importing Assets/Import/Lahmadju/ImportedModels/Space_Music!/materials/metal_1.mat using Guid(378d13ea5dd05644ebb104b6e3b20b3a) Importer(2089858483,b0f066a214c2f5e87bad3c948f4d605d) (ScriptedImporter) -> (artifact id: '93f5648094078fc5854db3611d30d034') in 0.0151099 seconds
Number of updated asset objects reloaded before import = 0Number of asset objects unloaded after import = 3

========================================================================
Received Import Request.
  Time since last request: 0.000024 seconds.
  path: Assets/Import/Lahmadju/ImportedModels/Space_Bottle/materials/Material.006_5.mat
  artifactKey: Guid(ee13230f5c1fe3f4f89eb0fc4548e027) Importer(2089858483,b0f066a214c2f5e87bad3c948f4d605d)
Start importing Assets/Import/Lahmadju/ImportedModels/Space_Bottle/materials/Material.006_5.mat using Guid(ee13230f5c1fe3f4f89eb0fc4548e027) Importer(2089858483,b0f066a214c2f5e87bad3c948f4d605d) (ScriptedImporter) -> (artifact id: '6044fdc229c9b03501078bb7e722290c') in 0.0122697 seconds
Number of updated asset objects reloaded before import = 0Number of asset objects unloaded after import = 2

========================================================================
Received Import Request.
  Time since last request: 0.000027 seconds.
  path: Assets/Import/Lahmadju/ImportedModels/Spacecraft_Control_Terminal_Console_ORANGE/materials/3_1001_34.mat
  artifactKey: Guid(8d4911a8d14d4cd4096daf25d5cf6bd7) Importer(2089858483,b0f066a214c2f5e87bad3c948f4d605d)
Start importing Assets/Import/Lahmadju/ImportedModels/Spacecraft_Control_Terminal_Console_ORANGE/materials/3_1001_34.mat using Guid(8d4911a8d14d4cd4096daf25d5cf6bd7) Importer(2089858483,b0f066a214c2f5e87bad3c948f4d605d) (ScriptedImporter) -> (artifact id: '3f42a868a8a94143dcb880fc0ec41c00') in 0.054439 seconds
Number of updated asset objects reloaded before import = 0Number of asset objects unloaded after import = 6

Editor requested this worker to shutdown with reason: Scaling down because of idle timeout
AssetImportWorker is now disconnected from the server
Process exiting
Exiting without the bug reporter. Application will terminate with return code 0