[Licensing::Module] Trying to connect to existing licensing client channel...
[Licensing::IpcConnector] Successfully connected to: "LicenseClient-User" at "2026-05-30T13:57:04.0042507Z"
Built from '6000.3/staging' branch; Version is '6000.3.9f1 (7a9955a4f2fa) revision 8034645'; Using compiler version '194234433'; Build Type 'Release'
OS: 'Windows 11  (10.0.26200) Core' Language: 'ru' Physical Memory: 32189 MB
BatchMode: 1, IsHumanControllingUs: 0, StartBugReporterOnCrash: 0, Is64bit: 1
System  architecture: x64
Process architecture: x64
Date: 2026-05-30T13:57:04Z

COMMAND LINE ARGUMENTS:
D:\UNITY\Unity Editor\6000.3.9f1\Editor\Unity.exe
-adb2
-batchMode
-noUpm
-name
AssetImportWorker5
-projectPath
D:/UNITY/UNITY BACKUP/SPIKE/SPIKE_UNITY
-logFile
Logs/AssetImportWorker5.log
-srvPort
61744
-licensingIpc
LicenseClient-User
-job-worker-count
7
-background-job-worker-count
8
-gc-helper-count
1
-name
AssetImport
Successfully changed project path to: D:/UNITY/UNITY BACKUP/SPIKE/SPIKE_UNITY
D:/UNITY/UNITY BACKUP/SPIKE/SPIKE_UNITY
[UnityMemory] Configuration Parameters - Can be set up in boot.config
    "memorysetup-temp-allocator-size-nav-mesh-worker=65536"
    "memorysetup-temp-allocator-size-audio-worker=65536"
    "memorysetup-temp-allocator-size-gfx=262144"
    "memorysetup-allocator-temp-initial-block-size-main=262144"
    "memorysetup-allocator-temp-initial-block-size-worker=262144"
    "memorysetup-temp-allocator-size-background-worker=32768"
    "memorysetup-temp-allocator-size-job-worker=262144"
    "memorysetup-temp-allocator-size-preload-manager=33554432"
    "memorysetup-temp-allocator-size-gi-baking-worker=262144"
    "memorysetup-temp-allocator-size-gi-baking-worker=262144"
    "memorysetup-temp-allocator-size-gi-baking-worker=262144"
    "memorysetup-temp-allocator-size-gi-baking-worker=262144"
    "memorysetup-temp-allocator-size-gi-baking-worker=262144"
    "memorysetup-bucket-allocator-granularity=16"
    "memorysetup-bucket-allocator-bucket-count=8"
    "memorysetup-bucket-allocator-block-size=33554432"
    "memorysetup-bucket-allocator-block-count=8"
    "memorysetup-main-allocator-block-size=16777216"
    "memorysetup-thread-allocator-block-size=16777216"
    "memorysetup-gfx-main-allocator-block-size=16777216"
    "memorysetup-gfx-thread-allocator-block-size=16777216"
    "memorysetup-cache-allocator-block-size=4194304"
    "memorysetup-typetree-allocator-block-size=2097152"
    "memorysetup-profiler-bucket-allocator-granularity=16"
    "memorysetup-profiler-bucket-allocator-bucket-count=8"
    "memorysetup-profiler-bucket-allocator-block-size=33554432"
    "memorysetup-profiler-bucket-allocator-block-count=8"
    "memorysetup-profiler-allocator-block-size=16777216"
    "memorysetup-profiler-editor-allocator-block-size=1048576"
    "memorysetup-temp-allocator-size-main=16777216"
    "memorysetup-job-temp-allocator-block-size=2097152"
    "memorysetup-job-temp-allocator-block-size-background=1048576"
    "memorysetup-job-temp-allocator-reduction-small-platforms=262144"
    "memorysetup-temp-allocator-size-cloud-worker=32768"
Player connection [19216]  Target information:

Player connection [19216]  * "[IP] 192.168.250.172 [Port] 0 [Flags] 2 [Guid] 3504871651 [EditorId] 3504871651 [Version] 1048832 [Id] WindowsEditor(7,DODONPA) [Debug] 1 [PackageName] WindowsEditor [ProjectName] Editor" 

Player connection [19216] Host joined multi-casting on [225.0.0.222:54997]...
Player connection [19216] Host joined alternative multi-casting on [225.0.0.222:34997]...
JobSystem: Creating JobQueue using job-worker-count value 7
Input System module state changed to: Initialized.
[Physics::Module] Initialized fallback backend.
[Physics::Module] Id: 0xdecafbad
Library Redirect Path: Library/
[Physics::Module] Selected backend.
[Physics::Module] Name: PhysX
[Physics::Module] Id: 0xf2b8ea05
[Physics::Module] SDK Version: 4.1.2
[Physics::Module] Integration Version: 1.0.0
[Physics::Module] Threading Mode: Multi-Threaded
[Licensing::Module] Licensing is not yet initialized.
[Licensing::Client] Handshaking with LicensingClient:
  Version:                 1.17.4+4293ba1
  Session Id:              faad4a386a724ecead24de76873c0237
  Correlation Id:          57e082a25329bf06d706fb56e63c7a8d
  External correlation Id: 8202398524898500109
  Machine Id:              xB+PCC4AnRHwQNCoJVmPiqpotp0=
[Licensing::Module] Successfully connected to LicensingClient on channel: "LicenseClient-User" (connect: 0.00s, validation: 0.01s, handshake: 8.45s)
[Licensing::IpcConnector] Successfully connected to: "LicenseClient-User-notifications" at "2026-05-30T13:57:12.4577581Z"
[Licensing::Module] Licensing Background thread has ended after 8.45s
[Licensing::Module] Licensing is initialized (took 8.08s).
[Licensing::Client] Successfully resolved entitlement details
[Licensing::Module] License group:
  Id: 10170697332008-UnityPersXXXX
  Product: Unity Personal
  Type: Assigned
  Expiration: Unlimited
Refreshing native plugins compatible for Editor in 256.16 ms, found 3 plugins.
Preloading 0 native plugins for Editor in 0.00 ms.
Initialize engine version: 6000.3.9f1 (7a9955a4f2fa)
[Subsystems] Discovering subsystems at path D:/UNITY/Unity Editor/6000.3.9f1/Editor/Data/Resources/UnitySubsystems
[Subsystems] Discovering subsystems at path D:/UNITY/UNITY BACKUP/SPIKE/SPIKE_UNITY/Assets
GfxDevice: creating device client; kGfxThreadingModeNonThreaded
Direct3D:
    Version:  Direct3D 11.0 [level 11.1]
    Renderer: Intel(R) Arc(TM) Graphics (ID=0x7d51)
    Vendor:   Intel
    VRAM:     16094 MB
    Driver:   32.0.101.6554
Initialize mono
Mono path[0] = 'D:/UNITY/Unity Editor/6000.3.9f1/Editor/Data/Managed'
Mono path[1] = 'D:/UNITY/Unity Editor/6000.3.9f1/Editor/Data/MonoBleedingEdge/lib/mono/unityjit-win32'
Mono config path = 'D:/UNITY/Unity Editor/6000.3.9f1/Editor/Data/MonoBleedingEdge/etc'
Using monoOptions --debugger-agent=transport=dt_socket,embedding=1,server=y,suspend=n,address=127.0.0.1:56912
Begin MonoManager ReloadAssembly
Registering precompiled unity dll's ...
Register platform support module: D:/UNITY/Unity Editor/6000.3.9f1/Editor/Data/PlaybackEngines/WindowsStandaloneSupport/UnityEditor.WindowsStandalone.Extensions.dll
[Licensing::Client] Successfully resolved entitlement details
Register platform support module: D:/UNITY/Unity Editor/6000.3.9f1/Editor/Data/PlaybackEngines/MetroSupport/UnityEditor.UWP.Extensions.dll
Register platform support module: D:/UNITY/Unity Editor/6000.3.9f1/Editor/Data/PlaybackEngines/AndroidPlayer/UnityEditor.Android.Extensions.dll
Register platform support module: D:/UNITY/Unity Editor/6000.3.9f1/Editor/Data/PlaybackEngines/LinuxStandaloneSupport/UnityEditor.LinuxStandalone.Extensions.dll
Registered in 0.009085 seconds.
- Loaded All Assemblies, in  0.492 seconds
Native extension for LinuxStandalone target not found
Native extension for Android target not found
Android Extension - Scanning For ADB Devices 482 ms
Native extension for UWP target not found
Native extension for WindowsStandalone target not found
Package Manager log level set to [2]
[Package Manager] Failed to launch server process. Reason: Unity was launched with the -noUpm command-line argument
[Package Manager] Unable to send message (not connected to server process).
[Package Manager] Cannot connect to Unity Package Manager local server
ScheduleIndexationOnStartup MainProcess:False IndexOnStartup:True
Mono: successfully reloaded assembly
- Finished resetting the current domain, in  1.045 seconds
Domain Reload Profiling: 1537ms
	BeginReloadAssembly (179ms)
		ExecutionOrderSort (0ms)
		DisableScriptedObjects (0ms)
		BackupInstance (0ms)
		ReleaseScriptingObjects (0ms)
		CreateAndSetChildDomain (2ms)
	RebuildCommonClasses (43ms)
	RebuildNativeTypeToScriptingClass (14ms)
	initialDomainReloadingComplete (45ms)
	LoadAllAssembliesAndSetupDomain (212ms)
		LoadAssemblies (177ms)
		RebuildTransferFunctionScriptingTraits (0ms)
		AnalyzeDomain (205ms)
			TypeCache.Refresh (202ms)
				TypeCache.ScanAssembly (179ms)
			BuildScriptInfoCaches (0ms)
			ResolveRequiredComponents (1ms)
	FinalizeReload (1045ms)
		ReleaseScriptCaches (0ms)
		RebuildScriptCaches (0ms)
		SetupLoadedEditorAssemblies (986ms)
			LogAssemblyErrors (0ms)
			InitializePlatformSupportModulesInManaged (630ms)
			SetLoadedEditorAssemblies (9ms)
			BeforeProcessingInitializeOnLoad (83ms)
			ProcessInitializeOnLoadAttributes (167ms)
			ProcessInitializeOnLoadMethodAttributes (98ms)
			AfterProcessingInitializeOnLoad (0ms)
			EditorAssembliesLoaded (0ms)
		ExecutionOrderSort2 (0ms)
		AwakeInstancesAfterBackupRestoration (0ms)
Assembly reference Packages/com.unity.cinemachine/Editor/Samples/ExposeHDRPInternals/HDRP-Editor-ref.asmref has no target assembly definition
========================================================================
Worker process is ready to serve import requests
Import Worker Mode flag is 0x00
Assembly reference Packages/com.unity.cinemachine/Editor/Samples/ExposeHDRPInternals/HDRP-Editor-ref.asmref has no target assembly definition
Assembly reference Packages/com.unity.cinemachine/Editor/Samples/ExposeHDRPInternals/HDRP-Editor-ref.asmref has no target assembly definition
Begin MonoManager ReloadAssembly
[Licensing::Client] Successfully resolved entitlement details
Duplicate assembly 'System.Collections.Immutable.FSR.dll' with different versions detected, using 'Assets/FastScriptReload/Plugins/Roslyn/2021+/System.Collections.Immutable.FSR.dll, AssemblyName=System.Collections.Immutable, Version=7.0.0.0, Culture=neutral, PublicKeyToken=b03f5f7f11d50a3a' and ignoring 'Assets/FastScriptReload/Plugins/Roslyn/System.Collections.Immutable.dll, AssemblyName=System.Collections.Immutable, Version=1.2.3.0, Culture=neutral, PublicKeyToken=b03f5f7f11d50a3a'.Duplicate assembly 'System.Collections.Immutable.dll' with different versions detected, using 'Packages/com.unity.ai.assistant/Plugins/Shared/System.Collections.Immutable.dll, AssemblyName=System.Collections.Immutable, Version=10.0.0.1, Culture=neutral, PublicKeyToken=b03f5f7f11d50a3a' and ignoring 'Assets/FastScriptReload/Plugins/Roslyn/2021+/System.Collections.Immutable.FSR.dll, AssemblyName=System.Collections.Immutable, Version=7.0.0.0, Culture=neutral, PublicKeyToken=b03f5f7f11d50a3a'.Duplicate assembly 'System.Collections.Immutable.dll' with different versions detected, using 'Packages/com.unity.ai.assistant/Plugins/Shared/System.Collections.Immutable.dll, AssemblyName=System.Collections.Immutable, Version=10.0.0.1, Culture=neutral, PublicKeyToken=b03f5f7f11d50a3a' and ignoring 'Assets/FastScriptReload/Plugins/Roslyn/2021+/System.Collections.Immutable.dll, AssemblyName=System.Collections.Immutable, Version=1.2.3.0, Culture=neutral, PublicKeyToken=b03f5f7f11d50a3a'.Duplicate assembly 'Microsoft.CodeAnalysis.CSharp.dll' with different versions detected, using 'Assets/FastScriptReload/Plugins/Roslyn/2021+/Microsoft.CodeAnalysis.CSharp.dll, AssemblyName=Microsoft.CodeAnalysis.CSharp, Version=4.6.0.0, Culture=neutral, PublicKeyToken=31bf3856ad364e35' and ignoring 'Packages/com.unity.ai.assistant/Plugins/CodeAnalysis/Microsoft.CodeAnalysis.CSharp.dll, AssemblyName=Microsoft.CodeAnalysis.CSharp, Version=3.11.0.0, Culture=neutral, PublicKeyToken=31bf3856ad364e35'.Duplicate assembly 'Microsoft.CodeAnalysis.CSharp.dll' with different versions detected, using 'Assets/FastScriptReload/Plugins/Roslyn/2021+/Microsoft.CodeAnalysis.CSharp.dll, AssemblyName=Microsoft.CodeAnalysis.CSharp, Version=4.6.0.0, Culture=neutral, PublicKeyToken=31bf3856ad364e35' and ignoring 'Assets/FastScriptReload/Plugins/Roslyn/Microsoft.CodeAnalysis.CSharp.dll, AssemblyName=Microsoft.CodeAnalysis.CSharp, Version=2.10.0.0, Culture=neutral, PublicKeyToken=31bf3856ad364e35'.Duplicate assembly 'System.Reflection.Metadata.dll' with different versions detected, using 'Packages/com.unity.ai.assistant/Plugins/Shared/System.Reflection.Metadata.dll, AssemblyName=System.Reflection.Metadata, Version=10.0.0.1, Culture=neutral, PublicKeyToken=b03f5f7f11d50a3a' and ignoring 'Assets/FastScriptReload/Plugins/Roslyn/2021+/System.Reflection.Metadata.dll, AssemblyName=System.Reflection.Metadata, Version=7.0.0.0, Culture=neutral, PublicKeyToken=b03f5f7f11d50a3a'.Duplicate assembly 'System.Reflection.Metadata.dll' with different versions detected, using 'Packages/com.unity.ai.assistant/Plugins/Shared/System.Reflection.Metadata.dll, AssemblyName=System.Reflection.Metadata, Version=10.0.0.1, Culture=neutral, PublicKeyToken=b03f5f7f11d50a3a' and ignoring 'Assets/FastScriptReload/Plugins/Roslyn/System.Reflection.Metadata.dll, AssemblyName=System.Reflection.Metadata, Version=1.4.3.0, Culture=neutral, PublicKeyToken=b03f5f7f11d50a3a'.Duplicate assembly 'Microsoft.CodeAnalysis.dll' with different versions detected, using 'Assets/FastScriptReload/Plugins/Roslyn/2021+/Microsoft.CodeAnalysis.dll, AssemblyName=Microsoft.CodeAnalysis, Version=4.6.0.0, Culture=neutral, PublicKeyToken=31bf3856ad364e35' and ignoring 'Packages/com.unity.ai.assistant/Plugins/CodeAnalysis/Microsoft.CodeAnalysis.dll, AssemblyName=Microsoft.CodeAnalysis, Version=3.11.0.0, Culture=neutral, PublicKeyToken=31bf3856ad364e35'.Duplicate assembly 'Microsoft.CodeAnalysis.dll' with different versions detected, using 'Assets/FastScriptReload/Plugins/Roslyn/2021+/Microsoft.CodeAnalysis.dll, AssemblyName=Microsoft.CodeAnalysis, Version=4.6.0.0, Culture=neutral, PublicKeyToken=31bf3856ad364e35' and ignoring 'Assets/FastScriptReload/Plugins/Roslyn/Microsoft.CodeAnalysis.dll, AssemblyName=Microsoft.CodeAnalysis, Version=2.10.0.0, Culture=neutral, PublicKeyToken=31bf3856ad364e35'.Duplicate assembly 'System.Runtime.CompilerServices.Unsafe.dll' with different versions detected, using 'Packages/com.unity.ai.assistant/Plugins/Shared/System.Runtime.CompilerServices.Unsafe.dll, AssemblyName=System.Runtime.CompilerServices.Unsafe, Version=6.0.3.0, Culture=neutral, PublicKeyToken=b03f5f7f11d50a3a' and ignoring 'Packages/com.unity.collections/Unity.Collections.Tests/System.Runtime.CompilerServices.Unsafe/System.Runtime.CompilerServices.Unsafe.dll, AssemblyName=System.Runtime.CompilerServices.Unsafe, Version=6.0.0.0, Culture=neutral, PublicKeyToken=b03f5f7f11d50a3a'.Duplicate assembly 'System.Runtime.CompilerServices.Unsafe.dll' with different versions detected, using 'Packages/com.unity.ai.assistant/Plugins/Shared/System.Runtime.CompilerServices.Unsafe.dll, AssemblyName=System.Runtime.CompilerServices.Unsafe, Version=6.0.3.0, Culture=neutral, PublicKeyToken=b03f5f7f11d50a3a' and ignoring 'Assets/FastScriptReload/Plugins/Roslyn/2021+/System.Runtime.CompilerServices.Unsafe.dll, AssemblyName=System.Runtime.CompilerServices.Unsafe, Version=6.0.0.0, Culture=neutral, PublicKeyToken=b03f5f7f11d50a3a'.Symbol file LoadedFromMemory is not a mono symbol file
- Loaded All Assemblies, in  1.214 seconds
Assembly reference Packages/com.unity.cinemachine/Editor/Samples/ExposeHDRPInternals/HDRP-Editor-ref.asmref has no target assembly definition
'Packages/com.unity.cinemachine/Editor/Obsolete/CinemachineVirtualCameraBaseEditor.cs' contains partial class of Unity.Object, exactly 1 of the partial classes needs to be in a file with the same filename. This is to know the one that can be referenced from ie. GameObjects
'Packages/com.unity.cinemachine/Editor/Editors/CinemachineVirtualCameraBaseEditor.cs' contains partial class of Unity.Object, exactly 1 of the partial classes needs to be in a file with the same filename. This is to know the one that can be referenced from ie. GameObjects
Refreshing native plugins compatible for Editor in 0.57 ms, found 3 plugins.
Native extension for LinuxStandalone target not found
Native extension for Android target not found
Native extension for UWP target not found
Native extension for WindowsStandalone target not found
Assembly reference Packages/com.unity.cinemachine/Editor/Samples/ExposeHDRPInternals/HDRP-Editor-ref.asmref has no target assembly definition
FSR: Shader does not exist: Object reference not set to an instance of an object
UnityEngine.Debug:ExtractStackTraceNoAlloc (byte*,int,string)
UnityEngine.StackTraceUtility:ExtractStackTrace ()
UnityEngine.DebugLogHandler:Internal_Log (UnityEngine.LogType,UnityEngine.LogOption,string,UnityEngine.Object)
UnityEngine.DebugLogHandler:LogFormat (UnityEngine.LogType,UnityEngine.Object,string,object[])
UnityEngine.Logger:Log (UnityEngine.LogType,object)
ImmersiveVrToolsCommon.Runtime.Logging.LoggerScoped:LogInternal (UnityEngine.LogType,object)
ImmersiveVrToolsCommon.Runtime.Logging.LoggerScoped:LogWarning (object)
FastScriptReload.Editor.FastScriptReloadPreference:SetCommonMaterialsShader (FastScriptReload.Editor.FastScriptReloadPreference/ShadersMode) (at Assets/FastScriptReload/Scripts/Editor/FastScriptReloadWelcomeScreen.cs:863)
FastScriptReload.Editor.FastScriptReloadWelcomeScreenInitializer:AutoDetectAndSetShaderMode () (at Assets/FastScriptReload/Scripts/Editor/FastScriptReloadWelcomeScreen.cs:1089)
FastScriptReload.Editor.FastScriptReloadWelcomeScreenInitializer:InitCommon () (at Assets/FastScriptReload/Scripts/Editor/FastScriptReloadWelcomeScreen.cs:971)
FastScriptReload.Editor.FastScriptReloadWelcomeScreenInitializer:.cctor () (at Assets/FastScriptReload/Scripts/Editor/FastScriptReloadWelcomeScreen.cs:939)
System.Runtime.CompilerServices.RuntimeHelpers:RunClassConstructor (System.RuntimeTypeHandle)
UnityEditor.EditorAssemblies:ProcessInitializeOnLoadAttributes (System.Type[])

(Filename: Assets/FastScriptReload/Scripts/Editor/FastScriptReloadWelcomeScreen.cs Line: 863)

[Package Manager] Failed to launch server process. Reason: Unity was launched with the -noUpm command-line argument
[Package Manager] Unable to send message (not connected to server process).
[Package Manager] Cannot connect to Unity Package Manager local server
Duplicate assembly 'System.Collections.Immutable.FSR.dll' with different versions detected, using 'Assets/FastScriptReload/Plugins/Roslyn/2021+/System.Collections.Immutable.FSR.dll, AssemblyName=System.Collections.Immutable, Version=7.0.0.0, Culture=neutral, PublicKeyToken=b03f5f7f11d50a3a' and ignoring 'Assets/FastScriptReload/Plugins/Roslyn/System.Collections.Immutable.dll, AssemblyName=System.Collections.Immutable, Version=1.2.3.0, Culture=neutral, PublicKeyToken=b03f5f7f11d50a3a'.Duplicate assembly 'System.Collections.Immutable.dll' with different versions detected, using 'Packages/com.unity.ai.assistant/Plugins/Shared/System.Collections.Immutable.dll, AssemblyName=System.Collections.Immutable, Version=10.0.0.1, Culture=neutral, PublicKeyToken=b03f5f7f11d50a3a' and ignoring 'Assets/FastScriptReload/Plugins/Roslyn/2021+/System.Collections.Immutable.FSR.dll, AssemblyName=System.Collections.Immutable, Version=7.0.0.0, Culture=neutral, PublicKeyToken=b03f5f7f11d50a3a'.Duplicate assembly 'System.Collections.Immutable.dll' with different versions detected, using 'Packages/com.unity.ai.assistant/Plugins/Shared/System.Collections.Immutable.dll, AssemblyName=System.Collections.Immutable, Version=10.0.0.1, Culture=neutral, PublicKeyToken=b03f5f7f11d50a3a' and ignoring 'Assets/FastScriptReload/Plugins/Roslyn/2021+/System.Collections.Immutable.dll, AssemblyName=System.Collections.Immutable, Version=1.2.3.0, Culture=neutral, PublicKeyToken=b03f5f7f11d50a3a'.Duplicate assembly 'Microsoft.CodeAnalysis.CSharp.dll' with different versions detected, using 'Assets/FastScriptReload/Plugins/Roslyn/2021+/Microsoft.CodeAnalysis.CSharp.dll, AssemblyName=Microsoft.CodeAnalysis.CSharp, Version=4.6.0.0, Culture=neutral, PublicKeyToken=31bf3856ad364e35' and ignoring 'Packages/com.unity.ai.assistant/Plugins/CodeAnalysis/Microsoft.CodeAnalysis.CSharp.dll, AssemblyName=Microsoft.CodeAnalysis.CSharp, Version=3.11.0.0, Culture=neutral, PublicKeyToken=31bf3856ad364e35'.Duplicate assembly 'Microsoft.CodeAnalysis.CSharp.dll' with different versions detected, using 'Assets/FastScriptReload/Plugins/Roslyn/2021+/Microsoft.CodeAnalysis.CSharp.dll, AssemblyName=Microsoft.CodeAnalysis.CSharp, Version=4.6.0.0, Culture=neutral, PublicKeyToken=31bf3856ad364e35' and ignoring 'Assets/FastScriptReload/Plugins/Roslyn/Microsoft.CodeAnalysis.CSharp.dll, AssemblyName=Microsoft.CodeAnalysis.CSharp, Version=2.10.0.0, Culture=neutral, PublicKeyToken=31bf3856ad364e35'.Duplicate assembly 'System.Reflection.Metadata.dll' with different versions detected, using 'Packages/com.unity.ai.assistant/Plugins/Shared/System.Reflection.Metadata.dll, AssemblyName=System.Reflection.Metadata, Version=10.0.0.1, Culture=neutral, PublicKeyToken=b03f5f7f11d50a3a' and ignoring 'Assets/FastScriptReload/Plugins/Roslyn/2021+/System.Reflection.Metadata.dll, AssemblyName=System.Reflection.Metadata, Version=7.0.0.0, Culture=neutral, PublicKeyToken=b03f5f7f11d50a3a'.Duplicate assembly 'System.Reflection.Metadata.dll' with different versions detected, using 'Packages/com.unity.ai.assistant/Plugins/Shared/System.Reflection.Metadata.dll, AssemblyName=System.Reflection.Metadata, Version=10.0.0.1, Culture=neutral, PublicKeyToken=b03f5f7f11d50a3a' and ignoring 'Assets/FastScriptReload/Plugins/Roslyn/System.Reflection.Metadata.dll, AssemblyName=System.Reflection.Metadata, Version=1.4.3.0, Culture=neutral, PublicKeyToken=b03f5f7f11d50a3a'.Duplicate assembly 'Microsoft.CodeAnalysis.dll' with different versions detected, using 'Assets/FastScriptReload/Plugins/Roslyn/2021+/Microsoft.CodeAnalysis.dll, AssemblyName=Microsoft.CodeAnalysis, Version=4.6.0.0, Culture=neutral, PublicKeyToken=31bf3856ad364e35' and ignoring 'Packages/com.unity.ai.assistant/Plugins/CodeAnalysis/Microsoft.CodeAnalysis.dll, AssemblyName=Microsoft.CodeAnalysis, Version=3.11.0.0, Culture=neutral, PublicKeyToken=31bf3856ad364e35'.Duplicate assembly 'Microsoft.CodeAnalysis.dll' with different versions detected, using 'Assets/FastScriptReload/Plugins/Roslyn/2021+/Microsoft.CodeAnalysis.dll, AssemblyName=Microsoft.CodeAnalysis, Version=4.6.0.0, Culture=neutral, PublicKeyToken=31bf3856ad364e35' and ignoring 'Assets/FastScriptReload/Plugins/Roslyn/Microsoft.CodeAnalysis.dll, AssemblyName=Microsoft.CodeAnalysis, Version=2.10.0.0, Culture=neutral, PublicKeyToken=31bf3856ad364e35'.Duplicate assembly 'System.Runtime.CompilerServices.Unsafe.dll' with different versions detected, using 'Packages/com.unity.ai.assistant/Plugins/Shared/System.Runtime.CompilerServices.Unsafe.dll, AssemblyName=System.Runtime.CompilerServices.Unsafe, Version=6.0.3.0, Culture=neutral, PublicKeyToken=b03f5f7f11d50a3a' and ignoring 'Packages/com.unity.collections/Unity.Collections.Tests/System.Runtime.CompilerServices.Unsafe/System.Runtime.CompilerServices.Unsafe.dll, AssemblyName=System.Runtime.CompilerServices.Unsafe, Version=6.0.0.0, Culture=neutral, PublicKeyToken=b03f5f7f11d50a3a'.Duplicate assembly 'System.Runtime.CompilerServices.Unsafe.dll' with different versions detected, using 'Packages/com.unity.ai.assistant/Plugins/Shared/System.Runtime.CompilerServices.Unsafe.dll, AssemblyName=System.Runtime.CompilerServices.Unsafe, Version=6.0.3.0, Culture=neutral, PublicKeyToken=b03f5f7f11d50a3a' and ignoring 'Assets/FastScriptReload/Plugins/Roslyn/2021+/System.Runtime.CompilerServices.Unsafe.dll, AssemblyName=System.Runtime.CompilerServices.Unsafe, Version=6.0.0.0, Culture=neutral, PublicKeyToken=b03f5f7f11d50a3a'.[Package Manager] Failed to launch server process. Reason: Unity was launched with the -noUpm command-line argument
[Package Manager] Unable to send message (not connected to server process).
[Package Manager] Cannot connect to Unity Package Manager local server
[Package Manager] Failed to launch server process. Reason: Unity was launched with the -noUpm command-line argument
[Package Manager] Unable to send message (not connected to server process).
[Package Manager] Cannot connect to Unity Package Manager local server
Refreshing native plugins compatible for Editor in 0.76 ms, found 3 plugins.
[Licensing::Client] Error: Code 404 while processing request (status: Found 0 entitlement groups and 0 free entitlements matching requested entitlement ids)
[Licensing::Client] Error: Code 404 while processing request (status: Found 0 entitlement groups and 0 free entitlements matching requested entitlement ids)
[Licensing::Client] Error: Code 404 while processing request (status: Found 0 entitlement groups and 0 free entitlements matching requested entitlement ids)
[McpToolRegistry] Discovered 20 MCP tools
UnityEngine.Debug:ExtractStackTraceNoAlloc (byte*,int,string)
UnityEngine.StackTraceUtility:ExtractStackTrace ()
UnityEngine.DebugLogHandler:Internal_Log (UnityEngine.LogType,UnityEngine.LogOption,string,UnityEngine.Object)
UnityEngine.DebugLogHandler:LogFormat (UnityEngine.LogType,UnityEngine.Object,string,object[])
UnityEngine.Logger:Log (UnityEngine.LogType,object)
UnityEngine.Debug:Log (object)
Unity.AI.Tracing.ConsoleSink:LogToConsole (string,string,System.Exception) (at ./Library/PackageCache/com.unity.ai.assistant@bde8e124bc72/Modules/Unity.AI.Tracing/TraceSinks.cs:313)
Unity.AI.Tracing.ConsoleSink:Write (Unity.AI.Tracing.TraceEvent) (at ./Library/PackageCache/com.unity.ai.assistant@bde8e124bc72/Modules/Unity.AI.Tracing/TraceSinks.cs:277)
Unity.AI.Tracing.TraceWriter:WriteEventInternal (string,string,Unity.AI.Tracing.TraceEventOptions,string,System.Nullable`1<int>) (at ./Library/PackageCache/com.unity.ai.assistant@bde8e124bc72/Modules/Unity.AI.Tracing/TraceWriter.cs:373)
Unity.AI.Tracing.TraceWriter:Event (string,Unity.AI.Tracing.TraceEventOptions) (at ./Library/PackageCache/com.unity.ai.assistant@bde8e124bc72/Modules/Unity.AI.Tracing/TraceWriter.cs:297)
Unity.AI.Tracing.TraceLogger:Emit (string,string,string,string,Unity.AI.Tracing.TraceEventOptions,object,System.Exception) (at ./Library/PackageCache/com.unity.ai.assistant@bde8e124bc72/Modules/Unity.AI.Tracing/TraceLogger.cs:105)
Unity.AI.Tracing.TraceLogger:Info (string,string,string,Unity.AI.Tracing.TraceEventOptions) (at ./Library/PackageCache/com.unity.ai.assistant@bde8e124bc72/Modules/Unity.AI.Tracing/TraceLogger.cs:35)
Unity.AI.MCP.Editor.Helpers.McpLog:Log (string,Unity.AI.Tracing.TraceEventOptions) (at ./Library/PackageCache/com.unity.ai.assistant@bde8e124bc72/Modules/Unity.AI.MCP.Editor/Helpers/McpLog.cs:15)
Unity.AI.MCP.Editor.ToolRegistry.McpToolRegistry:RefreshTools () (at ./Library/PackageCache/com.unity.ai.assistant@bde8e124bc72/Modules/Unity.AI.MCP.Editor/ToolRegistry/McpToolRegistry.cs:201)
Unity.AI.MCP.Editor.ToolRegistry.McpToolRegistry:Initialize () (at ./Library/PackageCache/com.unity.ai.assistant@bde8e124bc72/Modules/Unity.AI.MCP.Editor/ToolRegistry/McpToolRegistry.cs:177)
System.Reflection.RuntimeMethodInfo:Invoke (object,System.Reflection.BindingFlags,System.Reflection.Binder,object[],System.Globalization.CultureInfo)
System.Reflection.MethodBase:Invoke (object,object[])
UnityEditor.EditorAssemblies:ProcessInitializeOnLoadMethodAttributes ()

(Filename: ./Library/PackageCache/com.unity.ai.assistant@bde8e124bc72/Modules/Unity.AI.Tracing/TraceSinks.cs Line: 313)

[McpToolRegistry] Available tools: Unity_ApplyTextEdits, Unity_CreateScript, Unity_DeleteScript, Unity_FindInFile, Unity_GetSha, Unity_ImportExternalModel, Unity_ListResources, Unity_ManageAsset, Unity_ManageEditor, Unity_ManageGameObject, Unity_ManageMenuItem, Unity_ManageScene, Unity_ManageScript, Unity_ManageScript_capabilities, Unity_ManageShader, Unity_ReadConsole, Unity_ReadResource, Unity_RunCommand, Unity_ScriptApplyEdits, Unity_ValidateScript
UnityEngine.Debug:ExtractStackTraceNoAlloc (byte*,int,string)
UnityEngine.StackTraceUtility:ExtractStackTrace ()
UnityEngine.DebugLogHandler:Internal_Log (UnityEngine.LogType,UnityEngine.LogOption,string,UnityEngine.Object)
UnityEngine.DebugLogHandler:LogFormat (UnityEngine.LogType,UnityEngine.Object,string,object[])
UnityEngine.Logger:Log (UnityEngine.LogType,object)
UnityEngine.Debug:Log (object)
Unity.AI.Tracing.ConsoleSink:LogToConsole (string,string,System.Exception) (at ./Library/PackageCache/com.unity.ai.assistant@bde8e124bc72/Modules/Unity.AI.Tracing/TraceSinks.cs:313)
Unity.AI.Tracing.ConsoleSink:Write (Unity.AI.Tracing.TraceEvent) (at ./Library/PackageCache/com.unity.ai.assistant@bde8e124bc72/Modules/Unity.AI.Tracing/TraceSinks.cs:277)
Unity.AI.Tracing.TraceWriter:WriteEventInternal (string,string,Unity.AI.Tracing.TraceEventOptions,string,System.Nullable`1<int>) (at ./Library/PackageCache/com.unity.ai.assistant@bde8e124bc72/Modules/Unity.AI.Tracing/TraceWriter.cs:373)
Unity.AI.Tracing.TraceWriter:Event (string,Unity.AI.Tracing.TraceEventOptions) (at ./Library/PackageCache/com.unity.ai.assistant@bde8e124bc72/Modules/Unity.AI.Tracing/TraceWriter.cs:297)
Unity.AI.Tracing.TraceLogger:Emit (string,string,string,string,Unity.AI.Tracing.TraceEventOptions,object,System.Exception) (at ./Library/PackageCache/com.unity.ai.assistant@bde8e124bc72/Modules/Unity.AI.Tracing/TraceLogger.cs:105)
Unity.AI.Tracing.TraceLogger:Info (string,string,string,Unity.AI.Tracing.TraceEventOptions) (at ./Library/PackageCache/com.unity.ai.assistant@bde8e124bc72/Modules/Unity.AI.Tracing/TraceLogger.cs:35)
Unity.AI.MCP.Editor.Helpers.McpLog:Log (string,Unity.AI.Tracing.TraceEventOptions) (at ./Library/PackageCache/com.unity.ai.assistant@bde8e124bc72/Modules/Unity.AI.MCP.Editor/Helpers/McpLog.cs:15)
Unity.AI.MCP.Editor.ToolRegistry.McpToolRegistry:RefreshTools () (at ./Library/PackageCache/com.unity.ai.assistant@bde8e124bc72/Modules/Unity.AI.MCP.Editor/ToolRegistry/McpToolRegistry.cs:204)
Unity.AI.MCP.Editor.ToolRegistry.McpToolRegistry:Initialize () (at ./Library/PackageCache/com.unity.ai.assistant@bde8e124bc72/Modules/Unity.AI.MCP.Editor/ToolRegistry/McpToolRegistry.cs:177)
System.Reflection.RuntimeMethodInfo:Invoke (object,System.Reflection.BindingFlags,System.Reflection.Binder,object[],System.Globalization.CultureInfo)
System.Reflection.MethodBase:Invoke (object,object[])
UnityEditor.EditorAssemblies:ProcessInitializeOnLoadMethodAttributes ()

(Filename: ./Library/PackageCache/com.unity.ai.assistant@bde8e124bc72/Modules/Unity.AI.Tracing/TraceSinks.cs Line: 313)

ScheduleIndexationOnStartup MainProcess:False IndexOnStartup:True
Mono: successfully reloaded assembly
[Idle]
UnityEngine.Debug:ExtractStackTraceNoAlloc (byte*,int,string)
UnityEngine.StackTraceUtility:ExtractStackTrace ()
UnityEngine.DebugLogHandler:Internal_Log (UnityEngine.LogType,UnityEngine.LogOption,string,UnityEngine.Object)
UnityEngine.DebugLogHandler:LogFormat (UnityEngine.LogType,UnityEngine.Object,string,object[])
UnityEngine.Logger:Log (UnityEngine.LogType,object)
UnityEngine.Debug:Log (object)
Unity.AI.Tracing.ConsoleSink:LogToConsole (string,string,System.Exception) (at ./Library/PackageCache/com.unity.ai.assistant@bde8e124bc72/Modules/Unity.AI.Tracing/TraceSinks.cs:313)
Unity.AI.Tracing.ConsoleSink:Write (Unity.AI.Tracing.TraceEvent) (at ./Library/PackageCache/com.unity.ai.assistant@bde8e124bc72/Modules/Unity.AI.Tracing/TraceSinks.cs:277)
Unity.AI.Tracing.TraceWriter:WriteEventInternal (string,string,Unity.AI.Tracing.TraceEventOptions,string,System.Nullable`1<int>) (at ./Library/PackageCache/com.unity.ai.assistant@bde8e124bc72/Modules/Unity.AI.Tracing/TraceWriter.cs:373)
Unity.AI.Tracing.TraceWriter:Event (string,Unity.AI.Tracing.TraceEventOptions) (at ./Library/PackageCache/com.unity.ai.assistant@bde8e124bc72/Modules/Unity.AI.Tracing/TraceWriter.cs:297)
Unity.AI.Tracing.TraceLogger:Emit (string,string,string,string,Unity.AI.Tracing.TraceEventOptions,object,System.Exception) (at ./Library/PackageCache/com.unity.ai.assistant@bde8e124bc72/Modules/Unity.AI.Tracing/TraceLogger.cs:105)
Unity.AI.Tracing.TraceLogger:Info (string,string,string,Unity.AI.Tracing.TraceEventOptions) (at ./Library/PackageCache/com.unity.ai.assistant@bde8e124bc72/Modules/Unity.AI.Tracing/TraceLogger.cs:35)
Unity.AI.MCP.Editor.Helpers.McpLog:Log (string,Unity.AI.Tracing.TraceEventOptions) (at ./Library/PackageCache/com.unity.ai.assistant@bde8e124bc72/Modules/Unity.AI.MCP.Editor/Helpers/McpLog.cs:15)
Unity.AI.MCP.Editor.Bridge:LogBreadcrumb (string) (at ./Library/PackageCache/com.unity.ai.assistant@bde8e124bc72/Modules/Unity.AI.MCP.Editor/Bridge.cs:2010)
Unity.AI.MCP.Editor.Bridge:OnAfterAssemblyReload () (at ./Library/PackageCache/com.unity.ai.assistant@bde8e124bc72/Modules/Unity.AI.MCP.Editor/Bridge.cs:1854)
UnityEditor.AssemblyReloadEvents:OnAfterAssemblyReload ()

(Filename: ./Library/PackageCache/com.unity.ai.assistant@bde8e124bc72/Modules/Unity.AI.Tracing/TraceSinks.cs Line: 313)

- Finished resetting the current domain, in  4.841 seconds
Domain Reload Profiling: 6055ms
	BeginReloadAssembly (178ms)
		ExecutionOrderSort (0ms)
		DisableScriptedObjects (6ms)
		BackupInstance (0ms)
		ReleaseScriptingObjects (0ms)
		CreateAndSetChildDomain (49ms)
	RebuildCommonClasses (33ms)
	RebuildNativeTypeToScriptingClass (10ms)
	initialDomainReloadingComplete (56ms)
	LoadAllAssembliesAndSetupDomain (937ms)
		LoadAssemblies (505ms)
		RebuildTransferFunctionScriptingTraits (0ms)
		AnalyzeDomain (515ms)
			TypeCache.Refresh (392ms)
				TypeCache.ScanAssembly (354ms)
			BuildScriptInfoCaches (103ms)
			ResolveRequiredComponents (11ms)
	FinalizeReload (4842ms)
		ReleaseScriptCaches (0ms)
		RebuildScriptCaches (0ms)
		SetupLoadedEditorAssemblies (4494ms)
			LogAssemblyErrors (0ms)
			InitializePlatformSupportModulesInManaged (21ms)
			SetLoadedEditorAssemblies (7ms)
			BeforeProcessingInitializeOnLoad (152ms)
			ProcessInitializeOnLoadAttributes (4099ms)
			ProcessInitializeOnLoadMethodAttributes (213ms)
			AfterProcessingInitializeOnLoad (2ms)
			EditorAssembliesLoaded (0ms)
		ExecutionOrderSort2 (0ms)
		AwakeInstancesAfterBackupRestoration (6ms)
Launched and connected shader compiler UnityShaderCompiler.exe after 0.01 seconds
Refreshing native plugins compatible for Editor in 2.72 ms, found 3 plugins.
Preloading 0 native plugins for Editor in 0.00 ms.
Unloading 24 Unused Serialized files (Serialized files now loaded: 0)
Unloading 9803 unused Assets / (8.6 MB). Loaded Objects now: 10690.
Memory consumption went from 261.2 MB to 252.6 MB.
Total: 36.884000 ms (FindLiveObjects: 1.778000 ms CreateObjectMapping: 1.667600 ms MarkObjects: 25.031700 ms  DeleteObjects: 8.404400 ms)

========================================================================
Received Prepare
'Packages/com.unity.cinemachine/Editor/Obsolete/CinemachineVirtualCameraBaseEditor.cs' contains partial class of Unity.Object, exactly 1 of the partial classes needs to be in a file with the same filename. This is to know the one that can be referenced from ie. GameObjects
'Packages/com.unity.cinemachine/Editor/Editors/CinemachineVirtualCameraBaseEditor.cs' contains partial class of Unity.Object, exactly 1 of the partial classes needs to be in a file with the same filename. This is to know the one that can be referenced from ie. GameObjects
Refreshing native plugins compatible for Editor in 1.14 ms, found 3 plugins.
Preloading 0 native plugins for Editor in 0.00 ms.
Unloading 19 Unused Serialized files (Serialized files now loaded: 0)
Unloading 9794 unused Assets / (7.1 MB). Loaded Objects now: 10691.
Memory consumption went from 257.4 MB to 250.3 MB.
Total: 27.646700 ms (FindLiveObjects: 1.620100 ms CreateObjectMapping: 1.694700 ms MarkObjects: 17.662400 ms  DeleteObjects: 6.667000 ms)

Prepare: number of updated asset objects reloaded= 0
========================================================================
Received Prepare
'Packages/com.unity.cinemachine/Editor/Obsolete/CinemachineVirtualCameraBaseEditor.cs' contains partial class of Unity.Object, exactly 1 of the partial classes needs to be in a file with the same filename. This is to know the one that can be referenced from ie. GameObjects
'Packages/com.unity.cinemachine/Editor/Editors/CinemachineVirtualCameraBaseEditor.cs' contains partial class of Unity.Object, exactly 1 of the partial classes needs to be in a file with the same filename. This is to know the one that can be referenced from ie. GameObjects
Refreshing native plugins compatible for Editor in 0.77 ms, found 3 plugins.
Preloading 0 native plugins for Editor in 0.00 ms.
Unloading 19 Unused Serialized files (Serialized files now loaded: 0)
Unloading 9794 unused Assets / (5.7 MB). Loaded Objects now: 10691.
Memory consumption went from 256.8 MB to 251.0 MB.
Total: 20.233300 ms (FindLiveObjects: 1.156900 ms CreateObjectMapping: 1.083300 ms MarkObjects: 14.775100 ms  DeleteObjects: 3.215800 ms)

Prepare: number of updated asset objects reloaded= 0
========================================================================
Received Import Request.
  Time since last request: 163576.164614 seconds.
  path: Assets/_GameFiles/Scripts/Player/Player.cs
  artifactKey: Guid(d53aebcbbf7e5934e9bc24f4deba9dcd) Importer(2089858483,b0f066a214c2f5e87bad3c948f4d605d)
Start importing Assets/_GameFiles/Scripts/Player/Player.cs using Guid(d53aebcbbf7e5934e9bc24f4deba9dcd) Importer(2089858483,b0f066a214c2f5e87bad3c948f4d605d) (ScriptedImporter) -> (artifact id: 'ef79c4c63845e1f5c57bb7631d54d9e4') in 0.1210027 seconds
Number of updated asset objects reloaded before import = 0Number of asset objects unloaded after import = 0

========================================================================
Received Import Request.
  Time since last request: 0.000025 seconds.
  path: Assets/_GameFiles/Scripts/Player/PlayerController.cs
  artifactKey: Guid(5d4cbd3b8e00fc94bb975625b813180f) Importer(2089858483,b0f066a214c2f5e87bad3c948f4d605d)
Start importing Assets/_GameFiles/Scripts/Player/PlayerController.cs using Guid(5d4cbd3b8e00fc94bb975625b813180f) Importer(2089858483,b0f066a214c2f5e87bad3c948f4d605d) (ScriptedImporter) -> (artifact id: '159a4f8739a9a530260cb02ab3051427') in 0.0130273 seconds
Number of updated asset objects reloaded before import = 0Number of asset objects unloaded after import = 0

========================================================================
Received Prepare
[Licensing::Client] Successfully resolved entitlement details
Assembly reference Packages/com.unity.cinemachine/Editor/Samples/ExposeHDRPInternals/HDRP-Editor-ref.asmref has no target assembly definition
Assembly reference Packages/com.unity.cinemachine/Editor/Samples/ExposeHDRPInternals/HDRP-Editor-ref.asmref has no target assembly definition
Begin MonoManager ReloadAssembly
[Licensing::Client] Successfully resolved entitlement details
Duplicate assembly 'System.Collections.Immutable.FSR.dll' with different versions detected, using 'Assets/FastScriptReload/Plugins/Roslyn/2021+/System.Collections.Immutable.FSR.dll, AssemblyName=System.Collections.Immutable, Version=7.0.0.0, Culture=neutral, PublicKeyToken=b03f5f7f11d50a3a' and ignoring 'Assets/FastScriptReload/Plugins/Roslyn/System.Collections.Immutable.dll, AssemblyName=System.Collections.Immutable, Version=1.2.3.0, Culture=neutral, PublicKeyToken=b03f5f7f11d50a3a'.Duplicate assembly 'System.Collections.Immutable.dll' with different versions detected, using 'Packages/com.unity.ai.assistant/Plugins/Shared/System.Collections.Immutable.dll, AssemblyName=System.Collections.Immutable, Version=10.0.0.1, Culture=neutral, PublicKeyToken=b03f5f7f11d50a3a' and ignoring 'Assets/FastScriptReload/Plugins/Roslyn/2021+/System.Collections.Immutable.FSR.dll, AssemblyName=System.Collections.Immutable, Version=7.0.0.0, Culture=neutral, PublicKeyToken=b03f5f7f11d50a3a'.Duplicate assembly 'System.Collections.Immutable.dll' with different versions detected, using 'Packages/com.unity.ai.assistant/Plugins/Shared/System.Collections.Immutable.dll, AssemblyName=System.Collections.Immutable, Version=10.0.0.1, Culture=neutral, PublicKeyToken=b03f5f7f11d50a3a' and ignoring 'Assets/FastScriptReload/Plugins/Roslyn/2021+/System.Collections.Immutable.dll, AssemblyName=System.Collections.Immutable, Version=1.2.3.0, Culture=neutral, PublicKeyToken=b03f5f7f11d50a3a'.Duplicate assembly 'Microsoft.CodeAnalysis.CSharp.dll' with different versions detected, using 'Assets/FastScriptReload/Plugins/Roslyn/2021+/Microsoft.CodeAnalysis.CSharp.dll, AssemblyName=Microsoft.CodeAnalysis.CSharp, Version=4.6.0.0, Culture=neutral, PublicKeyToken=31bf3856ad364e35' and ignoring 'Packages/com.unity.ai.assistant/Plugins/CodeAnalysis/Microsoft.CodeAnalysis.CSharp.dll, AssemblyName=Microsoft.CodeAnalysis.CSharp, Version=3.11.0.0, Culture=neutral, PublicKeyToken=31bf3856ad364e35'.Duplicate assembly 'Microsoft.CodeAnalysis.CSharp.dll' with different versions detected, using 'Assets/FastScriptReload/Plugins/Roslyn/2021+/Microsoft.CodeAnalysis.CSharp.dll, AssemblyName=Microsoft.CodeAnalysis.CSharp, Version=4.6.0.0, Culture=neutral, PublicKeyToken=31bf3856ad364e35' and ignoring 'Assets/FastScriptReload/Plugins/Roslyn/Microsoft.CodeAnalysis.CSharp.dll, AssemblyName=Microsoft.CodeAnalysis.CSharp, Version=2.10.0.0, Culture=neutral, PublicKeyToken=31bf3856ad364e35'.Duplicate assembly 'System.Reflection.Metadata.dll' with different versions detected, using 'Packages/com.unity.ai.assistant/Plugins/Shared/System.Reflection.Metadata.dll, AssemblyName=System.Reflection.Metadata, Version=10.0.0.1, Culture=neutral, PublicKeyToken=b03f5f7f11d50a3a' and ignoring 'Assets/FastScriptReload/Plugins/Roslyn/2021+/System.Reflection.Metadata.dll, AssemblyName=System.Reflection.Metadata, Version=7.0.0.0, Culture=neutral, PublicKeyToken=b03f5f7f11d50a3a'.Duplicate assembly 'System.Reflection.Metadata.dll' with different versions detected, using 'Packages/com.unity.ai.assistant/Plugins/Shared/System.Reflection.Metadata.dll, AssemblyName=System.Reflection.Metadata, Version=10.0.0.1, Culture=neutral, PublicKeyToken=b03f5f7f11d50a3a' and ignoring 'Assets/FastScriptReload/Plugins/Roslyn/System.Reflection.Metadata.dll, AssemblyName=System.Reflection.Metadata, Version=1.4.3.0, Culture=neutral, PublicKeyToken=b03f5f7f11d50a3a'.Duplicate assembly 'Microsoft.CodeAnalysis.dll' with different versions detected, using 'Assets/FastScriptReload/Plugins/Roslyn/2021+/Microsoft.CodeAnalysis.dll, AssemblyName=Microsoft.CodeAnalysis, Version=4.6.0.0, Culture=neutral, PublicKeyToken=31bf3856ad364e35' and ignoring 'Packages/com.unity.ai.assistant/Plugins/CodeAnalysis/Microsoft.CodeAnalysis.dll, AssemblyName=Microsoft.CodeAnalysis, Version=3.11.0.0, Culture=neutral, PublicKeyToken=31bf3856ad364e35'.Duplicate assembly 'Microsoft.CodeAnalysis.dll' with different versions detected, using 'Assets/FastScriptReload/Plugins/Roslyn/2021+/Microsoft.CodeAnalysis.dll, AssemblyName=Microsoft.CodeAnalysis, Version=4.6.0.0, Culture=neutral, PublicKeyToken=31bf3856ad364e35' and ignoring 'Assets/FastScriptReload/Plugins/Roslyn/Microsoft.CodeAnalysis.dll, AssemblyName=Microsoft.CodeAnalysis, Version=2.10.0.0, Culture=neutral, PublicKeyToken=31bf3856ad364e35'.Duplicate assembly 'System.Runtime.CompilerServices.Unsafe.dll' with different versions detected, using 'Packages/com.unity.ai.assistant/Plugins/Shared/System.Runtime.CompilerServices.Unsafe.dll, AssemblyName=System.Runtime.CompilerServices.Unsafe, Version=6.0.3.0, Culture=neutral, PublicKeyToken=b03f5f7f11d50a3a' and ignoring 'Packages/com.unity.collections/Unity.Collections.Tests/System.Runtime.CompilerServices.Unsafe/System.Runtime.CompilerServices.Unsafe.dll, AssemblyName=System.Runtime.CompilerServices.Unsafe, Version=6.0.0.0, Culture=neutral, PublicKeyToken=b03f5f7f11d50a3a'.Duplicate assembly 'System.Runtime.CompilerServices.Unsafe.dll' with different versions detected, using 'Packages/com.unity.ai.assistant/Plugins/Shared/System.Runtime.CompilerServices.Unsafe.dll, AssemblyName=System.Runtime.CompilerServices.Unsafe, Version=6.0.3.0, Culture=neutral, PublicKeyToken=b03f5f7f11d50a3a' and ignoring 'Assets/FastScriptReload/Plugins/Roslyn/2021+/System.Runtime.CompilerServices.Unsafe.dll, AssemblyName=System.Runtime.CompilerServices.Unsafe, Version=6.0.0.0, Culture=neutral, PublicKeyToken=b03f5f7f11d50a3a'.Symbol file LoadedFromMemory is not a mono symbol file
- Loaded All Assemblies, in  1.077 seconds
Assembly reference Packages/com.unity.cinemachine/Editor/Samples/ExposeHDRPInternals/HDRP-Editor-ref.asmref has no target assembly definition
'Packages/com.unity.cinemachine/Editor/Obsolete/CinemachineVirtualCameraBaseEditor.cs' contains partial class of Unity.Object, exactly 1 of the partial classes needs to be in a file with the same filename. This is to know the one that can be referenced from ie. GameObjects
'Packages/com.unity.cinemachine/Editor/Editors/CinemachineVirtualCameraBaseEditor.cs' contains partial class of Unity.Object, exactly 1 of the partial classes needs to be in a file with the same filename. This is to know the one that can be referenced from ie. GameObjects
Refreshing native plugins compatible for Editor in 1.17 ms, found 3 plugins.
Native extension for LinuxStandalone target not found
Native extension for Android target not found
Native extension for UWP target not found
Native extension for WindowsStandalone target not found
Assembly reference Packages/com.unity.cinemachine/Editor/Samples/ExposeHDRPInternals/HDRP-Editor-ref.asmref has no target assembly definition
[Package Manager] Failed to launch server process. Reason: Unity was launched with the -noUpm command-line argument
[Package Manager] Unable to send message (not connected to server process).
[Package Manager] Cannot connect to Unity Package Manager local server
Duplicate assembly 'System.Collections.Immutable.FSR.dll' with different versions detected, using 'Assets/FastScriptReload/Plugins/Roslyn/2021+/System.Collections.Immutable.FSR.dll, AssemblyName=System.Collections.Immutable, Version=7.0.0.0, Culture=neutral, PublicKeyToken=b03f5f7f11d50a3a' and ignoring 'Assets/FastScriptReload/Plugins/Roslyn/System.Collections.Immutable.dll, AssemblyName=System.Collections.Immutable, Version=1.2.3.0, Culture=neutral, PublicKeyToken=b03f5f7f11d50a3a'.Duplicate assembly 'System.Collections.Immutable.dll' with different versions detected, using 'Packages/com.unity.ai.assistant/Plugins/Shared/System.Collections.Immutable.dll, AssemblyName=System.Collections.Immutable, Version=10.0.0.1, Culture=neutral, PublicKeyToken=b03f5f7f11d50a3a' and ignoring 'Assets/FastScriptReload/Plugins/Roslyn/2021+/System.Collections.Immutable.FSR.dll, AssemblyName=System.Collections.Immutable, Version=7.0.0.0, Culture=neutral, PublicKeyToken=b03f5f7f11d50a3a'.Duplicate assembly 'System.Collections.Immutable.dll' with different versions detected, using 'Packages/com.unity.ai.assistant/Plugins/Shared/System.Collections.Immutable.dll, AssemblyName=System.Collections.Immutable, Version=10.0.0.1, Culture=neutral, PublicKeyToken=b03f5f7f11d50a3a' and ignoring 'Assets/FastScriptReload/Plugins/Roslyn/2021+/System.Collections.Immutable.dll, AssemblyName=System.Collections.Immutable, Version=1.2.3.0, Culture=neutral, PublicKeyToken=b03f5f7f11d50a3a'.Duplicate assembly 'Microsoft.CodeAnalysis.CSharp.dll' with different versions detected, using 'Assets/FastScriptReload/Plugins/Roslyn/2021+/Microsoft.CodeAnalysis.CSharp.dll, AssemblyName=Microsoft.CodeAnalysis.CSharp, Version=4.6.0.0, Culture=neutral, PublicKeyToken=31bf3856ad364e35' and ignoring 'Packages/com.unity.ai.assistant/Plugins/CodeAnalysis/Microsoft.CodeAnalysis.CSharp.dll, AssemblyName=Microsoft.CodeAnalysis.CSharp, Version=3.11.0.0, Culture=neutral, PublicKeyToken=31bf3856ad364e35'.Duplicate assembly 'Microsoft.CodeAnalysis.CSharp.dll' with different versions detected, using 'Assets/FastScriptReload/Plugins/Roslyn/2021+/Microsoft.CodeAnalysis.CSharp.dll, AssemblyName=Microsoft.CodeAnalysis.CSharp, Version=4.6.0.0, Culture=neutral, PublicKeyToken=31bf3856ad364e35' and ignoring 'Assets/FastScriptReload/Plugins/Roslyn/Microsoft.CodeAnalysis.CSharp.dll, AssemblyName=Microsoft.CodeAnalysis.CSharp, Version=2.10.0.0, Culture=neutral, PublicKeyToken=31bf3856ad364e35'.Duplicate assembly 'System.Reflection.Metadata.dll' with different versions detected, using 'Packages/com.unity.ai.assistant/Plugins/Shared/System.Reflection.Metadata.dll, AssemblyName=System.Reflection.Metadata, Version=10.0.0.1, Culture=neutral, PublicKeyToken=b03f5f7f11d50a3a' and ignoring 'Assets/FastScriptReload/Plugins/Roslyn/2021+/System.Reflection.Metadata.dll, AssemblyName=System.Reflection.Metadata, Version=7.0.0.0, Culture=neutral, PublicKeyToken=b03f5f7f11d50a3a'.Duplicate assembly 'System.Reflection.Metadata.dll' with different versions detected, using 'Packages/com.unity.ai.assistant/Plugins/Shared/System.Reflection.Metadata.dll, AssemblyName=System.Reflection.Metadata, Version=10.0.0.1, Culture=neutral, PublicKeyToken=b03f5f7f11d50a3a' and ignoring 'Assets/FastScriptReload/Plugins/Roslyn/System.Reflection.Metadata.dll, AssemblyName=System.Reflection.Metadata, Version=1.4.3.0, Culture=neutral, PublicKeyToken=b03f5f7f11d50a3a'.Duplicate assembly 'Microsoft.CodeAnalysis.dll' with different versions detected, using 'Assets/FastScriptReload/Plugins/Roslyn/2021+/Microsoft.CodeAnalysis.dll, AssemblyName=Microsoft.CodeAnalysis, Version=4.6.0.0, Culture=neutral, PublicKeyToken=31bf3856ad364e35' and ignoring 'Packages/com.unity.ai.assistant/Plugins/CodeAnalysis/Microsoft.CodeAnalysis.dll, AssemblyName=Microsoft.CodeAnalysis, Version=3.11.0.0, Culture=neutral, PublicKeyToken=31bf3856ad364e35'.Duplicate assembly 'Microsoft.CodeAnalysis.dll' with different versions detected, using 'Assets/FastScriptReload/Plugins/Roslyn/2021+/Microsoft.CodeAnalysis.dll, AssemblyName=Microsoft.CodeAnalysis, Version=4.6.0.0, Culture=neutral, PublicKeyToken=31bf3856ad364e35' and ignoring 'Assets/FastScriptReload/Plugins/Roslyn/Microsoft.CodeAnalysis.dll, AssemblyName=Microsoft.CodeAnalysis, Version=2.10.0.0, Culture=neutral, PublicKeyToken=31bf3856ad364e35'.Duplicate assembly 'System.Runtime.CompilerServices.Unsafe.dll' with different versions detected, using 'Packages/com.unity.ai.assistant/Plugins/Shared/System.Runtime.CompilerServices.Unsafe.dll, AssemblyName=System.Runtime.CompilerServices.Unsafe, Version=6.0.3.0, Culture=neutral, PublicKeyToken=b03f5f7f11d50a3a' and ignoring 'Packages/com.unity.collections/Unity.Collections.Tests/System.Runtime.CompilerServices.Unsafe/System.Runtime.CompilerServices.Unsafe.dll, AssemblyName=System.Runtime.CompilerServices.Unsafe, Version=6.0.0.0, Culture=neutral, PublicKeyToken=b03f5f7f11d50a3a'.Duplicate assembly 'System.Runtime.CompilerServices.Unsafe.dll' with different versions detected, using 'Packages/com.unity.ai.assistant/Plugins/Shared/System.Runtime.CompilerServices.Unsafe.dll, AssemblyName=System.Runtime.CompilerServices.Unsafe, Version=6.0.3.0, Culture=neutral, PublicKeyToken=b03f5f7f11d50a3a' and ignoring 'Assets/FastScriptReload/Plugins/Roslyn/2021+/System.Runtime.CompilerServices.Unsafe.dll, AssemblyName=System.Runtime.CompilerServices.Unsafe, Version=6.0.0.0, Culture=neutral, PublicKeyToken=b03f5f7f11d50a3a'.[Package Manager] Failed to launch server process. Reason: Unity was launched with the -noUpm command-line argument
[Package Manager] Unable to send message (not connected to server process).
[Package Manager] Cannot connect to Unity Package Manager local server
[Package Manager] Failed to launch server process. Reason: Unity was launched with the -noUpm command-line argument
[Package Manager] Unable to send message (not connected to server process).
[Package Manager] Cannot connect to Unity Package Manager local server
[Licensing::Client] Error: Code 404 while processing request (status: Found 0 entitlement groups and 0 free entitlements matching requested entitlement ids)
[Licensing::Client] Error: Code 404 while processing request (status: Found 0 entitlement groups and 0 free entitlements matching requested entitlement ids)
[Licensing::Client] Error: Code 404 while processing request (status: Found 0 entitlement groups and 0 free entitlements matching requested entitlement ids)
[McpToolRegistry] Discovered 20 MCP tools
UnityEngine.Debug:ExtractStackTraceNoAlloc (byte*,int,string)
UnityEngine.StackTraceUtility:ExtractStackTrace ()
UnityEngine.DebugLogHandler:Internal_Log (UnityEngine.LogType,UnityEngine.LogOption,string,UnityEngine.Object)
UnityEngine.DebugLogHandler:LogFormat (UnityEngine.LogType,UnityEngine.Object,string,object[])
UnityEngine.Logger:Log (UnityEngine.LogType,object)
UnityEngine.Debug:Log (object)
Unity.AI.Tracing.ConsoleSink:LogToConsole (string,string,System.Exception) (at ./Library/PackageCache/com.unity.ai.assistant@bde8e124bc72/Modules/Unity.AI.Tracing/TraceSinks.cs:313)
Unity.AI.Tracing.ConsoleSink:Write (Unity.AI.Tracing.TraceEvent) (at ./Library/PackageCache/com.unity.ai.assistant@bde8e124bc72/Modules/Unity.AI.Tracing/TraceSinks.cs:277)
Unity.AI.Tracing.TraceWriter:WriteEventInternal (string,string,Unity.AI.Tracing.TraceEventOptions,string,System.Nullable`1<int>) (at ./Library/PackageCache/com.unity.ai.assistant@bde8e124bc72/Modules/Unity.AI.Tracing/TraceWriter.cs:373)
Unity.AI.Tracing.TraceWriter:Event (string,Unity.AI.Tracing.TraceEventOptions) (at ./Library/PackageCache/com.unity.ai.assistant@bde8e124bc72/Modules/Unity.AI.Tracing/TraceWriter.cs:297)
Unity.AI.Tracing.TraceLogger:Emit (string,string,string,string,Unity.AI.Tracing.TraceEventOptions,object,System.Exception) (at ./Library/PackageCache/com.unity.ai.assistant@bde8e124bc72/Modules/Unity.AI.Tracing/TraceLogger.cs:105)
Unity.AI.Tracing.TraceLogger:Info (string,string,string,Unity.AI.Tracing.TraceEventOptions) (at ./Library/PackageCache/com.unity.ai.assistant@bde8e124bc72/Modules/Unity.AI.Tracing/TraceLogger.cs:35)
Unity.AI.MCP.Editor.Helpers.McpLog:Log (string,Unity.AI.Tracing.TraceEventOptions) (at ./Library/PackageCache/com.unity.ai.assistant@bde8e124bc72/Modules/Unity.AI.MCP.Editor/Helpers/McpLog.cs:15)
Unity.AI.MCP.Editor.ToolRegistry.McpToolRegistry:RefreshTools () (at ./Library/PackageCache/com.unity.ai.assistant@bde8e124bc72/Modules/Unity.AI.MCP.Editor/ToolRegistry/McpToolRegistry.cs:201)
Unity.AI.MCP.Editor.ToolRegistry.McpToolRegistry:Initialize () (at ./Library/PackageCache/com.unity.ai.assistant@bde8e124bc72/Modules/Unity.AI.MCP.Editor/ToolRegistry/McpToolRegistry.cs:177)
System.Reflection.RuntimeMethodInfo:Invoke (object,System.Reflection.BindingFlags,System.Reflection.Binder,object[],System.Globalization.CultureInfo)
System.Reflection.MethodBase:Invoke (object,object[])
UnityEditor.EditorAssemblies:ProcessInitializeOnLoadMethodAttributes ()

(Filename: ./Library/PackageCache/com.unity.ai.assistant@bde8e124bc72/Modules/Unity.AI.Tracing/TraceSinks.cs Line: 313)

[McpToolRegistry] Available tools: Unity_ApplyTextEdits, Unity_CreateScript, Unity_DeleteScript, Unity_FindInFile, Unity_GetSha, Unity_ImportExternalModel, Unity_ListResources, Unity_ManageAsset, Unity_ManageEditor, Unity_ManageGameObject, Unity_ManageMenuItem, Unity_ManageScene, Unity_ManageScript, Unity_ManageScript_capabilities, Unity_ManageShader, Unity_ReadConsole, Unity_ReadResource, Unity_RunCommand, Unity_ScriptApplyEdits, Unity_ValidateScript
UnityEngine.Debug:ExtractStackTraceNoAlloc (byte*,int,string)
UnityEngine.StackTraceUtility:ExtractStackTrace ()
UnityEngine.DebugLogHandler:Internal_Log (UnityEngine.LogType,UnityEngine.LogOption,string,UnityEngine.Object)
UnityEngine.DebugLogHandler:LogFormat (UnityEngine.LogType,UnityEngine.Object,string,object[])
UnityEngine.Logger:Log (UnityEngine.LogType,object)
UnityEngine.Debug:Log (object)
Unity.AI.Tracing.ConsoleSink:LogToConsole (string,string,System.Exception) (at ./Library/PackageCache/com.unity.ai.assistant@bde8e124bc72/Modules/Unity.AI.Tracing/TraceSinks.cs:313)
Unity.AI.Tracing.ConsoleSink:Write (Unity.AI.Tracing.TraceEvent) (at ./Library/PackageCache/com.unity.ai.assistant@bde8e124bc72/Modules/Unity.AI.Tracing/TraceSinks.cs:277)
Unity.AI.Tracing.TraceWriter:WriteEventInternal (string,string,Unity.AI.Tracing.TraceEventOptions,string,System.Nullable`1<int>) (at ./Library/PackageCache/com.unity.ai.assistant@bde8e124bc72/Modules/Unity.AI.Tracing/TraceWriter.cs:373)
Unity.AI.Tracing.TraceWriter:Event (string,Unity.AI.Tracing.TraceEventOptions) (at ./Library/PackageCache/com.unity.ai.assistant@bde8e124bc72/Modules/Unity.AI.Tracing/TraceWriter.cs:297)
Unity.AI.Tracing.TraceLogger:Emit (string,string,string,string,Unity.AI.Tracing.TraceEventOptions,object,System.Exception) (at ./Library/PackageCache/com.unity.ai.assistant@bde8e124bc72/Modules/Unity.AI.Tracing/TraceLogger.cs:105)
Unity.AI.Tracing.TraceLogger:Info (string,string,string,Unity.AI.Tracing.TraceEventOptions) (at ./Library/PackageCache/com.unity.ai.assistant@bde8e124bc72/Modules/Unity.AI.Tracing/TraceLogger.cs:35)
Unity.AI.MCP.Editor.Helpers.McpLog:Log (string,Unity.AI.Tracing.TraceEventOptions) (at ./Library/PackageCache/com.unity.ai.assistant@bde8e124bc72/Modules/Unity.AI.MCP.Editor/Helpers/McpLog.cs:15)
Unity.AI.MCP.Editor.ToolRegistry.McpToolRegistry:RefreshTools () (at ./Library/PackageCache/com.unity.ai.assistant@bde8e124bc72/Modules/Unity.AI.MCP.Editor/ToolRegistry/McpToolRegistry.cs:204)
Unity.AI.MCP.Editor.ToolRegistry.McpToolRegistry:Initialize () (at ./Library/PackageCache/com.unity.ai.assistant@bde8e124bc72/Modules/Unity.AI.MCP.Editor/ToolRegistry/McpToolRegistry.cs:177)
System.Reflection.RuntimeMethodInfo:Invoke (object,System.Reflection.BindingFlags,System.Reflection.Binder,object[],System.Globalization.CultureInfo)
System.Reflection.MethodBase:Invoke (object,object[])
UnityEditor.EditorAssemblies:ProcessInitializeOnLoadMethodAttributes ()

(Filename: ./Library/PackageCache/com.unity.ai.assistant@bde8e124bc72/Modules/Unity.AI.Tracing/TraceSinks.cs Line: 313)

ScheduleIndexationOnStartup MainProcess:False IndexOnStartup:True
Mono: successfully reloaded assembly
[Idle]
UnityEngine.Debug:ExtractStackTraceNoAlloc (byte*,int,string)
UnityEngine.StackTraceUtility:ExtractStackTrace ()
UnityEngine.DebugLogHandler:Internal_Log (UnityEngine.LogType,UnityEngine.LogOption,string,UnityEngine.Object)
UnityEngine.DebugLogHandler:LogFormat (UnityEngine.LogType,UnityEngine.Object,string,object[])
UnityEngine.Logger:Log (UnityEngine.LogType,object)
UnityEngine.Debug:Log (object)
Unity.AI.Tracing.ConsoleSink:LogToConsole (string,string,System.Exception) (at ./Library/PackageCache/com.unity.ai.assistant@bde8e124bc72/Modules/Unity.AI.Tracing/TraceSinks.cs:313)
Unity.AI.Tracing.ConsoleSink:Write (Unity.AI.Tracing.TraceEvent) (at ./Library/PackageCache/com.unity.ai.assistant@bde8e124bc72/Modules/Unity.AI.Tracing/TraceSinks.cs:277)
Unity.AI.Tracing.TraceWriter:WriteEventInternal (string,string,Unity.AI.Tracing.TraceEventOptions,string,System.Nullable`1<int>) (at ./Library/PackageCache/com.unity.ai.assistant@bde8e124bc72/Modules/Unity.AI.Tracing/TraceWriter.cs:373)
Unity.AI.Tracing.TraceWriter:Event (string,Unity.AI.Tracing.TraceEventOptions) (at ./Library/PackageCache/com.unity.ai.assistant@bde8e124bc72/Modules/Unity.AI.Tracing/TraceWriter.cs:297)
Unity.AI.Tracing.TraceLogger:Emit (string,string,string,string,Unity.AI.Tracing.TraceEventOptions,object,System.Exception) (at ./Library/PackageCache/com.unity.ai.assistant@bde8e124bc72/Modules/Unity.AI.Tracing/TraceLogger.cs:105)
Unity.AI.Tracing.TraceLogger:Info (string,string,string,Unity.AI.Tracing.TraceEventOptions) (at ./Library/PackageCache/com.unity.ai.assistant@bde8e124bc72/Modules/Unity.AI.Tracing/TraceLogger.cs:35)
Unity.AI.MCP.Editor.Helpers.McpLog:Log (string,Unity.AI.Tracing.TraceEventOptions) (at ./Library/PackageCache/com.unity.ai.assistant@bde8e124bc72/Modules/Unity.AI.MCP.Editor/Helpers/McpLog.cs:15)
Unity.AI.MCP.Editor.Bridge:LogBreadcrumb (string) (at ./Library/PackageCache/com.unity.ai.assistant@bde8e124bc72/Modules/Unity.AI.MCP.Editor/Bridge.cs:2010)
Unity.AI.MCP.Editor.Bridge:OnAfterAssemblyReload () (at ./Library/PackageCache/com.unity.ai.assistant@bde8e124bc72/Modules/Unity.AI.MCP.Editor/Bridge.cs:1854)
UnityEditor.AssemblyReloadEvents:OnAfterAssemblyReload ()

(Filename: ./Library/PackageCache/com.unity.ai.assistant@bde8e124bc72/Modules/Unity.AI.Tracing/TraceSinks.cs Line: 313)

- Finished resetting the current domain, in  2.029 seconds
Domain Reload Profiling: 3116ms
	BeginReloadAssembly (278ms)
		ExecutionOrderSort (0ms)
		DisableScriptedObjects (6ms)
		BackupInstance (0ms)
		ReleaseScriptingObjects (0ms)
		CreateAndSetChildDomain (119ms)
	RebuildCommonClasses (30ms)
	RebuildNativeTypeToScriptingClass (11ms)
	initialDomainReloadingComplete (48ms)
	LoadAllAssembliesAndSetupDomain (719ms)
		LoadAssemblies (438ms)
		RebuildTransferFunctionScriptingTraits (0ms)
		AnalyzeDomain (358ms)
			TypeCache.Refresh (19ms)
				TypeCache.ScanAssembly (2ms)
			BuildScriptInfoCaches (319ms)
			ResolveRequiredComponents (11ms)
	FinalizeReload (2029ms)
		ReleaseScriptCaches (0ms)
		RebuildScriptCaches (0ms)
		SetupLoadedEditorAssemblies (1801ms)
			LogAssemblyErrors (0ms)
			InitializePlatformSupportModulesInManaged (19ms)
			SetLoadedEditorAssemblies (9ms)
			BeforeProcessingInitializeOnLoad (178ms)
			ProcessInitializeOnLoadAttributes (1270ms)
			ProcessInitializeOnLoadMethodAttributes (323ms)
			AfterProcessingInitializeOnLoad (2ms)
			EditorAssembliesLoaded (0ms)
		ExecutionOrderSort2 (0ms)
		AwakeInstancesAfterBackupRestoration (17ms)
Refreshing native plugins compatible for Editor in 1.07 ms, found 3 plugins.
Preloading 0 native plugins for Editor in 0.00 ms.
Unloading 19 Unused Serialized files (Serialized files now loaded: 0)
Unloading 9804 unused Assets / (6.9 MB). Loaded Objects now: 10709.
Memory consumption went from 266.3 MB to 259.4 MB.
Total: 22.194800 ms (FindLiveObjects: 1.342900 ms CreateObjectMapping: 1.559600 ms MarkObjects: 14.825400 ms  DeleteObjects: 4.464300 ms)

Prepare: number of updated asset objects reloaded= 0
========================================================================
Received Prepare
'Packages/com.unity.cinemachine/Editor/Obsolete/CinemachineVirtualCameraBaseEditor.cs' contains partial class of Unity.Object, exactly 1 of the partial classes needs to be in a file with the same filename. This is to know the one that can be referenced from ie. GameObjects
'Packages/com.unity.cinemachine/Editor/Editors/CinemachineVirtualCameraBaseEditor.cs' contains partial class of Unity.Object, exactly 1 of the partial classes needs to be in a file with the same filename. This is to know the one that can be referenced from ie. GameObjects
Refreshing native plugins compatible for Editor in 1.05 ms, found 3 plugins.
Preloading 0 native plugins for Editor in 0.00 ms.
Unloading 19 Unused Serialized files (Serialized files now loaded: 0)
Unloading 9795 unused Assets / (5.8 MB). Loaded Objects now: 10710.
Memory consumption went from 266.0 MB to 260.2 MB.
Total: 61.082200 ms (FindLiveObjects: 1.352100 ms CreateObjectMapping: 7.057200 ms MarkObjects: 48.676200 ms  DeleteObjects: 3.993700 ms)

Prepare: number of updated asset objects reloaded= 0
========================================================================
Received Prepare
[Licensing::Client] Successfully resolved entitlement details
Assembly reference Packages/com.unity.cinemachine/Editor/Samples/ExposeHDRPInternals/HDRP-Editor-ref.asmref has no target assembly definition
Assembly reference Packages/com.unity.cinemachine/Editor/Samples/ExposeHDRPInternals/HDRP-Editor-ref.asmref has no target assembly definition
Begin MonoManager ReloadAssembly
[Licensing::Client] Successfully resolved entitlement details
Duplicate assembly 'System.Collections.Immutable.FSR.dll' with different versions detected, using 'Assets/FastScriptReload/Plugins/Roslyn/2021+/System.Collections.Immutable.FSR.dll, AssemblyName=System.Collections.Immutable, Version=7.0.0.0, Culture=neutral, PublicKeyToken=b03f5f7f11d50a3a' and ignoring 'Assets/FastScriptReload/Plugins/Roslyn/System.Collections.Immutable.dll, AssemblyName=System.Collections.Immutable, Version=1.2.3.0, Culture=neutral, PublicKeyToken=b03f5f7f11d50a3a'.Duplicate assembly 'System.Collections.Immutable.dll' with different versions detected, using 'Packages/com.unity.ai.assistant/Plugins/Shared/System.Collections.Immutable.dll, AssemblyName=System.Collections.Immutable, Version=10.0.0.1, Culture=neutral, PublicKeyToken=b03f5f7f11d50a3a' and ignoring 'Assets/FastScriptReload/Plugins/Roslyn/2021+/System.Collections.Immutable.FSR.dll, AssemblyName=System.Collections.Immutable, Version=7.0.0.0, Culture=neutral, PublicKeyToken=b03f5f7f11d50a3a'.Duplicate assembly 'System.Collections.Immutable.dll' with different versions detected, using 'Packages/com.unity.ai.assistant/Plugins/Shared/System.Collections.Immutable.dll, AssemblyName=System.Collections.Immutable, Version=10.0.0.1, Culture=neutral, PublicKeyToken=b03f5f7f11d50a3a' and ignoring 'Assets/FastScriptReload/Plugins/Roslyn/2021+/System.Collections.Immutable.dll, AssemblyName=System.Collections.Immutable, Version=1.2.3.0, Culture=neutral, PublicKeyToken=b03f5f7f11d50a3a'.Duplicate assembly 'Microsoft.CodeAnalysis.CSharp.dll' with different versions detected, using 'Assets/FastScriptReload/Plugins/Roslyn/2021+/Microsoft.CodeAnalysis.CSharp.dll, AssemblyName=Microsoft.CodeAnalysis.CSharp, Version=4.6.0.0, Culture=neutral, PublicKeyToken=31bf3856ad364e35' and ignoring 'Packages/com.unity.ai.assistant/Plugins/CodeAnalysis/Microsoft.CodeAnalysis.CSharp.dll, AssemblyName=Microsoft.CodeAnalysis.CSharp, Version=3.11.0.0, Culture=neutral, PublicKeyToken=31bf3856ad364e35'.Duplicate assembly 'Microsoft.CodeAnalysis.CSharp.dll' with different versions detected, using 'Assets/FastScriptReload/Plugins/Roslyn/2021+/Microsoft.CodeAnalysis.CSharp.dll, AssemblyName=Microsoft.CodeAnalysis.CSharp, Version=4.6.0.0, Culture=neutral, PublicKeyToken=31bf3856ad364e35' and ignoring 'Assets/FastScriptReload/Plugins/Roslyn/Microsoft.CodeAnalysis.CSharp.dll, AssemblyName=Microsoft.CodeAnalysis.CSharp, Version=2.10.0.0, Culture=neutral, PublicKeyToken=31bf3856ad364e35'.Duplicate assembly 'System.Reflection.Metadata.dll' with different versions detected, using 'Packages/com.unity.ai.assistant/Plugins/Shared/System.Reflection.Metadata.dll, AssemblyName=System.Reflection.Metadata, Version=10.0.0.1, Culture=neutral, PublicKeyToken=b03f5f7f11d50a3a' and ignoring 'Assets/FastScriptReload/Plugins/Roslyn/2021+/System.Reflection.Metadata.dll, AssemblyName=System.Reflection.Metadata, Version=7.0.0.0, Culture=neutral, PublicKeyToken=b03f5f7f11d50a3a'.Duplicate assembly 'System.Reflection.Metadata.dll' with different versions detected, using 'Packages/com.unity.ai.assistant/Plugins/Shared/System.Reflection.Metadata.dll, AssemblyName=System.Reflection.Metadata, Version=10.0.0.1, Culture=neutral, PublicKeyToken=b03f5f7f11d50a3a' and ignoring 'Assets/FastScriptReload/Plugins/Roslyn/System.Reflection.Metadata.dll, AssemblyName=System.Reflection.Metadata, Version=1.4.3.0, Culture=neutral, PublicKeyToken=b03f5f7f11d50a3a'.Duplicate assembly 'Microsoft.CodeAnalysis.dll' with different versions detected, using 'Assets/FastScriptReload/Plugins/Roslyn/2021+/Microsoft.CodeAnalysis.dll, AssemblyName=Microsoft.CodeAnalysis, Version=4.6.0.0, Culture=neutral, PublicKeyToken=31bf3856ad364e35' and ignoring 'Packages/com.unity.ai.assistant/Plugins/CodeAnalysis/Microsoft.CodeAnalysis.dll, AssemblyName=Microsoft.CodeAnalysis, Version=3.11.0.0, Culture=neutral, PublicKeyToken=31bf3856ad364e35'.Duplicate assembly 'Microsoft.CodeAnalysis.dll' with different versions detected, using 'Assets/FastScriptReload/Plugins/Roslyn/2021+/Microsoft.CodeAnalysis.dll, AssemblyName=Microsoft.CodeAnalysis, Version=4.6.0.0, Culture=neutral, PublicKeyToken=31bf3856ad364e35' and ignoring 'Assets/FastScriptReload/Plugins/Roslyn/Microsoft.CodeAnalysis.dll, AssemblyName=Microsoft.CodeAnalysis, Version=2.10.0.0, Culture=neutral, PublicKeyToken=31bf3856ad364e35'.Duplicate assembly 'System.Runtime.CompilerServices.Unsafe.dll' with different versions detected, using 'Packages/com.unity.ai.assistant/Plugins/Shared/System.Runtime.CompilerServices.Unsafe.dll, AssemblyName=System.Runtime.CompilerServices.Unsafe, Version=6.0.3.0, Culture=neutral, PublicKeyToken=b03f5f7f11d50a3a' and ignoring 'Packages/com.unity.collections/Unity.Collections.Tests/System.Runtime.CompilerServices.Unsafe/System.Runtime.CompilerServices.Unsafe.dll, AssemblyName=System.Runtime.CompilerServices.Unsafe, Version=6.0.0.0, Culture=neutral, PublicKeyToken=b03f5f7f11d50a3a'.Duplicate assembly 'System.Runtime.CompilerServices.Unsafe.dll' with different versions detected, using 'Packages/com.unity.ai.assistant/Plugins/Shared/System.Runtime.CompilerServices.Unsafe.dll, AssemblyName=System.Runtime.CompilerServices.Unsafe, Version=6.0.3.0, Culture=neutral, PublicKeyToken=b03f5f7f11d50a3a' and ignoring 'Assets/FastScriptReload/Plugins/Roslyn/2021+/System.Runtime.CompilerServices.Unsafe.dll, AssemblyName=System.Runtime.CompilerServices.Unsafe, Version=6.0.0.0, Culture=neutral, PublicKeyToken=b03f5f7f11d50a3a'.Symbol file LoadedFromMemory is not a mono symbol file
- Loaded All Assemblies, in  0.996 seconds
Assembly reference Packages/com.unity.cinemachine/Editor/Samples/ExposeHDRPInternals/HDRP-Editor-ref.asmref has no target assembly definition
'Packages/com.unity.cinemachine/Editor/Obsolete/CinemachineVirtualCameraBaseEditor.cs' contains partial class of Unity.Object, exactly 1 of the partial classes needs to be in a file with the same filename. This is to know the one that can be referenced from ie. GameObjects
'Packages/com.unity.cinemachine/Editor/Editors/CinemachineVirtualCameraBaseEditor.cs' contains partial class of Unity.Object, exactly 1 of the partial classes needs to be in a file with the same filename. This is to know the one that can be referenced from ie. GameObjects
Refreshing native plugins compatible for Editor in 0.67 ms, found 3 plugins.
Native extension for LinuxStandalone target not found
Native extension for Android target not found
Native extension for UWP target not found
Native extension for WindowsStandalone target not found
Assembly reference Packages/com.unity.cinemachine/Editor/Samples/ExposeHDRPInternals/HDRP-Editor-ref.asmref has no target assembly definition
[Package Manager] Failed to launch server process. Reason: Unity was launched with the -noUpm command-line argument
[Package Manager] Unable to send message (not connected to server process).
[Package Manager] Cannot connect to Unity Package Manager local server
Duplicate assembly 'System.Collections.Immutable.FSR.dll' with different versions detected, using 'Assets/FastScriptReload/Plugins/Roslyn/2021+/System.Collections.Immutable.FSR.dll, AssemblyName=System.Collections.Immutable, Version=7.0.0.0, Culture=neutral, PublicKeyToken=b03f5f7f11d50a3a' and ignoring 'Assets/FastScriptReload/Plugins/Roslyn/System.Collections.Immutable.dll, AssemblyName=System.Collections.Immutable, Version=1.2.3.0, Culture=neutral, PublicKeyToken=b03f5f7f11d50a3a'.Duplicate assembly 'System.Collections.Immutable.dll' with different versions detected, using 'Packages/com.unity.ai.assistant/Plugins/Shared/System.Collections.Immutable.dll, AssemblyName=System.Collections.Immutable, Version=10.0.0.1, Culture=neutral, PublicKeyToken=b03f5f7f11d50a3a' and ignoring 'Assets/FastScriptReload/Plugins/Roslyn/2021+/System.Collections.Immutable.FSR.dll, AssemblyName=System.Collections.Immutable, Version=7.0.0.0, Culture=neutral, PublicKeyToken=b03f5f7f11d50a3a'.Duplicate assembly 'System.Collections.Immutable.dll' with different versions detected, using 'Packages/com.unity.ai.assistant/Plugins/Shared/System.Collections.Immutable.dll, AssemblyName=System.Collections.Immutable, Version=10.0.0.1, Culture=neutral, PublicKeyToken=b03f5f7f11d50a3a' and ignoring 'Assets/FastScriptReload/Plugins/Roslyn/2021+/System.Collections.Immutable.dll, AssemblyName=System.Collections.Immutable, Version=1.2.3.0, Culture=neutral, PublicKeyToken=b03f5f7f11d50a3a'.Duplicate assembly 'Microsoft.CodeAnalysis.CSharp.dll' with different versions detected, using 'Assets/FastScriptReload/Plugins/Roslyn/2021+/Microsoft.CodeAnalysis.CSharp.dll, AssemblyName=Microsoft.CodeAnalysis.CSharp, Version=4.6.0.0, Culture=neutral, PublicKeyToken=31bf3856ad364e35' and ignoring 'Packages/com.unity.ai.assistant/Plugins/CodeAnalysis/Microsoft.CodeAnalysis.CSharp.dll, AssemblyName=Microsoft.CodeAnalysis.CSharp, Version=3.11.0.0, Culture=neutral, PublicKeyToken=31bf3856ad364e35'.Duplicate assembly 'Microsoft.CodeAnalysis.CSharp.dll' with different versions detected, using 'Assets/FastScriptReload/Plugins/Roslyn/2021+/Microsoft.CodeAnalysis.CSharp.dll, AssemblyName=Microsoft.CodeAnalysis.CSharp, Version=4.6.0.0, Culture=neutral, PublicKeyToken=31bf3856ad364e35' and ignoring 'Assets/FastScriptReload/Plugins/Roslyn/Microsoft.CodeAnalysis.CSharp.dll, AssemblyName=Microsoft.CodeAnalysis.CSharp, Version=2.10.0.0, Culture=neutral, PublicKeyToken=31bf3856ad364e35'.Duplicate assembly 'System.Reflection.Metadata.dll' with different versions detected, using 'Packages/com.unity.ai.assistant/Plugins/Shared/System.Reflection.Metadata.dll, AssemblyName=System.Reflection.Metadata, Version=10.0.0.1, Culture=neutral, PublicKeyToken=b03f5f7f11d50a3a' and ignoring 'Assets/FastScriptReload/Plugins/Roslyn/2021+/System.Reflection.Metadata.dll, AssemblyName=System.Reflection.Metadata, Version=7.0.0.0, Culture=neutral, PublicKeyToken=b03f5f7f11d50a3a'.Duplicate assembly 'System.Reflection.Metadata.dll' with different versions detected, using 'Packages/com.unity.ai.assistant/Plugins/Shared/System.Reflection.Metadata.dll, AssemblyName=System.Reflection.Metadata, Version=10.0.0.1, Culture=neutral, PublicKeyToken=b03f5f7f11d50a3a' and ignoring 'Assets/FastScriptReload/Plugins/Roslyn/System.Reflection.Metadata.dll, AssemblyName=System.Reflection.Metadata, Version=1.4.3.0, Culture=neutral, PublicKeyToken=b03f5f7f11d50a3a'.Duplicate assembly 'Microsoft.CodeAnalysis.dll' with different versions detected, using 'Assets/FastScriptReload/Plugins/Roslyn/2021+/Microsoft.CodeAnalysis.dll, AssemblyName=Microsoft.CodeAnalysis, Version=4.6.0.0, Culture=neutral, PublicKeyToken=31bf3856ad364e35' and ignoring 'Packages/com.unity.ai.assistant/Plugins/CodeAnalysis/Microsoft.CodeAnalysis.dll, AssemblyName=Microsoft.CodeAnalysis, Version=3.11.0.0, Culture=neutral, PublicKeyToken=31bf3856ad364e35'.Duplicate assembly 'Microsoft.CodeAnalysis.dll' with different versions detected, using 'Assets/FastScriptReload/Plugins/Roslyn/2021+/Microsoft.CodeAnalysis.dll, AssemblyName=Microsoft.CodeAnalysis, Version=4.6.0.0, Culture=neutral, PublicKeyToken=31bf3856ad364e35' and ignoring 'Assets/FastScriptReload/Plugins/Roslyn/Microsoft.CodeAnalysis.dll, AssemblyName=Microsoft.CodeAnalysis, Version=2.10.0.0, Culture=neutral, PublicKeyToken=31bf3856ad364e35'.Duplicate assembly 'System.Runtime.CompilerServices.Unsafe.dll' with different versions detected, using 'Packages/com.unity.ai.assistant/Plugins/Shared/System.Runtime.CompilerServices.Unsafe.dll, AssemblyName=System.Runtime.CompilerServices.Unsafe, Version=6.0.3.0, Culture=neutral, PublicKeyToken=b03f5f7f11d50a3a' and ignoring 'Packages/com.unity.collections/Unity.Collections.Tests/System.Runtime.CompilerServices.Unsafe/System.Runtime.CompilerServices.Unsafe.dll, AssemblyName=System.Runtime.CompilerServices.Unsafe, Version=6.0.0.0, Culture=neutral, PublicKeyToken=b03f5f7f11d50a3a'.Duplicate assembly 'System.Runtime.CompilerServices.Unsafe.dll' with different versions detected, using 'Packages/com.unity.ai.assistant/Plugins/Shared/System.Runtime.CompilerServices.Unsafe.dll, AssemblyName=System.Runtime.CompilerServices.Unsafe, Version=6.0.3.0, Culture=neutral, PublicKeyToken=b03f5f7f11d50a3a' and ignoring 'Assets/FastScriptReload/Plugins/Roslyn/2021+/System.Runtime.CompilerServices.Unsafe.dll, AssemblyName=System.Runtime.CompilerServices.Unsafe, Version=6.0.0.0, Culture=neutral, PublicKeyToken=b03f5f7f11d50a3a'.[Package Manager] Failed to launch server process. Reason: Unity was launched with the -noUpm command-line argument
[Package Manager] Unable to send message (not connected to server process).
[Package Manager] Cannot connect to Unity Package Manager local server
[Package Manager] Failed to launch server process. Reason: Unity was launched with the -noUpm command-line argument
[Package Manager] Unable to send message (not connected to server process).
[Package Manager] Cannot connect to Unity Package Manager local server
[Licensing::Client] Error: Code 404 while processing request (status: Found 0 entitlement groups and 0 free entitlements matching requested entitlement ids)
[Licensing::Client] Error: Code 404 while processing request (status: Found 0 entitlement groups and 0 free entitlements matching requested entitlement ids)
[Licensing::Client] Error: Code 404 while processing request (status: Found 0 entitlement groups and 0 free entitlements matching requested entitlement ids)
[McpToolRegistry] Discovered 20 MCP tools
UnityEngine.Debug:ExtractStackTraceNoAlloc (byte*,int,string)
UnityEngine.StackTraceUtility:ExtractStackTrace ()
UnityEngine.DebugLogHandler:Internal_Log (UnityEngine.LogType,UnityEngine.LogOption,string,UnityEngine.Object)
UnityEngine.DebugLogHandler:LogFormat (UnityEngine.LogType,UnityEngine.Object,string,object[])
UnityEngine.Logger:Log (UnityEngine.LogType,object)
UnityEngine.Debug:Log (object)
Unity.AI.Tracing.ConsoleSink:LogToConsole (string,string,System.Exception) (at ./Library/PackageCache/com.unity.ai.assistant@bde8e124bc72/Modules/Unity.AI.Tracing/TraceSinks.cs:313)
Unity.AI.Tracing.ConsoleSink:Write (Unity.AI.Tracing.TraceEvent) (at ./Library/PackageCache/com.unity.ai.assistant@bde8e124bc72/Modules/Unity.AI.Tracing/TraceSinks.cs:277)
Unity.AI.Tracing.TraceWriter:WriteEventInternal (string,string,Unity.AI.Tracing.TraceEventOptions,string,System.Nullable`1<int>) (at ./Library/PackageCache/com.unity.ai.assistant@bde8e124bc72/Modules/Unity.AI.Tracing/TraceWriter.cs:373)
Unity.AI.Tracing.TraceWriter:Event (string,Unity.AI.Tracing.TraceEventOptions) (at ./Library/PackageCache/com.unity.ai.assistant@bde8e124bc72/Modules/Unity.AI.Tracing/TraceWriter.cs:297)
Unity.AI.Tracing.TraceLogger:Emit (string,string,string,string,Unity.AI.Tracing.TraceEventOptions,object,System.Exception) (at ./Library/PackageCache/com.unity.ai.assistant@bde8e124bc72/Modules/Unity.AI.Tracing/TraceLogger.cs:105)
Unity.AI.Tracing.TraceLogger:Info (string,string,string,Unity.AI.Tracing.TraceEventOptions) (at ./Library/PackageCache/com.unity.ai.assistant@bde8e124bc72/Modules/Unity.AI.Tracing/TraceLogger.cs:35)
Unity.AI.MCP.Editor.Helpers.McpLog:Log (string,Unity.AI.Tracing.TraceEventOptions) (at ./Library/PackageCache/com.unity.ai.assistant@bde8e124bc72/Modules/Unity.AI.MCP.Editor/Helpers/McpLog.cs:15)
Unity.AI.MCP.Editor.ToolRegistry.McpToolRegistry:RefreshTools () (at ./Library/PackageCache/com.unity.ai.assistant@bde8e124bc72/Modules/Unity.AI.MCP.Editor/ToolRegistry/McpToolRegistry.cs:201)
Unity.AI.MCP.Editor.ToolRegistry.McpToolRegistry:Initialize () (at ./Library/PackageCache/com.unity.ai.assistant@bde8e124bc72/Modules/Unity.AI.MCP.Editor/ToolRegistry/McpToolRegistry.cs:177)
System.Reflection.RuntimeMethodInfo:Invoke (object,System.Reflection.BindingFlags,System.Reflection.Binder,object[],System.Globalization.CultureInfo)
System.Reflection.MethodBase:Invoke (object,object[])
UnityEditor.EditorAssemblies:ProcessInitializeOnLoadMethodAttributes ()

(Filename: ./Library/PackageCache/com.unity.ai.assistant@bde8e124bc72/Modules/Unity.AI.Tracing/TraceSinks.cs Line: 313)

[McpToolRegistry] Available tools: Unity_ApplyTextEdits, Unity_CreateScript, Unity_DeleteScript, Unity_FindInFile, Unity_GetSha, Unity_ImportExternalModel, Unity_ListResources, Unity_ManageAsset, Unity_ManageEditor, Unity_ManageGameObject, Unity_ManageMenuItem, Unity_ManageScene, Unity_ManageScript, Unity_ManageScript_capabilities, Unity_ManageShader, Unity_ReadConsole, Unity_ReadResource, Unity_RunCommand, Unity_ScriptApplyEdits, Unity_ValidateScript
UnityEngine.Debug:ExtractStackTraceNoAlloc (byte*,int,string)
UnityEngine.StackTraceUtility:ExtractStackTrace ()
UnityEngine.DebugLogHandler:Internal_Log (UnityEngine.LogType,UnityEngine.LogOption,string,UnityEngine.Object)
UnityEngine.DebugLogHandler:LogFormat (UnityEngine.LogType,UnityEngine.Object,string,object[])
UnityEngine.Logger:Log (UnityEngine.LogType,object)
UnityEngine.Debug:Log (object)
Unity.AI.Tracing.ConsoleSink:LogToConsole (string,string,System.Exception) (at ./Library/PackageCache/com.unity.ai.assistant@bde8e124bc72/Modules/Unity.AI.Tracing/TraceSinks.cs:313)
Unity.AI.Tracing.ConsoleSink:Write (Unity.AI.Tracing.TraceEvent) (at ./Library/PackageCache/com.unity.ai.assistant@bde8e124bc72/Modules/Unity.AI.Tracing/TraceSinks.cs:277)
Unity.AI.Tracing.TraceWriter:WriteEventInternal (string,string,Unity.AI.Tracing.TraceEventOptions,string,System.Nullable`1<int>) (at ./Library/PackageCache/com.unity.ai.assistant@bde8e124bc72/Modules/Unity.AI.Tracing/TraceWriter.cs:373)
Unity.AI.Tracing.TraceWriter:Event (string,Unity.AI.Tracing.TraceEventOptions) (at ./Library/PackageCache/com.unity.ai.assistant@bde8e124bc72/Modules/Unity.AI.Tracing/TraceWriter.cs:297)
Unity.AI.Tracing.TraceLogger:Emit (string,string,string,string,Unity.AI.Tracing.TraceEventOptions,object,System.Exception) (at ./Library/PackageCache/com.unity.ai.assistant@bde8e124bc72/Modules/Unity.AI.Tracing/TraceLogger.cs:105)
Unity.AI.Tracing.TraceLogger:Info (string,string,string,Unity.AI.Tracing.TraceEventOptions) (at ./Library/PackageCache/com.unity.ai.assistant@bde8e124bc72/Modules/Unity.AI.Tracing/TraceLogger.cs:35)
Unity.AI.MCP.Editor.Helpers.McpLog:Log (string,Unity.AI.Tracing.TraceEventOptions) (at ./Library/PackageCache/com.unity.ai.assistant@bde8e124bc72/Modules/Unity.AI.MCP.Editor/Helpers/McpLog.cs:15)
Unity.AI.MCP.Editor.ToolRegistry.McpToolRegistry:RefreshTools () (at ./Library/PackageCache/com.unity.ai.assistant@bde8e124bc72/Modules/Unity.AI.MCP.Editor/ToolRegistry/McpToolRegistry.cs:204)
Unity.AI.MCP.Editor.ToolRegistry.McpToolRegistry:Initialize () (at ./Library/PackageCache/com.unity.ai.assistant@bde8e124bc72/Modules/Unity.AI.MCP.Editor/ToolRegistry/McpToolRegistry.cs:177)
System.Reflection.RuntimeMethodInfo:Invoke (object,System.Reflection.BindingFlags,System.Reflection.Binder,object[],System.Globalization.CultureInfo)
System.Reflection.MethodBase:Invoke (object,object[])
UnityEditor.EditorAssemblies:ProcessInitializeOnLoadMethodAttributes ()

(Filename: ./Library/PackageCache/com.unity.ai.assistant@bde8e124bc72/Modules/Unity.AI.Tracing/TraceSinks.cs Line: 313)

ScheduleIndexationOnStartup MainProcess:False IndexOnStartup:True
Mono: successfully reloaded assembly
[Idle]
UnityEngine.Debug:ExtractStackTraceNoAlloc (byte*,int,string)
UnityEngine.StackTraceUtility:ExtractStackTrace ()
UnityEngine.DebugLogHandler:Internal_Log (UnityEngine.LogType,UnityEngine.LogOption,string,UnityEngine.Object)
UnityEngine.DebugLogHandler:LogFormat (UnityEngine.LogType,UnityEngine.Object,string,object[])
UnityEngine.Logger:Log (UnityEngine.LogType,object)
UnityEngine.Debug:Log (object)
Unity.AI.Tracing.ConsoleSink:LogToConsole (string,string,System.Exception) (at ./Library/PackageCache/com.unity.ai.assistant@bde8e124bc72/Modules/Unity.AI.Tracing/TraceSinks.cs:313)
Unity.AI.Tracing.ConsoleSink:Write (Unity.AI.Tracing.TraceEvent) (at ./Library/PackageCache/com.unity.ai.assistant@bde8e124bc72/Modules/Unity.AI.Tracing/TraceSinks.cs:277)
Unity.AI.Tracing.TraceWriter:WriteEventInternal (string,string,Unity.AI.Tracing.TraceEventOptions,string,System.Nullable`1<int>) (at ./Library/PackageCache/com.unity.ai.assistant@bde8e124bc72/Modules/Unity.AI.Tracing/TraceWriter.cs:373)
Unity.AI.Tracing.TraceWriter:Event (string,Unity.AI.Tracing.TraceEventOptions) (at ./Library/PackageCache/com.unity.ai.assistant@bde8e124bc72/Modules/Unity.AI.Tracing/TraceWriter.cs:297)
Unity.AI.Tracing.TraceLogger:Emit (string,string,string,string,Unity.AI.Tracing.TraceEventOptions,object,System.Exception) (at ./Library/PackageCache/com.unity.ai.assistant@bde8e124bc72/Modules/Unity.AI.Tracing/TraceLogger.cs:105)
Unity.AI.Tracing.TraceLogger:Info (string,string,string,Unity.AI.Tracing.TraceEventOptions) (at ./Library/PackageCache/com.unity.ai.assistant@bde8e124bc72/Modules/Unity.AI.Tracing/TraceLogger.cs:35)
Unity.AI.MCP.Editor.Helpers.McpLog:Log (string,Unity.AI.Tracing.TraceEventOptions) (at ./Library/PackageCache/com.unity.ai.assistant@bde8e124bc72/Modules/Unity.AI.MCP.Editor/Helpers/McpLog.cs:15)
Unity.AI.MCP.Editor.Bridge:LogBreadcrumb (string) (at ./Library/PackageCache/com.unity.ai.assistant@bde8e124bc72/Modules/Unity.AI.MCP.Editor/Bridge.cs:2010)
Unity.AI.MCP.Editor.Bridge:OnAfterAssemblyReload () (at ./Library/PackageCache/com.unity.ai.assistant@bde8e124bc72/Modules/Unity.AI.MCP.Editor/Bridge.cs:1854)
UnityEditor.AssemblyReloadEvents:OnAfterAssemblyReload ()

(Filename: ./Library/PackageCache/com.unity.ai.assistant@bde8e124bc72/Modules/Unity.AI.Tracing/TraceSinks.cs Line: 313)

- Finished resetting the current domain, in  1.788 seconds
Domain Reload Profiling: 2793ms
	BeginReloadAssembly (246ms)
		ExecutionOrderSort (0ms)
		DisableScriptedObjects (7ms)
		BackupInstance (0ms)
		ReleaseScriptingObjects (0ms)
		CreateAndSetChildDomain (94ms)
	RebuildCommonClasses (29ms)
	RebuildNativeTypeToScriptingClass (12ms)
	initialDomainReloadingComplete (49ms)
	LoadAllAssembliesAndSetupDomain (668ms)
		LoadAssemblies (426ms)
		RebuildTransferFunctionScriptingTraits (0ms)
		AnalyzeDomain (323ms)
			TypeCache.Refresh (18ms)
				TypeCache.ScanAssembly (2ms)
			BuildScriptInfoCaches (285ms)
			ResolveRequiredComponents (11ms)
	FinalizeReload (1789ms)
		ReleaseScriptCaches (0ms)
		RebuildScriptCaches (0ms)
		SetupLoadedEditorAssemblies (1569ms)
			LogAssemblyErrors (0ms)
			InitializePlatformSupportModulesInManaged (16ms)
			SetLoadedEditorAssemblies (7ms)
			BeforeProcessingInitializeOnLoad (147ms)
			ProcessInitializeOnLoadAttributes (1068ms)
			ProcessInitializeOnLoadMethodAttributes (328ms)
			AfterProcessingInitializeOnLoad (2ms)
			EditorAssembliesLoaded (0ms)
		ExecutionOrderSort2 (0ms)
		AwakeInstancesAfterBackupRestoration (26ms)
Refreshing native plugins compatible for Editor in 0.79 ms, found 3 plugins.
Preloading 0 native plugins for Editor in 0.00 ms.
Unloading 19 Unused Serialized files (Serialized files now loaded: 0)
Unloading 9805 unused Assets / (6.1 MB). Loaded Objects now: 10714.
Memory consumption went from 266.4 MB to 260.3 MB.
Total: 23.282500 ms (FindLiveObjects: 2.495400 ms CreateObjectMapping: 1.708500 ms MarkObjects: 13.622000 ms  DeleteObjects: 5.453800 ms)

Prepare: number of updated asset objects reloaded= 0
========================================================================
Received Prepare
'Packages/com.unity.cinemachine/Editor/Obsolete/CinemachineVirtualCameraBaseEditor.cs' contains partial class of Unity.Object, exactly 1 of the partial classes needs to be in a file with the same filename. This is to know the one that can be referenced from ie. GameObjects
'Packages/com.unity.cinemachine/Editor/Editors/CinemachineVirtualCameraBaseEditor.cs' contains partial class of Unity.Object, exactly 1 of the partial classes needs to be in a file with the same filename. This is to know the one that can be referenced from ie. GameObjects
Refreshing native plugins compatible for Editor in 0.74 ms, found 3 plugins.
Preloading 0 native plugins for Editor in 0.00 ms.
Unloading 19 Unused Serialized files (Serialized files now loaded: 0)
Unloading 9796 unused Assets / (5.9 MB). Loaded Objects now: 10715.
Memory consumption went from 266.0 MB to 260.2 MB.
Total: 18.303000 ms (FindLiveObjects: 1.347100 ms CreateObjectMapping: 1.254900 ms MarkObjects: 11.689400 ms  DeleteObjects: 4.009400 ms)

Prepare: number of updated asset objects reloaded= 0
========================================================================
Received Prepare
Assembly reference Packages/com.unity.cinemachine/Editor/Samples/ExposeHDRPInternals/HDRP-Editor-ref.asmref has no target assembly definition
Assembly reference Packages/com.unity.cinemachine/Editor/Samples/ExposeHDRPInternals/HDRP-Editor-ref.asmref has no target assembly definition
Begin MonoManager ReloadAssembly
Duplicate assembly 'System.Collections.Immutable.FSR.dll' with different versions detected, using 'Assets/FastScriptReload/Plugins/Roslyn/2021+/System.Collections.Immutable.FSR.dll, AssemblyName=System.Collections.Immutable, Version=7.0.0.0, Culture=neutral, PublicKeyToken=b03f5f7f11d50a3a' and ignoring 'Assets/FastScriptReload/Plugins/Roslyn/System.Collections.Immutable.dll, AssemblyName=System.Collections.Immutable, Version=1.2.3.0, Culture=neutral, PublicKeyToken=b03f5f7f11d50a3a'.Duplicate assembly 'System.Collections.Immutable.dll' with different versions detected, using 'Packages/com.unity.ai.assistant/Plugins/Shared/System.Collections.Immutable.dll, AssemblyName=System.Collections.Immutable, Version=10.0.0.1, Culture=neutral, PublicKeyToken=b03f5f7f11d50a3a' and ignoring 'Assets/FastScriptReload/Plugins/Roslyn/2021+/System.Collections.Immutable.FSR.dll, AssemblyName=System.Collections.Immutable, Version=7.0.0.0, Culture=neutral, PublicKeyToken=b03f5f7f11d50a3a'.Duplicate assembly 'System.Collections.Immutable.dll' with different versions detected, using 'Packages/com.unity.ai.assistant/Plugins/Shared/System.Collections.Immutable.dll, AssemblyName=System.Collections.Immutable, Version=10.0.0.1, Culture=neutral, PublicKeyToken=b03f5f7f11d50a3a' and ignoring 'Assets/FastScriptReload/Plugins/Roslyn/2021+/System.Collections.Immutable.dll, AssemblyName=System.Collections.Immutable, Version=1.2.3.0, Culture=neutral, PublicKeyToken=b03f5f7f11d50a3a'.Duplicate assembly 'Microsoft.CodeAnalysis.CSharp.dll' with different versions detected, using 'Assets/FastScriptReload/Plugins/Roslyn/2021+/Microsoft.CodeAnalysis.CSharp.dll, AssemblyName=Microsoft.CodeAnalysis.CSharp, Version=4.6.0.0, Culture=neutral, PublicKeyToken=31bf3856ad364e35' and ignoring 'Packages/com.unity.ai.assistant/Plugins/CodeAnalysis/Microsoft.CodeAnalysis.CSharp.dll, AssemblyName=Microsoft.CodeAnalysis.CSharp, Version=3.11.0.0, Culture=neutral, PublicKeyToken=31bf3856ad364e35'.Duplicate assembly 'Microsoft.CodeAnalysis.CSharp.dll' with different versions detected, using 'Assets/FastScriptReload/Plugins/Roslyn/2021+/Microsoft.CodeAnalysis.CSharp.dll, AssemblyName=Microsoft.CodeAnalysis.CSharp, Version=4.6.0.0, Culture=neutral, PublicKeyToken=31bf3856ad364e35' and ignoring 'Assets/FastScriptReload/Plugins/Roslyn/Microsoft.CodeAnalysis.CSharp.dll, AssemblyName=Microsoft.CodeAnalysis.CSharp, Version=2.10.0.0, Culture=neutral, PublicKeyToken=31bf3856ad364e35'.Duplicate assembly 'System.Reflection.Metadata.dll' with different versions detected, using 'Packages/com.unity.ai.assistant/Plugins/Shared/System.Reflection.Metadata.dll, AssemblyName=System.Reflection.Metadata, Version=10.0.0.1, Culture=neutral, PublicKeyToken=b03f5f7f11d50a3a' and ignoring 'Assets/FastScriptReload/Plugins/Roslyn/2021+/System.Reflection.Metadata.dll, AssemblyName=System.Reflection.Metadata, Version=7.0.0.0, Culture=neutral, PublicKeyToken=b03f5f7f11d50a3a'.Duplicate assembly 'System.Reflection.Metadata.dll' with different versions detected, using 'Packages/com.unity.ai.assistant/Plugins/Shared/System.Reflection.Metadata.dll, AssemblyName=System.Reflection.Metadata, Version=10.0.0.1, Culture=neutral, PublicKeyToken=b03f5f7f11d50a3a' and ignoring 'Assets/FastScriptReload/Plugins/Roslyn/System.Reflection.Metadata.dll, AssemblyName=System.Reflection.Metadata, Version=1.4.3.0, Culture=neutral, PublicKeyToken=b03f5f7f11d50a3a'.Duplicate assembly 'Microsoft.CodeAnalysis.dll' with different versions detected, using 'Assets/FastScriptReload/Plugins/Roslyn/2021+/Microsoft.CodeAnalysis.dll, AssemblyName=Microsoft.CodeAnalysis, Version=4.6.0.0, Culture=neutral, PublicKeyToken=31bf3856ad364e35' and ignoring 'Packages/com.unity.ai.assistant/Plugins/CodeAnalysis/Microsoft.CodeAnalysis.dll, AssemblyName=Microsoft.CodeAnalysis, Version=3.11.0.0, Culture=neutral, PublicKeyToken=31bf3856ad364e35'.Duplicate assembly 'Microsoft.CodeAnalysis.dll' with different versions detected, using 'Assets/FastScriptReload/Plugins/Roslyn/2021+/Microsoft.CodeAnalysis.dll, AssemblyName=Microsoft.CodeAnalysis, Version=4.6.0.0, Culture=neutral, PublicKeyToken=31bf3856ad364e35' and ignoring 'Assets/FastScriptReload/Plugins/Roslyn/Microsoft.CodeAnalysis.dll, AssemblyName=Microsoft.CodeAnalysis, Version=2.10.0.0, Culture=neutral, PublicKeyToken=31bf3856ad364e35'.Duplicate assembly 'System.Runtime.CompilerServices.Unsafe.dll' with different versions detected, using 'Packages/com.unity.ai.assistant/Plugins/Shared/System.Runtime.CompilerServices.Unsafe.dll, AssemblyName=System.Runtime.CompilerServices.Unsafe, Version=6.0.3.0, Culture=neutral, PublicKeyToken=b03f5f7f11d50a3a' and ignoring 'Packages/com.unity.collections/Unity.Collections.Tests/System.Runtime.CompilerServices.Unsafe/System.Runtime.CompilerServices.Unsafe.dll, AssemblyName=System.Runtime.CompilerServices.Unsafe, Version=6.0.0.0, Culture=neutral, PublicKeyToken=b03f5f7f11d50a3a'.Duplicate assembly 'System.Runtime.CompilerServices.Unsafe.dll' with different versions detected, using 'Packages/com.unity.ai.assistant/Plugins/Shared/System.Runtime.CompilerServices.Unsafe.dll, AssemblyName=System.Runtime.CompilerServices.Unsafe, Version=6.0.3.0, Culture=neutral, PublicKeyToken=b03f5f7f11d50a3a' and ignoring 'Assets/FastScriptReload/Plugins/Roslyn/2021+/System.Runtime.CompilerServices.Unsafe.dll, AssemblyName=System.Runtime.CompilerServices.Unsafe, Version=6.0.0.0, Culture=neutral, PublicKeyToken=b03f5f7f11d50a3a'.Symbol file LoadedFromMemory is not a mono symbol file
- Loaded All Assemblies, in  1.022 seconds
Assembly reference Packages/com.unity.cinemachine/Editor/Samples/ExposeHDRPInternals/HDRP-Editor-ref.asmref has no target assembly definition
'Packages/com.unity.cinemachine/Editor/Obsolete/CinemachineVirtualCameraBaseEditor.cs' contains partial class of Unity.Object, exactly 1 of the partial classes needs to be in a file with the same filename. This is to know the one that can be referenced from ie. GameObjects
'Packages/com.unity.cinemachine/Editor/Editors/CinemachineVirtualCameraBaseEditor.cs' contains partial class of Unity.Object, exactly 1 of the partial classes needs to be in a file with the same filename. This is to know the one that can be referenced from ie. GameObjects
Refreshing native plugins compatible for Editor in 0.50 ms, found 3 plugins.
Native extension for LinuxStandalone target not found
Native extension for Android target not found
Native extension for UWP target not found
Native extension for WindowsStandalone target not found
Assembly reference Packages/com.unity.cinemachine/Editor/Samples/ExposeHDRPInternals/HDRP-Editor-ref.asmref has no target assembly definition
[Package Manager] Failed to launch server process. Reason: Unity was launched with the -noUpm command-line argument
[Package Manager] Unable to send message (not connected to server process).
[Package Manager] Cannot connect to Unity Package Manager local server
Duplicate assembly 'System.Collections.Immutable.FSR.dll' with different versions detected, using 'Assets/FastScriptReload/Plugins/Roslyn/2021+/System.Collections.Immutable.FSR.dll, AssemblyName=System.Collections.Immutable, Version=7.0.0.0, Culture=neutral, PublicKeyToken=b03f5f7f11d50a3a' and ignoring 'Assets/FastScriptReload/Plugins/Roslyn/System.Collections.Immutable.dll, AssemblyName=System.Collections.Immutable, Version=1.2.3.0, Culture=neutral, PublicKeyToken=b03f5f7f11d50a3a'.Duplicate assembly 'System.Collections.Immutable.dll' with different versions detected, using 'Packages/com.unity.ai.assistant/Plugins/Shared/System.Collections.Immutable.dll, AssemblyName=System.Collections.Immutable, Version=10.0.0.1, Culture=neutral, PublicKeyToken=b03f5f7f11d50a3a' and ignoring 'Assets/FastScriptReload/Plugins/Roslyn/2021+/System.Collections.Immutable.FSR.dll, AssemblyName=System.Collections.Immutable, Version=7.0.0.0, Culture=neutral, PublicKeyToken=b03f5f7f11d50a3a'.Duplicate assembly 'System.Collections.Immutable.dll' with different versions detected, using 'Packages/com.unity.ai.assistant/Plugins/Shared/System.Collections.Immutable.dll, AssemblyName=System.Collections.Immutable, Version=10.0.0.1, Culture=neutral, PublicKeyToken=b03f5f7f11d50a3a' and ignoring 'Assets/FastScriptReload/Plugins/Roslyn/2021+/System.Collections.Immutable.dll, AssemblyName=System.Collections.Immutable, Version=1.2.3.0, Culture=neutral, PublicKeyToken=b03f5f7f11d50a3a'.Duplicate assembly 'Microsoft.CodeAnalysis.CSharp.dll' with different versions detected, using 'Assets/FastScriptReload/Plugins/Roslyn/2021+/Microsoft.CodeAnalysis.CSharp.dll, AssemblyName=Microsoft.CodeAnalysis.CSharp, Version=4.6.0.0, Culture=neutral, PublicKeyToken=31bf3856ad364e35' and ignoring 'Packages/com.unity.ai.assistant/Plugins/CodeAnalysis/Microsoft.CodeAnalysis.CSharp.dll, AssemblyName=Microsoft.CodeAnalysis.CSharp, Version=3.11.0.0, Culture=neutral, PublicKeyToken=31bf3856ad364e35'.Duplicate assembly 'Microsoft.CodeAnalysis.CSharp.dll' with different versions detected, using 'Assets/FastScriptReload/Plugins/Roslyn/2021+/Microsoft.CodeAnalysis.CSharp.dll, AssemblyName=Microsoft.CodeAnalysis.CSharp, Version=4.6.0.0, Culture=neutral, PublicKeyToken=31bf3856ad364e35' and ignoring 'Assets/FastScriptReload/Plugins/Roslyn/Microsoft.CodeAnalysis.CSharp.dll, AssemblyName=Microsoft.CodeAnalysis.CSharp, Version=2.10.0.0, Culture=neutral, PublicKeyToken=31bf3856ad364e35'.Duplicate assembly 'System.Reflection.Metadata.dll' with different versions detected, using 'Packages/com.unity.ai.assistant/Plugins/Shared/System.Reflection.Metadata.dll, AssemblyName=System.Reflection.Metadata, Version=10.0.0.1, Culture=neutral, PublicKeyToken=b03f5f7f11d50a3a' and ignoring 'Assets/FastScriptReload/Plugins/Roslyn/2021+/System.Reflection.Metadata.dll, AssemblyName=System.Reflection.Metadata, Version=7.0.0.0, Culture=neutral, PublicKeyToken=b03f5f7f11d50a3a'.Duplicate assembly 'System.Reflection.Metadata.dll' with different versions detected, using 'Packages/com.unity.ai.assistant/Plugins/Shared/System.Reflection.Metadata.dll, AssemblyName=System.Reflection.Metadata, Version=10.0.0.1, Culture=neutral, PublicKeyToken=b03f5f7f11d50a3a' and ignoring 'Assets/FastScriptReload/Plugins/Roslyn/System.Reflection.Metadata.dll, AssemblyName=System.Reflection.Metadata, Version=1.4.3.0, Culture=neutral, PublicKeyToken=b03f5f7f11d50a3a'.Duplicate assembly 'Microsoft.CodeAnalysis.dll' with different versions detected, using 'Assets/FastScriptReload/Plugins/Roslyn/2021+/Microsoft.CodeAnalysis.dll, AssemblyName=Microsoft.CodeAnalysis, Version=4.6.0.0, Culture=neutral, PublicKeyToken=31bf3856ad364e35' and ignoring 'Packages/com.unity.ai.assistant/Plugins/CodeAnalysis/Microsoft.CodeAnalysis.dll, AssemblyName=Microsoft.CodeAnalysis, Version=3.11.0.0, Culture=neutral, PublicKeyToken=31bf3856ad364e35'.Duplicate assembly 'Microsoft.CodeAnalysis.dll' with different versions detected, using 'Assets/FastScriptReload/Plugins/Roslyn/2021+/Microsoft.CodeAnalysis.dll, AssemblyName=Microsoft.CodeAnalysis, Version=4.6.0.0, Culture=neutral, PublicKeyToken=31bf3856ad364e35' and ignoring 'Assets/FastScriptReload/Plugins/Roslyn/Microsoft.CodeAnalysis.dll, AssemblyName=Microsoft.CodeAnalysis, Version=2.10.0.0, Culture=neutral, PublicKeyToken=31bf3856ad364e35'.Duplicate assembly 'System.Runtime.CompilerServices.Unsafe.dll' with different versions detected, using 'Packages/com.unity.ai.assistant/Plugins/Shared/System.Runtime.CompilerServices.Unsafe.dll, AssemblyName=System.Runtime.CompilerServices.Unsafe, Version=6.0.3.0, Culture=neutral, PublicKeyToken=b03f5f7f11d50a3a' and ignoring 'Packages/com.unity.collections/Unity.Collections.Tests/System.Runtime.CompilerServices.Unsafe/System.Runtime.CompilerServices.Unsafe.dll, AssemblyName=System.Runtime.CompilerServices.Unsafe, Version=6.0.0.0, Culture=neutral, PublicKeyToken=b03f5f7f11d50a3a'.Duplicate assembly 'System.Runtime.CompilerServices.Unsafe.dll' with different versions detected, using 'Packages/com.unity.ai.assistant/Plugins/Shared/System.Runtime.CompilerServices.Unsafe.dll, AssemblyName=System.Runtime.CompilerServices.Unsafe, Version=6.0.3.0, Culture=neutral, PublicKeyToken=b03f5f7f11d50a3a' and ignoring 'Assets/FastScriptReload/Plugins/Roslyn/2021+/System.Runtime.CompilerServices.Unsafe.dll, AssemblyName=System.Runtime.CompilerServices.Unsafe, Version=6.0.0.0, Culture=neutral, PublicKeyToken=b03f5f7f11d50a3a'.[Package Manager] Failed to launch server process. Reason: Unity was launched with the -noUpm command-line argument
[Package Manager] Unable to send message (not connected to server process).
[Package Manager] Cannot connect to Unity Package Manager local server
[Package Manager] Failed to launch server process. Reason: Unity was launched with the -noUpm command-line argument
[Package Manager] Unable to send message (not connected to server process).
[Package Manager] Cannot connect to Unity Package Manager local server
[Licensing::Client] Error: Code 404 while processing request (status: Found 0 entitlement groups and 0 free entitlements matching requested entitlement ids)
[Licensing::Client] Error: Code 404 while processing request (status: Found 0 entitlement groups and 0 free entitlements matching requested entitlement ids)
[Licensing::Client] Error: Code 404 while processing request (status: Found 0 entitlement groups and 0 free entitlements matching requested entitlement ids)
[McpToolRegistry] Discovered 20 MCP tools
UnityEngine.Debug:ExtractStackTraceNoAlloc (byte*,int,string)
UnityEngine.StackTraceUtility:ExtractStackTrace ()
UnityEngine.DebugLogHandler:Internal_Log (UnityEngine.LogType,UnityEngine.LogOption,string,UnityEngine.Object)
UnityEngine.DebugLogHandler:LogFormat (UnityEngine.LogType,UnityEngine.Object,string,object[])
UnityEngine.Logger:Log (UnityEngine.LogType,object)
UnityEngine.Debug:Log (object)
Unity.AI.Tracing.ConsoleSink:LogToConsole (string,string,System.Exception) (at ./Library/PackageCache/com.unity.ai.assistant@bde8e124bc72/Modules/Unity.AI.Tracing/TraceSinks.cs:313)
Unity.AI.Tracing.ConsoleSink:Write (Unity.AI.Tracing.TraceEvent) (at ./Library/PackageCache/com.unity.ai.assistant@bde8e124bc72/Modules/Unity.AI.Tracing/TraceSinks.cs:277)
Unity.AI.Tracing.TraceWriter:WriteEventInternal (string,string,Unity.AI.Tracing.TraceEventOptions,string,System.Nullable`1<int>) (at ./Library/PackageCache/com.unity.ai.assistant@bde8e124bc72/Modules/Unity.AI.Tracing/TraceWriter.cs:373)
Unity.AI.Tracing.TraceWriter:Event (string,Unity.AI.Tracing.TraceEventOptions) (at ./Library/PackageCache/com.unity.ai.assistant@bde8e124bc72/Modules/Unity.AI.Tracing/TraceWriter.cs:297)
Unity.AI.Tracing.TraceLogger:Emit (string,string,string,string,Unity.AI.Tracing.TraceEventOptions,object,System.Exception) (at ./Library/PackageCache/com.unity.ai.assistant@bde8e124bc72/Modules/Unity.AI.Tracing/TraceLogger.cs:105)
Unity.AI.Tracing.TraceLogger:Info (string,string,string,Unity.AI.Tracing.TraceEventOptions) (at ./Library/PackageCache/com.unity.ai.assistant@bde8e124bc72/Modules/Unity.AI.Tracing/TraceLogger.cs:35)
Unity.AI.MCP.Editor.Helpers.McpLog:Log (string,Unity.AI.Tracing.TraceEventOptions) (at ./Library/PackageCache/com.unity.ai.assistant@bde8e124bc72/Modules/Unity.AI.MCP.Editor/Helpers/McpLog.cs:15)
Unity.AI.MCP.Editor.ToolRegistry.McpToolRegistry:RefreshTools () (at ./Library/PackageCache/com.unity.ai.assistant@bde8e124bc72/Modules/Unity.AI.MCP.Editor/ToolRegistry/McpToolRegistry.cs:201)
Unity.AI.MCP.Editor.ToolRegistry.McpToolRegistry:Initialize () (at ./Library/PackageCache/com.unity.ai.assistant@bde8e124bc72/Modules/Unity.AI.MCP.Editor/ToolRegistry/McpToolRegistry.cs:177)
System.Reflection.RuntimeMethodInfo:Invoke (object,System.Reflection.BindingFlags,System.Reflection.Binder,object[],System.Globalization.CultureInfo)
System.Reflection.MethodBase:Invoke (object,object[])
UnityEditor.EditorAssemblies:ProcessInitializeOnLoadMethodAttributes ()

(Filename: ./Library/PackageCache/com.unity.ai.assistant@bde8e124bc72/Modules/Unity.AI.Tracing/TraceSinks.cs Line: 313)

[McpToolRegistry] Available tools: Unity_ApplyTextEdits, Unity_CreateScript, Unity_DeleteScript, Unity_FindInFile, Unity_GetSha, Unity_ImportExternalModel, Unity_ListResources, Unity_ManageAsset, Unity_ManageEditor, Unity_ManageGameObject, Unity_ManageMenuItem, Unity_ManageScene, Unity_ManageScript, Unity_ManageScript_capabilities, Unity_ManageShader, Unity_ReadConsole, Unity_ReadResource, Unity_RunCommand, Unity_ScriptApplyEdits, Unity_ValidateScript
UnityEngine.Debug:ExtractStackTraceNoAlloc (byte*,int,string)
UnityEngine.StackTraceUtility:ExtractStackTrace ()
UnityEngine.DebugLogHandler:Internal_Log (UnityEngine.LogType,UnityEngine.LogOption,string,UnityEngine.Object)
UnityEngine.DebugLogHandler:LogFormat (UnityEngine.LogType,UnityEngine.Object,string,object[])
UnityEngine.Logger:Log (UnityEngine.LogType,object)
UnityEngine.Debug:Log (object)
Unity.AI.Tracing.ConsoleSink:LogToConsole (string,string,System.Exception) (at ./Library/PackageCache/com.unity.ai.assistant@bde8e124bc72/Modules/Unity.AI.Tracing/TraceSinks.cs:313)
Unity.AI.Tracing.ConsoleSink:Write (Unity.AI.Tracing.TraceEvent) (at ./Library/PackageCache/com.unity.ai.assistant@bde8e124bc72/Modules/Unity.AI.Tracing/TraceSinks.cs:277)
Unity.AI.Tracing.TraceWriter:WriteEventInternal (string,string,Unity.AI.Tracing.TraceEventOptions,string,System.Nullable`1<int>) (at ./Library/PackageCache/com.unity.ai.assistant@bde8e124bc72/Modules/Unity.AI.Tracing/TraceWriter.cs:373)
Unity.AI.Tracing.TraceWriter:Event (string,Unity.AI.Tracing.TraceEventOptions) (at ./Library/PackageCache/com.unity.ai.assistant@bde8e124bc72/Modules/Unity.AI.Tracing/TraceWriter.cs:297)
Unity.AI.Tracing.TraceLogger:Emit (string,string,string,string,Unity.AI.Tracing.TraceEventOptions,object,System.Exception) (at ./Library/PackageCache/com.unity.ai.assistant@bde8e124bc72/Modules/Unity.AI.Tracing/TraceLogger.cs:105)
Unity.AI.Tracing.TraceLogger:Info (string,string,string,Unity.AI.Tracing.TraceEventOptions) (at ./Library/PackageCache/com.unity.ai.assistant@bde8e124bc72/Modules/Unity.AI.Tracing/TraceLogger.cs:35)
Unity.AI.MCP.Editor.Helpers.McpLog:Log (string,Unity.AI.Tracing.TraceEventOptions) (at ./Library/PackageCache/com.unity.ai.assistant@bde8e124bc72/Modules/Unity.AI.MCP.Editor/Helpers/McpLog.cs:15)
Unity.AI.MCP.Editor.ToolRegistry.McpToolRegistry:RefreshTools () (at ./Library/PackageCache/com.unity.ai.assistant@bde8e124bc72/Modules/Unity.AI.MCP.Editor/ToolRegistry/McpToolRegistry.cs:204)
Unity.AI.MCP.Editor.ToolRegistry.McpToolRegistry:Initialize () (at ./Library/PackageCache/com.unity.ai.assistant@bde8e124bc72/Modules/Unity.AI.MCP.Editor/ToolRegistry/McpToolRegistry.cs:177)
System.Reflection.RuntimeMethodInfo:Invoke (object,System.Reflection.BindingFlags,System.Reflection.Binder,object[],System.Globalization.CultureInfo)
System.Reflection.MethodBase:Invoke (object,object[])
UnityEditor.EditorAssemblies:ProcessInitializeOnLoadMethodAttributes ()

(Filename: ./Library/PackageCache/com.unity.ai.assistant@bde8e124bc72/Modules/Unity.AI.Tracing/TraceSinks.cs Line: 313)

ScheduleIndexationOnStartup MainProcess:False IndexOnStartup:True
Mono: successfully reloaded assembly
[Idle]
UnityEngine.Debug:ExtractStackTraceNoAlloc (byte*,int,string)
UnityEngine.StackTraceUtility:ExtractStackTrace ()
UnityEngine.DebugLogHandler:Internal_Log (UnityEngine.LogType,UnityEngine.LogOption,string,UnityEngine.Object)
UnityEngine.DebugLogHandler:LogFormat (UnityEngine.LogType,UnityEngine.Object,string,object[])
UnityEngine.Logger:Log (UnityEngine.LogType,object)
UnityEngine.Debug:Log (object)
Unity.AI.Tracing.ConsoleSink:LogToConsole (string,string,System.Exception) (at ./Library/PackageCache/com.unity.ai.assistant@bde8e124bc72/Modules/Unity.AI.Tracing/TraceSinks.cs:313)
Unity.AI.Tracing.ConsoleSink:Write (Unity.AI.Tracing.TraceEvent) (at ./Library/PackageCache/com.unity.ai.assistant@bde8e124bc72/Modules/Unity.AI.Tracing/TraceSinks.cs:277)
Unity.AI.Tracing.TraceWriter:WriteEventInternal (string,string,Unity.AI.Tracing.TraceEventOptions,string,System.Nullable`1<int>) (at ./Library/PackageCache/com.unity.ai.assistant@bde8e124bc72/Modules/Unity.AI.Tracing/TraceWriter.cs:373)
Unity.AI.Tracing.TraceWriter:Event (string,Unity.AI.Tracing.TraceEventOptions) (at ./Library/PackageCache/com.unity.ai.assistant@bde8e124bc72/Modules/Unity.AI.Tracing/TraceWriter.cs:297)
Unity.AI.Tracing.TraceLogger:Emit (string,string,string,string,Unity.AI.Tracing.TraceEventOptions,object,System.Exception) (at ./Library/PackageCache/com.unity.ai.assistant@bde8e124bc72/Modules/Unity.AI.Tracing/TraceLogger.cs:105)
Unity.AI.Tracing.TraceLogger:Info (string,string,string,Unity.AI.Tracing.TraceEventOptions) (at ./Library/PackageCache/com.unity.ai.assistant@bde8e124bc72/Modules/Unity.AI.Tracing/TraceLogger.cs:35)
Unity.AI.MCP.Editor.Helpers.McpLog:Log (string,Unity.AI.Tracing.TraceEventOptions) (at ./Library/PackageCache/com.unity.ai.assistant@bde8e124bc72/Modules/Unity.AI.MCP.Editor/Helpers/McpLog.cs:15)
Unity.AI.MCP.Editor.Bridge:LogBreadcrumb (string) (at ./Library/PackageCache/com.unity.ai.assistant@bde8e124bc72/Modules/Unity.AI.MCP.Editor/Bridge.cs:2010)
Unity.AI.MCP.Editor.Bridge:OnAfterAssemblyReload () (at ./Library/PackageCache/com.unity.ai.assistant@bde8e124bc72/Modules/Unity.AI.MCP.Editor/Bridge.cs:1854)
UnityEditor.AssemblyReloadEvents:OnAfterAssemblyReload ()

(Filename: ./Library/PackageCache/com.unity.ai.assistant@bde8e124bc72/Modules/Unity.AI.Tracing/TraceSinks.cs Line: 313)

- Finished resetting the current domain, in  1.561 seconds
Domain Reload Profiling: 2590ms
	BeginReloadAssembly (231ms)
		ExecutionOrderSort (0ms)
		DisableScriptedObjects (6ms)
		BackupInstance (0ms)
		ReleaseScriptingObjects (0ms)
		CreateAndSetChildDomain (84ms)
	RebuildCommonClasses (29ms)
	RebuildNativeTypeToScriptingClass (10ms)
	initialDomainReloadingComplete (43ms)
	LoadAllAssembliesAndSetupDomain (716ms)
		LoadAssemblies (410ms)
		RebuildTransferFunctionScriptingTraits (0ms)
		AnalyzeDomain (388ms)
			TypeCache.Refresh (19ms)
				TypeCache.ScanAssembly (2ms)
			BuildScriptInfoCaches (348ms)
			ResolveRequiredComponents (11ms)
	FinalizeReload (1561ms)
		ReleaseScriptCaches (0ms)
		RebuildScriptCaches (0ms)
		SetupLoadedEditorAssemblies (1375ms)
			LogAssemblyErrors (0ms)
			InitializePlatformSupportModulesInManaged (18ms)
			SetLoadedEditorAssemblies (7ms)
			BeforeProcessingInitializeOnLoad (182ms)
			ProcessInitializeOnLoadAttributes (911ms)
			ProcessInitializeOnLoadMethodAttributes (255ms)
			AfterProcessingInitializeOnLoad (1ms)
			EditorAssembliesLoaded (0ms)
		ExecutionOrderSort2 (0ms)
		AwakeInstancesAfterBackupRestoration (14ms)
Refreshing native plugins compatible for Editor in 0.77 ms, found 3 plugins.
Preloading 0 native plugins for Editor in 0.00 ms.
Unloading 19 Unused Serialized files (Serialized files now loaded: 0)
Unloading 9806 unused Assets / (5.7 MB). Loaded Objects now: 10719.
Memory consumption went from 266.4 MB to 260.8 MB.
Total: 18.625600 ms (FindLiveObjects: 1.168500 ms CreateObjectMapping: 1.269200 ms MarkObjects: 12.859000 ms  DeleteObjects: 3.327100 ms)

Prepare: number of updated asset objects reloaded= 0
========================================================================
Received Import Request.
  Time since last request: 632.688191 seconds.
  path: Assets/_GameFiles/Scripts/UIGeneral/LoseUI.cs
  artifactKey: Guid(259ba5d45ad6c0d4eb32b5aca918d72c) Importer(815301076,1909f56bfc062723c751e8b465ee728b)
Start importing Assets/_GameFiles/Scripts/UIGeneral/LoseUI.cs using Guid(259ba5d45ad6c0d4eb32b5aca918d72c) Importer(815301076,1909f56bfc062723c751e8b465ee728b) (PreviewImporter) -> (artifact id: '149338cd4af94f9056fca330b0faa1fa') in 0.0026064 seconds
Number of updated asset objects reloaded before import = 0Number of asset objects unloaded after import = 0

========================================================================
Received Prepare
'Packages/com.unity.cinemachine/Editor/Obsolete/CinemachineVirtualCameraBaseEditor.cs' contains partial class of Unity.Object, exactly 1 of the partial classes needs to be in a file with the same filename. This is to know the one that can be referenced from ie. GameObjects
'Packages/com.unity.cinemachine/Editor/Editors/CinemachineVirtualCameraBaseEditor.cs' contains partial class of Unity.Object, exactly 1 of the partial classes needs to be in a file with the same filename. This is to know the one that can be referenced from ie. GameObjects
Refreshing native plugins compatible for Editor in 0.91 ms, found 3 plugins.
Preloading 0 native plugins for Editor in 0.00 ms.
Unloading 19 Unused Serialized files (Serialized files now loaded: 0)
Unloading 9796 unused Assets / (5.5 MB). Loaded Objects now: 10719.
Memory consumption went from 265.5 MB to 260.0 MB.
Total: 26.154100 ms (FindLiveObjects: 5.625300 ms CreateObjectMapping: 1.294500 ms MarkObjects: 15.238900 ms  DeleteObjects: 3.992100 ms)

Prepare: number of updated asset objects reloaded= 0
========================================================================
Received Prepare
[Licensing::Client] Successfully resolved entitlement details
Assembly reference Packages/com.unity.cinemachine/Editor/Samples/ExposeHDRPInternals/HDRP-Editor-ref.asmref has no target assembly definition
Assembly reference Packages/com.unity.cinemachine/Editor/Samples/ExposeHDRPInternals/HDRP-Editor-ref.asmref has no target assembly definition
Begin MonoManager ReloadAssembly
[Licensing::Client] Successfully resolved entitlement details
Duplicate assembly 'System.Collections.Immutable.FSR.dll' with different versions detected, using 'Assets/FastScriptReload/Plugins/Roslyn/2021+/System.Collections.Immutable.FSR.dll, AssemblyName=System.Collections.Immutable, Version=7.0.0.0, Culture=neutral, PublicKeyToken=b03f5f7f11d50a3a' and ignoring 'Assets/FastScriptReload/Plugins/Roslyn/System.Collections.Immutable.dll, AssemblyName=System.Collections.Immutable, Version=1.2.3.0, Culture=neutral, PublicKeyToken=b03f5f7f11d50a3a'.Duplicate assembly 'System.Collections.Immutable.dll' with different versions detected, using 'Packages/com.unity.ai.assistant/Plugins/Shared/System.Collections.Immutable.dll, AssemblyName=System.Collections.Immutable, Version=10.0.0.1, Culture=neutral, PublicKeyToken=b03f5f7f11d50a3a' and ignoring 'Assets/FastScriptReload/Plugins/Roslyn/2021+/System.Collections.Immutable.FSR.dll, AssemblyName=System.Collections.Immutable, Version=7.0.0.0, Culture=neutral, PublicKeyToken=b03f5f7f11d50a3a'.Duplicate assembly 'System.Collections.Immutable.dll' with different versions detected, using 'Packages/com.unity.ai.assistant/Plugins/Shared/System.Collections.Immutable.dll, AssemblyName=System.Collections.Immutable, Version=10.0.0.1, Culture=neutral, PublicKeyToken=b03f5f7f11d50a3a' and ignoring 'Assets/FastScriptReload/Plugins/Roslyn/2021+/System.Collections.Immutable.dll, AssemblyName=System.Collections.Immutable, Version=1.2.3.0, Culture=neutral, PublicKeyToken=b03f5f7f11d50a3a'.Duplicate assembly 'Microsoft.CodeAnalysis.CSharp.dll' with different versions detected, using 'Assets/FastScriptReload/Plugins/Roslyn/2021+/Microsoft.CodeAnalysis.CSharp.dll, AssemblyName=Microsoft.CodeAnalysis.CSharp, Version=4.6.0.0, Culture=neutral, PublicKeyToken=31bf3856ad364e35' and ignoring 'Packages/com.unity.ai.assistant/Plugins/CodeAnalysis/Microsoft.CodeAnalysis.CSharp.dll, AssemblyName=Microsoft.CodeAnalysis.CSharp, Version=3.11.0.0, Culture=neutral, PublicKeyToken=31bf3856ad364e35'.Duplicate assembly 'Microsoft.CodeAnalysis.CSharp.dll' with different versions detected, using 'Assets/FastScriptReload/Plugins/Roslyn/2021+/Microsoft.CodeAnalysis.CSharp.dll, AssemblyName=Microsoft.CodeAnalysis.CSharp, Version=4.6.0.0, Culture=neutral, PublicKeyToken=31bf3856ad364e35' and ignoring 'Assets/FastScriptReload/Plugins/Roslyn/Microsoft.CodeAnalysis.CSharp.dll, AssemblyName=Microsoft.CodeAnalysis.CSharp, Version=2.10.0.0, Culture=neutral, PublicKeyToken=31bf3856ad364e35'.Duplicate assembly 'System.Reflection.Metadata.dll' with different versions detected, using 'Packages/com.unity.ai.assistant/Plugins/Shared/System.Reflection.Metadata.dll, AssemblyName=System.Reflection.Metadata, Version=10.0.0.1, Culture=neutral, PublicKeyToken=b03f5f7f11d50a3a' and ignoring 'Assets/FastScriptReload/Plugins/Roslyn/2021+/System.Reflection.Metadata.dll, AssemblyName=System.Reflection.Metadata, Version=7.0.0.0, Culture=neutral, PublicKeyToken=b03f5f7f11d50a3a'.Duplicate assembly 'System.Reflection.Metadata.dll' with different versions detected, using 'Packages/com.unity.ai.assistant/Plugins/Shared/System.Reflection.Metadata.dll, AssemblyName=System.Reflection.Metadata, Version=10.0.0.1, Culture=neutral, PublicKeyToken=b03f5f7f11d50a3a' and ignoring 'Assets/FastScriptReload/Plugins/Roslyn/System.Reflection.Metadata.dll, AssemblyName=System.Reflection.Metadata, Version=1.4.3.0, Culture=neutral, PublicKeyToken=b03f5f7f11d50a3a'.Duplicate assembly 'Microsoft.CodeAnalysis.dll' with different versions detected, using 'Assets/FastScriptReload/Plugins/Roslyn/2021+/Microsoft.CodeAnalysis.dll, AssemblyName=Microsoft.CodeAnalysis, Version=4.6.0.0, Culture=neutral, PublicKeyToken=31bf3856ad364e35' and ignoring 'Packages/com.unity.ai.assistant/Plugins/CodeAnalysis/Microsoft.CodeAnalysis.dll, AssemblyName=Microsoft.CodeAnalysis, Version=3.11.0.0, Culture=neutral, PublicKeyToken=31bf3856ad364e35'.Duplicate assembly 'Microsoft.CodeAnalysis.dll' with different versions detected, using 'Assets/FastScriptReload/Plugins/Roslyn/2021+/Microsoft.CodeAnalysis.dll, AssemblyName=Microsoft.CodeAnalysis, Version=4.6.0.0, Culture=neutral, PublicKeyToken=31bf3856ad364e35' and ignoring 'Assets/FastScriptReload/Plugins/Roslyn/Microsoft.CodeAnalysis.dll, AssemblyName=Microsoft.CodeAnalysis, Version=2.10.0.0, Culture=neutral, PublicKeyToken=31bf3856ad364e35'.Duplicate assembly 'System.Runtime.CompilerServices.Unsafe.dll' with different versions detected, using 'Packages/com.unity.ai.assistant/Plugins/Shared/System.Runtime.CompilerServices.Unsafe.dll, AssemblyName=System.Runtime.CompilerServices.Unsafe, Version=6.0.3.0, Culture=neutral, PublicKeyToken=b03f5f7f11d50a3a' and ignoring 'Packages/com.unity.collections/Unity.Collections.Tests/System.Runtime.CompilerServices.Unsafe/System.Runtime.CompilerServices.Unsafe.dll, AssemblyName=System.Runtime.CompilerServices.Unsafe, Version=6.0.0.0, Culture=neutral, PublicKeyToken=b03f5f7f11d50a3a'.Duplicate assembly 'System.Runtime.CompilerServices.Unsafe.dll' with different versions detected, using 'Packages/com.unity.ai.assistant/Plugins/Shared/System.Runtime.CompilerServices.Unsafe.dll, AssemblyName=System.Runtime.CompilerServices.Unsafe, Version=6.0.3.0, Culture=neutral, PublicKeyToken=b03f5f7f11d50a3a' and ignoring 'Assets/FastScriptReload/Plugins/Roslyn/2021+/System.Runtime.CompilerServices.Unsafe.dll, AssemblyName=System.Runtime.CompilerServices.Unsafe, Version=6.0.0.0, Culture=neutral, PublicKeyToken=b03f5f7f11d50a3a'.Symbol file LoadedFromMemory is not a mono symbol file
- Loaded All Assemblies, in  1.046 seconds
Assembly reference Packages/com.unity.cinemachine/Editor/Samples/ExposeHDRPInternals/HDRP-Editor-ref.asmref has no target assembly definition
'Packages/com.unity.cinemachine/Editor/Obsolete/CinemachineVirtualCameraBaseEditor.cs' contains partial class of Unity.Object, exactly 1 of the partial classes needs to be in a file with the same filename. This is to know the one that can be referenced from ie. GameObjects
'Packages/com.unity.cinemachine/Editor/Editors/CinemachineVirtualCameraBaseEditor.cs' contains partial class of Unity.Object, exactly 1 of the partial classes needs to be in a file with the same filename. This is to know the one that can be referenced from ie. GameObjects
Refreshing native plugins compatible for Editor in 0.57 ms, found 3 plugins.
Native extension for LinuxStandalone target not found
Native extension for Android target not found
Native extension for UWP target not found
Native extension for WindowsStandalone target not found
Assembly reference Packages/com.unity.cinemachine/Editor/Samples/ExposeHDRPInternals/HDRP-Editor-ref.asmref has no target assembly definition
[Package Manager] Failed to launch server process. Reason: Unity was launched with the -noUpm command-line argument
[Package Manager] Unable to send message (not connected to server process).
[Package Manager] Cannot connect to Unity Package Manager local server
Duplicate assembly 'System.Collections.Immutable.FSR.dll' with different versions detected, using 'Assets/FastScriptReload/Plugins/Roslyn/2021+/System.Collections.Immutable.FSR.dll, AssemblyName=System.Collections.Immutable, Version=7.0.0.0, Culture=neutral, PublicKeyToken=b03f5f7f11d50a3a' and ignoring 'Assets/FastScriptReload/Plugins/Roslyn/System.Collections.Immutable.dll, AssemblyName=System.Collections.Immutable, Version=1.2.3.0, Culture=neutral, PublicKeyToken=b03f5f7f11d50a3a'.Duplicate assembly 'System.Collections.Immutable.dll' with different versions detected, using 'Packages/com.unity.ai.assistant/Plugins/Shared/System.Collections.Immutable.dll, AssemblyName=System.Collections.Immutable, Version=10.0.0.1, Culture=neutral, PublicKeyToken=b03f5f7f11d50a3a' and ignoring 'Assets/FastScriptReload/Plugins/Roslyn/2021+/System.Collections.Immutable.FSR.dll, AssemblyName=System.Collections.Immutable, Version=7.0.0.0, Culture=neutral, PublicKeyToken=b03f5f7f11d50a3a'.Duplicate assembly 'System.Collections.Immutable.dll' with different versions detected, using 'Packages/com.unity.ai.assistant/Plugins/Shared/System.Collections.Immutable.dll, AssemblyName=System.Collections.Immutable, Version=10.0.0.1, Culture=neutral, PublicKeyToken=b03f5f7f11d50a3a' and ignoring 'Assets/FastScriptReload/Plugins/Roslyn/2021+/System.Collections.Immutable.dll, AssemblyName=System.Collections.Immutable, Version=1.2.3.0, Culture=neutral, PublicKeyToken=b03f5f7f11d50a3a'.Duplicate assembly 'Microsoft.CodeAnalysis.CSharp.dll' with different versions detected, using 'Assets/FastScriptReload/Plugins/Roslyn/2021+/Microsoft.CodeAnalysis.CSharp.dll, AssemblyName=Microsoft.CodeAnalysis.CSharp, Version=4.6.0.0, Culture=neutral, PublicKeyToken=31bf3856ad364e35' and ignoring 'Packages/com.unity.ai.assistant/Plugins/CodeAnalysis/Microsoft.CodeAnalysis.CSharp.dll, AssemblyName=Microsoft.CodeAnalysis.CSharp, Version=3.11.0.0, Culture=neutral, PublicKeyToken=31bf3856ad364e35'.Duplicate assembly 'Microsoft.CodeAnalysis.CSharp.dll' with different versions detected, using 'Assets/FastScriptReload/Plugins/Roslyn/2021+/Microsoft.CodeAnalysis.CSharp.dll, AssemblyName=Microsoft.CodeAnalysis.CSharp, Version=4.6.0.0, Culture=neutral, PublicKeyToken=31bf3856ad364e35' and ignoring 'Assets/FastScriptReload/Plugins/Roslyn/Microsoft.CodeAnalysis.CSharp.dll, AssemblyName=Microsoft.CodeAnalysis.CSharp, Version=2.10.0.0, Culture=neutral, PublicKeyToken=31bf3856ad364e35'.Duplicate assembly 'System.Reflection.Metadata.dll' with different versions detected, using 'Packages/com.unity.ai.assistant/Plugins/Shared/System.Reflection.Metadata.dll, AssemblyName=System.Reflection.Metadata, Version=10.0.0.1, Culture=neutral, PublicKeyToken=b03f5f7f11d50a3a' and ignoring 'Assets/FastScriptReload/Plugins/Roslyn/2021+/System.Reflection.Metadata.dll, AssemblyName=System.Reflection.Metadata, Version=7.0.0.0, Culture=neutral, PublicKeyToken=b03f5f7f11d50a3a'.Duplicate assembly 'System.Reflection.Metadata.dll' with different versions detected, using 'Packages/com.unity.ai.assistant/Plugins/Shared/System.Reflection.Metadata.dll, AssemblyName=System.Reflection.Metadata, Version=10.0.0.1, Culture=neutral, PublicKeyToken=b03f5f7f11d50a3a' and ignoring 'Assets/FastScriptReload/Plugins/Roslyn/System.Reflection.Metadata.dll, AssemblyName=System.Reflection.Metadata, Version=1.4.3.0, Culture=neutral, PublicKeyToken=b03f5f7f11d50a3a'.Duplicate assembly 'Microsoft.CodeAnalysis.dll' with different versions detected, using 'Assets/FastScriptReload/Plugins/Roslyn/2021+/Microsoft.CodeAnalysis.dll, AssemblyName=Microsoft.CodeAnalysis, Version=4.6.0.0, Culture=neutral, PublicKeyToken=31bf3856ad364e35' and ignoring 'Packages/com.unity.ai.assistant/Plugins/CodeAnalysis/Microsoft.CodeAnalysis.dll, AssemblyName=Microsoft.CodeAnalysis, Version=3.11.0.0, Culture=neutral, PublicKeyToken=31bf3856ad364e35'.Duplicate assembly 'Microsoft.CodeAnalysis.dll' with different versions detected, using 'Assets/FastScriptReload/Plugins/Roslyn/2021+/Microsoft.CodeAnalysis.dll, AssemblyName=Microsoft.CodeAnalysis, Version=4.6.0.0, Culture=neutral, PublicKeyToken=31bf3856ad364e35' and ignoring 'Assets/FastScriptReload/Plugins/Roslyn/Microsoft.CodeAnalysis.dll, AssemblyName=Microsoft.CodeAnalysis, Version=2.10.0.0, Culture=neutral, PublicKeyToken=31bf3856ad364e35'.Duplicate assembly 'System.Runtime.CompilerServices.Unsafe.dll' with different versions detected, using 'Packages/com.unity.ai.assistant/Plugins/Shared/System.Runtime.CompilerServices.Unsafe.dll, AssemblyName=System.Runtime.CompilerServices.Unsafe, Version=6.0.3.0, Culture=neutral, PublicKeyToken=b03f5f7f11d50a3a' and ignoring 'Packages/com.unity.collections/Unity.Collections.Tests/System.Runtime.CompilerServices.Unsafe/System.Runtime.CompilerServices.Unsafe.dll, AssemblyName=System.Runtime.CompilerServices.Unsafe, Version=6.0.0.0, Culture=neutral, PublicKeyToken=b03f5f7f11d50a3a'.Duplicate assembly 'System.Runtime.CompilerServices.Unsafe.dll' with different versions detected, using 'Packages/com.unity.ai.assistant/Plugins/Shared/System.Runtime.CompilerServices.Unsafe.dll, AssemblyName=System.Runtime.CompilerServices.Unsafe, Version=6.0.3.0, Culture=neutral, PublicKeyToken=b03f5f7f11d50a3a' and ignoring 'Assets/FastScriptReload/Plugins/Roslyn/2021+/System.Runtime.CompilerServices.Unsafe.dll, AssemblyName=System.Runtime.CompilerServices.Unsafe, Version=6.0.0.0, Culture=neutral, PublicKeyToken=b03f5f7f11d50a3a'.[Package Manager] Failed to launch server process. Reason: Unity was launched with the -noUpm command-line argument
[Package Manager] Unable to send message (not connected to server process).
[Package Manager] Cannot connect to Unity Package Manager local server
[Package Manager] Failed to launch server process. Reason: Unity was launched with the -noUpm command-line argument
[Package Manager] Unable to send message (not connected to server process).
[Package Manager] Cannot connect to Unity Package Manager local server
[Licensing::Client] Error: Code 404 while processing request (status: Found 0 entitlement groups and 0 free entitlements matching requested entitlement ids)
[Licensing::Client] Error: Code 404 while processing request (status: Found 0 entitlement groups and 0 free entitlements matching requested entitlement ids)
[Licensing::Client] Error: Code 404 while processing request (status: Found 0 entitlement groups and 0 free entitlements matching requested entitlement ids)
[McpToolRegistry] Discovered 20 MCP tools
UnityEngine.Debug:ExtractStackTraceNoAlloc (byte*,int,string)
UnityEngine.StackTraceUtility:ExtractStackTrace ()
UnityEngine.DebugLogHandler:Internal_Log (UnityEngine.LogType,UnityEngine.LogOption,string,UnityEngine.Object)
UnityEngine.DebugLogHandler:LogFormat (UnityEngine.LogType,UnityEngine.Object,string,object[])
UnityEngine.Logger:Log (UnityEngine.LogType,object)
UnityEngine.Debug:Log (object)
Unity.AI.Tracing.ConsoleSink:LogToConsole (string,string,System.Exception) (at ./Library/PackageCache/com.unity.ai.assistant@bde8e124bc72/Modules/Unity.AI.Tracing/TraceSinks.cs:313)
Unity.AI.Tracing.ConsoleSink:Write (Unity.AI.Tracing.TraceEvent) (at ./Library/PackageCache/com.unity.ai.assistant@bde8e124bc72/Modules/Unity.AI.Tracing/TraceSinks.cs:277)
Unity.AI.Tracing.TraceWriter:WriteEventInternal (string,string,Unity.AI.Tracing.TraceEventOptions,string,System.Nullable`1<int>) (at ./Library/PackageCache/com.unity.ai.assistant@bde8e124bc72/Modules/Unity.AI.Tracing/TraceWriter.cs:373)
Unity.AI.Tracing.TraceWriter:Event (string,Unity.AI.Tracing.TraceEventOptions) (at ./Library/PackageCache/com.unity.ai.assistant@bde8e124bc72/Modules/Unity.AI.Tracing/TraceWriter.cs:297)
Unity.AI.Tracing.TraceLogger:Emit (string,string,string,string,Unity.AI.Tracing.TraceEventOptions,object,System.Exception) (at ./Library/PackageCache/com.unity.ai.assistant@bde8e124bc72/Modules/Unity.AI.Tracing/TraceLogger.cs:105)
Unity.AI.Tracing.TraceLogger:Info (string,string,string,Unity.AI.Tracing.TraceEventOptions) (at ./Library/PackageCache/com.unity.ai.assistant@bde8e124bc72/Modules/Unity.AI.Tracing/TraceLogger.cs:35)
Unity.AI.MCP.Editor.Helpers.McpLog:Log (string,Unity.AI.Tracing.TraceEventOptions) (at ./Library/PackageCache/com.unity.ai.assistant@bde8e124bc72/Modules/Unity.AI.MCP.Editor/Helpers/McpLog.cs:15)
Unity.AI.MCP.Editor.ToolRegistry.McpToolRegistry:RefreshTools () (at ./Library/PackageCache/com.unity.ai.assistant@bde8e124bc72/Modules/Unity.AI.MCP.Editor/ToolRegistry/McpToolRegistry.cs:201)
Unity.AI.MCP.Editor.ToolRegistry.McpToolRegistry:Initialize () (at ./Library/PackageCache/com.unity.ai.assistant@bde8e124bc72/Modules/Unity.AI.MCP.Editor/ToolRegistry/McpToolRegistry.cs:177)
System.Reflection.RuntimeMethodInfo:Invoke (object,System.Reflection.BindingFlags,System.Reflection.Binder,object[],System.Globalization.CultureInfo)
System.Reflection.MethodBase:Invoke (object,object[])
UnityEditor.EditorAssemblies:ProcessInitializeOnLoadMethodAttributes ()

(Filename: ./Library/PackageCache/com.unity.ai.assistant@bde8e124bc72/Modules/Unity.AI.Tracing/TraceSinks.cs Line: 313)

[McpToolRegistry] Available tools: Unity_ApplyTextEdits, Unity_CreateScript, Unity_DeleteScript, Unity_FindInFile, Unity_GetSha, Unity_ImportExternalModel, Unity_ListResources, Unity_ManageAsset, Unity_ManageEditor, Unity_ManageGameObject, Unity_ManageMenuItem, Unity_ManageScene, Unity_ManageScript, Unity_ManageScript_capabilities, Unity_ManageShader, Unity_ReadConsole, Unity_ReadResource, Unity_RunCommand, Unity_ScriptApplyEdits, Unity_ValidateScript
UnityEngine.Debug:ExtractStackTraceNoAlloc (byte*,int,string)
UnityEngine.StackTraceUtility:ExtractStackTrace ()
UnityEngine.DebugLogHandler:Internal_Log (UnityEngine.LogType,UnityEngine.LogOption,string,UnityEngine.Object)
UnityEngine.DebugLogHandler:LogFormat (UnityEngine.LogType,UnityEngine.Object,string,object[])
UnityEngine.Logger:Log (UnityEngine.LogType,object)
UnityEngine.Debug:Log (object)
Unity.AI.Tracing.ConsoleSink:LogToConsole (string,string,System.Exception) (at ./Library/PackageCache/com.unity.ai.assistant@bde8e124bc72/Modules/Unity.AI.Tracing/TraceSinks.cs:313)
Unity.AI.Tracing.ConsoleSink:Write (Unity.AI.Tracing.TraceEvent) (at ./Library/PackageCache/com.unity.ai.assistant@bde8e124bc72/Modules/Unity.AI.Tracing/TraceSinks.cs:277)
Unity.AI.Tracing.TraceWriter:WriteEventInternal (string,string,Unity.AI.Tracing.TraceEventOptions,string,System.Nullable`1<int>) (at ./Library/PackageCache/com.unity.ai.assistant@bde8e124bc72/Modules/Unity.AI.Tracing/TraceWriter.cs:373)
Unity.AI.Tracing.TraceWriter:Event (string,Unity.AI.Tracing.TraceEventOptions) (at ./Library/PackageCache/com.unity.ai.assistant@bde8e124bc72/Modules/Unity.AI.Tracing/TraceWriter.cs:297)
Unity.AI.Tracing.TraceLogger:Emit (string,string,string,string,Unity.AI.Tracing.TraceEventOptions,object,System.Exception) (at ./Library/PackageCache/com.unity.ai.assistant@bde8e124bc72/Modules/Unity.AI.Tracing/TraceLogger.cs:105)
Unity.AI.Tracing.TraceLogger:Info (string,string,string,Unity.AI.Tracing.TraceEventOptions) (at ./Library/PackageCache/com.unity.ai.assistant@bde8e124bc72/Modules/Unity.AI.Tracing/TraceLogger.cs:35)
Unity.AI.MCP.Editor.Helpers.McpLog:Log (string,Unity.AI.Tracing.TraceEventOptions) (at ./Library/PackageCache/com.unity.ai.assistant@bde8e124bc72/Modules/Unity.AI.MCP.Editor/Helpers/McpLog.cs:15)
Unity.AI.MCP.Editor.ToolRegistry.McpToolRegistry:RefreshTools () (at ./Library/PackageCache/com.unity.ai.assistant@bde8e124bc72/Modules/Unity.AI.MCP.Editor/ToolRegistry/McpToolRegistry.cs:204)
Unity.AI.MCP.Editor.ToolRegistry.McpToolRegistry:Initialize () (at ./Library/PackageCache/com.unity.ai.assistant@bde8e124bc72/Modules/Unity.AI.MCP.Editor/ToolRegistry/McpToolRegistry.cs:177)
System.Reflection.RuntimeMethodInfo:Invoke (object,System.Reflection.BindingFlags,System.Reflection.Binder,object[],System.Globalization.CultureInfo)
System.Reflection.MethodBase:Invoke (object,object[])
UnityEditor.EditorAssemblies:ProcessInitializeOnLoadMethodAttributes ()

(Filename: ./Library/PackageCache/com.unity.ai.assistant@bde8e124bc72/Modules/Unity.AI.Tracing/TraceSinks.cs Line: 313)

ScheduleIndexationOnStartup MainProcess:False IndexOnStartup:True
Mono: successfully reloaded assembly
[Idle]
UnityEngine.Debug:ExtractStackTraceNoAlloc (byte*,int,string)
UnityEngine.StackTraceUtility:ExtractStackTrace ()
UnityEngine.DebugLogHandler:Internal_Log (UnityEngine.LogType,UnityEngine.LogOption,string,UnityEngine.Object)
UnityEngine.DebugLogHandler:LogFormat (UnityEngine.LogType,UnityEngine.Object,string,object[])
UnityEngine.Logger:Log (UnityEngine.LogType,object)
UnityEngine.Debug:Log (object)
Unity.AI.Tracing.ConsoleSink:LogToConsole (string,string,System.Exception) (at ./Library/PackageCache/com.unity.ai.assistant@bde8e124bc72/Modules/Unity.AI.Tracing/TraceSinks.cs:313)
Unity.AI.Tracing.ConsoleSink:Write (Unity.AI.Tracing.TraceEvent) (at ./Library/PackageCache/com.unity.ai.assistant@bde8e124bc72/Modules/Unity.AI.Tracing/TraceSinks.cs:277)
Unity.AI.Tracing.TraceWriter:WriteEventInternal (string,string,Unity.AI.Tracing.TraceEventOptions,string,System.Nullable`1<int>) (at ./Library/PackageCache/com.unity.ai.assistant@bde8e124bc72/Modules/Unity.AI.Tracing/TraceWriter.cs:373)
Unity.AI.Tracing.TraceWriter:Event (string,Unity.AI.Tracing.TraceEventOptions) (at ./Library/PackageCache/com.unity.ai.assistant@bde8e124bc72/Modules/Unity.AI.Tracing/TraceWriter.cs:297)
Unity.AI.Tracing.TraceLogger:Emit (string,string,string,string,Unity.AI.Tracing.TraceEventOptions,object,System.Exception) (at ./Library/PackageCache/com.unity.ai.assistant@bde8e124bc72/Modules/Unity.AI.Tracing/TraceLogger.cs:105)
Unity.AI.Tracing.TraceLogger:Info (string,string,string,Unity.AI.Tracing.TraceEventOptions) (at ./Library/PackageCache/com.unity.ai.assistant@bde8e124bc72/Modules/Unity.AI.Tracing/TraceLogger.cs:35)
Unity.AI.MCP.Editor.Helpers.McpLog:Log (string,Unity.AI.Tracing.TraceEventOptions) (at ./Library/PackageCache/com.unity.ai.assistant@bde8e124bc72/Modules/Unity.AI.MCP.Editor/Helpers/McpLog.cs:15)
Unity.AI.MCP.Editor.Bridge:LogBreadcrumb (string) (at ./Library/PackageCache/com.unity.ai.assistant@bde8e124bc72/Modules/Unity.AI.MCP.Editor/Bridge.cs:2010)
Unity.AI.MCP.Editor.Bridge:OnAfterAssemblyReload () (at ./Library/PackageCache/com.unity.ai.assistant@bde8e124bc72/Modules/Unity.AI.MCP.Editor/Bridge.cs:1854)
UnityEditor.AssemblyReloadEvents:OnAfterAssemblyReload ()

(Filename: ./Library/PackageCache/com.unity.ai.assistant@bde8e124bc72/Modules/Unity.AI.Tracing/TraceSinks.cs Line: 313)

- Finished resetting the current domain, in  1.812 seconds
Domain Reload Profiling: 2869ms
	BeginReloadAssembly (243ms)
		ExecutionOrderSort (0ms)
		DisableScriptedObjects (7ms)
		BackupInstance (0ms)
		ReleaseScriptingObjects (0ms)
		CreateAndSetChildDomain (96ms)
	RebuildCommonClasses (27ms)
	RebuildNativeTypeToScriptingClass (10ms)
	initialDomainReloadingComplete (58ms)
	LoadAllAssembliesAndSetupDomain (718ms)
		LoadAssemblies (422ms)
		RebuildTransferFunctionScriptingTraits (0ms)
		AnalyzeDomain (368ms)
			TypeCache.Refresh (17ms)
				TypeCache.ScanAssembly (2ms)
			BuildScriptInfoCaches (324ms)
			ResolveRequiredComponents (17ms)
	FinalizeReload (1812ms)
		ReleaseScriptCaches (0ms)
		RebuildScriptCaches (0ms)
		SetupLoadedEditorAssemblies (1601ms)
			LogAssemblyErrors (0ms)
			InitializePlatformSupportModulesInManaged (21ms)
			SetLoadedEditorAssemblies (7ms)
			BeforeProcessingInitializeOnLoad (152ms)
			ProcessInitializeOnLoadAttributes (1067ms)
			ProcessInitializeOnLoadMethodAttributes (350ms)
			AfterProcessingInitializeOnLoad (3ms)
			EditorAssembliesLoaded (1ms)
		ExecutionOrderSort2 (0ms)
		AwakeInstancesAfterBackupRestoration (14ms)
Refreshing native plugins compatible for Editor in 0.80 ms, found 3 plugins.
Preloading 0 native plugins for Editor in 0.00 ms.
Unloading 19 Unused Serialized files (Serialized files now loaded: 0)
Unloading 9806 unused Assets / (6.0 MB). Loaded Objects now: 10723.
Memory consumption went from 266.5 MB to 260.6 MB.
Total: 20.597700 ms (FindLiveObjects: 1.650900 ms CreateObjectMapping: 1.533900 ms MarkObjects: 13.170100 ms  DeleteObjects: 4.240200 ms)

Prepare: number of updated asset objects reloaded= 0
========================================================================
Received Prepare
'Packages/com.unity.cinemachine/Editor/Obsolete/CinemachineVirtualCameraBaseEditor.cs' contains partial class of Unity.Object, exactly 1 of the partial classes needs to be in a file with the same filename. This is to know the one that can be referenced from ie. GameObjects
'Packages/com.unity.cinemachine/Editor/Editors/CinemachineVirtualCameraBaseEditor.cs' contains partial class of Unity.Object, exactly 1 of the partial classes needs to be in a file with the same filename. This is to know the one that can be referenced from ie. GameObjects
Refreshing native plugins compatible for Editor in 1.36 ms, found 3 plugins.
Preloading 0 native plugins for Editor in 0.00 ms.
Unloading 19 Unused Serialized files (Serialized files now loaded: 0)
Unloading 9796 unused Assets / (6.0 MB). Loaded Objects now: 10723.
Memory consumption went from 266.2 MB to 260.2 MB.
Total: 19.236400 ms (FindLiveObjects: 1.049700 ms CreateObjectMapping: 1.021700 ms MarkObjects: 13.760300 ms  DeleteObjects: 3.403100 ms)

Prepare: number of updated asset objects reloaded= 0
========================================================================
Received Prepare
[Licensing::Client] Successfully resolved entitlement details
Assembly reference Packages/com.unity.cinemachine/Editor/Samples/ExposeHDRPInternals/HDRP-Editor-ref.asmref has no target assembly definition
Assembly reference Packages/com.unity.cinemachine/Editor/Samples/ExposeHDRPInternals/HDRP-Editor-ref.asmref has no target assembly definition
Begin MonoManager ReloadAssembly
[Licensing::Client] Successfully resolved entitlement details
Duplicate assembly 'System.Collections.Immutable.FSR.dll' with different versions detected, using 'Assets/FastScriptReload/Plugins/Roslyn/2021+/System.Collections.Immutable.FSR.dll, AssemblyName=System.Collections.Immutable, Version=7.0.0.0, Culture=neutral, PublicKeyToken=b03f5f7f11d50a3a' and ignoring 'Assets/FastScriptReload/Plugins/Roslyn/System.Collections.Immutable.dll, AssemblyName=System.Collections.Immutable, Version=1.2.3.0, Culture=neutral, PublicKeyToken=b03f5f7f11d50a3a'.Duplicate assembly 'System.Collections.Immutable.dll' with different versions detected, using 'Packages/com.unity.ai.assistant/Plugins/Shared/System.Collections.Immutable.dll, AssemblyName=System.Collections.Immutable, Version=10.0.0.1, Culture=neutral, PublicKeyToken=b03f5f7f11d50a3a' and ignoring 'Assets/FastScriptReload/Plugins/Roslyn/2021+/System.Collections.Immutable.FSR.dll, AssemblyName=System.Collections.Immutable, Version=7.0.0.0, Culture=neutral, PublicKeyToken=b03f5f7f11d50a3a'.Duplicate assembly 'System.Collections.Immutable.dll' with different versions detected, using 'Packages/com.unity.ai.assistant/Plugins/Shared/System.Collections.Immutable.dll, AssemblyName=System.Collections.Immutable, Version=10.0.0.1, Culture=neutral, PublicKeyToken=b03f5f7f11d50a3a' and ignoring 'Assets/FastScriptReload/Plugins/Roslyn/2021+/System.Collections.Immutable.dll, AssemblyName=System.Collections.Immutable, Version=1.2.3.0, Culture=neutral, PublicKeyToken=b03f5f7f11d50a3a'.Duplicate assembly 'Microsoft.CodeAnalysis.CSharp.dll' with different versions detected, using 'Assets/FastScriptReload/Plugins/Roslyn/2021+/Microsoft.CodeAnalysis.CSharp.dll, AssemblyName=Microsoft.CodeAnalysis.CSharp, Version=4.6.0.0, Culture=neutral, PublicKeyToken=31bf3856ad364e35' and ignoring 'Packages/com.unity.ai.assistant/Plugins/CodeAnalysis/Microsoft.CodeAnalysis.CSharp.dll, AssemblyName=Microsoft.CodeAnalysis.CSharp, Version=3.11.0.0, Culture=neutral, PublicKeyToken=31bf3856ad364e35'.Duplicate assembly 'Microsoft.CodeAnalysis.CSharp.dll' with different versions detected, using 'Assets/FastScriptReload/Plugins/Roslyn/2021+/Microsoft.CodeAnalysis.CSharp.dll, AssemblyName=Microsoft.CodeAnalysis.CSharp, Version=4.6.0.0, Culture=neutral, PublicKeyToken=31bf3856ad364e35' and ignoring 'Assets/FastScriptReload/Plugins/Roslyn/Microsoft.CodeAnalysis.CSharp.dll, AssemblyName=Microsoft.CodeAnalysis.CSharp, Version=2.10.0.0, Culture=neutral, PublicKeyToken=31bf3856ad364e35'.Duplicate assembly 'System.Reflection.Metadata.dll' with different versions detected, using 'Packages/com.unity.ai.assistant/Plugins/Shared/System.Reflection.Metadata.dll, AssemblyName=System.Reflection.Metadata, Version=10.0.0.1, Culture=neutral, PublicKeyToken=b03f5f7f11d50a3a' and ignoring 'Assets/FastScriptReload/Plugins/Roslyn/2021+/System.Reflection.Metadata.dll, AssemblyName=System.Reflection.Metadata, Version=7.0.0.0, Culture=neutral, PublicKeyToken=b03f5f7f11d50a3a'.Duplicate assembly 'System.Reflection.Metadata.dll' with different versions detected, using 'Packages/com.unity.ai.assistant/Plugins/Shared/System.Reflection.Metadata.dll, AssemblyName=System.Reflection.Metadata, Version=10.0.0.1, Culture=neutral, PublicKeyToken=b03f5f7f11d50a3a' and ignoring 'Assets/FastScriptReload/Plugins/Roslyn/System.Reflection.Metadata.dll, AssemblyName=System.Reflection.Metadata, Version=1.4.3.0, Culture=neutral, PublicKeyToken=b03f5f7f11d50a3a'.Duplicate assembly 'Microsoft.CodeAnalysis.dll' with different versions detected, using 'Assets/FastScriptReload/Plugins/Roslyn/2021+/Microsoft.CodeAnalysis.dll, AssemblyName=Microsoft.CodeAnalysis, Version=4.6.0.0, Culture=neutral, PublicKeyToken=31bf3856ad364e35' and ignoring 'Packages/com.unity.ai.assistant/Plugins/CodeAnalysis/Microsoft.CodeAnalysis.dll, AssemblyName=Microsoft.CodeAnalysis, Version=3.11.0.0, Culture=neutral, PublicKeyToken=31bf3856ad364e35'.Duplicate assembly 'Microsoft.CodeAnalysis.dll' with different versions detected, using 'Assets/FastScriptReload/Plugins/Roslyn/2021+/Microsoft.CodeAnalysis.dll, AssemblyName=Microsoft.CodeAnalysis, Version=4.6.0.0, Culture=neutral, PublicKeyToken=31bf3856ad364e35' and ignoring 'Assets/FastScriptReload/Plugins/Roslyn/Microsoft.CodeAnalysis.dll, AssemblyName=Microsoft.CodeAnalysis, Version=2.10.0.0, Culture=neutral, PublicKeyToken=31bf3856ad364e35'.Duplicate assembly 'System.Runtime.CompilerServices.Unsafe.dll' with different versions detected, using 'Packages/com.unity.ai.assistant/Plugins/Shared/System.Runtime.CompilerServices.Unsafe.dll, AssemblyName=System.Runtime.CompilerServices.Unsafe, Version=6.0.3.0, Culture=neutral, PublicKeyToken=b03f5f7f11d50a3a' and ignoring 'Packages/com.unity.collections/Unity.Collections.Tests/System.Runtime.CompilerServices.Unsafe/System.Runtime.CompilerServices.Unsafe.dll, AssemblyName=System.Runtime.CompilerServices.Unsafe, Version=6.0.0.0, Culture=neutral, PublicKeyToken=b03f5f7f11d50a3a'.Duplicate assembly 'System.Runtime.CompilerServices.Unsafe.dll' with different versions detected, using 'Packages/com.unity.ai.assistant/Plugins/Shared/System.Runtime.CompilerServices.Unsafe.dll, AssemblyName=System.Runtime.CompilerServices.Unsafe, Version=6.0.3.0, Culture=neutral, PublicKeyToken=b03f5f7f11d50a3a' and ignoring 'Assets/FastScriptReload/Plugins/Roslyn/2021+/System.Runtime.CompilerServices.Unsafe.dll, AssemblyName=System.Runtime.CompilerServices.Unsafe, Version=6.0.0.0, Culture=neutral, PublicKeyToken=b03f5f7f11d50a3a'.Symbol file LoadedFromMemory is not a mono symbol file
- Loaded All Assemblies, in  1.088 seconds
Assembly reference Packages/com.unity.cinemachine/Editor/Samples/ExposeHDRPInternals/HDRP-Editor-ref.asmref has no target assembly definition
'Packages/com.unity.cinemachine/Editor/Obsolete/CinemachineVirtualCameraBaseEditor.cs' contains partial class of Unity.Object, exactly 1 of the partial classes needs to be in a file with the same filename. This is to know the one that can be referenced from ie. GameObjects
'Packages/com.unity.cinemachine/Editor/Editors/CinemachineVirtualCameraBaseEditor.cs' contains partial class of Unity.Object, exactly 1 of the partial classes needs to be in a file with the same filename. This is to know the one that can be referenced from ie. GameObjects
Refreshing native plugins compatible for Editor in 1.29 ms, found 3 plugins.
Native extension for LinuxStandalone target not found
Native extension for Android target not found
Native extension for UWP target not found
Native extension for WindowsStandalone target not found
Assembly reference Packages/com.unity.cinemachine/Editor/Samples/ExposeHDRPInternals/HDRP-Editor-ref.asmref has no target assembly definition
[Package Manager] Failed to launch server process. Reason: Unity was launched with the -noUpm command-line argument
[Package Manager] Unable to send message (not connected to server process).
[Package Manager] Cannot connect to Unity Package Manager local server
Duplicate assembly 'System.Collections.Immutable.FSR.dll' with different versions detected, using 'Assets/FastScriptReload/Plugins/Roslyn/2021+/System.Collections.Immutable.FSR.dll, AssemblyName=System.Collections.Immutable, Version=7.0.0.0, Culture=neutral, PublicKeyToken=b03f5f7f11d50a3a' and ignoring 'Assets/FastScriptReload/Plugins/Roslyn/System.Collections.Immutable.dll, AssemblyName=System.Collections.Immutable, Version=1.2.3.0, Culture=neutral, PublicKeyToken=b03f5f7f11d50a3a'.Duplicate assembly 'System.Collections.Immutable.dll' with different versions detected, using 'Packages/com.unity.ai.assistant/Plugins/Shared/System.Collections.Immutable.dll, AssemblyName=System.Collections.Immutable, Version=10.0.0.1, Culture=neutral, PublicKeyToken=b03f5f7f11d50a3a' and ignoring 'Assets/FastScriptReload/Plugins/Roslyn/2021+/System.Collections.Immutable.FSR.dll, AssemblyName=System.Collections.Immutable, Version=7.0.0.0, Culture=neutral, PublicKeyToken=b03f5f7f11d50a3a'.Duplicate assembly 'System.Collections.Immutable.dll' with different versions detected, using 'Packages/com.unity.ai.assistant/Plugins/Shared/System.Collections.Immutable.dll, AssemblyName=System.Collections.Immutable, Version=10.0.0.1, Culture=neutral, PublicKeyToken=b03f5f7f11d50a3a' and ignoring 'Assets/FastScriptReload/Plugins/Roslyn/2021+/System.Collections.Immutable.dll, AssemblyName=System.Collections.Immutable, Version=1.2.3.0, Culture=neutral, PublicKeyToken=b03f5f7f11d50a3a'.Duplicate assembly 'Microsoft.CodeAnalysis.CSharp.dll' with different versions detected, using 'Assets/FastScriptReload/Plugins/Roslyn/2021+/Microsoft.CodeAnalysis.CSharp.dll, AssemblyName=Microsoft.CodeAnalysis.CSharp, Version=4.6.0.0, Culture=neutral, PublicKeyToken=31bf3856ad364e35' and ignoring 'Packages/com.unity.ai.assistant/Plugins/CodeAnalysis/Microsoft.CodeAnalysis.CSharp.dll, AssemblyName=Microsoft.CodeAnalysis.CSharp, Version=3.11.0.0, Culture=neutral, PublicKeyToken=31bf3856ad364e35'.Duplicate assembly 'Microsoft.CodeAnalysis.CSharp.dll' with different versions detected, using 'Assets/FastScriptReload/Plugins/Roslyn/2021+/Microsoft.CodeAnalysis.CSharp.dll, AssemblyName=Microsoft.CodeAnalysis.CSharp, Version=4.6.0.0, Culture=neutral, PublicKeyToken=31bf3856ad364e35' and ignoring 'Assets/FastScriptReload/Plugins/Roslyn/Microsoft.CodeAnalysis.CSharp.dll, AssemblyName=Microsoft.CodeAnalysis.CSharp, Version=2.10.0.0, Culture=neutral, PublicKeyToken=31bf3856ad364e35'.Duplicate assembly 'System.Reflection.Metadata.dll' with different versions detected, using 'Packages/com.unity.ai.assistant/Plugins/Shared/System.Reflection.Metadata.dll, AssemblyName=System.Reflection.Metadata, Version=10.0.0.1, Culture=neutral, PublicKeyToken=b03f5f7f11d50a3a' and ignoring 'Assets/FastScriptReload/Plugins/Roslyn/2021+/System.Reflection.Metadata.dll, AssemblyName=System.Reflection.Metadata, Version=7.0.0.0, Culture=neutral, PublicKeyToken=b03f5f7f11d50a3a'.Duplicate assembly 'System.Reflection.Metadata.dll' with different versions detected, using 'Packages/com.unity.ai.assistant/Plugins/Shared/System.Reflection.Metadata.dll, AssemblyName=System.Reflection.Metadata, Version=10.0.0.1, Culture=neutral, PublicKeyToken=b03f5f7f11d50a3a' and ignoring 'Assets/FastScriptReload/Plugins/Roslyn/System.Reflection.Metadata.dll, AssemblyName=System.Reflection.Metadata, Version=1.4.3.0, Culture=neutral, PublicKeyToken=b03f5f7f11d50a3a'.Duplicate assembly 'Microsoft.CodeAnalysis.dll' with different versions detected, using 'Assets/FastScriptReload/Plugins/Roslyn/2021+/Microsoft.CodeAnalysis.dll, AssemblyName=Microsoft.CodeAnalysis, Version=4.6.0.0, Culture=neutral, PublicKeyToken=31bf3856ad364e35' and ignoring 'Packages/com.unity.ai.assistant/Plugins/CodeAnalysis/Microsoft.CodeAnalysis.dll, AssemblyName=Microsoft.CodeAnalysis, Version=3.11.0.0, Culture=neutral, PublicKeyToken=31bf3856ad364e35'.Duplicate assembly 'Microsoft.CodeAnalysis.dll' with different versions detected, using 'Assets/FastScriptReload/Plugins/Roslyn/2021+/Microsoft.CodeAnalysis.dll, AssemblyName=Microsoft.CodeAnalysis, Version=4.6.0.0, Culture=neutral, PublicKeyToken=31bf3856ad364e35' and ignoring 'Assets/FastScriptReload/Plugins/Roslyn/Microsoft.CodeAnalysis.dll, AssemblyName=Microsoft.CodeAnalysis, Version=2.10.0.0, Culture=neutral, PublicKeyToken=31bf3856ad364e35'.Duplicate assembly 'System.Runtime.CompilerServices.Unsafe.dll' with different versions detected, using 'Packages/com.unity.ai.assistant/Plugins/Shared/System.Runtime.CompilerServices.Unsafe.dll, AssemblyName=System.Runtime.CompilerServices.Unsafe, Version=6.0.3.0, Culture=neutral, PublicKeyToken=b03f5f7f11d50a3a' and ignoring 'Packages/com.unity.collections/Unity.Collections.Tests/System.Runtime.CompilerServices.Unsafe/System.Runtime.CompilerServices.Unsafe.dll, AssemblyName=System.Runtime.CompilerServices.Unsafe, Version=6.0.0.0, Culture=neutral, PublicKeyToken=b03f5f7f11d50a3a'.Duplicate assembly 'System.Runtime.CompilerServices.Unsafe.dll' with different versions detected, using 'Packages/com.unity.ai.assistant/Plugins/Shared/System.Runtime.CompilerServices.Unsafe.dll, AssemblyName=System.Runtime.CompilerServices.Unsafe, Version=6.0.3.0, Culture=neutral, PublicKeyToken=b03f5f7f11d50a3a' and ignoring 'Assets/FastScriptReload/Plugins/Roslyn/2021+/System.Runtime.CompilerServices.Unsafe.dll, AssemblyName=System.Runtime.CompilerServices.Unsafe, Version=6.0.0.0, Culture=neutral, PublicKeyToken=b03f5f7f11d50a3a'.[Package Manager] Failed to launch server process. Reason: Unity was launched with the -noUpm command-line argument
[Package Manager] Unable to send message (not connected to server process).
[Package Manager] Cannot connect to Unity Package Manager local server
[Package Manager] Failed to launch server process. Reason: Unity was launched with the -noUpm command-line argument
[Package Manager] Unable to send message (not connected to server process).
[Package Manager] Cannot connect to Unity Package Manager local server
[Licensing::Client] Error: Code 404 while processing request (status: Found 0 entitlement groups and 0 free entitlements matching requested entitlement ids)
[Licensing::Client] Error: Code 404 while processing request (status: Found 0 entitlement groups and 0 free entitlements matching requested entitlement ids)
[Licensing::Client] Error: Code 404 while processing request (status: Found 0 entitlement groups and 0 free entitlements matching requested entitlement ids)
[McpToolRegistry] Discovered 20 MCP tools
UnityEngine.Debug:ExtractStackTraceNoAlloc (byte*,int,string)
UnityEngine.StackTraceUtility:ExtractStackTrace ()
UnityEngine.DebugLogHandler:Internal_Log (UnityEngine.LogType,UnityEngine.LogOption,string,UnityEngine.Object)
UnityEngine.DebugLogHandler:LogFormat (UnityEngine.LogType,UnityEngine.Object,string,object[])
UnityEngine.Logger:Log (UnityEngine.LogType,object)
UnityEngine.Debug:Log (object)
Unity.AI.Tracing.ConsoleSink:LogToConsole (string,string,System.Exception) (at ./Library/PackageCache/com.unity.ai.assistant@bde8e124bc72/Modules/Unity.AI.Tracing/TraceSinks.cs:313)
Unity.AI.Tracing.ConsoleSink:Write (Unity.AI.Tracing.TraceEvent) (at ./Library/PackageCache/com.unity.ai.assistant@bde8e124bc72/Modules/Unity.AI.Tracing/TraceSinks.cs:277)
Unity.AI.Tracing.TraceWriter:WriteEventInternal (string,string,Unity.AI.Tracing.TraceEventOptions,string,System.Nullable`1<int>) (at ./Library/PackageCache/com.unity.ai.assistant@bde8e124bc72/Modules/Unity.AI.Tracing/TraceWriter.cs:373)
Unity.AI.Tracing.TraceWriter:Event (string,Unity.AI.Tracing.TraceEventOptions) (at ./Library/PackageCache/com.unity.ai.assistant@bde8e124bc72/Modules/Unity.AI.Tracing/TraceWriter.cs:297)
Unity.AI.Tracing.TraceLogger:Emit (string,string,string,string,Unity.AI.Tracing.TraceEventOptions,object,System.Exception) (at ./Library/PackageCache/com.unity.ai.assistant@bde8e124bc72/Modules/Unity.AI.Tracing/TraceLogger.cs:105)
Unity.AI.Tracing.TraceLogger:Info (string,string,string,Unity.AI.Tracing.TraceEventOptions) (at ./Library/PackageCache/com.unity.ai.assistant@bde8e124bc72/Modules/Unity.AI.Tracing/TraceLogger.cs:35)
Unity.AI.MCP.Editor.Helpers.McpLog:Log (string,Unity.AI.Tracing.TraceEventOptions) (at ./Library/PackageCache/com.unity.ai.assistant@bde8e124bc72/Modules/Unity.AI.MCP.Editor/Helpers/McpLog.cs:15)
Unity.AI.MCP.Editor.ToolRegistry.McpToolRegistry:RefreshTools () (at ./Library/PackageCache/com.unity.ai.assistant@bde8e124bc72/Modules/Unity.AI.MCP.Editor/ToolRegistry/McpToolRegistry.cs:201)
Unity.AI.MCP.Editor.ToolRegistry.McpToolRegistry:Initialize () (at ./Library/PackageCache/com.unity.ai.assistant@bde8e124bc72/Modules/Unity.AI.MCP.Editor/ToolRegistry/McpToolRegistry.cs:177)
System.Reflection.RuntimeMethodInfo:Invoke (object,System.Reflection.BindingFlags,System.Reflection.Binder,object[],System.Globalization.CultureInfo)
System.Reflection.MethodBase:Invoke (object,object[])
UnityEditor.EditorAssemblies:ProcessInitializeOnLoadMethodAttributes ()

(Filename: ./Library/PackageCache/com.unity.ai.assistant@bde8e124bc72/Modules/Unity.AI.Tracing/TraceSinks.cs Line: 313)

[McpToolRegistry] Available tools: Unity_ApplyTextEdits, Unity_CreateScript, Unity_DeleteScript, Unity_FindInFile, Unity_GetSha, Unity_ImportExternalModel, Unity_ListResources, Unity_ManageAsset, Unity_ManageEditor, Unity_ManageGameObject, Unity_ManageMenuItem, Unity_ManageScene, Unity_ManageScript, Unity_ManageScript_capabilities, Unity_ManageShader, Unity_ReadConsole, Unity_ReadResource, Unity_RunCommand, Unity_ScriptApplyEdits, Unity_ValidateScript
UnityEngine.Debug:ExtractStackTraceNoAlloc (byte*,int,string)
UnityEngine.StackTraceUtility:ExtractStackTrace ()
UnityEngine.DebugLogHandler:Internal_Log (UnityEngine.LogType,UnityEngine.LogOption,string,UnityEngine.Object)
UnityEngine.DebugLogHandler:LogFormat (UnityEngine.LogType,UnityEngine.Object,string,object[])
UnityEngine.Logger:Log (UnityEngine.LogType,object)
UnityEngine.Debug:Log (object)
Unity.AI.Tracing.ConsoleSink:LogToConsole (string,string,System.Exception) (at ./Library/PackageCache/com.unity.ai.assistant@bde8e124bc72/Modules/Unity.AI.Tracing/TraceSinks.cs:313)
Unity.AI.Tracing.ConsoleSink:Write (Unity.AI.Tracing.TraceEvent) (at ./Library/PackageCache/com.unity.ai.assistant@bde8e124bc72/Modules/Unity.AI.Tracing/TraceSinks.cs:277)
Unity.AI.Tracing.TraceWriter:WriteEventInternal (string,string,Unity.AI.Tracing.TraceEventOptions,string,System.Nullable`1<int>) (at ./Library/PackageCache/com.unity.ai.assistant@bde8e124bc72/Modules/Unity.AI.Tracing/TraceWriter.cs:373)
Unity.AI.Tracing.TraceWriter:Event (string,Unity.AI.Tracing.TraceEventOptions) (at ./Library/PackageCache/com.unity.ai.assistant@bde8e124bc72/Modules/Unity.AI.Tracing/TraceWriter.cs:297)
Unity.AI.Tracing.TraceLogger:Emit (string,string,string,string,Unity.AI.Tracing.TraceEventOptions,object,System.Exception) (at ./Library/PackageCache/com.unity.ai.assistant@bde8e124bc72/Modules/Unity.AI.Tracing/TraceLogger.cs:105)
Unity.AI.Tracing.TraceLogger:Info (string,string,string,Unity.AI.Tracing.TraceEventOptions) (at ./Library/PackageCache/com.unity.ai.assistant@bde8e124bc72/Modules/Unity.AI.Tracing/TraceLogger.cs:35)
Unity.AI.MCP.Editor.Helpers.McpLog:Log (string,Unity.AI.Tracing.TraceEventOptions) (at ./Library/PackageCache/com.unity.ai.assistant@bde8e124bc72/Modules/Unity.AI.MCP.Editor/Helpers/McpLog.cs:15)
Unity.AI.MCP.Editor.ToolRegistry.McpToolRegistry:RefreshTools () (at ./Library/PackageCache/com.unity.ai.assistant@bde8e124bc72/Modules/Unity.AI.MCP.Editor/ToolRegistry/McpToolRegistry.cs:204)
Unity.AI.MCP.Editor.ToolRegistry.McpToolRegistry:Initialize () (at ./Library/PackageCache/com.unity.ai.assistant@bde8e124bc72/Modules/Unity.AI.MCP.Editor/ToolRegistry/McpToolRegistry.cs:177)
System.Reflection.RuntimeMethodInfo:Invoke (object,System.Reflection.BindingFlags,System.Reflection.Binder,object[],System.Globalization.CultureInfo)
System.Reflection.MethodBase:Invoke (object,object[])
UnityEditor.EditorAssemblies:ProcessInitializeOnLoadMethodAttributes ()

(Filename: ./Library/PackageCache/com.unity.ai.assistant@bde8e124bc72/Modules/Unity.AI.Tracing/TraceSinks.cs Line: 313)

ScheduleIndexationOnStartup MainProcess:False IndexOnStartup:True
Mono: successfully reloaded assembly
[Idle]
UnityEngine.Debug:ExtractStackTraceNoAlloc (byte*,int,string)
UnityEngine.StackTraceUtility:ExtractStackTrace ()
UnityEngine.DebugLogHandler:Internal_Log (UnityEngine.LogType,UnityEngine.LogOption,string,UnityEngine.Object)
UnityEngine.DebugLogHandler:LogFormat (UnityEngine.LogType,UnityEngine.Object,string,object[])
UnityEngine.Logger:Log (UnityEngine.LogType,object)
UnityEngine.Debug:Log (object)
Unity.AI.Tracing.ConsoleSink:LogToConsole (string,string,System.Exception) (at ./Library/PackageCache/com.unity.ai.assistant@bde8e124bc72/Modules/Unity.AI.Tracing/TraceSinks.cs:313)
Unity.AI.Tracing.ConsoleSink:Write (Unity.AI.Tracing.TraceEvent) (at ./Library/PackageCache/com.unity.ai.assistant@bde8e124bc72/Modules/Unity.AI.Tracing/TraceSinks.cs:277)
Unity.AI.Tracing.TraceWriter:WriteEventInternal (string,string,Unity.AI.Tracing.TraceEventOptions,string,System.Nullable`1<int>) (at ./Library/PackageCache/com.unity.ai.assistant@bde8e124bc72/Modules/Unity.AI.Tracing/TraceWriter.cs:373)
Unity.AI.Tracing.TraceWriter:Event (string,Unity.AI.Tracing.TraceEventOptions) (at ./Library/PackageCache/com.unity.ai.assistant@bde8e124bc72/Modules/Unity.AI.Tracing/TraceWriter.cs:297)
Unity.AI.Tracing.TraceLogger:Emit (string,string,string,string,Unity.AI.Tracing.TraceEventOptions,object,System.Exception) (at ./Library/PackageCache/com.unity.ai.assistant@bde8e124bc72/Modules/Unity.AI.Tracing/TraceLogger.cs:105)
Unity.AI.Tracing.TraceLogger:Info (string,string,string,Unity.AI.Tracing.TraceEventOptions) (at ./Library/PackageCache/com.unity.ai.assistant@bde8e124bc72/Modules/Unity.AI.Tracing/TraceLogger.cs:35)
Unity.AI.MCP.Editor.Helpers.McpLog:Log (string,Unity.AI.Tracing.TraceEventOptions) (at ./Library/PackageCache/com.unity.ai.assistant@bde8e124bc72/Modules/Unity.AI.MCP.Editor/Helpers/McpLog.cs:15)
Unity.AI.MCP.Editor.Bridge:LogBreadcrumb (string) (at ./Library/PackageCache/com.unity.ai.assistant@bde8e124bc72/Modules/Unity.AI.MCP.Editor/Bridge.cs:2010)
Unity.AI.MCP.Editor.Bridge:OnAfterAssemblyReload () (at ./Library/PackageCache/com.unity.ai.assistant@bde8e124bc72/Modules/Unity.AI.MCP.Editor/Bridge.cs:1854)
UnityEditor.AssemblyReloadEvents:OnAfterAssemblyReload ()

(Filename: ./Library/PackageCache/com.unity.ai.assistant@bde8e124bc72/Modules/Unity.AI.Tracing/TraceSinks.cs Line: 313)

- Finished resetting the current domain, in  1.758 seconds
Domain Reload Profiling: 2855ms
	BeginReloadAssembly (232ms)
		ExecutionOrderSort (0ms)
		DisableScriptedObjects (6ms)
		BackupInstance (0ms)
		ReleaseScriptingObjects (0ms)
		CreateAndSetChildDomain (88ms)
	RebuildCommonClasses (30ms)
	RebuildNativeTypeToScriptingClass (12ms)
	initialDomainReloadingComplete (51ms)
	LoadAllAssembliesAndSetupDomain (769ms)
		LoadAssemblies (486ms)
		RebuildTransferFunctionScriptingTraits (0ms)
		AnalyzeDomain (360ms)
			TypeCache.Refresh (24ms)
				TypeCache.ScanAssembly (2ms)
			BuildScriptInfoCaches (315ms)
			ResolveRequiredComponents (11ms)
	FinalizeReload (1759ms)
		ReleaseScriptCaches (0ms)
		RebuildScriptCaches (0ms)
		SetupLoadedEditorAssemblies (1561ms)
			LogAssemblyErrors (0ms)
			InitializePlatformSupportModulesInManaged (20ms)
			SetLoadedEditorAssemblies (13ms)
			BeforeProcessingInitializeOnLoad (172ms)
			ProcessInitializeOnLoadAttributes (1056ms)
			ProcessInitializeOnLoadMethodAttributes (298ms)
			AfterProcessingInitializeOnLoad (3ms)
			EditorAssembliesLoaded (1ms)
		ExecutionOrderSort2 (0ms)
		AwakeInstancesAfterBackupRestoration (17ms)
Refreshing native plugins compatible for Editor in 0.74 ms, found 3 plugins.
Preloading 0 native plugins for Editor in 0.00 ms.
Unloading 19 Unused Serialized files (Serialized files now loaded: 0)
Unloading 9806 unused Assets / (7.2 MB). Loaded Objects now: 10727.
Memory consumption went from 266.6 MB to 259.4 MB.
Total: 26.081600 ms (FindLiveObjects: 1.705700 ms CreateObjectMapping: 1.582000 ms MarkObjects: 13.269700 ms  DeleteObjects: 9.520100 ms)

Prepare: number of updated asset objects reloaded= 0
========================================================================
Received Prepare
'Packages/com.unity.cinemachine/Editor/Obsolete/CinemachineVirtualCameraBaseEditor.cs' contains partial class of Unity.Object, exactly 1 of the partial classes needs to be in a file with the same filename. This is to know the one that can be referenced from ie. GameObjects
'Packages/com.unity.cinemachine/Editor/Editors/CinemachineVirtualCameraBaseEditor.cs' contains partial class of Unity.Object, exactly 1 of the partial classes needs to be in a file with the same filename. This is to know the one that can be referenced from ie. GameObjects
Refreshing native plugins compatible for Editor in 0.84 ms, found 3 plugins.
Preloading 0 native plugins for Editor in 0.00 ms.
Unloading 19 Unused Serialized files (Serialized files now loaded: 0)
Unloading 9796 unused Assets / (6.0 MB). Loaded Objects now: 10727.
Memory consumption went from 266.3 MB to 260.3 MB.
Total: 22.551500 ms (FindLiveObjects: 1.398200 ms CreateObjectMapping: 1.375400 ms MarkObjects: 15.806800 ms  DeleteObjects: 3.968400 ms)

Prepare: number of updated asset objects reloaded= 0
========================================================================
Received Prepare
[Licensing::Client] Successfully resolved entitlement details
Assembly reference Packages/com.unity.cinemachine/Editor/Samples/ExposeHDRPInternals/HDRP-Editor-ref.asmref has no target assembly definition
Assembly reference Packages/com.unity.cinemachine/Editor/Samples/ExposeHDRPInternals/HDRP-Editor-ref.asmref has no target assembly definition
Begin MonoManager ReloadAssembly
[Licensing::Client] Successfully resolved entitlement details
Duplicate assembly 'System.Collections.Immutable.FSR.dll' with different versions detected, using 'Assets/FastScriptReload/Plugins/Roslyn/2021+/System.Collections.Immutable.FSR.dll, AssemblyName=System.Collections.Immutable, Version=7.0.0.0, Culture=neutral, PublicKeyToken=b03f5f7f11d50a3a' and ignoring 'Assets/FastScriptReload/Plugins/Roslyn/System.Collections.Immutable.dll, AssemblyName=System.Collections.Immutable, Version=1.2.3.0, Culture=neutral, PublicKeyToken=b03f5f7f11d50a3a'.Duplicate assembly 'System.Collections.Immutable.dll' with different versions detected, using 'Packages/com.unity.ai.assistant/Plugins/Shared/System.Collections.Immutable.dll, AssemblyName=System.Collections.Immutable, Version=10.0.0.1, Culture=neutral, PublicKeyToken=b03f5f7f11d50a3a' and ignoring 'Assets/FastScriptReload/Plugins/Roslyn/2021+/System.Collections.Immutable.FSR.dll, AssemblyName=System.Collections.Immutable, Version=7.0.0.0, Culture=neutral, PublicKeyToken=b03f5f7f11d50a3a'.Duplicate assembly 'System.Collections.Immutable.dll' with different versions detected, using 'Packages/com.unity.ai.assistant/Plugins/Shared/System.Collections.Immutable.dll, AssemblyName=System.Collections.Immutable, Version=10.0.0.1, Culture=neutral, PublicKeyToken=b03f5f7f11d50a3a' and ignoring 'Assets/FastScriptReload/Plugins/Roslyn/2021+/System.Collections.Immutable.dll, AssemblyName=System.Collections.Immutable, Version=1.2.3.0, Culture=neutral, PublicKeyToken=b03f5f7f11d50a3a'.Duplicate assembly 'Microsoft.CodeAnalysis.CSharp.dll' with different versions detected, using 'Assets/FastScriptReload/Plugins/Roslyn/2021+/Microsoft.CodeAnalysis.CSharp.dll, AssemblyName=Microsoft.CodeAnalysis.CSharp, Version=4.6.0.0, Culture=neutral, PublicKeyToken=31bf3856ad364e35' and ignoring 'Packages/com.unity.ai.assistant/Plugins/CodeAnalysis/Microsoft.CodeAnalysis.CSharp.dll, AssemblyName=Microsoft.CodeAnalysis.CSharp, Version=3.11.0.0, Culture=neutral, PublicKeyToken=31bf3856ad364e35'.Duplicate assembly 'Microsoft.CodeAnalysis.CSharp.dll' with different versions detected, using 'Assets/FastScriptReload/Plugins/Roslyn/2021+/Microsoft.CodeAnalysis.CSharp.dll, AssemblyName=Microsoft.CodeAnalysis.CSharp, Version=4.6.0.0, Culture=neutral, PublicKeyToken=31bf3856ad364e35' and ignoring 'Assets/FastScriptReload/Plugins/Roslyn/Microsoft.CodeAnalysis.CSharp.dll, AssemblyName=Microsoft.CodeAnalysis.CSharp, Version=2.10.0.0, Culture=neutral, PublicKeyToken=31bf3856ad364e35'.Duplicate assembly 'System.Reflection.Metadata.dll' with different versions detected, using 'Packages/com.unity.ai.assistant/Plugins/Shared/System.Reflection.Metadata.dll, AssemblyName=System.Reflection.Metadata, Version=10.0.0.1, Culture=neutral, PublicKeyToken=b03f5f7f11d50a3a' and ignoring 'Assets/FastScriptReload/Plugins/Roslyn/2021+/System.Reflection.Metadata.dll, AssemblyName=System.Reflection.Metadata, Version=7.0.0.0, Culture=neutral, PublicKeyToken=b03f5f7f11d50a3a'.Duplicate assembly 'System.Reflection.Metadata.dll' with different versions detected, using 'Packages/com.unity.ai.assistant/Plugins/Shared/System.Reflection.Metadata.dll, AssemblyName=System.Reflection.Metadata, Version=10.0.0.1, Culture=neutral, PublicKeyToken=b03f5f7f11d50a3a' and ignoring 'Assets/FastScriptReload/Plugins/Roslyn/System.Reflection.Metadata.dll, AssemblyName=System.Reflection.Metadata, Version=1.4.3.0, Culture=neutral, PublicKeyToken=b03f5f7f11d50a3a'.Duplicate assembly 'Microsoft.CodeAnalysis.dll' with different versions detected, using 'Assets/FastScriptReload/Plugins/Roslyn/2021+/Microsoft.CodeAnalysis.dll, AssemblyName=Microsoft.CodeAnalysis, Version=4.6.0.0, Culture=neutral, PublicKeyToken=31bf3856ad364e35' and ignoring 'Packages/com.unity.ai.assistant/Plugins/CodeAnalysis/Microsoft.CodeAnalysis.dll, AssemblyName=Microsoft.CodeAnalysis, Version=3.11.0.0, Culture=neutral, PublicKeyToken=31bf3856ad364e35'.Duplicate assembly 'Microsoft.CodeAnalysis.dll' with different versions detected, using 'Assets/FastScriptReload/Plugins/Roslyn/2021+/Microsoft.CodeAnalysis.dll, AssemblyName=Microsoft.CodeAnalysis, Version=4.6.0.0, Culture=neutral, PublicKeyToken=31bf3856ad364e35' and ignoring 'Assets/FastScriptReload/Plugins/Roslyn/Microsoft.CodeAnalysis.dll, AssemblyName=Microsoft.CodeAnalysis, Version=2.10.0.0, Culture=neutral, PublicKeyToken=31bf3856ad364e35'.Duplicate assembly 'System.Runtime.CompilerServices.Unsafe.dll' with different versions detected, using 'Packages/com.unity.ai.assistant/Plugins/Shared/System.Runtime.CompilerServices.Unsafe.dll, AssemblyName=System.Runtime.CompilerServices.Unsafe, Version=6.0.3.0, Culture=neutral, PublicKeyToken=b03f5f7f11d50a3a' and ignoring 'Packages/com.unity.collections/Unity.Collections.Tests/System.Runtime.CompilerServices.Unsafe/System.Runtime.CompilerServices.Unsafe.dll, AssemblyName=System.Runtime.CompilerServices.Unsafe, Version=6.0.0.0, Culture=neutral, PublicKeyToken=b03f5f7f11d50a3a'.Duplicate assembly 'System.Runtime.CompilerServices.Unsafe.dll' with different versions detected, using 'Packages/com.unity.ai.assistant/Plugins/Shared/System.Runtime.CompilerServices.Unsafe.dll, AssemblyName=System.Runtime.CompilerServices.Unsafe, Version=6.0.3.0, Culture=neutral, PublicKeyToken=b03f5f7f11d50a3a' and ignoring 'Assets/FastScriptReload/Plugins/Roslyn/2021+/System.Runtime.CompilerServices.Unsafe.dll, AssemblyName=System.Runtime.CompilerServices.Unsafe, Version=6.0.0.0, Culture=neutral, PublicKeyToken=b03f5f7f11d50a3a'.Symbol file LoadedFromMemory is not a mono symbol file
- Loaded All Assemblies, in  1.065 seconds
Assembly reference Packages/com.unity.cinemachine/Editor/Samples/ExposeHDRPInternals/HDRP-Editor-ref.asmref has no target assembly definition
'Packages/com.unity.cinemachine/Editor/Obsolete/CinemachineVirtualCameraBaseEditor.cs' contains partial class of Unity.Object, exactly 1 of the partial classes needs to be in a file with the same filename. This is to know the one that can be referenced from ie. GameObjects
'Packages/com.unity.cinemachine/Editor/Editors/CinemachineVirtualCameraBaseEditor.cs' contains partial class of Unity.Object, exactly 1 of the partial classes needs to be in a file with the same filename. This is to know the one that can be referenced from ie. GameObjects
Refreshing native plugins compatible for Editor in 0.62 ms, found 3 plugins.
Native extension for LinuxStandalone target not found
Native extension for Android target not found
Native extension for UWP target not found
Native extension for WindowsStandalone target not found
Assembly reference Packages/com.unity.cinemachine/Editor/Samples/ExposeHDRPInternals/HDRP-Editor-ref.asmref has no target assembly definition
[Package Manager] Failed to launch server process. Reason: Unity was launched with the -noUpm command-line argument
[Package Manager] Unable to send message (not connected to server process).
[Package Manager] Cannot connect to Unity Package Manager local server
Duplicate assembly 'System.Collections.Immutable.FSR.dll' with different versions detected, using 'Assets/FastScriptReload/Plugins/Roslyn/2021+/System.Collections.Immutable.FSR.dll, AssemblyName=System.Collections.Immutable, Version=7.0.0.0, Culture=neutral, PublicKeyToken=b03f5f7f11d50a3a' and ignoring 'Assets/FastScriptReload/Plugins/Roslyn/System.Collections.Immutable.dll, AssemblyName=System.Collections.Immutable, Version=1.2.3.0, Culture=neutral, PublicKeyToken=b03f5f7f11d50a3a'.Duplicate assembly 'System.Collections.Immutable.dll' with different versions detected, using 'Packages/com.unity.ai.assistant/Plugins/Shared/System.Collections.Immutable.dll, AssemblyName=System.Collections.Immutable, Version=10.0.0.1, Culture=neutral, PublicKeyToken=b03f5f7f11d50a3a' and ignoring 'Assets/FastScriptReload/Plugins/Roslyn/2021+/System.Collections.Immutable.FSR.dll, AssemblyName=System.Collections.Immutable, Version=7.0.0.0, Culture=neutral, PublicKeyToken=b03f5f7f11d50a3a'.Duplicate assembly 'System.Collections.Immutable.dll' with different versions detected, using 'Packages/com.unity.ai.assistant/Plugins/Shared/System.Collections.Immutable.dll, AssemblyName=System.Collections.Immutable, Version=10.0.0.1, Culture=neutral, PublicKeyToken=b03f5f7f11d50a3a' and ignoring 'Assets/FastScriptReload/Plugins/Roslyn/2021+/System.Collections.Immutable.dll, AssemblyName=System.Collections.Immutable, Version=1.2.3.0, Culture=neutral, PublicKeyToken=b03f5f7f11d50a3a'.Duplicate assembly 'Microsoft.CodeAnalysis.CSharp.dll' with different versions detected, using 'Assets/FastScriptReload/Plugins/Roslyn/2021+/Microsoft.CodeAnalysis.CSharp.dll, AssemblyName=Microsoft.CodeAnalysis.CSharp, Version=4.6.0.0, Culture=neutral, PublicKeyToken=31bf3856ad364e35' and ignoring 'Packages/com.unity.ai.assistant/Plugins/CodeAnalysis/Microsoft.CodeAnalysis.CSharp.dll, AssemblyName=Microsoft.CodeAnalysis.CSharp, Version=3.11.0.0, Culture=neutral, PublicKeyToken=31bf3856ad364e35'.Duplicate assembly 'Microsoft.CodeAnalysis.CSharp.dll' with different versions detected, using 'Assets/FastScriptReload/Plugins/Roslyn/2021+/Microsoft.CodeAnalysis.CSharp.dll, AssemblyName=Microsoft.CodeAnalysis.CSharp, Version=4.6.0.0, Culture=neutral, PublicKeyToken=31bf3856ad364e35' and ignoring 'Assets/FastScriptReload/Plugins/Roslyn/Microsoft.CodeAnalysis.CSharp.dll, AssemblyName=Microsoft.CodeAnalysis.CSharp, Version=2.10.0.0, Culture=neutral, PublicKeyToken=31bf3856ad364e35'.Duplicate assembly 'System.Reflection.Metadata.dll' with different versions detected, using 'Packages/com.unity.ai.assistant/Plugins/Shared/System.Reflection.Metadata.dll, AssemblyName=System.Reflection.Metadata, Version=10.0.0.1, Culture=neutral, PublicKeyToken=b03f5f7f11d50a3a' and ignoring 'Assets/FastScriptReload/Plugins/Roslyn/2021+/System.Reflection.Metadata.dll, AssemblyName=System.Reflection.Metadata, Version=7.0.0.0, Culture=neutral, PublicKeyToken=b03f5f7f11d50a3a'.Duplicate assembly 'System.Reflection.Metadata.dll' with different versions detected, using 'Packages/com.unity.ai.assistant/Plugins/Shared/System.Reflection.Metadata.dll, AssemblyName=System.Reflection.Metadata, Version=10.0.0.1, Culture=neutral, PublicKeyToken=b03f5f7f11d50a3a' and ignoring 'Assets/FastScriptReload/Plugins/Roslyn/System.Reflection.Metadata.dll, AssemblyName=System.Reflection.Metadata, Version=1.4.3.0, Culture=neutral, PublicKeyToken=b03f5f7f11d50a3a'.Duplicate assembly 'Microsoft.CodeAnalysis.dll' with different versions detected, using 'Assets/FastScriptReload/Plugins/Roslyn/2021+/Microsoft.CodeAnalysis.dll, AssemblyName=Microsoft.CodeAnalysis, Version=4.6.0.0, Culture=neutral, PublicKeyToken=31bf3856ad364e35' and ignoring 'Packages/com.unity.ai.assistant/Plugins/CodeAnalysis/Microsoft.CodeAnalysis.dll, AssemblyName=Microsoft.CodeAnalysis, Version=3.11.0.0, Culture=neutral, PublicKeyToken=31bf3856ad364e35'.Duplicate assembly 'Microsoft.CodeAnalysis.dll' with different versions detected, using 'Assets/FastScriptReload/Plugins/Roslyn/2021+/Microsoft.CodeAnalysis.dll, AssemblyName=Microsoft.CodeAnalysis, Version=4.6.0.0, Culture=neutral, PublicKeyToken=31bf3856ad364e35' and ignoring 'Assets/FastScriptReload/Plugins/Roslyn/Microsoft.CodeAnalysis.dll, AssemblyName=Microsoft.CodeAnalysis, Version=2.10.0.0, Culture=neutral, PublicKeyToken=31bf3856ad364e35'.Duplicate assembly 'System.Runtime.CompilerServices.Unsafe.dll' with different versions detected, using 'Packages/com.unity.ai.assistant/Plugins/Shared/System.Runtime.CompilerServices.Unsafe.dll, AssemblyName=System.Runtime.CompilerServices.Unsafe, Version=6.0.3.0, Culture=neutral, PublicKeyToken=b03f5f7f11d50a3a' and ignoring 'Packages/com.unity.collections/Unity.Collections.Tests/System.Runtime.CompilerServices.Unsafe/System.Runtime.CompilerServices.Unsafe.dll, AssemblyName=System.Runtime.CompilerServices.Unsafe, Version=6.0.0.0, Culture=neutral, PublicKeyToken=b03f5f7f11d50a3a'.Duplicate assembly 'System.Runtime.CompilerServices.Unsafe.dll' with different versions detected, using 'Packages/com.unity.ai.assistant/Plugins/Shared/System.Runtime.CompilerServices.Unsafe.dll, AssemblyName=System.Runtime.CompilerServices.Unsafe, Version=6.0.3.0, Culture=neutral, PublicKeyToken=b03f5f7f11d50a3a' and ignoring 'Assets/FastScriptReload/Plugins/Roslyn/2021+/System.Runtime.CompilerServices.Unsafe.dll, AssemblyName=System.Runtime.CompilerServices.Unsafe, Version=6.0.0.0, Culture=neutral, PublicKeyToken=b03f5f7f11d50a3a'.[Package Manager] Failed to launch server process. Reason: Unity was launched with the -noUpm command-line argument
[Package Manager] Unable to send message (not connected to server process).
[Package Manager] Cannot connect to Unity Package Manager local server
[Package Manager] Failed to launch server process. Reason: Unity was launched with the -noUpm command-line argument
[Package Manager] Unable to send message (not connected to server process).
[Package Manager] Cannot connect to Unity Package Manager local server
[Licensing::Client] Error: Code 404 while processing request (status: Found 0 entitlement groups and 0 free entitlements matching requested entitlement ids)
[Licensing::Client] Error: Code 404 while processing request (status: Found 0 entitlement groups and 0 free entitlements matching requested entitlement ids)
[Licensing::Client] Error: Code 404 while processing request (status: Found 0 entitlement groups and 0 free entitlements matching requested entitlement ids)
[McpToolRegistry] Discovered 20 MCP tools
UnityEngine.Debug:ExtractStackTraceNoAlloc (byte*,int,string)
UnityEngine.StackTraceUtility:ExtractStackTrace ()
UnityEngine.DebugLogHandler:Internal_Log (UnityEngine.LogType,UnityEngine.LogOption,string,UnityEngine.Object)
UnityEngine.DebugLogHandler:LogFormat (UnityEngine.LogType,UnityEngine.Object,string,object[])
UnityEngine.Logger:Log (UnityEngine.LogType,object)
UnityEngine.Debug:Log (object)
Unity.AI.Tracing.ConsoleSink:LogToConsole (string,string,System.Exception) (at ./Library/PackageCache/com.unity.ai.assistant@bde8e124bc72/Modules/Unity.AI.Tracing/TraceSinks.cs:313)
Unity.AI.Tracing.ConsoleSink:Write (Unity.AI.Tracing.TraceEvent) (at ./Library/PackageCache/com.unity.ai.assistant@bde8e124bc72/Modules/Unity.AI.Tracing/TraceSinks.cs:277)
Unity.AI.Tracing.TraceWriter:WriteEventInternal (string,string,Unity.AI.Tracing.TraceEventOptions,string,System.Nullable`1<int>) (at ./Library/PackageCache/com.unity.ai.assistant@bde8e124bc72/Modules/Unity.AI.Tracing/TraceWriter.cs:373)
Unity.AI.Tracing.TraceWriter:Event (string,Unity.AI.Tracing.TraceEventOptions) (at ./Library/PackageCache/com.unity.ai.assistant@bde8e124bc72/Modules/Unity.AI.Tracing/TraceWriter.cs:297)
Unity.AI.Tracing.TraceLogger:Emit (string,string,string,string,Unity.AI.Tracing.TraceEventOptions,object,System.Exception) (at ./Library/PackageCache/com.unity.ai.assistant@bde8e124bc72/Modules/Unity.AI.Tracing/TraceLogger.cs:105)
Unity.AI.Tracing.TraceLogger:Info (string,string,string,Unity.AI.Tracing.TraceEventOptions) (at ./Library/PackageCache/com.unity.ai.assistant@bde8e124bc72/Modules/Unity.AI.Tracing/TraceLogger.cs:35)
Unity.AI.MCP.Editor.Helpers.McpLog:Log (string,Unity.AI.Tracing.TraceEventOptions) (at ./Library/PackageCache/com.unity.ai.assistant@bde8e124bc72/Modules/Unity.AI.MCP.Editor/Helpers/McpLog.cs:15)
Unity.AI.MCP.Editor.ToolRegistry.McpToolRegistry:RefreshTools () (at ./Library/PackageCache/com.unity.ai.assistant@bde8e124bc72/Modules/Unity.AI.MCP.Editor/ToolRegistry/McpToolRegistry.cs:201)
Unity.AI.MCP.Editor.ToolRegistry.McpToolRegistry:Initialize () (at ./Library/PackageCache/com.unity.ai.assistant@bde8e124bc72/Modules/Unity.AI.MCP.Editor/ToolRegistry/McpToolRegistry.cs:177)
System.Reflection.RuntimeMethodInfo:Invoke (object,System.Reflection.BindingFlags,System.Reflection.Binder,object[],System.Globalization.CultureInfo)
System.Reflection.MethodBase:Invoke (object,object[])
UnityEditor.EditorAssemblies:ProcessInitializeOnLoadMethodAttributes ()

(Filename: ./Library/PackageCache/com.unity.ai.assistant@bde8e124bc72/Modules/Unity.AI.Tracing/TraceSinks.cs Line: 313)

[McpToolRegistry] Available tools: Unity_ApplyTextEdits, Unity_CreateScript, Unity_DeleteScript, Unity_FindInFile, Unity_GetSha, Unity_ImportExternalModel, Unity_ListResources, Unity_ManageAsset, Unity_ManageEditor, Unity_ManageGameObject, Unity_ManageMenuItem, Unity_ManageScene, Unity_ManageScript, Unity_ManageScript_capabilities, Unity_ManageShader, Unity_ReadConsole, Unity_ReadResource, Unity_RunCommand, Unity_ScriptApplyEdits, Unity_ValidateScript
UnityEngine.Debug:ExtractStackTraceNoAlloc (byte*,int,string)
UnityEngine.StackTraceUtility:ExtractStackTrace ()
UnityEngine.DebugLogHandler:Internal_Log (UnityEngine.LogType,UnityEngine.LogOption,string,UnityEngine.Object)
UnityEngine.DebugLogHandler:LogFormat (UnityEngine.LogType,UnityEngine.Object,string,object[])
UnityEngine.Logger:Log (UnityEngine.LogType,object)
UnityEngine.Debug:Log (object)
Unity.AI.Tracing.ConsoleSink:LogToConsole (string,string,System.Exception) (at ./Library/PackageCache/com.unity.ai.assistant@bde8e124bc72/Modules/Unity.AI.Tracing/TraceSinks.cs:313)
Unity.AI.Tracing.ConsoleSink:Write (Unity.AI.Tracing.TraceEvent) (at ./Library/PackageCache/com.unity.ai.assistant@bde8e124bc72/Modules/Unity.AI.Tracing/TraceSinks.cs:277)
Unity.AI.Tracing.TraceWriter:WriteEventInternal (string,string,Unity.AI.Tracing.TraceEventOptions,string,System.Nullable`1<int>) (at ./Library/PackageCache/com.unity.ai.assistant@bde8e124bc72/Modules/Unity.AI.Tracing/TraceWriter.cs:373)
Unity.AI.Tracing.TraceWriter:Event (string,Unity.AI.Tracing.TraceEventOptions) (at ./Library/PackageCache/com.unity.ai.assistant@bde8e124bc72/Modules/Unity.AI.Tracing/TraceWriter.cs:297)
Unity.AI.Tracing.TraceLogger:Emit (string,string,string,string,Unity.AI.Tracing.TraceEventOptions,object,System.Exception) (at ./Library/PackageCache/com.unity.ai.assistant@bde8e124bc72/Modules/Unity.AI.Tracing/TraceLogger.cs:105)
Unity.AI.Tracing.TraceLogger:Info (string,string,string,Unity.AI.Tracing.TraceEventOptions) (at ./Library/PackageCache/com.unity.ai.assistant@bde8e124bc72/Modules/Unity.AI.Tracing/TraceLogger.cs:35)
Unity.AI.MCP.Editor.Helpers.McpLog:Log (string,Unity.AI.Tracing.TraceEventOptions) (at ./Library/PackageCache/com.unity.ai.assistant@bde8e124bc72/Modules/Unity.AI.MCP.Editor/Helpers/McpLog.cs:15)
Unity.AI.MCP.Editor.ToolRegistry.McpToolRegistry:RefreshTools () (at ./Library/PackageCache/com.unity.ai.assistant@bde8e124bc72/Modules/Unity.AI.MCP.Editor/ToolRegistry/McpToolRegistry.cs:204)
Unity.AI.MCP.Editor.ToolRegistry.McpToolRegistry:Initialize () (at ./Library/PackageCache/com.unity.ai.assistant@bde8e124bc72/Modules/Unity.AI.MCP.Editor/ToolRegistry/McpToolRegistry.cs:177)
System.Reflection.RuntimeMethodInfo:Invoke (object,System.Reflection.BindingFlags,System.Reflection.Binder,object[],System.Globalization.CultureInfo)
System.Reflection.MethodBase:Invoke (object,object[])
UnityEditor.EditorAssemblies:ProcessInitializeOnLoadMethodAttributes ()

(Filename: ./Library/PackageCache/com.unity.ai.assistant@bde8e124bc72/Modules/Unity.AI.Tracing/TraceSinks.cs Line: 313)

ScheduleIndexationOnStartup MainProcess:False IndexOnStartup:True
Mono: successfully reloaded assembly
[Idle]
UnityEngine.Debug:ExtractStackTraceNoAlloc (byte*,int,string)
UnityEngine.StackTraceUtility:ExtractStackTrace ()
UnityEngine.DebugLogHandler:Internal_Log (UnityEngine.LogType,UnityEngine.LogOption,string,UnityEngine.Object)
UnityEngine.DebugLogHandler:LogFormat (UnityEngine.LogType,UnityEngine.Object,string,object[])
UnityEngine.Logger:Log (UnityEngine.LogType,object)
UnityEngine.Debug:Log (object)
Unity.AI.Tracing.ConsoleSink:LogToConsole (string,string,System.Exception) (at ./Library/PackageCache/com.unity.ai.assistant@bde8e124bc72/Modules/Unity.AI.Tracing/TraceSinks.cs:313)
Unity.AI.Tracing.ConsoleSink:Write (Unity.AI.Tracing.TraceEvent) (at ./Library/PackageCache/com.unity.ai.assistant@bde8e124bc72/Modules/Unity.AI.Tracing/TraceSinks.cs:277)
Unity.AI.Tracing.TraceWriter:WriteEventInternal (string,string,Unity.AI.Tracing.TraceEventOptions,string,System.Nullable`1<int>) (at ./Library/PackageCache/com.unity.ai.assistant@bde8e124bc72/Modules/Unity.AI.Tracing/TraceWriter.cs:373)
Unity.AI.Tracing.TraceWriter:Event (string,Unity.AI.Tracing.TraceEventOptions) (at ./Library/PackageCache/com.unity.ai.assistant@bde8e124bc72/Modules/Unity.AI.Tracing/TraceWriter.cs:297)
Unity.AI.Tracing.TraceLogger:Emit (string,string,string,string,Unity.AI.Tracing.TraceEventOptions,object,System.Exception) (at ./Library/PackageCache/com.unity.ai.assistant@bde8e124bc72/Modules/Unity.AI.Tracing/TraceLogger.cs:105)
Unity.AI.Tracing.TraceLogger:Info (string,string,string,Unity.AI.Tracing.TraceEventOptions) (at ./Library/PackageCache/com.unity.ai.assistant@bde8e124bc72/Modules/Unity.AI.Tracing/TraceLogger.cs:35)
Unity.AI.MCP.Editor.Helpers.McpLog:Log (string,Unity.AI.Tracing.TraceEventOptions) (at ./Library/PackageCache/com.unity.ai.assistant@bde8e124bc72/Modules/Unity.AI.MCP.Editor/Helpers/McpLog.cs:15)
Unity.AI.MCP.Editor.Bridge:LogBreadcrumb (string) (at ./Library/PackageCache/com.unity.ai.assistant@bde8e124bc72/Modules/Unity.AI.MCP.Editor/Bridge.cs:2010)
Unity.AI.MCP.Editor.Bridge:OnAfterAssemblyReload () (at ./Library/PackageCache/com.unity.ai.assistant@bde8e124bc72/Modules/Unity.AI.MCP.Editor/Bridge.cs:1854)
UnityEditor.AssemblyReloadEvents:OnAfterAssemblyReload ()

(Filename: ./Library/PackageCache/com.unity.ai.assistant@bde8e124bc72/Modules/Unity.AI.Tracing/TraceSinks.cs Line: 313)

- Finished resetting the current domain, in  1.947 seconds
Domain Reload Profiling: 3024ms
	BeginReloadAssembly (229ms)
		ExecutionOrderSort (0ms)
		DisableScriptedObjects (6ms)
		BackupInstance (0ms)
		ReleaseScriptingObjects (0ms)
		CreateAndSetChildDomain (87ms)
	RebuildCommonClasses (29ms)
	RebuildNativeTypeToScriptingClass (10ms)
	initialDomainReloadingComplete (49ms)
	LoadAllAssembliesAndSetupDomain (760ms)
		LoadAssemblies (443ms)
		RebuildTransferFunctionScriptingTraits (0ms)
		AnalyzeDomain (387ms)
			TypeCache.Refresh (18ms)
				TypeCache.ScanAssembly (2ms)
			BuildScriptInfoCaches (348ms)
			ResolveRequiredComponents (12ms)
	FinalizeReload (1947ms)
		ReleaseScriptCaches (0ms)
		RebuildScriptCaches (0ms)
		SetupLoadedEditorAssemblies (1742ms)
			LogAssemblyErrors (0ms)
			InitializePlatformSupportModulesInManaged (19ms)
			SetLoadedEditorAssemblies (7ms)
			BeforeProcessingInitializeOnLoad (154ms)
			ProcessInitializeOnLoadAttributes (1275ms)
			ProcessInitializeOnLoadMethodAttributes (285ms)
			AfterProcessingInitializeOnLoad (2ms)
			EditorAssembliesLoaded (0ms)
		ExecutionOrderSort2 (0ms)
		AwakeInstancesAfterBackupRestoration (24ms)
Refreshing native plugins compatible for Editor in 0.65 ms, found 3 plugins.
Preloading 0 native plugins for Editor in 0.00 ms.
Unloading 19 Unused Serialized files (Serialized files now loaded: 0)
Unloading 9806 unused Assets / (6.7 MB). Loaded Objects now: 10731.
Memory consumption went from 266.7 MB to 260.0 MB.
Total: 20.176300 ms (FindLiveObjects: 1.049700 ms CreateObjectMapping: 0.973400 ms MarkObjects: 14.027600 ms  DeleteObjects: 4.122900 ms)

Prepare: number of updated asset objects reloaded= 0
========================================================================
Received Prepare
'Packages/com.unity.cinemachine/Editor/Obsolete/CinemachineVirtualCameraBaseEditor.cs' contains partial class of Unity.Object, exactly 1 of the partial classes needs to be in a file with the same filename. This is to know the one that can be referenced from ie. GameObjects
'Packages/com.unity.cinemachine/Editor/Editors/CinemachineVirtualCameraBaseEditor.cs' contains partial class of Unity.Object, exactly 1 of the partial classes needs to be in a file with the same filename. This is to know the one that can be referenced from ie. GameObjects
Refreshing native plugins compatible for Editor in 0.79 ms, found 3 plugins.
Preloading 0 native plugins for Editor in 0.00 ms.
Unloading 19 Unused Serialized files (Serialized files now loaded: 0)
Unloading 9796 unused Assets / (5.8 MB). Loaded Objects now: 10731.
Memory consumption went from 266.3 MB to 260.5 MB.
Total: 22.943500 ms (FindLiveObjects: 1.735600 ms CreateObjectMapping: 1.648800 ms MarkObjects: 14.895600 ms  DeleteObjects: 4.661000 ms)

Prepare: number of updated asset objects reloaded= 0
========================================================================
Received Prepare
[Licensing::Client] Successfully resolved entitlement details
Assembly reference Packages/com.unity.cinemachine/Editor/Samples/ExposeHDRPInternals/HDRP-Editor-ref.asmref has no target assembly definition
Assembly reference Packages/com.unity.cinemachine/Editor/Samples/ExposeHDRPInternals/HDRP-Editor-ref.asmref has no target assembly definition
Begin MonoManager ReloadAssembly
[Licensing::Client] Successfully resolved entitlement details
Duplicate assembly 'System.Collections.Immutable.FSR.dll' with different versions detected, using 'Assets/FastScriptReload/Plugins/Roslyn/2021+/System.Collections.Immutable.FSR.dll, AssemblyName=System.Collections.Immutable, Version=7.0.0.0, Culture=neutral, PublicKeyToken=b03f5f7f11d50a3a' and ignoring 'Assets/FastScriptReload/Plugins/Roslyn/System.Collections.Immutable.dll, AssemblyName=System.Collections.Immutable, Version=1.2.3.0, Culture=neutral, PublicKeyToken=b03f5f7f11d50a3a'.Duplicate assembly 'System.Collections.Immutable.dll' with different versions detected, using 'Packages/com.unity.ai.assistant/Plugins/Shared/System.Collections.Immutable.dll, AssemblyName=System.Collections.Immutable, Version=10.0.0.1, Culture=neutral, PublicKeyToken=b03f5f7f11d50a3a' and ignoring 'Assets/FastScriptReload/Plugins/Roslyn/2021+/System.Collections.Immutable.FSR.dll, AssemblyName=System.Collections.Immutable, Version=7.0.0.0, Culture=neutral, PublicKeyToken=b03f5f7f11d50a3a'.Duplicate assembly 'System.Collections.Immutable.dll' with different versions detected, using 'Packages/com.unity.ai.assistant/Plugins/Shared/System.Collections.Immutable.dll, AssemblyName=System.Collections.Immutable, Version=10.0.0.1, Culture=neutral, PublicKeyToken=b03f5f7f11d50a3a' and ignoring 'Assets/FastScriptReload/Plugins/Roslyn/2021+/System.Collections.Immutable.dll, AssemblyName=System.Collections.Immutable, Version=1.2.3.0, Culture=neutral, PublicKeyToken=b03f5f7f11d50a3a'.Duplicate assembly 'Microsoft.CodeAnalysis.CSharp.dll' with different versions detected, using 'Assets/FastScriptReload/Plugins/Roslyn/2021+/Microsoft.CodeAnalysis.CSharp.dll, AssemblyName=Microsoft.CodeAnalysis.CSharp, Version=4.6.0.0, Culture=neutral, PublicKeyToken=31bf3856ad364e35' and ignoring 'Packages/com.unity.ai.assistant/Plugins/CodeAnalysis/Microsoft.CodeAnalysis.CSharp.dll, AssemblyName=Microsoft.CodeAnalysis.CSharp, Version=3.11.0.0, Culture=neutral, PublicKeyToken=31bf3856ad364e35'.Duplicate assembly 'Microsoft.CodeAnalysis.CSharp.dll' with different versions detected, using 'Assets/FastScriptReload/Plugins/Roslyn/2021+/Microsoft.CodeAnalysis.CSharp.dll, AssemblyName=Microsoft.CodeAnalysis.CSharp, Version=4.6.0.0, Culture=neutral, PublicKeyToken=31bf3856ad364e35' and ignoring 'Assets/FastScriptReload/Plugins/Roslyn/Microsoft.CodeAnalysis.CSharp.dll, AssemblyName=Microsoft.CodeAnalysis.CSharp, Version=2.10.0.0, Culture=neutral, PublicKeyToken=31bf3856ad364e35'.Duplicate assembly 'System.Reflection.Metadata.dll' with different versions detected, using 'Packages/com.unity.ai.assistant/Plugins/Shared/System.Reflection.Metadata.dll, AssemblyName=System.Reflection.Metadata, Version=10.0.0.1, Culture=neutral, PublicKeyToken=b03f5f7f11d50a3a' and ignoring 'Assets/FastScriptReload/Plugins/Roslyn/2021+/System.Reflection.Metadata.dll, AssemblyName=System.Reflection.Metadata, Version=7.0.0.0, Culture=neutral, PublicKeyToken=b03f5f7f11d50a3a'.Duplicate assembly 'System.Reflection.Metadata.dll' with different versions detected, using 'Packages/com.unity.ai.assistant/Plugins/Shared/System.Reflection.Metadata.dll, AssemblyName=System.Reflection.Metadata, Version=10.0.0.1, Culture=neutral, PublicKeyToken=b03f5f7f11d50a3a' and ignoring 'Assets/FastScriptReload/Plugins/Roslyn/System.Reflection.Metadata.dll, AssemblyName=System.Reflection.Metadata, Version=1.4.3.0, Culture=neutral, PublicKeyToken=b03f5f7f11d50a3a'.Duplicate assembly 'Microsoft.CodeAnalysis.dll' with different versions detected, using 'Assets/FastScriptReload/Plugins/Roslyn/2021+/Microsoft.CodeAnalysis.dll, AssemblyName=Microsoft.CodeAnalysis, Version=4.6.0.0, Culture=neutral, PublicKeyToken=31bf3856ad364e35' and ignoring 'Packages/com.unity.ai.assistant/Plugins/CodeAnalysis/Microsoft.CodeAnalysis.dll, AssemblyName=Microsoft.CodeAnalysis, Version=3.11.0.0, Culture=neutral, PublicKeyToken=31bf3856ad364e35'.Duplicate assembly 'Microsoft.CodeAnalysis.dll' with different versions detected, using 'Assets/FastScriptReload/Plugins/Roslyn/2021+/Microsoft.CodeAnalysis.dll, AssemblyName=Microsoft.CodeAnalysis, Version=4.6.0.0, Culture=neutral, PublicKeyToken=31bf3856ad364e35' and ignoring 'Assets/FastScriptReload/Plugins/Roslyn/Microsoft.CodeAnalysis.dll, AssemblyName=Microsoft.CodeAnalysis, Version=2.10.0.0, Culture=neutral, PublicKeyToken=31bf3856ad364e35'.Duplicate assembly 'System.Runtime.CompilerServices.Unsafe.dll' with different versions detected, using 'Packages/com.unity.ai.assistant/Plugins/Shared/System.Runtime.CompilerServices.Unsafe.dll, AssemblyName=System.Runtime.CompilerServices.Unsafe, Version=6.0.3.0, Culture=neutral, PublicKeyToken=b03f5f7f11d50a3a' and ignoring 'Packages/com.unity.collections/Unity.Collections.Tests/System.Runtime.CompilerServices.Unsafe/System.Runtime.CompilerServices.Unsafe.dll, AssemblyName=System.Runtime.CompilerServices.Unsafe, Version=6.0.0.0, Culture=neutral, PublicKeyToken=b03f5f7f11d50a3a'.Duplicate assembly 'System.Runtime.CompilerServices.Unsafe.dll' with different versions detected, using 'Packages/com.unity.ai.assistant/Plugins/Shared/System.Runtime.CompilerServices.Unsafe.dll, AssemblyName=System.Runtime.CompilerServices.Unsafe, Version=6.0.3.0, Culture=neutral, PublicKeyToken=b03f5f7f11d50a3a' and ignoring 'Assets/FastScriptReload/Plugins/Roslyn/2021+/System.Runtime.CompilerServices.Unsafe.dll, AssemblyName=System.Runtime.CompilerServices.Unsafe, Version=6.0.0.0, Culture=neutral, PublicKeyToken=b03f5f7f11d50a3a'.Symbol file LoadedFromMemory is not a mono symbol file
- Loaded All Assemblies, in  1.084 seconds
Assembly reference Packages/com.unity.cinemachine/Editor/Samples/ExposeHDRPInternals/HDRP-Editor-ref.asmref has no target assembly definition
'Packages/com.unity.cinemachine/Editor/Obsolete/CinemachineVirtualCameraBaseEditor.cs' contains partial class of Unity.Object, exactly 1 of the partial classes needs to be in a file with the same filename. This is to know the one that can be referenced from ie. GameObjects
'Packages/com.unity.cinemachine/Editor/Editors/CinemachineVirtualCameraBaseEditor.cs' contains partial class of Unity.Object, exactly 1 of the partial classes needs to be in a file with the same filename. This is to know the one that can be referenced from ie. GameObjects
Refreshing native plugins compatible for Editor in 0.66 ms, found 3 plugins.
Native extension for LinuxStandalone target not found
Native extension for Android target not found
Native extension for UWP target not found
Native extension for WindowsStandalone target not found
Assembly reference Packages/com.unity.cinemachine/Editor/Samples/ExposeHDRPInternals/HDRP-Editor-ref.asmref has no target assembly definition
[Package Manager] Failed to launch server process. Reason: Unity was launched with the -noUpm command-line argument
[Package Manager] Unable to send message (not connected to server process).
[Package Manager] Cannot connect to Unity Package Manager local server
Duplicate assembly 'System.Collections.Immutable.FSR.dll' with different versions detected, using 'Assets/FastScriptReload/Plugins/Roslyn/2021+/System.Collections.Immutable.FSR.dll, AssemblyName=System.Collections.Immutable, Version=7.0.0.0, Culture=neutral, PublicKeyToken=b03f5f7f11d50a3a' and ignoring 'Assets/FastScriptReload/Plugins/Roslyn/System.Collections.Immutable.dll, AssemblyName=System.Collections.Immutable, Version=1.2.3.0, Culture=neutral, PublicKeyToken=b03f5f7f11d50a3a'.Duplicate assembly 'System.Collections.Immutable.dll' with different versions detected, using 'Packages/com.unity.ai.assistant/Plugins/Shared/System.Collections.Immutable.dll, AssemblyName=System.Collections.Immutable, Version=10.0.0.1, Culture=neutral, PublicKeyToken=b03f5f7f11d50a3a' and ignoring 'Assets/FastScriptReload/Plugins/Roslyn/2021+/System.Collections.Immutable.FSR.dll, AssemblyName=System.Collections.Immutable, Version=7.0.0.0, Culture=neutral, PublicKeyToken=b03f5f7f11d50a3a'.Duplicate assembly 'System.Collections.Immutable.dll' with different versions detected, using 'Packages/com.unity.ai.assistant/Plugins/Shared/System.Collections.Immutable.dll, AssemblyName=System.Collections.Immutable, Version=10.0.0.1, Culture=neutral, PublicKeyToken=b03f5f7f11d50a3a' and ignoring 'Assets/FastScriptReload/Plugins/Roslyn/2021+/System.Collections.Immutable.dll, AssemblyName=System.Collections.Immutable, Version=1.2.3.0, Culture=neutral, PublicKeyToken=b03f5f7f11d50a3a'.Duplicate assembly 'Microsoft.CodeAnalysis.CSharp.dll' with different versions detected, using 'Assets/FastScriptReload/Plugins/Roslyn/2021+/Microsoft.CodeAnalysis.CSharp.dll, AssemblyName=Microsoft.CodeAnalysis.CSharp, Version=4.6.0.0, Culture=neutral, PublicKeyToken=31bf3856ad364e35' and ignoring 'Packages/com.unity.ai.assistant/Plugins/CodeAnalysis/Microsoft.CodeAnalysis.CSharp.dll, AssemblyName=Microsoft.CodeAnalysis.CSharp, Version=3.11.0.0, Culture=neutral, PublicKeyToken=31bf3856ad364e35'.Duplicate assembly 'Microsoft.CodeAnalysis.CSharp.dll' with different versions detected, using 'Assets/FastScriptReload/Plugins/Roslyn/2021+/Microsoft.CodeAnalysis.CSharp.dll, AssemblyName=Microsoft.CodeAnalysis.CSharp, Version=4.6.0.0, Culture=neutral, PublicKeyToken=31bf3856ad364e35' and ignoring 'Assets/FastScriptReload/Plugins/Roslyn/Microsoft.CodeAnalysis.CSharp.dll, AssemblyName=Microsoft.CodeAnalysis.CSharp, Version=2.10.0.0, Culture=neutral, PublicKeyToken=31bf3856ad364e35'.Duplicate assembly 'System.Reflection.Metadata.dll' with different versions detected, using 'Packages/com.unity.ai.assistant/Plugins/Shared/System.Reflection.Metadata.dll, AssemblyName=System.Reflection.Metadata, Version=10.0.0.1, Culture=neutral, PublicKeyToken=b03f5f7f11d50a3a' and ignoring 'Assets/FastScriptReload/Plugins/Roslyn/2021+/System.Reflection.Metadata.dll, AssemblyName=System.Reflection.Metadata, Version=7.0.0.0, Culture=neutral, PublicKeyToken=b03f5f7f11d50a3a'.Duplicate assembly 'System.Reflection.Metadata.dll' with different versions detected, using 'Packages/com.unity.ai.assistant/Plugins/Shared/System.Reflection.Metadata.dll, AssemblyName=System.Reflection.Metadata, Version=10.0.0.1, Culture=neutral, PublicKeyToken=b03f5f7f11d50a3a' and ignoring 'Assets/FastScriptReload/Plugins/Roslyn/System.Reflection.Metadata.dll, AssemblyName=System.Reflection.Metadata, Version=1.4.3.0, Culture=neutral, PublicKeyToken=b03f5f7f11d50a3a'.Duplicate assembly 'Microsoft.CodeAnalysis.dll' with different versions detected, using 'Assets/FastScriptReload/Plugins/Roslyn/2021+/Microsoft.CodeAnalysis.dll, AssemblyName=Microsoft.CodeAnalysis, Version=4.6.0.0, Culture=neutral, PublicKeyToken=31bf3856ad364e35' and ignoring 'Packages/com.unity.ai.assistant/Plugins/CodeAnalysis/Microsoft.CodeAnalysis.dll, AssemblyName=Microsoft.CodeAnalysis, Version=3.11.0.0, Culture=neutral, PublicKeyToken=31bf3856ad364e35'.Duplicate assembly 'Microsoft.CodeAnalysis.dll' with different versions detected, using 'Assets/FastScriptReload/Plugins/Roslyn/2021+/Microsoft.CodeAnalysis.dll, AssemblyName=Microsoft.CodeAnalysis, Version=4.6.0.0, Culture=neutral, PublicKeyToken=31bf3856ad364e35' and ignoring 'Assets/FastScriptReload/Plugins/Roslyn/Microsoft.CodeAnalysis.dll, AssemblyName=Microsoft.CodeAnalysis, Version=2.10.0.0, Culture=neutral, PublicKeyToken=31bf3856ad364e35'.Duplicate assembly 'System.Runtime.CompilerServices.Unsafe.dll' with different versions detected, using 'Packages/com.unity.ai.assistant/Plugins/Shared/System.Runtime.CompilerServices.Unsafe.dll, AssemblyName=System.Runtime.CompilerServices.Unsafe, Version=6.0.3.0, Culture=neutral, PublicKeyToken=b03f5f7f11d50a3a' and ignoring 'Packages/com.unity.collections/Unity.Collections.Tests/System.Runtime.CompilerServices.Unsafe/System.Runtime.CompilerServices.Unsafe.dll, AssemblyName=System.Runtime.CompilerServices.Unsafe, Version=6.0.0.0, Culture=neutral, PublicKeyToken=b03f5f7f11d50a3a'.Duplicate assembly 'System.Runtime.CompilerServices.Unsafe.dll' with different versions detected, using 'Packages/com.unity.ai.assistant/Plugins/Shared/System.Runtime.CompilerServices.Unsafe.dll, AssemblyName=System.Runtime.CompilerServices.Unsafe, Version=6.0.3.0, Culture=neutral, PublicKeyToken=b03f5f7f11d50a3a' and ignoring 'Assets/FastScriptReload/Plugins/Roslyn/2021+/System.Runtime.CompilerServices.Unsafe.dll, AssemblyName=System.Runtime.CompilerServices.Unsafe, Version=6.0.0.0, Culture=neutral, PublicKeyToken=b03f5f7f11d50a3a'.[Package Manager] Failed to launch server process. Reason: Unity was launched with the -noUpm command-line argument
[Package Manager] Unable to send message (not connected to server process).
[Package Manager] Cannot connect to Unity Package Manager local server
[Package Manager] Failed to launch server process. Reason: Unity was launched with the -noUpm command-line argument
[Package Manager] Unable to send message (not connected to server process).
[Package Manager] Cannot connect to Unity Package Manager local server
[Licensing::Client] Error: Code 404 while processing request (status: Found 0 entitlement groups and 0 free entitlements matching requested entitlement ids)
[Licensing::Client] Error: Code 404 while processing request (status: Found 0 entitlement groups and 0 free entitlements matching requested entitlement ids)
[Licensing::Client] Error: Code 404 while processing request (status: Found 0 entitlement groups and 0 free entitlements matching requested entitlement ids)
[McpToolRegistry] Discovered 20 MCP tools
UnityEngine.Debug:ExtractStackTraceNoAlloc (byte*,int,string)
UnityEngine.StackTraceUtility:ExtractStackTrace ()
UnityEngine.DebugLogHandler:Internal_Log (UnityEngine.LogType,UnityEngine.LogOption,string,UnityEngine.Object)
UnityEngine.DebugLogHandler:LogFormat (UnityEngine.LogType,UnityEngine.Object,string,object[])
UnityEngine.Logger:Log (UnityEngine.LogType,object)
UnityEngine.Debug:Log (object)
Unity.AI.Tracing.ConsoleSink:LogToConsole (string,string,System.Exception) (at ./Library/PackageCache/com.unity.ai.assistant@bde8e124bc72/Modules/Unity.AI.Tracing/TraceSinks.cs:313)
Unity.AI.Tracing.ConsoleSink:Write (Unity.AI.Tracing.TraceEvent) (at ./Library/PackageCache/com.unity.ai.assistant@bde8e124bc72/Modules/Unity.AI.Tracing/TraceSinks.cs:277)
Unity.AI.Tracing.TraceWriter:WriteEventInternal (string,string,Unity.AI.Tracing.TraceEventOptions,string,System.Nullable`1<int>) (at ./Library/PackageCache/com.unity.ai.assistant@bde8e124bc72/Modules/Unity.AI.Tracing/TraceWriter.cs:373)
Unity.AI.Tracing.TraceWriter:Event (string,Unity.AI.Tracing.TraceEventOptions) (at ./Library/PackageCache/com.unity.ai.assistant@bde8e124bc72/Modules/Unity.AI.Tracing/TraceWriter.cs:297)
Unity.AI.Tracing.TraceLogger:Emit (string,string,string,string,Unity.AI.Tracing.TraceEventOptions,object,System.Exception) (at ./Library/PackageCache/com.unity.ai.assistant@bde8e124bc72/Modules/Unity.AI.Tracing/TraceLogger.cs:105)
Unity.AI.Tracing.TraceLogger:Info (string,string,string,Unity.AI.Tracing.TraceEventOptions) (at ./Library/PackageCache/com.unity.ai.assistant@bde8e124bc72/Modules/Unity.AI.Tracing/TraceLogger.cs:35)
Unity.AI.MCP.Editor.Helpers.McpLog:Log (string,Unity.AI.Tracing.TraceEventOptions) (at ./Library/PackageCache/com.unity.ai.assistant@bde8e124bc72/Modules/Unity.AI.MCP.Editor/Helpers/McpLog.cs:15)
Unity.AI.MCP.Editor.ToolRegistry.McpToolRegistry:RefreshTools () (at ./Library/PackageCache/com.unity.ai.assistant@bde8e124bc72/Modules/Unity.AI.MCP.Editor/ToolRegistry/McpToolRegistry.cs:201)
Unity.AI.MCP.Editor.ToolRegistry.McpToolRegistry:Initialize () (at ./Library/PackageCache/com.unity.ai.assistant@bde8e124bc72/Modules/Unity.AI.MCP.Editor/ToolRegistry/McpToolRegistry.cs:177)
System.Reflection.RuntimeMethodInfo:Invoke (object,System.Reflection.BindingFlags,System.Reflection.Binder,object[],System.Globalization.CultureInfo)
System.Reflection.MethodBase:Invoke (object,object[])
UnityEditor.EditorAssemblies:ProcessInitializeOnLoadMethodAttributes ()

(Filename: ./Library/PackageCache/com.unity.ai.assistant@bde8e124bc72/Modules/Unity.AI.Tracing/TraceSinks.cs Line: 313)

[McpToolRegistry] Available tools: Unity_ApplyTextEdits, Unity_CreateScript, Unity_DeleteScript, Unity_FindInFile, Unity_GetSha, Unity_ImportExternalModel, Unity_ListResources, Unity_ManageAsset, Unity_ManageEditor, Unity_ManageGameObject, Unity_ManageMenuItem, Unity_ManageScene, Unity_ManageScript, Unity_ManageScript_capabilities, Unity_ManageShader, Unity_ReadConsole, Unity_ReadResource, Unity_RunCommand, Unity_ScriptApplyEdits, Unity_ValidateScript
UnityEngine.Debug:ExtractStackTraceNoAlloc (byte*,int,string)
UnityEngine.StackTraceUtility:ExtractStackTrace ()
UnityEngine.DebugLogHandler:Internal_Log (UnityEngine.LogType,UnityEngine.LogOption,string,UnityEngine.Object)
UnityEngine.DebugLogHandler:LogFormat (UnityEngine.LogType,UnityEngine.Object,string,object[])
UnityEngine.Logger:Log (UnityEngine.LogType,object)
UnityEngine.Debug:Log (object)
Unity.AI.Tracing.ConsoleSink:LogToConsole (string,string,System.Exception) (at ./Library/PackageCache/com.unity.ai.assistant@bde8e124bc72/Modules/Unity.AI.Tracing/TraceSinks.cs:313)
Unity.AI.Tracing.ConsoleSink:Write (Unity.AI.Tracing.TraceEvent) (at ./Library/PackageCache/com.unity.ai.assistant@bde8e124bc72/Modules/Unity.AI.Tracing/TraceSinks.cs:277)
Unity.AI.Tracing.TraceWriter:WriteEventInternal (string,string,Unity.AI.Tracing.TraceEventOptions,string,System.Nullable`1<int>) (at ./Library/PackageCache/com.unity.ai.assistant@bde8e124bc72/Modules/Unity.AI.Tracing/TraceWriter.cs:373)
Unity.AI.Tracing.TraceWriter:Event (string,Unity.AI.Tracing.TraceEventOptions) (at ./Library/PackageCache/com.unity.ai.assistant@bde8e124bc72/Modules/Unity.AI.Tracing/TraceWriter.cs:297)
Unity.AI.Tracing.TraceLogger:Emit (string,string,string,string,Unity.AI.Tracing.TraceEventOptions,object,System.Exception) (at ./Library/PackageCache/com.unity.ai.assistant@bde8e124bc72/Modules/Unity.AI.Tracing/TraceLogger.cs:105)
Unity.AI.Tracing.TraceLogger:Info (string,string,string,Unity.AI.Tracing.TraceEventOptions) (at ./Library/PackageCache/com.unity.ai.assistant@bde8e124bc72/Modules/Unity.AI.Tracing/TraceLogger.cs:35)
Unity.AI.MCP.Editor.Helpers.McpLog:Log (string,Unity.AI.Tracing.TraceEventOptions) (at ./Library/PackageCache/com.unity.ai.assistant@bde8e124bc72/Modules/Unity.AI.MCP.Editor/Helpers/McpLog.cs:15)
Unity.AI.MCP.Editor.ToolRegistry.McpToolRegistry:RefreshTools () (at ./Library/PackageCache/com.unity.ai.assistant@bde8e124bc72/Modules/Unity.AI.MCP.Editor/ToolRegistry/McpToolRegistry.cs:204)
Unity.AI.MCP.Editor.ToolRegistry.McpToolRegistry:Initialize () (at ./Library/PackageCache/com.unity.ai.assistant@bde8e124bc72/Modules/Unity.AI.MCP.Editor/ToolRegistry/McpToolRegistry.cs:177)
System.Reflection.RuntimeMethodInfo:Invoke (object,System.Reflection.BindingFlags,System.Reflection.Binder,object[],System.Globalization.CultureInfo)
System.Reflection.MethodBase:Invoke (object,object[])
UnityEditor.EditorAssemblies:ProcessInitializeOnLoadMethodAttributes ()

(Filename: ./Library/PackageCache/com.unity.ai.assistant@bde8e124bc72/Modules/Unity.AI.Tracing/TraceSinks.cs Line: 313)

ScheduleIndexationOnStartup MainProcess:False IndexOnStartup:True
Mono: successfully reloaded assembly
[Idle]
UnityEngine.Debug:ExtractStackTraceNoAlloc (byte*,int,string)
UnityEngine.StackTraceUtility:ExtractStackTrace ()
UnityEngine.DebugLogHandler:Internal_Log (UnityEngine.LogType,UnityEngine.LogOption,string,UnityEngine.Object)
UnityEngine.DebugLogHandler:LogFormat (UnityEngine.LogType,UnityEngine.Object,string,object[])
UnityEngine.Logger:Log (UnityEngine.LogType,object)
UnityEngine.Debug:Log (object)
Unity.AI.Tracing.ConsoleSink:LogToConsole (string,string,System.Exception) (at ./Library/PackageCache/com.unity.ai.assistant@bde8e124bc72/Modules/Unity.AI.Tracing/TraceSinks.cs:313)
Unity.AI.Tracing.ConsoleSink:Write (Unity.AI.Tracing.TraceEvent) (at ./Library/PackageCache/com.unity.ai.assistant@bde8e124bc72/Modules/Unity.AI.Tracing/TraceSinks.cs:277)
Unity.AI.Tracing.TraceWriter:WriteEventInternal (string,string,Unity.AI.Tracing.TraceEventOptions,string,System.Nullable`1<int>) (at ./Library/PackageCache/com.unity.ai.assistant@bde8e124bc72/Modules/Unity.AI.Tracing/TraceWriter.cs:373)
Unity.AI.Tracing.TraceWriter:Event (string,Unity.AI.Tracing.TraceEventOptions) (at ./Library/PackageCache/com.unity.ai.assistant@bde8e124bc72/Modules/Unity.AI.Tracing/TraceWriter.cs:297)
Unity.AI.Tracing.TraceLogger:Emit (string,string,string,string,Unity.AI.Tracing.TraceEventOptions,object,System.Exception) (at ./Library/PackageCache/com.unity.ai.assistant@bde8e124bc72/Modules/Unity.AI.Tracing/TraceLogger.cs:105)
Unity.AI.Tracing.TraceLogger:Info (string,string,string,Unity.AI.Tracing.TraceEventOptions) (at ./Library/PackageCache/com.unity.ai.assistant@bde8e124bc72/Modules/Unity.AI.Tracing/TraceLogger.cs:35)
Unity.AI.MCP.Editor.Helpers.McpLog:Log (string,Unity.AI.Tracing.TraceEventOptions) (at ./Library/PackageCache/com.unity.ai.assistant@bde8e124bc72/Modules/Unity.AI.MCP.Editor/Helpers/McpLog.cs:15)
Unity.AI.MCP.Editor.Bridge:LogBreadcrumb (string) (at ./Library/PackageCache/com.unity.ai.assistant@bde8e124bc72/Modules/Unity.AI.MCP.Editor/Bridge.cs:2010)
Unity.AI.MCP.Editor.Bridge:OnAfterAssemblyReload () (at ./Library/PackageCache/com.unity.ai.assistant@bde8e124bc72/Modules/Unity.AI.MCP.Editor/Bridge.cs:1854)
UnityEditor.AssemblyReloadEvents:OnAfterAssemblyReload ()

(Filename: ./Library/PackageCache/com.unity.ai.assistant@bde8e124bc72/Modules/Unity.AI.Tracing/TraceSinks.cs Line: 313)

- Finished resetting the current domain, in  1.809 seconds
Domain Reload Profiling: 2901ms
	BeginReloadAssembly (222ms)
		ExecutionOrderSort (0ms)
		DisableScriptedObjects (5ms)
		BackupInstance (0ms)
		ReleaseScriptingObjects (0ms)
		CreateAndSetChildDomain (84ms)
	RebuildCommonClasses (33ms)
	RebuildNativeTypeToScriptingClass (11ms)
	initialDomainReloadingComplete (59ms)
	LoadAllAssembliesAndSetupDomain (766ms)
		LoadAssemblies (437ms)
		RebuildTransferFunctionScriptingTraits (0ms)
		AnalyzeDomain (405ms)
			TypeCache.Refresh (18ms)
				TypeCache.ScanAssembly (2ms)
			BuildScriptInfoCaches (365ms)
			ResolveRequiredComponents (12ms)
	FinalizeReload (1810ms)
		ReleaseScriptCaches (0ms)
		RebuildScriptCaches (0ms)
		SetupLoadedEditorAssemblies (1614ms)
			LogAssemblyErrors (0ms)
			InitializePlatformSupportModulesInManaged (22ms)
			SetLoadedEditorAssemblies (8ms)
			BeforeProcessingInitializeOnLoad (136ms)
			ProcessInitializeOnLoadAttributes (1122ms)
			ProcessInitializeOnLoadMethodAttributes (324ms)
			AfterProcessingInitializeOnLoad (2ms)
			EditorAssembliesLoaded (0ms)
		ExecutionOrderSort2 (0ms)
		AwakeInstancesAfterBackupRestoration (18ms)
Refreshing native plugins compatible for Editor in 0.69 ms, found 3 plugins.
Preloading 0 native plugins for Editor in 0.00 ms.
Unloading 19 Unused Serialized files (Serialized files now loaded: 0)
Unloading 9806 unused Assets / (6.5 MB). Loaded Objects now: 10735.
Memory consumption went from 266.7 MB to 260.2 MB.
Total: 22.129800 ms (FindLiveObjects: 1.681000 ms CreateObjectMapping: 1.652000 ms MarkObjects: 13.779100 ms  DeleteObjects: 5.015000 ms)

Prepare: number of updated asset objects reloaded= 0
========================================================================
Received Prepare
'Packages/com.unity.cinemachine/Editor/Obsolete/CinemachineVirtualCameraBaseEditor.cs' contains partial class of Unity.Object, exactly 1 of the partial classes needs to be in a file with the same filename. This is to know the one that can be referenced from ie. GameObjects
'Packages/com.unity.cinemachine/Editor/Editors/CinemachineVirtualCameraBaseEditor.cs' contains partial class of Unity.Object, exactly 1 of the partial classes needs to be in a file with the same filename. This is to know the one that can be referenced from ie. GameObjects
Refreshing native plugins compatible for Editor in 1.80 ms, found 3 plugins.
Preloading 0 native plugins for Editor in 0.00 ms.
Unloading 19 Unused Serialized files (Serialized files now loaded: 0)
Unloading 9796 unused Assets / (6.2 MB). Loaded Objects now: 10735.
Memory consumption went from 266.4 MB to 260.2 MB.
Total: 132.316300 ms (FindLiveObjects: 4.328400 ms CreateObjectMapping: 6.687300 ms MarkObjects: 113.428100 ms  DeleteObjects: 7.868200 ms)

Prepare: number of updated asset objects reloaded= 0
